ISO-10303-21;
HEADER;
FILE_DESCRIPTION (( 'STEP AP214' ),
    '1' );
FILE_NAME ('¸×Ìå.STEP',
    '2026-08-13T02:37:42',
    ( '' ),
    ( '' ),
    'SwSTEP 2.0',
    'SolidWorks 2025',
    '' );
FILE_SCHEMA (( 'AUTOMOTIVE_DESIGN' ));
ENDSEC;

DATA;
#1 = VERTEX_POINT ( 'NONE', #2245 ) ;
#2 = EDGE_CURVE ( 'NONE', #2460, #814, #3779, .T. ) ;
#3 = PLANE ( 'NONE',  #2598 ) ;
#4 = CARTESIAN_POINT ( 'NONE',  ( -14.00000000000002487, 72.00000000000000000, 11.00414368811360610 ) ) ;
#5 = CARTESIAN_POINT ( 'NONE',  ( 11.09451302245550686, 67.36612243734019501, 23.55060800045531266 ) ) ;
#6 = CARTESIAN_POINT ( 'NONE',  ( -11.54709325657101360, 74.99999999967184294, 11.62998904527413124 ) ) ;
#7 = LINE ( 'NONE', #285, #4024 ) ;
#8 = DIRECTION ( 'NONE',  ( -1.000000000000000000, 0.000000000000000000, 0.000000000000000000 ) ) ;
#9 = AXIS2_PLACEMENT_3D ( 'NONE', #3038, #2372, #1453 ) ;
#10 = EDGE_CURVE ( 'NONE', #628, #1754, #3526, .T. ) ;
#11 = CARTESIAN_POINT ( 'NONE',  ( 0.000000000000000000, 40.00000000000000000, 65.00000000000000000 ) ) ;
#12 = ORIENTED_EDGE ( 'NONE', *, *, #2557, .F. ) ;
#13 = ORIENTED_EDGE ( 'NONE', *, *, #3101, .T. ) ;
#14 = CARTESIAN_POINT ( 'NONE',  ( -15.43792537490194405, 71.41146373305937800, 77.06687083972505548 ) ) ;
#15 = EDGE_CURVE ( 'NONE', #2034, #3933, #3103, .T. ) ;
#16 = ADVANCED_FACE ( 'NONE', ( #3761 ), #2884, .T. ) ;
#17 = CYLINDRICAL_SURFACE ( 'NONE', #3156, 5.099999999999996980 ) ;
#18 = CARTESIAN_POINT ( 'NONE',  ( -2.268435275008747974E-14, 53.99999999999997868, 80.00000000000000000 ) ) ;
#19 = FACE_OUTER_BOUND ( 'NONE', #3803, .T. ) ;
#20 = CARTESIAN_POINT ( 'NONE',  ( -11.97535749782527148, 74.01811974089713431, 72.29150104634977936 ) ) ;
#21 = AXIS2_PLACEMENT_3D ( 'NONE', #1276, #860, #2142 ) ;
#22 = ORIENTED_EDGE ( 'NONE', *, *, #2401, .T. ) ;
#23 = ORIENTED_EDGE ( 'NONE', *, *, #3579, .T. ) ;
#24 = PRESENTATION_LAYER_ASSIGNMENT (  '', '', ( #1030 ) ) ;
#25 = DIRECTION ( 'NONE',  ( -2.915825712255602780E-16, 1.000000000000000000, -0.000000000000000000 ) ) ;
#26 = FACE_OUTER_BOUND ( 'NONE', #3026, .T. ) ;
#27 = CARTESIAN_POINT ( 'NONE',  ( -3.558716451330290909, 67.27336656437455531, 31.54506685784790676 ) ) ;
#28 = ORIENTED_EDGE ( 'NONE', *, *, #3258, .T. ) ;
#29 = CARTESIAN_POINT ( 'NONE',  ( -14.00000000000002309, 71.99999999999998579, 10.20416847668726135 ) ) ;
#30 = DIRECTION ( 'NONE',  ( -1.000000000000000000, 0.000000000000000000, 0.000000000000000000 ) ) ;
#31 = CARTESIAN_POINT ( 'NONE',  ( -11.10985543976999068, 67.36289523925910316, 23.56614406535317841 ) ) ;
#32 = AXIS2_PLACEMENT_3D ( 'NONE', #4156, #2371, #457 ) ;
#33 = ADVANCED_FACE ( 'NONE', ( #4127 ), #1594, .F. ) ;
#34 = EDGE_CURVE ( 'NONE', #3131, #2548, #2571, .T. ) ;
#35 = CARTESIAN_POINT ( 'NONE',  ( 35.99999999999999289, 3.000000000000000888, 49.99999999999999289 ) ) ;
#36 = CIRCLE ( 'NONE', #838, 2.000000000000001776 ) ;
#37 = EDGE_LOOP ( 'NONE', ( #3593, #1458, #517, #2533, #1544, #543, #2279, #2211 ) ) ;
#38 = ORIENTED_EDGE ( 'NONE', *, *, #4150, .F. ) ;
#39 = CARTESIAN_POINT ( 'NONE',  ( -14.54241537844244725, 71.86022272422715673, 80.00000000000001421 ) ) ;
#40 = CIRCLE ( 'NONE', #780, 14.00000000000000000 ) ;
#41 = LINE ( 'NONE', #1318, #3621 ) ;
#42 = CARTESIAN_POINT ( 'NONE',  ( -14.15521959005934605, 73.03280764515145052, 80.65519978190914685 ) ) ;
#43 = LINE ( 'NONE', #2277, #1977 ) ;
#44 = CARTESIAN_POINT ( 'NONE',  ( -9.399744752243060830, 74.36835798678369258, 69.01243693781181321 ) ) ;
#45 = ORIENTED_EDGE ( 'NONE', *, *, #598, .T. ) ;
#46 = EDGE_LOOP ( 'NONE', ( #3383, #696, #1130, #170 ) ) ;
#47 = CARTESIAN_POINT ( 'NONE',  ( -0.4677751765893752300, 74.99851889215027256, 65.96777539974478088 ) ) ;
#48 = CYLINDRICAL_SURFACE ( 'NONE', #324, 4.500000000000033751 ) ;
#49 = CARTESIAN_POINT ( 'NONE',  ( 6.868390966735720582, 66.64546695038157509, 30.23879473607625101 ) ) ;
#50 = EDGE_LOOP ( 'NONE', ( #2982, #1032, #1365, #1910 ) ) ;
#51 = CARTESIAN_POINT ( 'NONE',  ( -12.00000000005870682, 74.99999999997923794, 14.12601545089089861 ) ) ;
#52 = CARTESIAN_POINT ( 'NONE',  ( 11.64492763335982239, 73.69774346316390279, 71.29408508543879464 ) ) ;
#53 = CIRCLE ( 'NONE', #1580, 10.00000000000000178 ) ;
#54 = AXIS2_PLACEMENT_3D ( 'NONE', #2281, #637, #1913 ) ;
#55 = DIRECTION ( 'NONE',  ( 0.000000000000000000, -0.000000000000000000, 1.000000000000000000 ) ) ;
#56 = CARTESIAN_POINT ( 'NONE',  ( 0.9254544994832132332, 70.48467278684090331, 28.97739640983569842 ) ) ;
#57 = CIRCLE ( 'NONE', #3480, 7.500000000000000000 ) ;
#58 = DIRECTION ( 'NONE',  ( 0.000000000000000000, -1.000000000000000000, 0.000000000000000000 ) ) ;
#59 = ORIENTED_EDGE ( 'NONE', *, *, #2917, .F. ) ;
#60 = DIRECTION ( 'NONE',  ( -2.915825712255602780E-16, 1.000000000000000000, -0.000000000000000000 ) ) ;
#61 = DIRECTION ( 'NONE',  ( -1.000000000000000000, 0.000000000000000000, 0.000000000000000000 ) ) ;
#62 = CARTESIAN_POINT ( 'NONE',  ( 13.99999999999997691, 72.17157287527601284, 14.19942750935842746 ) ) ;
#63 = DIRECTION ( 'NONE',  ( -1.000000000000000000, 0.000000000000000000, 0.000000000000000000 ) ) ;
#64 = CARTESIAN_POINT ( 'NONE',  ( -6.907896072305334201, 74.65608371121267339, 67.30229886623220636 ) ) ;
#65 = ORIENTED_EDGE ( 'NONE', *, *, #1446, .F. ) ;
#66 = VERTEX_POINT ( 'NONE', #1203 ) ;
#67 = AXIS2_PLACEMENT_3D ( 'NONE', #1876, #3185, #1832 ) ;
#68 = CARTESIAN_POINT ( 'NONE',  ( -10.12103081898152901, 74.99999999999998579, 73.55292817154743545 ) ) ;
#69 = DIRECTION ( 'NONE',  ( 0.000000000000000000, 0.000000000000000000, 1.000000000000000000 ) ) ;
#70 = CARTESIAN_POINT ( 'NONE',  ( 2.534027929464471640, 67.38758609632711227, 31.77554489382151104 ) ) ;
#71 = ORIENTED_EDGE ( 'NONE', *, *, #2199, .F. ) ;
#72 = CARTESIAN_POINT ( 'NONE',  ( 9.827645599832655066, 74.99999999999998579, 73.10889785796595675 ) ) ;
#73 = CARTESIAN_POINT ( 'NONE',  ( -7.512598663211102573E-15, 75.00000000000000000, 66.00000000000000000 ) ) ;
#74 = CARTESIAN_POINT ( 'NONE',  ( 14.15521959005929631, 73.03280764515146473, 79.35855818263223682 ) ) ;
#75 = CARTESIAN_POINT ( 'NONE',  ( 0.4446336103164365561, 70.50065439927972477, 29.00096688209676898 ) ) ;
#76 = CARTESIAN_POINT ( 'NONE',  ( -13.63033422482128465, 72.23684210526312199, 71.63339973465934918 ) ) ;
#77 = ORIENTED_EDGE ( 'NONE', *, *, #1809, .F. ) ;
#78 = FACE_OUTER_BOUND ( 'NONE', #50, .T. ) ;
#79 = CARTESIAN_POINT ( 'NONE',  ( 14.96888507983621608, 71.63808663573799151, 74.95959607704622840 ) ) ;
#80 = DIRECTION ( 'NONE',  ( 2.915825712255602780E-16, -1.000000000000000000, -0.000000000000000000 ) ) ;
#81 = FACE_OUTER_BOUND ( 'NONE', #717, .T. ) ;
#82 = CARTESIAN_POINT ( 'NONE',  ( -7.180731698763771043, 74.62817669456200065, 67.44740752851745924 ) ) ;
#83 = ORIENTED_EDGE ( 'NONE', *, *, #402, .T. ) ;
#84 = VERTEX_POINT ( 'NONE', #3464 ) ;
#85 = EDGE_CURVE ( 'NONE', #1031, #187, #889, .T. ) ;
#86 = CARTESIAN_POINT ( 'NONE',  ( 13.63033422482125978, 72.23684210526313620, 71.63339973465940602 ) ) ;
#87 = CARTESIAN_POINT ( 'NONE',  ( -35.99999999999999289, 12.00000000000000000, 49.99999999999999289 ) ) ;
#88 = CARTESIAN_POINT ( 'NONE',  ( 0.4454474977569447547, 70.50052751368470183, 29.00077940694652767 ) ) ;
#89 = ORIENTED_EDGE ( 'NONE', *, *, #2237, .F. ) ;
#90 = CIRCLE ( 'NONE', #2838, 2.000000000000001776 ) ;
#91 = DIRECTION ( 'NONE',  ( 0.000000000000000000, 0.000000000000000000, -1.000000000000000000 ) ) ;
#92 = CARTESIAN_POINT ( 'NONE',  ( -2.477053791169410157, 59.84628965872218487, 12.99470579786575719 ) ) ;
#93 = DIRECTION ( 'NONE',  ( 0.000000000000000000, 0.000000000000000000, 1.000000000000000000 ) ) ;
#94 = DIRECTION ( 'NONE',  ( 0.000000000000000000, 0.000000000000000000, -1.000000000000000000 ) ) ;
#95 = EDGE_CURVE ( 'NONE', #149, #1409, #348, .T. ) ;
#96 = EDGE_CURVE ( 'NONE', #1857, #3601, #3905, .T. ) ;
#97 = CARTESIAN_POINT ( 'NONE',  ( 0.000000000000000000, 40.00000000000000000, 65.00000000000000000 ) ) ;
#98 = CARTESIAN_POINT ( 'NONE',  ( -12.39902543155344361, 73.50173401901814429, 72.63190249495718831 ) ) ;
#99 = ORIENTED_EDGE ( 'NONE', *, *, #3840, .F. ) ;
#100 = DIRECTION ( 'NONE',  ( -0.000000000000000000, 1.000000000000000000, -0.000000000000000000 ) ) ;
#101 = DIRECTION ( 'NONE',  ( 1.000000000000000000, 0.000000000000000000, 0.000000000000000000 ) ) ;
#102 = DIRECTION ( 'NONE',  ( -1.000000000000000000, 0.000000000000000000, 0.000000000000000000 ) ) ;
#103 = CARTESIAN_POINT ( 'NONE',  ( -12.53455406300821018, 72.70015826364088696, 72.36366644035891227 ) ) ;
#104 = AXIS2_PLACEMENT_3D ( 'NONE', #2121, #2180, #4055 ) ;
#105 = ORIENTED_EDGE ( 'NONE', *, *, #999, .F. ) ;
#106 = ORIENTED_EDGE ( 'NONE', *, *, #4064, .F. ) ;
#107 = CARTESIAN_POINT ( 'NONE',  ( -11.34589873551637140, 74.99999999996883560, 76.05115779033812373 ) ) ;
#108 = CARTESIAN_POINT ( 'NONE',  ( -11.31043918011867433, 72.08032435437004892, 79.99999999999998579 ) ) ;
#109 = CARTESIAN_POINT ( 'NONE',  ( 12.44324751833130627, 64.52575794324880576, 24.94196981383957379 ) ) ;
#110 = ORIENTED_EDGE ( 'NONE', *, *, #96, .F. ) ;
#111 = EDGE_CURVE ( 'NONE', #1143, #2352, #3943, .T. ) ;
#112 = CIRCLE ( 'NONE', #3742, 4.500000000000033751 ) ;
#113 = CARTESIAN_POINT ( 'NONE',  ( -35.99999999999997868, -6.071532165918824830E-15, 27.50000000000002132 ) ) ;
#114 = CARTESIAN_POINT ( 'NONE',  ( -2.762825971905366718, 59.80837705955173078, 16.45787077829139022 ) ) ;
#115 = DIRECTION ( 'NONE',  ( 0.000000000000000000, 1.000000000000000000, 0.000000000000000000 ) ) ;
#116 = B_SPLINE_CURVE_WITH_KNOTS ( 'NONE', 3,
 ( #451, #2656, #2366, #2304, #1058, #3636, #2615, #1354, #1391, #383, #1040, #1722, #2324, #3269, #2674, #1659, #2696, #3903, #52, #140 ),
 .UNSPECIFIED., .F., .F.,
 ( 4, 2, 2, 2, 2, 2, 2, 2, 2, 4 ),
 ( -3.911545120816076703E-05, 0.001737092713352106311, 0.003513300877912373457, 0.005289509042472641254, 0.006177613124752772550, 0.007065717207032904713, 0.01061813353615345158, 0.01150623761843357767, 0.01239434170071370550, 0.01417054986527398891 ),
 .UNSPECIFIED. ) ;
#117 = CARTESIAN_POINT ( 'NONE',  ( 7.098028827813028130, 69.27242331472858439, 27.10091582435003232 ) ) ;
#118 = AXIS2_PLACEMENT_3D ( 'NONE', #2214, #886, #2149 ) ;
#119 = VECTOR ( 'NONE', #741, 1000.000000000000000 ) ;
#120 = DIRECTION ( 'NONE',  ( 0.000000000000000000, 0.000000000000000000, -1.000000000000000000 ) ) ;
#121 = CARTESIAN_POINT ( 'NONE',  ( 5.314304511311029877, 74.99999999999998579, 67.89161531726158216 ) ) ;
#122 = ORIENTED_EDGE ( 'NONE', *, *, #2364, .T. ) ;
#123 = DIRECTION ( 'NONE',  ( 0.000000000000000000, 1.000000000000000000, 0.000000000000000000 ) ) ;
#124 = DIRECTION ( 'NONE',  ( 1.000000000000000000, 2.915825712255602780E-16, 0.000000000000000000 ) ) ;
#125 = CARTESIAN_POINT ( 'NONE',  ( 13.99999999999997513, 71.99999999999998579, 10.20416847668725424 ) ) ;
#126 = EDGE_CURVE ( 'NONE', #2512, #449, #2265, .T. ) ;
#127 = CARTESIAN_POINT ( 'NONE',  ( -2.684914216317663360, 74.95245395116239706, 66.02070140273791310 ) ) ;
#128 = ORIENTED_EDGE ( 'NONE', *, *, #15, .T. ) ;
#129 = EDGE_LOOP ( 'NONE', ( #3350, #1012 ) ) ;
#130 = EDGE_CURVE ( 'NONE', #498, #3380, #1001, .T. ) ;
#131 = AXIS2_PLACEMENT_3D ( 'NONE', #3462, #3186, #3797 ) ;
#132 = CARTESIAN_POINT ( 'NONE',  ( -13.99136347995162311, 73.08043262711673549, 77.39958915032561038 ) ) ;
#133 = DIRECTION ( 'NONE',  ( 0.000000000000000000, 1.000000000000000000, 0.000000000000000000 ) ) ;
#134 = DIRECTION ( 'NONE',  ( -0.000000000000000000, 1.000000000000000000, -0.000000000000000000 ) ) ;
#135 = ORIENTED_EDGE ( 'NONE', *, *, #3579, .F. ) ;
#136 = CIRCLE ( 'NONE', #1530, 3.000000000000002665 ) ;
#137 = EDGE_CURVE ( 'NONE', #535, #498, #1852, .T. ) ;
#138 = CIRCLE ( 'NONE', #673, 4.500000000000054179 ) ;
#139 = DIRECTION ( 'NONE',  ( 0.000000000000000000, 0.000000000000000000, 1.000000000000000000 ) ) ;
#140 = CARTESIAN_POINT ( 'NONE',  ( 11.94220619767113867, 73.62088422250927522, 71.79359148723355588 ) ) ;
#141 = DIRECTION ( 'NONE',  ( 0.000000000000000000, 0.000000000000000000, 1.000000000000000000 ) ) ;
#142 = EDGE_CURVE ( 'NONE', #312, #3004, #2446, .T. ) ;
#143 = CARTESIAN_POINT ( 'NONE',  ( 22.96192500641007328, 17.00000000000000355, 106.7108694571594043 ) ) ;
#144 = DIRECTION ( 'NONE',  ( -0.000000000000000000, 1.242141978321335985E-16, -1.000000000000000000 ) ) ;
#145 = CARTESIAN_POINT ( 'NONE',  ( 3.080107637362715623E-13, 60.00000000000044054, 18.43572051765282183 ) ) ;
#146 = EDGE_LOOP ( 'NONE', ( #1697, #1619, #3771 ) ) ;
#147 = CARTESIAN_POINT ( 'NONE',  ( 22.96192500641007328, 17.00000000000000355, 0.000000000000000000 ) ) ;
#148 = ORIENTED_EDGE ( 'NONE', *, *, #1474, .T. ) ;
#149 = VERTEX_POINT ( 'NONE', #1113 ) ;
#150 = EDGE_CURVE ( 'NONE', #3056, #1056, #3221, .T. ) ;
#151 = ADVANCED_FACE ( 'NONE', ( #4025, #2410 ), #3074, .T. ) ;
#152 = CARTESIAN_POINT ( 'NONE',  ( 1.999999999999974021, 53.99999999999997868, 80.00000000000000000 ) ) ;
#153 = EDGE_CURVE ( 'NONE', #413, #3601, #3422, .T. ) ;
#154 = DIRECTION ( 'NONE',  ( 0.000000000000000000, 1.000000000000000000, 9.912705577010328015E-17 ) ) ;
#155 = EDGE_CURVE ( 'NONE', #3628, #3229, #3375, .T. ) ;
#156 = DIRECTION ( 'NONE',  ( 0.000000000000000000, 0.000000000000000000, 1.000000000000000000 ) ) ;
#157 = ORIENTED_EDGE ( 'NONE', *, *, #868, .F. ) ;
#158 = ORIENTED_EDGE ( 'NONE', *, *, #2511, .T. ) ;
#159 = DIRECTION ( 'NONE',  ( 0.000000000000000000, 0.000000000000000000, 1.000000000000000000 ) ) ;
#160 = AXIS2_PLACEMENT_3D ( 'NONE', #958, #4107, #329 ) ;
#161 = DIRECTION ( 'NONE',  ( -2.915825712255602780E-16, 1.000000000000000000, 0.000000000000000000 ) ) ;
#162 = CARTESIAN_POINT ( 'NONE',  ( 35.99999999999999289, 12.00000000000000000, 57.49999999999999289 ) ) ;
#163 = CARTESIAN_POINT ( 'NONE',  ( -7.320979695883067961, 74.99999999999998579, 69.52666401405410568 ) ) ;
#164 = CARTESIAN_POINT ( 'NONE',  ( 15.32786885245902120, 62.83213604641091621, 65.00000000000000000 ) ) ;
#165 = EDGE_CURVE ( 'NONE', #4052, #1802, #1942, .T. ) ;
#166 = ORIENTED_EDGE ( 'NONE', *, *, #4112, .T. ) ;
#167 = EDGE_CURVE ( 'NONE', #798, #3023, #138, .T. ) ;
#168 = CARTESIAN_POINT ( 'NONE',  ( 1.032126229908579385, 75.00000000000000000, 66.12453413898839472 ) ) ;
#169 = ORIENTED_EDGE ( 'NONE', *, *, #3085, .F. ) ;
#170 = ORIENTED_EDGE ( 'NONE', *, *, #2664, .F. ) ;
#171 = VECTOR ( 'NONE', #2679, 1000.000000000000000 ) ;
#172 = CARTESIAN_POINT ( 'NONE',  ( 35.99999999999999289, -6.071532165918824830E-15, 14.50000000000003197 ) ) ;
#173 = AXIS2_PLACEMENT_3D ( 'NONE', #3211, #3511, #2203 ) ;
#174 = LINE ( 'NONE', #1759, #2201 ) ;
#175 = LINE ( 'NONE', #1444, #1281 ) ;
#176 = VERTEX_POINT ( 'NONE', #847 ) ;
#177 = ORIENTED_EDGE ( 'NONE', *, *, #288, .T. ) ;
#178 = DIRECTION ( 'NONE',  ( -2.915825712255602780E-16, -1.000000000000000000, 0.000000000000000000 ) ) ;
#179 = CIRCLE ( 'NONE', #3675, 3.000000000000000888 ) ;
#180 = DIRECTION ( 'NONE',  ( 1.049727191138617833E-16, 0.5150380749100552658, -0.8571673007021116675 ) ) ;
#181 = ADVANCED_FACE ( 'NONE', ( #1725, #3980, #2759, #3017 ), #492, .F. ) ;
#182 = EDGE_CURVE ( 'NONE', #485, #1466, #3571, .T. ) ;
#183 = CARTESIAN_POINT ( 'NONE',  ( 13.99999999999997868, 65.32291452420122368, 15.95925961749913569 ) ) ;
#184 = DIRECTION ( 'NONE',  ( 5.782411586589357639E-16, 1.686050438302196407E-31, 1.000000000000000000 ) ) ;
#185 = CARTESIAN_POINT ( 'NONE',  ( -6.685483648175111426, 74.99999999999998579, 67.84029902669662704 ) ) ;
#186 = CARTESIAN_POINT ( 'NONE',  ( 1.060721923487863094, 75.00000000000000000, 65.91051267597195817 ) ) ;
#187 = VERTEX_POINT ( 'NONE', #2368 ) ;
#188 = CARTESIAN_POINT ( 'NONE',  ( 0.000000000000000000, 0.000000000000000000, 0.000000000000000000 ) ) ;
#189 = VECTOR ( 'NONE', #1976, 1000.000000000000000 ) ;
#190 = AXIS2_PLACEMENT_3D ( 'NONE', #1652, #680, #3543 ) ;
#191 = ORIENTED_EDGE ( 'NONE', *, *, #111, .T. ) ;
#192 = VERTEX_POINT ( 'NONE', #2737 ) ;
#193 = CARTESIAN_POINT ( 'NONE',  ( 8.671885875018146450, 73.91461397584097881, 67.57389002687915536 ) ) ;
#194 = FACE_OUTER_BOUND ( 'NONE', #2362, .T. ) ;
#195 = CARTESIAN_POINT ( 'NONE',  ( -36.00000000000000711, 3.000000000000000888, 2.500000000000021316 ) ) ;
#196 = ORIENTED_EDGE ( 'NONE', *, *, #1310, .F. ) ;
#197 = CYLINDRICAL_SURFACE ( 'NONE', #1974, 3.999999999999996447 ) ;
#198 = CARTESIAN_POINT ( 'NONE',  ( -1.601138651775637634, 74.98148709365635511, 65.95161578979011097 ) ) ;
#199 = EDGE_CURVE ( 'NONE', #2939, #3025, #2412, .T. ) ;
#200 = VECTOR ( 'NONE', #3514, 1000.000000000000000 ) ;
#201 = CARTESIAN_POINT ( 'NONE',  ( -4.889329802571521277, 74.99999999999998579, 67.63768806269061429 ) ) ;
#202 = CARTESIAN_POINT ( 'NONE',  ( -36.00000000000000711, 3.000000000000000888, 10.00000000000002132 ) ) ;
#203 = CIRCLE ( 'NONE', #1267, 2.499999999999995115 ) ;
#204 = CARTESIAN_POINT ( 'NONE',  ( 14.15130955102309684, 73.04457030380500271, 78.72521627031578362 ) ) ;
#205 = CARTESIAN_POINT ( 'NONE',  ( 10.99999999999997691, 71.99999999999998579, 15.00000000000000178 ) ) ;
#206 = CARTESIAN_POINT ( 'NONE',  ( -8.080030102590740171, 74.99999999999997158, 68.77918201341645954 ) ) ;
#207 = CARTESIAN_POINT ( 'NONE',  ( 7.100744276907476227, 74.57185946883905103, 67.25941532612058893 ) ) ;
#208 = CARTESIAN_POINT ( 'NONE',  ( 13.55620912508371134, 74.76361552030874691, 82.69334394471131588 ) ) ;
#209 = EDGE_LOOP ( 'NONE', ( #299, #3710 ) ) ;
#210 = EDGE_LOOP ( 'NONE', ( #1987, #2667, #3200, #230 ) ) ;
#211 = CARTESIAN_POINT ( 'NONE',  ( 2.628217571267311481, 74.90745564904685239, 65.46491535326991595 ) ) ;
#212 = CARTESIAN_POINT ( 'NONE',  ( 1.598786017300837914, 59.93668850452944952, 17.92912827714380697 ) ) ;
#213 = DIRECTION ( 'NONE',  ( -1.000000000000000000, 0.000000000000000000, 0.000000000000000000 ) ) ;
#214 = CARTESIAN_POINT ( 'NONE',  ( 8.649941818727233667, 74.33456884569905299, 68.18157032491039615 ) ) ;
#215 = VECTOR ( 'NONE', #3334, 1000.000000000000000 ) ;
#216 = EDGE_CURVE ( 'NONE', #3873, #449, #790, .T. ) ;
#217 = ORIENTED_EDGE ( 'NONE', *, *, #2369, .T. ) ;
#218 = FACE_OUTER_BOUND ( 'NONE', #1478, .T. ) ;
#219 = CARTESIAN_POINT ( 'NONE',  ( -3.001670550324627484, 74.93191734253427683, 66.05550733140779585 ) ) ;
#220 = CARTESIAN_POINT ( 'NONE',  ( -36.00000000000000711, -6.071532165918824830E-15, 10.00000000000002132 ) ) ;
#221 = CARTESIAN_POINT ( 'NONE',  ( 13.87146984699568542, 63.74882909044325885, 22.31079680877403248 ) ) ;
#222 = CARTESIAN_POINT ( 'NONE',  ( -10.22822192904835603, 67.85978868946929765, 24.56990398424218469 ) ) ;
#223 = CYLINDRICAL_SURFACE ( 'NONE', #2008, 2.999999999999999112 ) ;
#224 = LINE ( 'NONE', #1812, #1156 ) ;
#225 = CARTESIAN_POINT ( 'NONE',  ( 10.70986592231578882, 74.99999999995493738, 74.47731964344195887 ) ) ;
#226 = EDGE_CURVE ( 'NONE', #2947, #3920, #473, .T. ) ;
#227 = CARTESIAN_POINT ( 'NONE',  ( 12.34250613675377650, 64.63149839673107522, 21.69507349135633234 ) ) ;
#228 = CARTESIAN_POINT ( 'NONE',  ( 0.000000000000000000, 57.49999999999998579, 35.00000000000000000 ) ) ;
#229 = ORIENTED_EDGE ( 'NONE', *, *, #2578, .T. ) ;
#230 = ORIENTED_EDGE ( 'NONE', *, *, #2276, .F. ) ;
#231 = CARTESIAN_POINT ( 'NONE',  ( 5.235746701847000750, 74.61157781486683405, 66.06105770015859946 ) ) ;
#232 = CARTESIAN_POINT ( 'NONE',  ( 2.904873637033742906, 59.78804486358894366, 13.94599882149701031 ) ) ;
#233 = LINE ( 'NONE', #3088, #200 ) ;
#234 = CARTESIAN_POINT ( 'NONE',  ( 10.99999999999997691, 72.17157287525378706, 15.00000000000000178 ) ) ;
#235 = EDGE_LOOP ( 'NONE', ( #3854, #635 ) ) ;
#236 = ORIENTED_EDGE ( 'NONE', *, *, #3855, .T. ) ;
#237 = CARTESIAN_POINT ( 'NONE',  ( -6.463064978357215828, 74.64906100912317299, 66.98117300096905069 ) ) ;
#238 = DIRECTION ( 'NONE',  ( 0.000000000000000000, 0.000000000000000000, -1.000000000000000000 ) ) ;
#239 = CARTESIAN_POINT ( 'NONE',  ( -13.27481875266828482, 64.09188010512384892, 23.56995189911029343 ) ) ;
#240 = AXIS2_PLACEMENT_3D ( 'NONE', #1904, #1578, #1271 ) ;
#241 = CIRCLE ( 'NONE', #2392, 12.00000000000000178 ) ;
#242 = DIRECTION ( 'NONE',  ( -2.915825712255602780E-16, 1.000000000000000000, -0.000000000000000000 ) ) ;
#243 = DIRECTION ( 'NONE',  ( -1.000000000000000000, 0.000000000000000000, 0.000000000000000000 ) ) ;
#244 = CARTESIAN_POINT ( 'NONE',  ( -1.057559656529513781, 74.99999999999998579, 65.91095653471720084 ) ) ;
#245 = EDGE_LOOP ( 'NONE', ( #2997, #2524, #1441, #2607, #3300, #3866 ) ) ;
#246 = CARTESIAN_POINT ( 'NONE',  ( 9.671117321090862973, 74.99999999999998579, 72.89581181543620403 ) ) ;
#247 = EDGE_LOOP ( 'NONE', ( #2117, #2608 ) ) ;
#248 = EDGE_CURVE ( 'NONE', #1359, #3546, #2069, .T. ) ;
#249 = CARTESIAN_POINT ( 'NONE',  ( 6.266063656140634208, 74.43608834749247194, 65.71415849096368333 ) ) ;
#250 = AXIS2_PLACEMENT_3D ( 'NONE', #3412, #2505, #3791 ) ;
#251 = FACE_BOUND ( 'NONE', #209, .T. ) ;
#252 = CARTESIAN_POINT ( 'NONE',  ( 1.318665738978117341, 75.00000000000002842, 65.59971542777128661 ) ) ;
#253 = CARTESIAN_POINT ( 'NONE',  ( -14.41283217452732224, 63.42144726266540999, 20.81055312726066475 ) ) ;
#254 = CARTESIAN_POINT ( 'NONE',  ( 0.000000000000000000, 57.49999999999997868, 93.99999999999998579 ) ) ;
#255 = ORIENTED_EDGE ( 'NONE', *, *, #1428, .T. ) ;
#256 = EDGE_LOOP ( 'NONE', ( #1269, #2256, #1518, #2668 ) ) ;
#257 = VECTOR ( 'NONE', #2648, 1000.000000000000000 ) ;
#258 = CARTESIAN_POINT ( 'NONE',  ( -0.5698609295020554688, 74.99779956590003849, 65.96262528646828116 ) ) ;
#259 = CARTESIAN_POINT ( 'NONE',  ( 0.000000000000000000, 39.99999999999999289, 35.00000000000000000 ) ) ;
#260 = CARTESIAN_POINT ( 'NONE',  ( -13.62935631559120786, 65.61966949877357536, 18.23337041221502375 ) ) ;
#261 = VECTOR ( 'NONE', #1047, 1000.000000000000000 ) ;
#262 = CARTESIAN_POINT ( 'NONE',  ( -15.32786885245903896, 62.83213604641090200, 65.00000000000000000 ) ) ;
#263 = DIRECTION ( 'NONE',  ( 0.000000000000000000, 1.000000000000000000, -0.000000000000000000 ) ) ;
#264 = CARTESIAN_POINT ( 'NONE',  ( 13.25958544471387945, 74.66664919670893141, 76.85263508591559400 ) ) ;
#265 = VERTEX_POINT ( 'NONE', #453 ) ;
#266 = ADVANCED_FACE ( 'NONE', ( #3416 ), #1394, .F. ) ;
#267 = VECTOR ( 'NONE', #650, 1000.000000000000000 ) ;
#268 = DIRECTION ( 'NONE',  ( 0.000000000000000000, -0.000000000000000000, 1.000000000000000000 ) ) ;
#269 = ORIENTED_EDGE ( 'NONE', *, *, #1627, .T. ) ;
#270 = DIRECTION ( 'NONE',  ( 0.000000000000000000, 0.000000000000000000, -1.000000000000000000 ) ) ;
#271 = CARTESIAN_POINT ( 'NONE',  ( 0.6892714288169693448, 75.00000000000002842, 65.94092553746779117 ) ) ;
#272 = FACE_OUTER_BOUND ( 'NONE', #2785, .T. ) ;
#273 = LINE ( 'NONE', #3831, #1460 ) ;
#274 = DIRECTION ( 'NONE',  ( -0.000000000000000000, 1.000000000000000000, -0.000000000000000000 ) ) ;
#275 = ADVANCED_FACE ( 'NONE', ( #2191 ), #3252, .F. ) ;
#276 = ADVANCED_FACE ( 'NONE', ( #494 ), #3009, .T. ) ;
#277 = EDGE_LOOP ( 'NONE', ( #38, #2254 ) ) ;
#278 = EDGE_LOOP ( 'NONE', ( #1564, #1691, #3711, #2808 ) ) ;
#279 = ADVANCED_FACE ( 'NONE', ( #3420 ), #3872, .T. ) ;
#280 = EDGE_CURVE ( 'NONE', #1585, #1754, #3483, .T. ) ;
#281 = CARTESIAN_POINT ( 'NONE',  ( -3.233316510960534185, 74.92032626789995220, 66.08701294949888450 ) ) ;
#282 = CARTESIAN_POINT ( 'NONE',  ( -11.54055258254953387, 74.99999999999998579, 83.34636393368838014 ) ) ;
#283 = CARTESIAN_POINT ( 'NONE',  ( -5.026229960713032519, 69.88768196828688417, 28.07460684332609802 ) ) ;
#284 = LINE ( 'NONE', #2488, #2468 ) ;
#285 = CARTESIAN_POINT ( 'NONE',  ( 35.99999999999999289, 3.000000000000000888, 2.499999999999998668 ) ) ;
#286 = DIRECTION ( 'NONE',  ( 0.000000000000000000, 1.000000000000000000, 0.000000000000000000 ) ) ;
#287 = DIRECTION ( 'NONE',  ( 0.000000000000000000, 0.000000000000000000, -1.000000000000000000 ) ) ;
#288 = EDGE_CURVE ( 'NONE', #2726, #1795, #3519, .T. ) ;
#289 = PLANE ( 'NONE',  #3297 ) ;
#290 = EDGE_CURVE ( 'NONE', #2613, #3003, #1223, .T. ) ;
#291 = TOROIDAL_SURFACE ( 'NONE', #2378, 30.50000000000000000, 3.000000000000000000 ) ;
#292 = ORIENTED_EDGE ( 'NONE', *, *, #1508, .F. ) ;
#293 = VERTEX_POINT ( 'NONE', #2532 ) ;
#294 = CARTESIAN_POINT ( 'NONE',  ( 0.000000000000000000, 40.00000000000000000, 15.00000000000000000 ) ) ;
#295 = CYLINDRICAL_SURFACE ( 'NONE', #2745, 2.999999999999999112 ) ;
#296 = DIRECTION ( 'NONE',  ( 2.915825712255602780E-16, -1.000000000000000000, -0.000000000000000000 ) ) ;
#297 = CARTESIAN_POINT ( 'NONE',  ( -18.50000000000000355, 39.99999999999998579, 95.00000000000000000 ) ) ;
#298 = FACE_OUTER_BOUND ( 'NONE', #1171, .T. ) ;
#299 = ORIENTED_EDGE ( 'NONE', *, *, #524, .T. ) ;
#300 = ORIENTED_EDGE ( 'NONE', *, *, #582, .T. ) ;
#301 = CARTESIAN_POINT ( 'NONE',  ( 35.99999999999999289, 3.000000000000000888, 14.50000000000003197 ) ) ;
#302 = DIRECTION ( 'NONE',  ( -1.000000000000000000, 0.000000000000000000, 0.000000000000000000 ) ) ;
#303 = CARTESIAN_POINT ( 'NONE',  ( -13.08363402156860289, 66.03664970282206070, 20.00263301667607152 ) ) ;
#304 = ADVANCED_FACE ( 'NONE', ( #3821 ), #938, .F. ) ;
#305 = DIRECTION ( 'NONE',  ( 0.000000000000000000, 0.000000000000000000, 1.000000000000000000 ) ) ;
#306 = EDGE_CURVE ( 'NONE', #1124, #66, #3505, .T. ) ;
#307 = CIRCLE ( 'NONE', #778, 5.000000000000004441 ) ;
#308 = FACE_OUTER_BOUND ( 'NONE', #2427, .T. ) ;
#309 = CARTESIAN_POINT ( 'NONE',  ( 11.78974847298934669, 74.99999999993860911, 77.69040775824353773 ) ) ;
#310 = ORIENTED_EDGE ( 'NONE', *, *, #876, .F. ) ;
#311 = DIRECTION ( 'NONE',  ( 1.000000000000000000, -2.915825712255602780E-16, -0.000000000000000000 ) ) ;
#312 = VERTEX_POINT ( 'NONE', #3428 ) ;
#313 = ORIENTED_EDGE ( 'NONE', *, *, #3144, .F. ) ;
#314 = CARTESIAN_POINT ( 'NONE',  ( 35.99999999999999289, -2.915825712255602879E-15, 60.00000000000000000 ) ) ;
#315 = DIRECTION ( 'NONE',  ( 0.000000000000000000, 0.000000000000000000, -1.000000000000000000 ) ) ;
#316 = DIRECTION ( 'NONE',  ( 1.000000000000000000, 0.000000000000000000, 0.000000000000000000 ) ) ;
#317 = CARTESIAN_POINT ( 'NONE',  ( -2.822442160337312596E-14, 59.13733208101454153, 82.00000000000000000 ) ) ;
#318 = CARTESIAN_POINT ( 'NONE',  ( -2.167939563119686941, 67.43462423075879997, 31.87084787310764966 ) ) ;
#319 = CARTESIAN_POINT ( 'NONE',  ( 10.99999999999997158, 74.99999999999998579, 10.20416847668725779 ) ) ;
#320 = EDGE_LOOP ( 'NONE', ( #148, #1086, #654, #3716 ) ) ;
#321 = ORIENTED_EDGE ( 'NONE', *, *, #10, .T. ) ;
#322 = CARTESIAN_POINT ( 'NONE',  ( -11.33796680513946775, 71.99999999999998579, 95.00000000000000000 ) ) ;
#323 = CARTESIAN_POINT ( 'NONE',  ( 35.99999999999999289, 12.00000000000000000, 10.00000000000000178 ) ) ;
#324 = AXIS2_PLACEMENT_3D ( 'NONE', #2629, #1610, #360 ) ;
#325 = CARTESIAN_POINT ( 'NONE',  ( 9.592584468284362842, 68.19122286650839726, 25.20696659125785288 ) ) ;
#326 = EDGE_CURVE ( 'NONE', #192, #1104, #611, .T. ) ;
#327 = CARTESIAN_POINT ( 'NONE',  ( -11.33796680513946953, 74.99999999999998579, 80.00000000000000000 ) ) ;
#328 = CARTESIAN_POINT ( 'NONE',  ( 0.000000000000000000, 39.99999999999999289, 35.00000000000000000 ) ) ;
#329 = DIRECTION ( 'NONE',  ( -1.000000000000000000, 0.000000000000000000, 0.000000000000000000 ) ) ;
#330 = AXIS2_PLACEMENT_3D ( 'NONE', #2705, #1401, #2377 ) ;
#331 = LINE ( 'NONE', #2200, #1135 ) ;
#332 = ORIENTED_EDGE ( 'NONE', *, *, #1758, .T. ) ;
#333 = CARTESIAN_POINT ( 'NONE',  ( -13.67324221780777194, 72.24427743319333217, 74.70706754542098338 ) ) ;
#334 = VECTOR ( 'NONE', #94, 1000.000000000000000 ) ;
#335 = CARTESIAN_POINT ( 'NONE',  ( 35.99999999999999289, 0.000000000000000000, 49.99999999999999289 ) ) ;
#336 = CARTESIAN_POINT ( 'NONE',  ( -14.15521959005934782, 73.03280764515145052, 80.00000000000000000 ) ) ;
#337 = DIRECTION ( 'NONE',  ( 2.915825712255602780E-16, -1.000000000000000000, 0.000000000000000000 ) ) ;
#338 = CARTESIAN_POINT ( 'NONE',  ( -9.276406814196514361, 65.89183530253927756, 28.54481714380314727 ) ) ;
#339 = VERTEX_POINT ( 'NONE', #2181 ) ;
#340 = ORIENTED_EDGE ( 'NONE', *, *, #617, .T. ) ;
#341 = CARTESIAN_POINT ( 'NONE',  ( -11.63671743245988566, 74.92241532191840747, 72.93165784034587773 ) ) ;
#342 = CYLINDRICAL_SURFACE ( 'NONE', #989, 3.999999999999996447 ) ;
#343 = EDGE_CURVE ( 'NONE', #1537, #1340, #2520, .T. ) ;
#344 = CARTESIAN_POINT ( 'NONE',  ( 2.046763655534781012, 67.43101955862981356, 28.85841635863579313 ) ) ;
#345 = VERTEX_POINT ( 'NONE', #3494 ) ;
#346 = FACE_OUTER_BOUND ( 'NONE', #320, .T. ) ;
#347 = LINE ( 'NONE', #408, #464 ) ;
#348 = LINE ( 'NONE', #1042, #2144 ) ;
#349 = CARTESIAN_POINT ( 'NONE',  ( -14.00000000000002309, 71.99999999999998579, 0.000000000000000000 ) ) ;
#350 = ORIENTED_EDGE ( 'NONE', *, *, #2538, .T. ) ;
#351 = EDGE_LOOP ( 'NONE', ( #755, #3649, #1525, #4138 ) ) ;
#352 = CARTESIAN_POINT ( 'NONE',  ( -15.65789473684212751, 71.30224165151710736, 80.00000000000000000 ) ) ;
#353 = DIRECTION ( 'NONE',  ( -0.000000000000000000, 0.000000000000000000, 1.000000000000000000 ) ) ;
#354 = CARTESIAN_POINT ( 'NONE',  ( -35.99999999999999289, 0.000000000000000000, 49.99999999999999289 ) ) ;
#355 = DIRECTION ( 'NONE',  ( 0.000000000000000000, 0.000000000000000000, -1.000000000000000000 ) ) ;
#356 = CARTESIAN_POINT ( 'NONE',  ( -11.67922763002160380, 72.99798961589017665, 68.81995871746384807 ) ) ;
#357 = ORIENTED_EDGE ( 'NONE', *, *, #1786, .F. ) ;
#358 = EDGE_LOOP ( 'NONE', ( #158, #3802 ) ) ;
#359 = CARTESIAN_POINT ( 'NONE',  ( -11.94220619766922908, 73.62088422250968733, 71.79359148723440853 ) ) ;
#360 = DIRECTION ( 'NONE',  ( 0.000000000000000000, 0.000000000000000000, 1.000000000000000000 ) ) ;
#361 = CARTESIAN_POINT ( 'NONE',  ( -4.127890889385832374, 67.20682605809861343, 28.39328056903415742 ) ) ;
#362 = ORIENTED_EDGE ( 'NONE', *, *, #3366, .T. ) ;
#363 = CARTESIAN_POINT ( 'NONE',  ( -14.00000000000002132, 74.72044893230793150, 10.84536320271184806 ) ) ;
#364 = LINE ( 'NONE', #2990, #2136 ) ;
#365 = CIRCLE ( 'NONE', #3251, 10.00000000000000178 ) ;
#366 = CARTESIAN_POINT ( 'NONE',  ( -3.282069902266865125, 70.24367131549628596, 28.61787009386306480 ) ) ;
#367 = AXIS2_PLACEMENT_3D ( 'NONE', #3236, #2893, #3682 ) ;
#368 = PLANE ( 'NONE',  #2438 ) ;
#369 = EDGE_LOOP ( 'NONE', ( #2442, #2098, #2079, #4079, #2321, #3083 ) ) ;
#370 = AXIS2_PLACEMENT_3D ( 'NONE', #1464, #134, #2440 ) ;
#371 = CARTESIAN_POINT ( 'NONE',  ( -36.00000000000000711, -6.071532165918824830E-15, 45.49999999999997868 ) ) ;
#372 = CARTESIAN_POINT ( 'NONE',  ( -2.000000000000019984, 57.38533865071369888, 80.00000000000000000 ) ) ;
#373 = DIRECTION ( 'NONE',  ( 0.000000000000000000, 1.000000000000000000, -0.000000000000000000 ) ) ;
#374 = CARTESIAN_POINT ( 'NONE',  ( 35.99999999999999289, -6.071532165918824830E-15, 30.00000000000000000 ) ) ;
#375 = VERTEX_POINT ( 'NONE', #2833 ) ;
#376 = ORIENTED_EDGE ( 'NONE', *, *, #4121, .F. ) ;
#377 = EDGE_CURVE ( 'NONE', #2645, #689, #1844, .T. ) ;
#378 = CARTESIAN_POINT ( 'NONE',  ( -12.39902543155340631, 73.50173401901804482, 72.63190249495717410 ) ) ;
#379 = LINE ( 'NONE', #1303, #2935 ) ;
#380 = CARTESIAN_POINT ( 'NONE',  ( 10.13966232246711563, 65.56565943139277408, 27.76054141108653184 ) ) ;
#381 = ORIENTED_EDGE ( 'NONE', *, *, #3594, .F. ) ;
#382 = LINE ( 'NONE', #976, #586 ) ;
#383 = CARTESIAN_POINT ( 'NONE',  ( 6.341634685016471096, 74.66415458353577606, 66.92649881435804105 ) ) ;
#384 = AXIS2_PLACEMENT_3D ( 'NONE', #1390, #1783, #3676 ) ;
#385 = AXIS2_PLACEMENT_3D ( 'NONE', #697, #25, #1934 ) ;
#386 = CARTESIAN_POINT ( 'NONE',  ( 21.00000000000000000, 12.00000000000000000, 60.00000000000000000 ) ) ;
#387 = DIRECTION ( 'NONE',  ( 0.000000000000000000, 0.000000000000000000, 1.000000000000000000 ) ) ;
#388 = EDGE_CURVE ( 'NONE', #3362, #2512, #1663, .T. ) ;
#389 = ORIENTED_EDGE ( 'NONE', *, *, #3366, .F. ) ;
#390 = CARTESIAN_POINT ( 'NONE',  ( 1.748038879264307788, 57.41276587428723133, 81.00610867513363189 ) ) ;
#391 = CONICAL_SURFACE ( 'NONE', #526, 18.50000000000000355, 0.7853981633974431720 ) ;
#392 = CARTESIAN_POINT ( 'NONE',  ( 13.98404779667379572, 73.13580819182230641, 77.47982786287698787 ) ) ;
#393 = VECTOR ( 'NONE', #3598, 1000.000000000000000 ) ;
#394 = CYLINDRICAL_SURFACE ( 'NONE', #330, 2.499999999999984901 ) ;
#395 = CARTESIAN_POINT ( 'NONE',  ( -13.63033422482128110, 72.23684210526312199, 71.63339973465934918 ) ) ;
#396 = CARTESIAN_POINT ( 'NONE',  ( -7.019407257155989122, 74.29079596801973651, 66.68034207713635908 ) ) ;
#397 = EDGE_LOOP ( 'NONE', ( #2202, #2568 ) ) ;
#398 = VERTEX_POINT ( 'NONE', #539 ) ;
#399 = VECTOR ( 'NONE', #124, 1000.000000000000000 ) ;
#400 = CARTESIAN_POINT ( 'NONE',  ( 12.24850681472381630, 73.96560137488657460, 72.82788557631542403 ) ) ;
#401 = DIRECTION ( 'NONE',  ( 1.000000000000000000, 0.000000000000000000, 0.000000000000000000 ) ) ;
#402 = EDGE_CURVE ( 'NONE', #3751, #2645, #233, .T. ) ;
#403 = CARTESIAN_POINT ( 'NONE',  ( -1.053754187954881072, 67.49901153198354109, 31.99803310557793878 ) ) ;
#404 = ORIENTED_EDGE ( 'NONE', *, *, #563, .T. ) ;
#405 = VECTOR ( 'NONE', #2558, 1000.000000000000000 ) ;
#406 = CARTESIAN_POINT ( 'NONE',  ( 11.14556816245718629, 75.00000000000000000, 72.18022128657241865 ) ) ;
#407 = CARTESIAN_POINT ( 'NONE',  ( -8.713645867047531724E-15, 75.00000000000000000, 66.00000000000000000 ) ) ;
#408 = CARTESIAN_POINT ( 'NONE',  ( 24.99999999999999289, -6.123233995736764507E-15, 60.00000000000000000 ) ) ;
#409 = CARTESIAN_POINT ( 'NONE',  ( 12.10950193702474564, 66.73019743305420093, 22.08283131313975289 ) ) ;
#410 = FACE_OUTER_BOUND ( 'NONE', #46, .T. ) ;
#411 = CIRCLE ( 'NONE', #2760, 4.499999999999997335 ) ;
#412 = CARTESIAN_POINT ( 'NONE',  ( 3.953125172172588631, 74.99999999999998579, 67.13817709021488156 ) ) ;
#413 = VERTEX_POINT ( 'NONE', #4076 ) ;
#414 = CARTESIAN_POINT ( 'NONE',  ( 35.99999999999999289, 3.000000000000000888, 49.99999999999999289 ) ) ;
#415 = EDGE_CURVE ( 'NONE', #3191, #3920, #4135, .T. ) ;
#416 = CARTESIAN_POINT ( 'NONE',  ( 0.000000000000000000, 40.00000000000000000, 0.000000000000000000 ) ) ;
#417 = LINE ( 'NONE', #1968, #261 ) ;
#418 = EDGE_CURVE ( 'NONE', #2235, #3673, #1811, .T. ) ;
#419 = CARTESIAN_POINT ( 'NONE',  ( -10.16404780748928971, 73.49667253302058612, 67.47615509507623699 ) ) ;
#420 = ORIENTED_EDGE ( 'NONE', *, *, #306, .F. ) ;
#421 = EDGE_LOOP ( 'NONE', ( #2525, #3188, #761, #3727 ) ) ;
#422 = ADVANCED_FACE ( 'NONE', ( #881 ), #2812, .T. ) ;
#423 = DIRECTION ( 'NONE',  ( -0.000000000000000000, 1.000000000000000000, -0.000000000000000000 ) ) ;
#424 = CARTESIAN_POINT ( 'NONE',  ( 1.590160052970024607, 57.42775598926972691, 78.78002042878286204 ) ) ;
#425 = VECTOR ( 'NONE', #3658, 1000.000000000000000 ) ;
#426 = CARTESIAN_POINT ( 'NONE',  ( 12.14680289914954514, 64.67437268922213889, 25.38288114335879442 ) ) ;
#427 = EDGE_LOOP ( 'NONE', ( #3688, #2495, #1172, #437 ) ) ;
#428 = AXIS2_PLACEMENT_3D ( 'NONE', #1944, #1860, #2246 ) ;
#429 = CARTESIAN_POINT ( 'NONE',  ( -2.759985173580797608E-14, 60.99999999999998579, 74.90000000000000568 ) ) ;
#430 = CARTESIAN_POINT ( 'NONE',  ( -2.956520180238830342, 59.78030114120880967, 15.85429875905171748 ) ) ;
#431 = CARTESIAN_POINT ( 'NONE',  ( -36.00000000000000711, 3.000000000000000888, 42.49999999999997868 ) ) ;
#432 = CARTESIAN_POINT ( 'NONE',  ( -6.323956624754491607, 69.53597795945680105, 27.52361844484620335 ) ) ;
#433 = EDGE_CURVE ( 'NONE', #3673, #339, #2547, .T. ) ;
#434 = CARTESIAN_POINT ( 'NONE',  ( -10.26170385899775006, 73.46297839643011685, 67.56797118686318981 ) ) ;
#435 = CYLINDRICAL_SURFACE ( 'NONE', #2174, 7.500000000000000000 ) ;
#436 = CARTESIAN_POINT ( 'NONE',  ( 5.473600939581683811, 74.75884784294163410, 66.59493758936002905 ) ) ;
#437 = ORIENTED_EDGE ( 'NONE', *, *, #1888, .F. ) ;
#438 = APPLICATION_PROTOCOL_DEFINITION ( 'draft international standard', 'automotive_design', 1998, #3932 ) ;
#439 = CARTESIAN_POINT ( 'NONE',  ( -17.00000000000002132, 73.98529093593283790, 95.00000000000000000 ) ) ;
#440 = FACE_OUTER_BOUND ( 'NONE', #245, .T. ) ;
#441 = DIRECTION ( 'NONE',  ( 0.000000000000000000, 1.000000000000000000, 8.673617379884034239E-17 ) ) ;
#442 = AXIS2_PLACEMENT_3D ( 'NONE', #3490, #270, #2292 ) ;
#443 = ADVANCED_FACE ( 'NONE', ( #3786 ), #391, .F. ) ;
#444 = ORIENTED_EDGE ( 'NONE', *, *, #2175, .T. ) ;
#445 = EDGE_LOOP ( 'NONE', ( #3622, #3565 ) ) ;
#446 = CARTESIAN_POINT ( 'NONE',  ( -13.43520161471119856, 74.64106743174821190, 77.45975201509466501 ) ) ;
#447 = DIRECTION ( 'NONE',  ( -1.000000000000000000, 0.000000000000000000, 5.782411586589358625E-16 ) ) ;
#448 = CARTESIAN_POINT ( 'NONE',  ( 11.94220619766958791, 73.62088422250967312, 71.79359148723479223 ) ) ;
#449 = VERTEX_POINT ( 'NONE', #3158 ) ;
#450 = CARTESIAN_POINT ( 'NONE',  ( -2.170747422518417569, 75.00000000000002842, 66.44661373787384662 ) ) ;
#451 = CARTESIAN_POINT ( 'NONE',  ( -1.020538999289460830E-14, 74.99999999999998579, 66.00000000000000000 ) ) ;
#452 = DIRECTION ( 'NONE',  ( -0.000000000000000000, 1.000000000000000000, -0.000000000000000000 ) ) ;
#453 = CARTESIAN_POINT ( 'NONE',  ( -2.822442160337312596E-14, 60.99999999999998579, 85.09999999999999432 ) ) ;
#454 = AXIS2_PLACEMENT_3D ( 'NONE', #619, #3183, #302 ) ;
#455 = CIRCLE ( 'NONE', #1252, 5.000000000000004441 ) ;
#456 = CARTESIAN_POINT ( 'NONE',  ( -8.584863085083652479, 73.93679808526539432, 66.51857619155705947 ) ) ;
#457 = DIRECTION ( 'NONE',  ( 0.000000000000000000, 0.000000000000000000, 1.000000000000000000 ) ) ;
#458 = CARTESIAN_POINT ( 'NONE',  ( -1.414244264055960487, 59.95082556061203150, 18.04832692699952901 ) ) ;
#459 = EDGE_CURVE ( 'NONE', #1549, #2034, #273, .T. ) ;
#460 = EDGE_CURVE ( 'NONE', #2035, #2145, #947, .T. ) ;
#461 = CARTESIAN_POINT ( 'NONE',  ( 13.99999999999997513, 74.72044893229953288, 10.84536320270570009 ) ) ;
#462 = ORIENTED_EDGE ( 'NONE', *, *, #2051, .T. ) ;
#463 = ORIENTED_EDGE ( 'NONE', *, *, #182, .F. ) ;
#464 = VECTOR ( 'NONE', #1681, 1000.000000000000000 ) ;
#465 = CARTESIAN_POINT ( 'NONE',  ( -11.82938522958281879, 75.00000000006228618, 77.68553748781484103 ) ) ;
#466 = CARTESIAN_POINT ( 'NONE',  ( -36.00000000000000711, 3.000000000000000888, 10.00000000000002132 ) ) ;
#467 = CARTESIAN_POINT ( 'NONE',  ( 8.663573378875058850, 74.99999999999998579, 71.09010518295569625 ) ) ;
#468 = EDGE_LOOP ( 'NONE', ( #3667, #3425, #624, #2236 ) ) ;
#469 = ORIENTED_EDGE ( 'NONE', *, *, #2791, .T. ) ;
#470 = CARTESIAN_POINT ( 'NONE',  ( 13.96320037402061942, 72.09610012902051324, 72.27263131350936476 ) ) ;
#471 = AXIS2_PLACEMENT_3D ( 'NONE', #2131, #3911, #872 ) ;
#472 = EDGE_CURVE ( 'NONE', #1091, #496, #2005, .T. ) ;
#473 = CIRCLE ( 'NONE', #1687, 4.499999999999997335 ) ;
#474 = CARTESIAN_POINT ( 'NONE',  ( 13.99999999999997513, 71.99999999999998579, 10.20416847668725602 ) ) ;
#475 = CARTESIAN_POINT ( 'NONE',  ( 11.44510551178611202, 65.00790056841157138, 26.32098817674493318 ) ) ;
#476 = ADVANCED_FACE ( 'NONE', ( #1320, #2394 ), #1296, .F. ) ;
#477 = CARTESIAN_POINT ( 'NONE',  ( -35.99999999999999289, 0.000000000000000000, 60.00000000000000000 ) ) ;
#478 = DIRECTION ( 'NONE',  ( 0.000000000000000000, 1.000000000000000000, 0.000000000000000000 ) ) ;
#479 = CARTESIAN_POINT ( 'NONE',  ( 13.88887079004712710, 63.79020355386097663, 17.02723442511249630 ) ) ;
#480 = DIRECTION ( 'NONE',  ( -0.000000000000000000, 1.000000000000000000, -0.000000000000000000 ) ) ;
#481 = CARTESIAN_POINT ( 'NONE',  ( 13.27254166908471333, 64.09312108498124871, 23.57413126471407594 ) ) ;
#482 = ORIENTED_EDGE ( 'NONE', *, *, #905, .F. ) ;
#483 = CARTESIAN_POINT ( 'NONE',  ( 11.99999999999997158, 74.99999999999998579, 80.00000000000000000 ) ) ;
#484 = ORIENTED_EDGE ( 'NONE', *, *, #557, .F. ) ;
#485 = VERTEX_POINT ( 'NONE', #3538 ) ;
#486 = ADVANCED_FACE ( 'NONE', ( #3020 ), #3895, .F. ) ;
#487 = DIRECTION ( 'NONE',  ( -0.000000000000000000, 1.242141978321335985E-16, -1.000000000000000000 ) ) ;
#488 = CARTESIAN_POINT ( 'NONE',  ( 1.935733150702136696, 57.39263064056273578, 79.48034400262721988 ) ) ;
#489 = CARTESIAN_POINT ( 'NONE',  ( -2.880758674582424346E-14, 74.99999999999998579, 80.00000000000000000 ) ) ;
#490 = ORIENTED_EDGE ( 'NONE', *, *, #1559, .T. ) ;
#491 = CARTESIAN_POINT ( 'NONE',  ( -12.00000000000002842, 74.99999999999998579, 79.99999999999998579 ) ) ;
#492 = PLANE ( 'NONE',  #3022 ) ;
#493 = CARTESIAN_POINT ( 'NONE',  ( 35.99999999999999289, 3.000000000000000888, 57.49999999999999289 ) ) ;
#494 = FACE_OUTER_BOUND ( 'NONE', #906, .T. ) ;
#495 = DIRECTION ( 'NONE',  ( 0.000000000000000000, 0.000000000000000000, 1.000000000000000000 ) ) ;
#496 = VERTEX_POINT ( 'NONE', #3661 ) ;
#497 = DIRECTION ( 'NONE',  ( 0.000000000000000000, -1.242141978321335985E-16, 1.000000000000000000 ) ) ;
#498 = VERTEX_POINT ( 'NONE', #2699 ) ;
#499 = EDGE_LOOP ( 'NONE', ( #217, #3473 ) ) ;
#500 = CARTESIAN_POINT ( 'NONE',  ( -8.721868891008469592E-15, 75.00000000000000000, 66.00000000000000000 ) ) ;
#501 = AXIS2_PLACEMENT_3D ( 'NONE', #3869, #984, #4134 ) ;
#502 = LINE ( 'NONE', #1387, #4081 ) ;
#503 = CARTESIAN_POINT ( 'NONE',  ( 7.309201180649268714, 74.99999999999998579, 69.51462631061539810 ) ) ;
#504 = ORIENTED_EDGE ( 'NONE', *, *, #460, .T. ) ;
#505 = VERTEX_POINT ( 'NONE', #968 ) ;
#506 = DIRECTION ( 'NONE',  ( 0.000000000000000000, 0.000000000000000000, -1.000000000000000000 ) ) ;
#507 = CARTESIAN_POINT ( 'NONE',  ( -10.12103081898153434, 74.99999999999998579, 73.55292817154744967 ) ) ;
#508 = CARTESIAN_POINT ( 'NONE',  ( 15.23411743232079019, 62.89586003687583116, 17.16580414230306673 ) ) ;
#509 = CARTESIAN_POINT ( 'NONE',  ( -36.00000000000000711, 3.000000000000000888, 49.99999999999997158 ) ) ;
#510 = FACE_OUTER_BOUND ( 'NONE', #421, .T. ) ;
#511 = CARTESIAN_POINT ( 'NONE',  ( -1.735643403821418351, 57.41386969814242036, 78.99769530079611002 ) ) ;
#512 = CARTESIAN_POINT ( 'NONE',  ( -9.671117321090729746, 74.99999999999998579, 72.89581181543583455 ) ) ;
#513 = CARTESIAN_POINT ( 'NONE',  ( 6.664837840309504990, 74.99999999999997158, 67.82819027470264928 ) ) ;
#514 = EDGE_CURVE ( 'NONE', #84, #2837, #1582, .T. ) ;
#515 = CARTESIAN_POINT ( 'NONE',  ( -2.822442160337312596E-14, 60.99999999999998579, 80.00000000000000000 ) ) ;
#516 = AXIS2_PLACEMENT_3D ( 'NONE', #4145, #1895, #305 ) ;
#517 = ORIENTED_EDGE ( 'NONE', *, *, #150, .T. ) ;
#518 = ORIENTED_EDGE ( 'NONE', *, *, #1260, .T. ) ;
#519 = CARTESIAN_POINT ( 'NONE',  ( 12.12707460959944328, 72.83479168038314810, 69.32791196759369257 ) ) ;
#520 = CARTESIAN_POINT ( 'NONE',  ( -17.00000000000002132, 65.32291452420118105, 15.00000000000000000 ) ) ;
#521 = DIRECTION ( 'NONE',  ( 0.000000000000000000, 0.000000000000000000, -1.000000000000000000 ) ) ;
#522 = VERTEX_POINT ( 'NONE', #1396 ) ;
#523 = CARTESIAN_POINT ( 'NONE',  ( -25.00000000000000000, 5.000000000000000000, 0.000000000000000000 ) ) ;
#524 = EDGE_CURVE ( 'NONE', #2817, #2672, #2943, .T. ) ;
#525 = CARTESIAN_POINT ( 'NONE',  ( -3.791495663320095577, 74.89106303948715038, 66.16853134524410507 ) ) ;
#526 = AXIS2_PLACEMENT_3D ( 'NONE', #589, #3748, #1866 ) ;
#527 = DIRECTION ( 'NONE',  ( -1.000000000000000000, 0.000000000000000000, 0.000000000000000000 ) ) ;
#528 = DIRECTION ( 'NONE',  ( -0.000000000000000000, -1.000000000000000000, 0.000000000000000000 ) ) ;
#529 = AXIS2_PLACEMENT_3D ( 'NONE', #2958, #1471, #2312 ) ;
#530 = DIRECTION ( 'NONE',  ( 0.000000000000000000, 0.000000000000000000, -1.000000000000000000 ) ) ;
#531 = DIRECTION ( 'NONE',  ( 0.000000000000000000, 0.000000000000000000, 1.000000000000000000 ) ) ;
#532 = CARTESIAN_POINT ( 'NONE',  ( 13.50871664574414233, 65.71411249556869905, 18.70510300278133542 ) ) ;
#533 = CARTESIAN_POINT ( 'NONE',  ( 12.55051927760677088, 66.42428843032097063, 21.26949389185315553 ) ) ;
#534 = DIRECTION ( 'NONE',  ( -1.224646799147353207E-16, 1.000000000000000000, 0.000000000000000000 ) ) ;
#535 = VERTEX_POINT ( 'NONE', #3870 ) ;
#536 = EDGE_LOOP ( 'NONE', ( #964, #404, #1606, #2981 ) ) ;
#537 = CARTESIAN_POINT ( 'NONE',  ( 7.535693022704402111, 74.18061102688427866, 66.08899549837070708 ) ) ;
#538 = DIRECTION ( 'NONE',  ( -0.000000000000000000, 1.242141978321335985E-16, -1.000000000000000000 ) ) ;
#539 = CARTESIAN_POINT ( 'NONE',  ( -19.42932115927006009, 20.53846153846154365, 60.00000000000000000 ) ) ;
#540 = DIRECTION ( 'NONE',  ( 0.000000000000000000, 1.000000000000000000, -0.000000000000000000 ) ) ;
#541 = CIRCLE ( 'NONE', #3650, 2.499999999999995115 ) ;
#542 = ORIENTED_EDGE ( 'NONE', *, *, #290, .T. ) ;
#543 = ORIENTED_EDGE ( 'NONE', *, *, #3705, .T. ) ;
#544 = CARTESIAN_POINT ( 'NONE',  ( 0.000000000000000000, 40.00000000000000000, -10.02630927324502075 ) ) ;
#545 = CARTESIAN_POINT ( 'NONE',  ( -11.23468939454497750, 73.79983688975175937, 70.72379332499527038 ) ) ;
#546 = CARTESIAN_POINT ( 'NONE',  ( -11.99999999998925659, 75.00000000000252953, 80.69554698701632844 ) ) ;
#547 = CARTESIAN_POINT ( 'NONE',  ( 5.719169436553722896, 66.89989147132740754, 30.77500344873073246 ) ) ;
#548 = CARTESIAN_POINT ( 'NONE',  ( -7.661437909664328139, 66.45095204326806027, 26.74493990279169964 ) ) ;
#549 = FACE_OUTER_BOUND ( 'NONE', #2014, .T. ) ;
#550 = AXIS2_PLACEMENT_3D ( 'NONE', #2234, #928, #3112 ) ;
#551 = DIRECTION ( 'NONE',  ( -1.000000000000000000, 0.000000000000000000, 0.000000000000000000 ) ) ;
#552 = CARTESIAN_POINT ( 'NONE',  ( 13.90471822891379183, 65.40163708361671979, 16.87860161430320716 ) ) ;
#553 = ORIENTED_EDGE ( 'NONE', *, *, #343, .T. ) ;
#554 = EDGE_CURVE ( 'NONE', #4117, #689, #1797, .T. ) ;
#555 = EDGE_CURVE ( 'NONE', #1466, #485, #2741, .T. ) ;
#556 = CIRCLE ( 'NONE', #1490, 5.099999999999996980 ) ;
#557 = EDGE_CURVE ( 'NONE', #1056, #3389, #3851, .T. ) ;
#558 = DIRECTION ( 'NONE',  ( -0.000000000000000000, 1.000000000000000000, -0.000000000000000000 ) ) ;
#559 = EDGE_LOOP ( 'NONE', ( #2436, #1063, #13, #2411 ) ) ;
#560 = ORIENTED_EDGE ( 'NONE', *, *, #142, .F. ) ;
#561 =( BOUNDED_SURFACE ( )  B_SPLINE_SURFACE ( 3, 2, ( 
 ( #1346, #103, #694 ),
 ( #3627, #1991, #20 ),
 ( #2644, #986, #3303 ),
 ( #1647, #1626, #1951 ),
 ( #356, #1297, #3257 ),
 ( #1029, #2913, #3952 ),
 ( #419, #3930, #44 ),
 ( #2334, #2013, #1321 ),
 ( #2585, #3282, #2606 ),
 ( #3564, #1010, #82 ),
 ( #2278, #396, #64 ),
 ( #2624, #2315, #1689 ),
 ( #1050, #1670, #2961 ),
 ( #1382, #1068, #2356 ),
 ( #3647, #759, #2032 ),
 ( #3324, #1402, #2684 ),
 ( #3000, #3969, #127 ),
 ( #1710, #2633, #3597 ),
 ( #1019, #1411, #1334 ),
 ( #2042, #407, #73 ) ),
 .UNSPECIFIED., .F., .F., .F. ) 
 B_SPLINE_SURFACE_WITH_KNOTS ( ( 4, 2, 2, 2, 2, 2, 2, 2, 2, 4 ),
 ( 3, 3 ),
 ( 0.01555236548684485465, 0.01772013042255166787, 0.01988789535825848109, 0.02205566029396529432, 0.02422342522967211101, 0.02530730769752551762, 0.02639119016537892770, 0.02855895510108574092, 0.03072672003679255415, 0.03289448497249936737 ),
 ( 0.000000000000000000, 0.7055968932291409867 ),
 .UNSPECIFIED. ) 
 GEOMETRIC_REPRESENTATION_ITEM ( )  RATIONAL_B_SPLINE_SURFACE ( (
 ( 1.000000000000000000, 0.8717455115273980981, 0.9244829602727173690),
 ( 1.000000000000000000, 0.8781467457057359205, 0.9282520467312582735),
 ( 1.000000000000000000, 0.8848190787469716323, 0.9321807578847576270),
 ( 1.000000000000000000, 0.8985000320967694298, 0.9402361882242928903),
 ( 1.000000000000000000, 0.9055093565569097835, 0.9443633220191534061),
 ( 1.000000000000000000, 0.9197670384284261091, 0.9527583336958034277),
 ( 1.000000000000000000, 0.9268333727218824869, 0.9569190352347534123),
 ( 1.000000000000000000, 0.9406255313608660185, 0.9650399439395400680),
 ( 1.000000000000000000, 0.9473739489513475220, 0.9690134541483896857),
 ( 1.000000000000000000, 0.9571307953509932132, 0.9747583459330733113),
 ( 1.000000000000000000, 0.9602931368778737653, 0.9766203522734415721),
 ( 1.000000000000000000, 0.9663472999847823042, 0.9801850811285843790),
 ( 1.000000000000000000, 0.9692496390347844493, 0.9818939963950303884),
 ( 1.000000000000000000, 0.9775322950808728040, 0.9867708757395960983),
 ( 1.000000000000000000, 0.9825028059304068417, 0.9896975434122781135),
 ( 1.000000000000000000, 0.9908812286875304798, 0.9946308107913519603),
 ( 1.000000000000000000, 0.9941937159535753077, 0.9965812238758768871),
 ( 1.000000000000000000, 0.9987538437121412649, 0.9992662554346647408),
 ( 1.000000000000000000, 0.9999991258745138945, 0.9999994853094824609),
 ( 1.000000000000000000, 1.000000000000000000, 1.000000000000000000) ) ) 
 REPRESENTATION_ITEM ( '' )  SURFACE ( )  );
#562 = CARTESIAN_POINT ( 'NONE',  ( 9.402985309657626800, 74.35889749992070108, 69.00341558984008827 ) ) ;
#563 = EDGE_CURVE ( 'NONE', #3873, #2540, #2295, .T. ) ;
#564 = CARTESIAN_POINT ( 'NONE',  ( 2.078336223164918284, 59.89218749672101438, 12.48446011138990563 ) ) ;
#565 = DIRECTION ( 'NONE',  ( -0.000000000000000000, 1.000000000000000000, -0.000000000000000000 ) ) ;
#566 = CARTESIAN_POINT ( 'NONE',  ( -17.00000000000002487, 73.98529093593283790, 80.00000000000000000 ) ) ;
#567 = VERTEX_POINT ( 'NONE', #2049 ) ;
#568 = ORIENTED_EDGE ( 'NONE', *, *, #2, .F. ) ;
#569 = CARTESIAN_POINT ( 'NONE',  ( -0.7358573316267409403, 74.99621974348882247, 65.95614741278664894 ) ) ;
#570 = CARTESIAN_POINT ( 'NONE',  ( -14.16898340256974365, 72.99264546796641184, 83.93071351354385001 ) ) ;
#571 = EDGE_CURVE ( 'NONE', #1070, #3497, #3794, .T. ) ;
#572 = CARTESIAN_POINT ( 'NONE',  ( -9.384156169422119831, 65.85252862521514317, 28.45271864040991616 ) ) ;
#573 = CIRCLE ( 'NONE', #1101, 4.500000000000003553 ) ;
#574 = ORIENTED_EDGE ( 'NONE', *, *, #126, .F. ) ;
#575 = DIRECTION ( 'NONE',  ( -1.000000000000000000, 0.000000000000000000, 0.000000000000000000 ) ) ;
#576 = CARTESIAN_POINT ( 'NONE',  ( 14.16498173832474805, 73.00407338170820992, 82.62045917792788430 ) ) ;
#577 = DIRECTION ( 'NONE',  ( 0.000000000000000000, 0.000000000000000000, -1.000000000000000000 ) ) ;
#578 = CARTESIAN_POINT ( 'NONE',  ( 35.99999999999999289, -6.071532165918824830E-15, 30.00000000000000000 ) ) ;
#579 = EDGE_CURVE ( 'NONE', #2548, #3025, #2385, .T. ) ;
#580 = FACE_OUTER_BOUND ( 'NONE', #1455, .T. ) ;
#581 = ADVANCED_FACE ( 'NONE', ( #676 ), #652, .F. ) ;
#582 = EDGE_CURVE ( 'NONE', #3267, #1503, #43, .T. ) ;
#583 = ORIENTED_EDGE ( 'NONE', *, *, #226, .F. ) ;
#584 = CARTESIAN_POINT ( 'NONE',  ( -12.00000000000003197, 74.99999999999998579, 80.00000000000000000 ) ) ;
#585 = CARTESIAN_POINT ( 'NONE',  ( 8.475570322472686158, 74.47641712632854194, 68.24852675526618384 ) ) ;
#586 = VECTOR ( 'NONE', #3246, 1000.000000000000000 ) ;
#587 = CIRCLE ( 'NONE', #2931, 4.500000000000053291 ) ;
#588 = CARTESIAN_POINT ( 'NONE',  ( 0.8389814805899390437, 59.98345625719408503, 18.31007343781422136 ) ) ;
#589 = CARTESIAN_POINT ( 'NONE',  ( 0.000000000000000000, 39.99999999999998579, 95.00000000000000000 ) ) ;
#590 = CARTESIAN_POINT ( 'NONE',  ( -14.57227950183275489, 63.32219796882718299, 20.29921872324936416 ) ) ;
#591 = CARTESIAN_POINT ( 'NONE',  ( -2.000000000000024869, 59.13733208101454153, 80.00000000000000000 ) ) ;
#592 = EDGE_LOOP ( 'NONE', ( #856, #362 ) ) ;
#593 = ORIENTED_EDGE ( 'NONE', *, *, #1286, .T. ) ;
#594 = AXIS2_PLACEMENT_3D ( 'NONE', #992, #3590, #1280 ) ;
#595 = CARTESIAN_POINT ( 'NONE',  ( -6.525678119045697834, 74.64155106851413279, 67.00816943443827256 ) ) ;
#596 = CARTESIAN_POINT ( 'NONE',  ( -11.93825177604622034, 75.00000000015285195, 81.38948086158249851 ) ) ;
#597 = CARTESIAN_POINT ( 'NONE',  ( -9.785707599401973766, 65.74877072040330006, 25.04293086191967532 ) ) ;
#598 = EDGE_CURVE ( 'NONE', #2075, #1549, #706, .T. ) ;
#599 = DIRECTION ( 'NONE',  ( 0.000000000000000000, 0.000000000000000000, -1.000000000000000000 ) ) ;
#600 = ADVANCED_FACE ( 'NONE', ( #3318 ), #435, .F. ) ;
#601 = LINE ( 'NONE', #1919, #2212 ) ;
#602 = CARTESIAN_POINT ( 'NONE',  ( 13.99999999999998757, 4.998000000000002885, 0.000000000000000000 ) ) ;
#603 = VERTEX_POINT ( 'NONE', #317 ) ;
#604 = AXIS2_PLACEMENT_3D ( 'NONE', #3418, #1380, #1084 ) ;
#605 = DIRECTION ( 'NONE',  ( 0.000000000000000000, 0.000000000000000000, 1.000000000000000000 ) ) ;
#606 = VECTOR ( 'NONE', #3801, 1000.000000000000000 ) ;
#607 = VERTEX_POINT ( 'NONE', #1930 ) ;
#608 = DIRECTION ( 'NONE',  ( 0.000000000000000000, 0.000000000000000000, -1.000000000000000000 ) ) ;
#609 = CARTESIAN_POINT ( 'NONE',  ( 13.99999999999997158, 65.32291452420119526, 0.000000000000000000 ) ) ;
#610 = CARTESIAN_POINT ( 'NONE',  ( 1.418952112527930076, 59.95050534132315789, 11.95432592183553666 ) ) ;
#611 = LINE ( 'NONE', #2544, #2971 ) ;
#612 = CARTESIAN_POINT ( 'NONE',  ( -14.95999414673896055, 63.07510590894833769, 18.74078874290341545 ) ) ;
#613 = CARTESIAN_POINT ( 'NONE',  ( 11.99999999999998046, 74.99999999999998579, 15.00000000000000178 ) ) ;
#614 = ORIENTED_EDGE ( 'NONE', *, *, #3272, .F. ) ;
#615 = ORIENTED_EDGE ( 'NONE', *, *, #1475, .F. ) ;
#616 = ADVANCED_FACE ( 'NONE', ( #19 ), #3563, .F. ) ;
#617 = EDGE_CURVE ( 'NONE', #3947, #3896, #3589, .T. ) ;
#618 = CARTESIAN_POINT ( 'NONE',  ( -0.2666621317598352192, 74.99951928219039132, 65.97988772797781110 ) ) ;
#619 = CARTESIAN_POINT ( 'NONE',  ( 0.000000000000000000, 40.00000000000000000, 62.00000000000000000 ) ) ;
#620 = DIRECTION ( 'NONE',  ( 0.000000000000000000, -0.000000000000000000, 1.000000000000000000 ) ) ;
#621 = DIRECTION ( 'NONE',  ( -0.000000000000000000, 1.000000000000000000, -0.000000000000000000 ) ) ;
#622 = LINE ( 'NONE', #1897, #1398 ) ;
#623 = CARTESIAN_POINT ( 'NONE',  ( 12.74208259277768462, 74.74208491946494348, 75.07248850010120123 ) ) ;
#624 = ORIENTED_EDGE ( 'NONE', *, *, #34, .F. ) ;
#625 = DIRECTION ( 'NONE',  ( 1.000000000000000000, 0.000000000000000000, 0.000000000000000000 ) ) ;
#626 = AXIS2_PLACEMENT_3D ( 'NONE', #1856, #2824, #2509 ) ;
#627 = AXIS2_PLACEMENT_3D ( 'NONE', #205, #184, #1747 ) ;
#628 = VERTEX_POINT ( 'NONE', #2182 ) ;
#629 = VERTEX_POINT ( 'NONE', #1189 ) ;
#630 = DIRECTION ( 'NONE',  ( 1.000000000000000000, 0.000000000000000000, 0.000000000000000000 ) ) ;
#631 = DIRECTION ( 'NONE',  ( -1.000000000000000000, 0.000000000000000000, 0.000000000000000000 ) ) ;
#632 = DIRECTION ( 'NONE',  ( 0.000000000000000000, 1.000000000000000000, -0.000000000000000000 ) ) ;
#633 = CARTESIAN_POINT ( 'NONE',  ( 35.99999999999999289, 3.000000000000000888, 42.49999999999999289 ) ) ;
#634 = DIRECTION ( 'NONE',  ( -5.782411586589355667E-16, 2.044391222244504274E-16, -1.000000000000000000 ) ) ;
#635 = ORIENTED_EDGE ( 'NONE', *, *, #1035, .F. ) ;
#636 = EDGE_LOOP ( 'NONE', ( #3991, #1628, #4151, #1598 ) ) ;
#637 = DIRECTION ( 'NONE',  ( -0.000000000000000000, -0.000000000000000000, -1.000000000000000000 ) ) ;
#638 = DIRECTION ( 'NONE',  ( -0.000000000000000000, 1.000000000000000000, -0.000000000000000000 ) ) ;
#639 = CARTESIAN_POINT ( 'NONE',  ( -9.266178308515168993, 68.35226619539727722, 25.50434025737784438 ) ) ;
#640 = CARTESIAN_POINT ( 'NONE',  ( -13.63033422482128465, 72.23684210526312199, 71.63339973465934918 ) ) ;
#641 = AXIS2_PLACEMENT_3D ( 'NONE', #354, #373, #1646 ) ;
#642 = CARTESIAN_POINT ( 'NONE',  ( 35.99999999999999289, -6.071532165918824830E-15, 30.00000000000000000 ) ) ;
#643 = VERTEX_POINT ( 'NONE', #1867 ) ;
#644 = DIRECTION ( 'NONE',  ( -5.782411586589358625E-16, -6.687256751344495269E-31, -1.000000000000000000 ) ) ;
#645 = AXIS2_PLACEMENT_3D ( 'NONE', #3382, #534, #2420 ) ;
#646 = ORIENTED_EDGE ( 'NONE', *, *, #418, .F. ) ;
#647 = ORIENTED_EDGE ( 'NONE', *, *, #3415, .T. ) ;
#648 = DIRECTION ( 'NONE',  ( -1.000000000000000000, 0.000000000000000000, 0.000000000000000000 ) ) ;
#649 = ADVANCED_FACE ( 'NONE', ( #1522 ), #882, .T. ) ;
#650 = DIRECTION ( 'NONE',  ( -1.000000000000000000, 0.000000000000000000, 0.000000000000000000 ) ) ;
#651 = CYLINDRICAL_SURFACE ( 'NONE', #641, 10.00000000000000178 ) ;
#652 = CYLINDRICAL_SURFACE ( 'NONE', #2513, 20.00000000000000355 ) ;
#653 = CARTESIAN_POINT ( 'NONE',  ( -5.751524416452782340, 66.89615879710460433, 30.76816286282456758 ) ) ;
#654 = ORIENTED_EDGE ( 'NONE', *, *, #1559, .F. ) ;
#655 = ORIENTED_EDGE ( 'NONE', *, *, #2828, .F. ) ;
#656 = VECTOR ( 'NONE', #2842, 1000.000000000000000 ) ;
#657 = AXIS2_PLACEMENT_3D ( 'NONE', #764, #1715, #2037 ) ;
#658 = CARTESIAN_POINT ( 'NONE',  ( -0.1349043260457108984, 74.99987752590156731, 65.98924033769738173 ) ) ;
#659 = CARTESIAN_POINT ( 'NONE',  ( 25.00000000000000000, 5.000000000000000000, 60.00000000000000000 ) ) ;
#660 = AXIS2_PLACEMENT_3D ( 'NONE', #1368, #3348, #154 ) ;
#661 = CARTESIAN_POINT ( 'NONE',  ( 10.22422347312511448, 67.86195894849585386, 24.57418916398781406 ) ) ;
#662 = ORIENTED_EDGE ( 'NONE', *, *, #554, .T. ) ;
#663 = EDGE_CURVE ( 'NONE', #921, #2453, #1304, .T. ) ;
#664 = CARTESIAN_POINT ( 'NONE',  ( 11.63671743245978263, 74.92241532191846431, 72.93165784034584931 ) ) ;
#665 = CARTESIAN_POINT ( 'NONE',  ( -30.50000000000000000, 40.00000000000000000, 65.00000000000000000 ) ) ;
#666 = CARTESIAN_POINT ( 'NONE',  ( 13.61899375359703868, 65.62781364686010477, 18.27772721403610845 ) ) ;
#667 = CIRCLE ( 'NONE', #1937, 17.49999999999999645 ) ;
#668 = DIRECTION ( 'NONE',  ( 0.000000000000000000, 1.000000000000000000, 0.000000000000000000 ) ) ;
#669 = CIRCLE ( 'NONE', #806, 12.00000000000000178 ) ;
#670 = ORIENTED_EDGE ( 'NONE', *, *, #3399, .F. ) ;
#671 = ORIENTED_EDGE ( 'NONE', *, *, #2347, .F. ) ;
#672 = DIRECTION ( 'NONE',  ( -0.000000000000000000, -0.000000000000000000, 1.000000000000000000 ) ) ;
#673 = AXIS2_PLACEMENT_3D ( 'NONE', #202, #4004, #141 ) ;
#674 = FACE_BOUND ( 'NONE', #2097, .T. ) ;
#675 = DIRECTION ( 'NONE',  ( -2.915825712255602780E-16, 1.000000000000000000, 0.000000000000000000 ) ) ;
#676 = FACE_OUTER_BOUND ( 'NONE', #1185, .T. ) ;
#677 = DIRECTION ( 'NONE',  ( -1.000000000000000000, 0.000000000000000000, 0.000000000000000000 ) ) ;
#678 = ORIENTED_EDGE ( 'NONE', *, *, #4103, .F. ) ;
#679 = ORIENTED_EDGE ( 'NONE', *, *, #2828, .T. ) ;
#680 = DIRECTION ( 'NONE',  ( -0.000000000000000000, 1.242141978321335985E-16, -1.000000000000000000 ) ) ;
#681 = CARTESIAN_POINT ( 'NONE',  ( -36.00000000000000711, 3.000000000000000888, 10.00000000000002132 ) ) ;
#682 = CARTESIAN_POINT ( 'NONE',  ( 6.502733960068206365, 66.76255792561639169, 27.44784333927007935 ) ) ;
#683 = ORIENTED_EDGE ( 'NONE', *, *, #2172, .T. ) ;
#684 = DIRECTION ( 'NONE',  ( -1.000000000000000000, -2.915825712255602780E-16, 0.000000000000000000 ) ) ;
#685 = CARTESIAN_POINT ( 'NONE',  ( -2.312249789818692165E-14, 60.99999999999998579, 15.00000000000000000 ) ) ;
#686 = CARTESIAN_POINT ( 'NONE',  ( -45.99999999999999289, 0.000000000000000000, 10.00000000000000178 ) ) ;
#687 = CARTESIAN_POINT ( 'NONE',  ( -14.00000000000000355, 4.998000000000002885, 0.000000000000000000 ) ) ;
#688 = ADVANCED_FACE ( 'NONE', ( #298 ), #2854, .F. ) ;
#689 = VERTEX_POINT ( 'NONE', #3871 ) ;
#690 = EDGE_CURVE ( 'NONE', #2138, #567, #737, .T. ) ;
#691 = DIRECTION ( 'NONE',  ( -0.000000000000000000, -1.000000000000000000, 0.000000000000000000 ) ) ;
#692 = CARTESIAN_POINT ( 'NONE',  ( -1.797435205761400923, 57.40752052768088021, 80.88678537288954828 ) ) ;
#693 = CARTESIAN_POINT ( 'NONE',  ( -14.16498173832479601, 73.00407338170820992, 82.62045917792792693 ) ) ;
#694 = CARTESIAN_POINT ( 'NONE',  ( -12.24471688775840228, 73.98214223735261896, 72.83398228112953632 ) ) ;
#695 = EDGE_LOOP ( 'NONE', ( #884, #3887, #2747, #2586, #842, #4110, #1426, #2807, #1899, #2706, #1993, #796, #678 ) ) ;
#696 = ORIENTED_EDGE ( 'NONE', *, *, #1310, .T. ) ;
#697 = CARTESIAN_POINT ( 'NONE',  ( -2.312249789818692481E-14, 72.99999999999998579, 15.00000000000000000 ) ) ;
#698 = FACE_OUTER_BOUND ( 'NONE', #1247, .T. ) ;
#699 = CARTESIAN_POINT ( 'NONE',  ( 7.742656102795884010, 66.40175813153614115, 29.71298928596136690 ) ) ;
#700 = ORIENTED_EDGE ( 'NONE', *, *, #2511, .F. ) ;
#701 = EDGE_CURVE ( 'NONE', #1648, #3909, #3992, .T. ) ;
#702 = CARTESIAN_POINT ( 'NONE',  ( -14.00000000000002309, 74.29289321877456587, 14.14530775117559536 ) ) ;
#703 = LINE ( 'NONE', #1680, #215 ) ;
#704 = CARTESIAN_POINT ( 'NONE',  ( 12.39902543155343295, 73.50173401901810166, 72.63190249495720252 ) ) ;
#705 = CARTESIAN_POINT ( 'NONE',  ( 8.581486651985386516, 68.66820659947272532, 26.07059555341279378 ) ) ;
#706 = CIRCLE ( 'NONE', #1233, 12.00000000000000178 ) ;
#707 = CIRCLE ( 'NONE', #1912, 35.00000000000000000 ) ;
#708 = DIRECTION ( 'NONE',  ( -1.000000000000000000, 0.000000000000000000, -0.000000000000000000 ) ) ;
#709 = ORIENTED_EDGE ( 'NONE', *, *, #10, .F. ) ;
#710 = EDGE_CURVE ( 'NONE', #3663, #1340, #904, .T. ) ;
#711 = EDGE_CURVE ( 'NONE', #187, #1031, #541, .T. ) ;
#712 = DIRECTION ( 'NONE',  ( -1.387778780781443901E-15, 1.000000000000000000, -0.000000000000000000 ) ) ;
#713 = CARTESIAN_POINT ( 'NONE',  ( -1.591077374837906788, 57.42767270207327357, 81.21882212709968485 ) ) ;
#714 = DIRECTION ( 'NONE',  ( 0.000000000000000000, 0.000000000000000000, -1.000000000000000000 ) ) ;
#715 = DIRECTION ( 'NONE',  ( 0.000000000000000000, 0.000000000000000000, 1.000000000000000000 ) ) ;
#716 = ADVANCED_FACE ( 'NONE', ( #2980 ), #561, .F. ) ;
#717 = EDGE_LOOP ( 'NONE', ( #105, #2766, #3239, #3276 ) ) ;
#718 = ORIENTED_EDGE ( 'NONE', *, *, #3855, .F. ) ;
#719 = DIRECTION ( 'NONE',  ( -0.000000000000000000, -0.000000000000000000, -1.000000000000000000 ) ) ;
#720 = CARTESIAN_POINT ( 'NONE',  ( -25.00000000000000000, 5.000000000000000000, 60.00000000000000000 ) ) ;
#721 = CARTESIAN_POINT ( 'NONE',  ( -3.250421229355235031, 70.24864291690228413, 28.62534917708622118 ) ) ;
#722 = ORIENTED_EDGE ( 'NONE', *, *, #919, .F. ) ;
#723 = CARTESIAN_POINT ( 'NONE',  ( 11.31900753380358893, 74.97389023646680073, 72.42447752280421014 ) ) ;
#724 = CARTESIAN_POINT ( 'NONE',  ( -1.041918998621864878, 59.97374465378592134, 11.76505597301641792 ) ) ;
#725 = AXIS2_PLACEMENT_3D ( 'NONE', #2670, #3043, #1367 ) ;
#726 = CARTESIAN_POINT ( 'NONE',  ( 35.99999999999999289, 3.000000000000000888, 42.49999999999999289 ) ) ;
#727 = CARTESIAN_POINT ( 'NONE',  ( 9.270543133683267101, 68.35010206061738813, 25.50033471237772531 ) ) ;
#728 = EDGE_CURVE ( 'NONE', #643, #3325, #703, .T. ) ;
#729 = EDGE_CURVE ( 'NONE', #2836, #2646, #954, .T. ) ;
#730 = DIRECTION ( 'NONE',  ( -2.915825712255602780E-16, 1.000000000000000000, 0.000000000000000000 ) ) ;
#731 = EDGE_CURVE ( 'NONE', #3920, #2947, #411, .T. ) ;
#732 = VERTEX_POINT ( 'NONE', #3655 ) ;
#733 = CARTESIAN_POINT ( 'NONE',  ( 1.947470225804509125, 57.39159035383961083, 80.52464684236518622 ) ) ;
#734 = AXIS2_PLACEMENT_3D ( 'NONE', #1950, #3215, #2994 ) ;
#735 = CARTESIAN_POINT ( 'NONE',  ( -25.00000000000000000, 5.000000000000000000, 60.00000000000000000 ) ) ;
#736 = CARTESIAN_POINT ( 'NONE',  ( 35.99999999999999289, -6.071532165918824830E-15, 27.50000000000000355 ) ) ;
#737 = LINE ( 'NONE', #2894, #1836 ) ;
#738 = ORIENTED_EDGE ( 'NONE', *, *, #3193, .F. ) ;
#739 = ORIENTED_EDGE ( 'NONE', *, *, #3591, .F. ) ;
#740 = VECTOR ( 'NONE', #3805, 1000.000000000000000 ) ;
#741 = DIRECTION ( 'NONE',  ( -2.915825712255602287E-16, 1.000000000000000000, -0.000000000000000000 ) ) ;
#742 = CYLINDRICAL_SURFACE ( 'NONE', #660, 17.49999999999999645 ) ;
#743 = CARTESIAN_POINT ( 'NONE',  ( 9.378539188377670754, 65.85456820114553977, 28.45753406593286527 ) ) ;
#744 = EDGE_CURVE ( 'NONE', #2235, #1825, #116, .T. ) ;
#745 = ORIENTED_EDGE ( 'NONE', *, *, #433, .F. ) ;
#746 = EDGE_CURVE ( 'NONE', #176, #3751, #917, .T. ) ;
#747 = CARTESIAN_POINT ( 'NONE',  ( 13.99999999999997513, 72.13650709984780462, 13.40036240720198712 ) ) ;
#748 = CARTESIAN_POINT ( 'NONE',  ( -2.909425555096344596, 59.78737195356816869, 13.96208600895714014 ) ) ;
#749 = CARTESIAN_POINT ( 'NONE',  ( -35.99999999999997868, 12.00000000000000000, 30.00000000000001066 ) ) ;
#750 = CARTESIAN_POINT ( 'NONE',  ( -10.54499203430710352, 67.69428205555469447, 24.25132818161118209 ) ) ;
#751 = EDGE_CURVE ( 'NONE', #1385, #3004, #1814, .T. ) ;
#752 = DIRECTION ( 'NONE',  ( -2.915825712255602780E-16, 1.000000000000000000, 0.000000000000000000 ) ) ;
#753 = VECTOR ( 'NONE', #1139, 1000.000000000000000 ) ;
#754 = CARTESIAN_POINT ( 'NONE',  ( 4.637437152159392895, 74.82971478294513190, 66.36175573338215372 ) ) ;
#755 = ORIENTED_EDGE ( 'NONE', *, *, #472, .F. ) ;
#756 = DIRECTION ( 'NONE',  ( 0.000000000000000000, 0.000000000000000000, 1.000000000000000000 ) ) ;
#757 = DIRECTION ( 'NONE',  ( 0.000000000000000000, 0.000000000000000000, -1.000000000000000000 ) ) ;
#758 = CARTESIAN_POINT ( 'NONE',  ( -1.897752328359370466, 57.39686984318579732, 80.64474624208902753 ) ) ;
#759 = CARTESIAN_POINT ( 'NONE',  ( -4.607132498085102057, 74.70163846825070664, 65.93144190193959275 ) ) ;
#760 = ORIENTED_EDGE ( 'NONE', *, *, #876, .T. ) ;
#761 = ORIENTED_EDGE ( 'NONE', *, *, #1049, .T. ) ;
#762 = CLOSED_SHELL ( 'NONE', ( #443, #1760, #2087, #2007, #33, #3434, #3070, #1496, #870, #4030, #2220, #3720, #1597, #2123, #3680, #3718, #3147, #1962, #2349, #304, #1204, #688, #1902, #3291, #1389, #1152, #1158, #16, #476, #3605, #1332, #581, #2309, #3414, #3762, #1621, #1328, #2523, #4139, #2826, #1601, #486, #2929, #3894, #3507, #151, #3861, #2636, #1305, #3130, #3877, #716, #3964, #2786, #2843, #2496, #2804, #2692, #275, #2272, #422, #3084, #3102, #2134, #1657, #276, #2361, #2485, #3240, #2764, #3233, #1345, #279, #3127, #851, #1510, #1449, #1640, #3220, #181, #2255, #3729, #616, #266, #1300, #2702, #3982, #1129, #3880, #3823, #2649, #649, #920, #1481, #600, #1424, #3163, #1301, #3400, #2061, #3376, #2948, #1140, #2076, #4141, #2073, #1736 ) ) ;
#763 = VECTOR ( 'NONE', #1150, 1000.000000000000000 ) ;
#764 = CARTESIAN_POINT ( 'NONE',  ( 11.33796680513942512, 71.99999999999998579, 83.93071351354380738 ) ) ;
#765 = DIRECTION ( 'NONE',  ( -0.000000000000000000, 1.000000000000000000, -0.000000000000000000 ) ) ;
#766 = EDGE_CURVE ( 'NONE', #2137, #4058, #4039, .T. ) ;
#767 = ORIENTED_EDGE ( 'NONE', *, *, #165, .T. ) ;
#768 = EDGE_CURVE ( 'NONE', #814, #66, #3844, .T. ) ;
#769 = DIRECTION ( 'NONE',  ( -1.000000000000000000, 0.000000000000000000, 0.000000000000000000 ) ) ;
#770 = CARTESIAN_POINT ( 'NONE',  ( 0.000000000000000000, 39.99999999999999289, 35.00000000000000000 ) ) ;
#771 = CARTESIAN_POINT ( 'NONE',  ( -12.00000000000003020, 72.99999999999998579, 80.00000000000000000 ) ) ;
#772 = CARTESIAN_POINT ( 'NONE',  ( -25.00000000000000000, 5.000000000000000000, 60.00000000000000000 ) ) ;
#773 = CARTESIAN_POINT ( 'NONE',  ( -12.23208879818102979, 72.80865035872795943, 69.36196009917826188 ) ) ;
#774 = DIRECTION ( 'NONE',  ( 0.000000000000000000, 1.000000000000000000, 8.673617379884034239E-17 ) ) ;
#775 = CARTESIAN_POINT ( 'NONE',  ( 13.99999999999997868, 65.32291452420119526, 15.00000000000000000 ) ) ;
#776 = CARTESIAN_POINT ( 'NONE',  ( -35.99999999999997868, -6.071532165918824830E-15, 30.00000000000001066 ) ) ;
#777 = CARTESIAN_POINT ( 'NONE',  ( 10.99999999999996980, 74.99999999999998579, 10.20416847668725602 ) ) ;
#778 = AXIS2_PLACEMENT_3D ( 'NONE', #2561, #944, #630 ) ;
#779 = ORIENTED_EDGE ( 'NONE', *, *, #4001, .T. ) ;
#780 = AXIS2_PLACEMENT_3D ( 'NONE', #2103, #1778, #2693 ) ;
#781 = ORIENTED_EDGE ( 'NONE', *, *, #3016, .F. ) ;
#782 = EDGE_CURVE ( 'NONE', #1503, #907, #2890, .T. ) ;
#783 = EDGE_CURVE ( 'NONE', #2548, #2453, #1661, .T. ) ;
#784 = FACE_OUTER_BOUND ( 'NONE', #4099, .T. ) ;
#785 = DIRECTION ( 'NONE',  ( -0.000000000000000000, 1.242141978321335985E-16, -1.000000000000000000 ) ) ;
#786 = FACE_OUTER_BOUND ( 'NONE', #1952, .T. ) ;
#787 = ORIENTED_EDGE ( 'NONE', *, *, #690, .T. ) ;
#788 = LINE ( 'NONE', #113, #2669 ) ;
#789 = DIRECTION ( 'NONE',  ( -0.000000000000000000, -1.000000000000000000, 0.000000000000000000 ) ) ;
#790 = LINE ( 'NONE', #3393, #2289 ) ;
#791 = CIRCLE ( 'NONE', #118, 5.099999999999993427 ) ;
#792 = CARTESIAN_POINT ( 'NONE',  ( -2.249792803062177492E-14, 60.99999999999998579, 9.900000000000003908 ) ) ;
#793 = CARTESIAN_POINT ( 'NONE',  ( 12.95120517122551895, 73.36118646775216234, 73.74801926378124506 ) ) ;
#794 = CARTESIAN_POINT ( 'NONE',  ( 4.356241855385978745, 74.85108193271159394, 66.29355950476029591 ) ) ;
#795 = AXIS2_PLACEMENT_3D ( 'NONE', #3876, #1675, #3836 ) ;
#796 = ORIENTED_EDGE ( 'NONE', *, *, #2036, .T. ) ;
#797 = CARTESIAN_POINT ( 'NONE',  ( 9.218127244519866537, 75.00000000000000000, 71.96244060300344358 ) ) ;
#798 = VERTEX_POINT ( 'NONE', #2050 ) ;
#799 = ORIENTED_EDGE ( 'NONE', *, *, #826, .T. ) ;
#800 = LINE ( 'NONE', #2081, #2338 ) ;
#801 = CARTESIAN_POINT ( 'NONE',  ( -17.00000000000002132, 65.32291452420118105, 0.000000000000000000 ) ) ;
#802 = CARTESIAN_POINT ( 'NONE',  ( 11.14556816245731774, 74.99999999999997158, 72.18022128657234759 ) ) ;
#803 = ORIENTED_EDGE ( 'NONE', *, *, #2664, .T. ) ;
#804 = ORIENTED_EDGE ( 'NONE', *, *, #142, .T. ) ;
#805 = DIRECTION ( 'NONE',  ( -0.000000000000000000, 1.242141978321335985E-16, -1.000000000000000000 ) ) ;
#806 = AXIS2_PLACEMENT_3D ( 'NONE', #2230, #983, #4133 ) ;
#807 = CARTESIAN_POINT ( 'NONE',  ( -3.512320706197507025, 74.99999999999997158, 66.92854469259505379 ) ) ;
#808 = CARTESIAN_POINT ( 'NONE',  ( 4.976111303826108667, 67.04725082956885274, 31.08189762055361172 ) ) ;
#809 = CARTESIAN_POINT ( 'NONE',  ( 0.000000000000000000, 39.99999999999999289, 35.00000000000000000 ) ) ;
#810 = CARTESIAN_POINT ( 'NONE',  ( -1.229270346356929444, 57.45775353160883725, 78.40095889433291632 ) ) ;
#811 = CARTESIAN_POINT ( 'NONE',  ( -7.649180402650959110, 74.49455112233781051, 67.54842476589168143 ) ) ;
#812 = CARTESIAN_POINT ( 'NONE',  ( -12.10492494868173630, 73.57881445649066166, 72.06700190957910479 ) ) ;
#813 = CARTESIAN_POINT ( 'NONE',  ( 13.23521910225319864, 65.92297418581185298, 19.58717658168684395 ) ) ;
#814 = VERTEX_POINT ( 'NONE', #3945 ) ;
#815 = CARTESIAN_POINT ( 'NONE',  ( 7.677095213029206278, 74.99999999999998579, 69.90368186623744862 ) ) ;
#816 = ORIENTED_EDGE ( 'NONE', *, *, #3245, .F. ) ;
#817 = EDGE_LOOP ( 'NONE', ( #3351, #3430, #3345, #229, #593, #1108, #683, #2118, #1554, #2877, #3340, #3811, #2914, #169, #655, #1992, #59, #2009, #1164, #3833, #862, #300, #2310 ) ) ;
#818 = CARTESIAN_POINT ( 'NONE',  ( 11.31375201894610072, 73.13418067118823274, 70.17426099541047790 ) ) ;
#819 = CARTESIAN_POINT ( 'NONE',  ( 18.50000000000000355, 39.99999999999998579, 95.00000000000000000 ) ) ;
#820 = CARTESIAN_POINT ( 'NONE',  ( 35.99999999999999289, 3.000000000000000888, 9.999999999999998224 ) ) ;
#821 = ORIENTED_EDGE ( 'NONE', *, *, #3838, .F. ) ;
#822 = VERTEX_POINT ( 'NONE', #1706 ) ;
#823 = DIRECTION ( 'NONE',  ( 1.000000000000000000, 0.000000000000000000, 0.000000000000000000 ) ) ;
#824 = CARTESIAN_POINT ( 'NONE',  ( -5.542939075238428437, 75.00000000000000000, 68.05365310090977005 ) ) ;
#825 = CARTESIAN_POINT ( 'NONE',  ( -14.79697329873987677, 71.72055611759597582, 74.25318008963333227 ) ) ;
#826 = EDGE_CURVE ( 'NONE', #3788, #3947, #3985, .T. ) ;
#827 = FACE_OUTER_BOUND ( 'NONE', #3614, .T. ) ;
#828 = DIRECTION ( 'NONE',  ( 0.000000000000000000, 0.000000000000000000, 1.000000000000000000 ) ) ;
#829 = CARTESIAN_POINT ( 'NONE',  ( -7.680387376942318767, 74.99999999999998579, 69.90726622641626875 ) ) ;
#830 = CARTESIAN_POINT ( 'NONE',  ( 3.480396923527043995, 74.99999999999998579, 66.92391847485140488 ) ) ;
#831 = B_SPLINE_CURVE_WITH_KNOTS ( 'NONE', 3,
 ( #704, #3961, #3942, #2305, #1000, #1311, #74, #2617 ),
 .UNSPECIFIED., .F., .F.,
 ( 4, 2, 2, 4 ),
 ( 2.860979249076398407E-17, 0.003810220337475084783, 0.005715330506212633679, 0.007620440674950181709 ),
 .UNSPECIFIED. ) ;
#832 = FACE_OUTER_BOUND ( 'NONE', #817, .T. ) ;
#833 = ORIENTED_EDGE ( 'NONE', *, *, #1755, .F. ) ;
#834 = EDGE_LOOP ( 'NONE', ( #970, #1226, #236, #3365, #2217 ) ) ;
#835 = EDGE_CURVE ( 'NONE', #498, #2613, #2740, .T. ) ;
#836 = EDGE_CURVE ( 'NONE', #907, #3180, #3021, .T. ) ;
#837 = CARTESIAN_POINT ( 'NONE',  ( 2.655999383924375845, 74.90536841457037553, 65.74286325082523774 ) ) ;
#838 = AXIS2_PLACEMENT_3D ( 'NONE', #2889, #2228, #2271 ) ;
#839 = CARTESIAN_POINT ( 'NONE',  ( 2.082397670911078080, 59.89176168220993191, 17.51127836919249248 ) ) ;
#840 = CARTESIAN_POINT ( 'NONE',  ( -14.15521959005934427, 73.03280764515145052, 78.70894145575103096 ) ) ;
#841 = EDGE_LOOP ( 'NONE', ( #615, #3059, #1780, #2825, #679, #1378 ) ) ;
#842 = ORIENTED_EDGE ( 'NONE', *, *, #248, .T. ) ;
#843 = CARTESIAN_POINT ( 'NONE',  ( 15.65789473684207245, 71.30224165151713578, 80.00000000000000000 ) ) ;
#844 = CARTESIAN_POINT ( 'NONE',  ( -15.32786885245904251, 62.83213604641090200, 0.000000000000000000 ) ) ;
#845 = CARTESIAN_POINT ( 'NONE',  ( 0.000000000000000000, 40.00000000000000000, 95.00000000000000000 ) ) ;
#846 = CARTESIAN_POINT ( 'NONE',  ( 9.667173637065381797, 65.74796491981837221, 28.20401494941508247 ) ) ;
#847 = CARTESIAN_POINT ( 'NONE',  ( 4.638754558189220140E-21, 60.00000000000000711, 11.56427948235048930 ) ) ;
#848 = CARTESIAN_POINT ( 'NONE',  ( 13.63033422482125268, 72.23684210526313620, 71.63339973465939181 ) ) ;
#849 = CARTESIAN_POINT ( 'NONE',  ( -0.2612266163271972919, 57.49999999999998579, 78.00000000000000000 ) ) ;
#850 = CARTESIAN_POINT ( 'NONE',  ( 10.12103081898130519, 74.99999999999998579, 73.55292817154717966 ) ) ;
#851 = ADVANCED_FACE ( 'NONE', ( #4008 ), #3741, .T. ) ;
#852 = EDGE_CURVE ( 'NONE', #3003, #3954, #175, .T. ) ;
#853 = CARTESIAN_POINT ( 'NONE',  ( 35.99999999999999289, -6.071532165918824830E-15, 9.999999999999998224 ) ) ;
#854 = AXIS2_PLACEMENT_3D ( 'NONE', #259, #1528, #3501 ) ;
#855 = ORIENTED_EDGE ( 'NONE', *, *, #3567, .F. ) ;
#856 = ORIENTED_EDGE ( 'NONE', *, *, #1770, .T. ) ;
#857 = CARTESIAN_POINT ( 'NONE',  ( 1.365004339755024443, 74.99006768256437283, 65.93389599321086791 ) ) ;
#858 = CARTESIAN_POINT ( 'NONE',  ( 0.4272951804784185237, 59.99649551138152503, 18.40973426164462978 ) ) ;
#859 = CARTESIAN_POINT ( 'NONE',  ( 12.23213975909440876, 72.80862993445657594, 69.36203132329083587 ) ) ;
#860 = DIRECTION ( 'NONE',  ( -0.000000000000000000, -0.000000000000000000, -1.000000000000000000 ) ) ;
#861 = ORIENTED_EDGE ( 'NONE', *, *, #1437, .F. ) ;
#862 = ORIENTED_EDGE ( 'NONE', *, *, #3591, .T. ) ;
#863 = CARTESIAN_POINT ( 'NONE',  ( -25.00000000000000000, 5.000000000000000000, 60.00000000000000000 ) ) ;
#864 = CONICAL_SURFACE ( 'NONE', #3699, 5.099999999999993427, 1.029744258676653201 ) ;
#865 = DIRECTION ( 'NONE',  ( -2.915825712255602780E-16, 1.000000000000000000, 0.000000000000000000 ) ) ;
#866 = CARTESIAN_POINT ( 'NONE',  ( -13.61082024951581992, 74.64364428373718852, 81.36995476569913421 ) ) ;
#867 = CARTESIAN_POINT ( 'NONE',  ( 15.32786885245899633, 62.83213604641093042, 14.99999999999999822 ) ) ;
#868 = EDGE_CURVE ( 'NONE', #2837, #2593, #3437, .T. ) ;
#869 = CARTESIAN_POINT ( 'NONE',  ( -12.55389046491324478, 66.42196154634825689, 21.26347343209008400 ) ) ;
#870 = ADVANCED_FACE ( 'NONE', ( #786 ), #2459, .F. ) ;
#871 = VECTOR ( 'NONE', #1745, 1000.000000000000000 ) ;
#872 = DIRECTION ( 'NONE',  ( -1.000000000000000000, 0.000000000000000000, 0.000000000000000000 ) ) ;
#873 = DIRECTION ( 'NONE',  ( 1.000000000000000000, 0.000000000000000000, 0.000000000000000000 ) ) ;
#874 = CARTESIAN_POINT ( 'NONE',  ( -3.993451871644588369, 74.99999999999998579, 67.11221681721656296 ) ) ;
#875 = CARTESIAN_POINT ( 'NONE',  ( -9.999402276158122049, 72.00346803803616069, 73.63040525525535429 ) ) ;
#876 = EDGE_CURVE ( 'NONE', #2593, #2837, #1678, .T. ) ;
#877 = CARTESIAN_POINT ( 'NONE',  ( 0.000000000000000000, 44.00000000000000000, 9.999999999999994671 ) ) ;
#878 = ORIENTED_EDGE ( 'NONE', *, *, #1918, .T. ) ;
#879 = DIRECTION ( 'NONE',  ( 0.000000000000000000, 1.000000000000000000, -0.000000000000000000 ) ) ;
#880 = CARTESIAN_POINT ( 'NONE',  ( 0.2144995012385303712, 59.99999999999999289, 11.56427948235048753 ) ) ;
#881 = FACE_OUTER_BOUND ( 'NONE', #427, .T. ) ;
#882 = CYLINDRICAL_SURFACE ( 'NONE', #3460, 10.00000000000000178 ) ;
#883 = ORIENTED_EDGE ( 'NONE', *, *, #690, .F. ) ;
#884 = ORIENTED_EDGE ( 'NONE', *, *, #3548, .F. ) ;
#885 = DIRECTION ( 'NONE',  ( -2.915825712255602780E-16, 1.000000000000000000, 0.000000000000000000 ) ) ;
#886 = DIRECTION ( 'NONE',  ( -0.000000000000000000, 1.000000000000000000, -0.000000000000000000 ) ) ;
#887 = CARTESIAN_POINT ( 'NONE',  ( -7.753042850963863586, 66.39860919002559569, 29.70599227306226453 ) ) ;
#888 = EDGE_CURVE ( 'NONE', #2672, #3853, #1408, .T. ) ;
#889 = CIRCLE ( 'NONE', #1822, 2.499999999999995115 ) ;
#890 = CARTESIAN_POINT ( 'NONE',  ( 0.000000000000000000, 40.00000000000000000, 95.00000000000000000 ) ) ;
#891 = DIRECTION ( 'NONE',  ( 0.000000000000000000, 1.000000000000000000, -0.000000000000000000 ) ) ;
#892 = CARTESIAN_POINT ( 'NONE',  ( 45.99999999999999289, 0.000000000000000000, 10.00000000000000178 ) ) ;
#893 = EDGE_CURVE ( 'NONE', #3380, #929, #40, .T. ) ;
#894 = CARTESIAN_POINT ( 'NONE',  ( 0.000000000000000000, 40.00000000000000000, 95.00000000000000000 ) ) ;
#895 = DIRECTION ( 'NONE',  ( 0.000000000000000000, 1.000000000000000000, 0.000000000000000000 ) ) ;
#896 = VERTEX_POINT ( 'NONE', #1147 ) ;
#897 = ORIENTED_EDGE ( 'NONE', *, *, #2401, .F. ) ;
#898 = PLANE ( 'NONE',  #925 ) ;
#899 = CARTESIAN_POINT ( 'NONE',  ( 1.595467894039560131, 59.93694502645476518, 12.06870153998678852 ) ) ;
#900 = CARTESIAN_POINT ( 'NONE',  ( -1.020538999289460830E-14, 74.99999999999998579, 66.00000000000000000 ) ) ;
#901 = CARTESIAN_POINT ( 'NONE',  ( -4.258282827571025386, 67.17311876288775352, 31.34136185285267473 ) ) ;
#902 = PLANE ( 'NONE',  #1617 ) ;
#903 = AXIS2_PLACEMENT_3D ( 'NONE', #1743, #2755, #4042 ) ;
#904 = CIRCLE ( 'NONE', #3306, 18.50000000000000355 ) ;
#905 = EDGE_CURVE ( 'NONE', #2836, #2052, #1128, .T. ) ;
#906 = EDGE_LOOP ( 'NONE', ( #738, #89, #2396 ) ) ;
#907 = VERTEX_POINT ( 'NONE', #3693 ) ;
#908 = EDGE_CURVE ( 'NONE', #3131, #4052, #241, .T. ) ;
#909 = CARTESIAN_POINT ( 'NONE',  ( -11.94220619767093083, 73.62088422250933206, 71.79359148723308692 ) ) ;
#910 = DIRECTION ( 'NONE',  ( -0.4366218941019558986, -1.346328565522605549E-15, -0.8996451086905438155 ) ) ;
#911 = CARTESIAN_POINT ( 'NONE',  ( -11.09704332797390514, 67.36460037021616643, 23.54729139149145212 ) ) ;
#912 = AXIS2_PLACEMENT_3D ( 'NONE', #1099, #60, #1360 ) ;
#913 = AXIS2_PLACEMENT_3D ( 'NONE', #3472, #1563, #1543 ) ;
#914 = DIRECTION ( 'NONE',  ( -0.000000000000000000, 1.000000000000000000, -0.000000000000000000 ) ) ;
#915 = DIRECTION ( 'NONE',  ( 0.000000000000000000, 0.000000000000000000, -1.000000000000000000 ) ) ;
#916 = CARTESIAN_POINT ( 'NONE',  ( 13.83826477717352255, 73.12232670457690631, 76.77139335244454799 ) ) ;
#917 = B_SPLINE_CURVE_WITH_KNOTS ( 'NONE', 3,
 ( #2002, #3616, #3979, #1093, #724, #2344, #2950, #3293, #2388, #2968, #92, #3960, #1372, #748, #2023, #3313, #2989, #3677, #3354, #430, #1699, #114, #2067, #1636, #1075, #2925, #1749, #2028, #458, #3339, #3055, #2072, #2975, #145 ),
 .UNSPECIFIED., .F., .F.,
 ( 4, 2, 2, 2, 2, 2, 2, 2, 2, 2, 2, 2, 2, 2, 2, 2, 4 ),
 ( 0.01696504914319748106, 0.01759835958526416444, 0.01823167002733085129, 0.01886498046939753467, 0.01949829091146422153, 0.02013160135353090491, 0.02076491179559759176, 0.02139822223766427514, 0.02203153267973095852, 0.02266484312179763844, 0.02329815356386432529, 0.02393146400593101214, 0.02456477444799769552, 0.02519808489006437890, 0.02583139533213106229, 0.02646470577419774567, 0.02709801621626442905 ),
 .UNSPECIFIED. ) ;
#918 = FACE_OUTER_BOUND ( 'NONE', #2599, .T. ) ;
#919 = EDGE_CURVE ( 'NONE', #1466, #3975, #2039, .T. ) ;
#920 = ADVANCED_FACE ( 'NONE', ( #3045 ), #3407, .F. ) ;
#921 = VERTEX_POINT ( 'NONE', #2751 ) ;
#922 = CARTESIAN_POINT ( 'NONE',  ( -13.81756455373315085, 73.22147316893585867, 76.85352404690974026 ) ) ;
#923 = DIRECTION ( 'NONE',  ( 0.000000000000000000, -1.000000000000000000, 0.000000000000000000 ) ) ;
#924 = VECTOR ( 'NONE', #2323, 1000.000000000000000 ) ;
#925 = AXIS2_PLACEMENT_3D ( 'NONE', #2179, #1864, #3829 ) ;
#926 = CARTESIAN_POINT ( 'NONE',  ( 3.080107637362715623E-13, 60.00000000000044054, 18.43572051765282183 ) ) ;
#927 = DIRECTION ( 'NONE',  ( 0.000000000000000000, 0.000000000000000000, -1.000000000000000000 ) ) ;
#928 = DIRECTION ( 'NONE',  ( -0.000000000000000000, 1.000000000000000000, -0.000000000000000000 ) ) ;
#929 = VERTEX_POINT ( 'NONE', #3732 ) ;
#930 = ORIENTED_EDGE ( 'NONE', *, *, #1900, .T. ) ;
#931 = AXIS2_PLACEMENT_3D ( 'NONE', #2425, #785, #133 ) ;
#932 = CARTESIAN_POINT ( 'NONE',  ( -10.93510347470354738, 73.87275553757996249, 70.32495513194972148 ) ) ;
#933 = CARTESIAN_POINT ( 'NONE',  ( 2.064859050449499613E-15, 57.49999999999998579, 82.00000000000000000 ) ) ;
#934 = AXIS2_PLACEMENT_3D ( 'NONE', #2912, #2565, #1604 ) ;
#935 = AXIS2_PLACEMENT_3D ( 'NONE', #1961, #3225, #30 ) ;
#936 = CARTESIAN_POINT ( 'NONE',  ( -35.99999999999999289, 0.000000000000000000, 0.000000000000000000 ) ) ;
#937 = DIRECTION ( 'NONE',  ( -1.000000000000000000, 0.000000000000000000, 0.000000000000000000 ) ) ;
#938 = CYLINDRICAL_SURFACE ( 'NONE', #626, 12.00000000000000178 ) ;
#939 = DIRECTION ( 'NONE',  ( 0.000000000000000000, 0.000000000000000000, 1.000000000000000000 ) ) ;
#940 = FACE_BOUND ( 'NONE', #445, .T. ) ;
#941 = CIRCLE ( 'NONE', #4032, 7.500000000000000000 ) ;
#942 = ORIENTED_EDGE ( 'NONE', *, *, #729, .F. ) ;
#943 = ORIENTED_EDGE ( 'NONE', *, *, #2526, .F. ) ;
#944 = DIRECTION ( 'NONE',  ( -0.000000000000000000, 0.000000000000000000, 1.000000000000000000 ) ) ;
#945 = DIRECTION ( 'NONE',  ( -1.000000000000000000, 0.000000000000000000, 0.000000000000000000 ) ) ;
#946 = DIRECTION ( 'NONE',  ( -1.000000000000000000, -2.915825712255602287E-16, 0.000000000000000000 ) ) ;
#947 = LINE ( 'NONE', #633, #4148 ) ;
#948 = CARTESIAN_POINT ( 'NONE',  ( 10.99999999999997513, 74.99999999999998579, 14.99999999999999289 ) ) ;
#949 = VERTEX_POINT ( 'NONE', #4038 ) ;
#950 = ORIENTED_EDGE ( 'NONE', *, *, #997, .T. ) ;
#951 = CARTESIAN_POINT ( 'NONE',  ( -0.2329598771760329756, 74.99963575891099765, 65.98216050510379205 ) ) ;
#952 = PRODUCT_DEFINITION_CONTEXT ( 'detailed design', #3932, 'design' ) ;
#953 = CARTESIAN_POINT ( 'NONE',  ( -14.00000000000002309, 72.17157287525378706, 15.00000000000000000 ) ) ;
#954 = CIRCLE ( 'NONE', #1080, 20.00000000000001066 ) ;
#955 = CARTESIAN_POINT ( 'NONE',  ( -10.50754745374177546, 65.41619082915624972, 27.38881116958319595 ) ) ;
#956 = DIRECTION ( 'NONE',  ( -1.000000000000000000, 0.000000000000000000, 0.000000000000000000 ) ) ;
#957 = CARTESIAN_POINT ( 'NONE',  ( 35.00000000000000000, 40.00000000000000711, 95.00000000000000000 ) ) ;
#958 = CARTESIAN_POINT ( 'NONE',  ( 11.31043918011862459, 72.08032435437004892, 80.00000000000000000 ) ) ;
#959 = EDGE_CURVE ( 'NONE', #3371, #2548, #3527, .T. ) ;
#960 = DIRECTION ( 'NONE',  ( 1.000000000000000000, -2.775557561562890404E-14, -5.782411586589355667E-16 ) ) ;
#961 = VECTOR ( 'NONE', #1244, 1000.000000000000000 ) ;
#962 = CIRCLE ( 'NONE', #1221, 5.099999999999993427 ) ;
#963 = VERTEX_POINT ( 'NONE', #3672 ) ;
#964 = ORIENTED_EDGE ( 'NONE', *, *, #216, .F. ) ;
#965 = CARTESIAN_POINT ( 'NONE',  ( 2.064859050449499613E-15, 57.49999999999998579, 82.00000000000000000 ) ) ;
#966 = CARTESIAN_POINT ( 'NONE',  ( 0.000000000000000000, 40.00000000000000000, 65.00000000000000000 ) ) ;
#967 = LINE ( 'NONE', #2333, #3531 ) ;
#968 = CARTESIAN_POINT ( 'NONE',  ( 24.99999999999999289, -6.123233995736764507E-15, 60.00000000000000000 ) ) ;
#969 = PRODUCT_RELATED_PRODUCT_CATEGORY ( 'part', '', ( #1572 ) ) ;
#970 = ORIENTED_EDGE ( 'NONE', *, *, #2538, .F. ) ;
#971 = ORIENTED_EDGE ( 'NONE', *, *, #2492, .F. ) ;
#972 = FACE_BOUND ( 'NONE', #499, .T. ) ;
#973 = CARTESIAN_POINT ( 'NONE',  ( -35.99999999999997868, 12.00000000000000000, 32.49999999999999289 ) ) ;
#974 = CARTESIAN_POINT ( 'NONE',  ( 5.000287531121430540, 69.89418066918153727, 28.08468653770639278 ) ) ;
#975 = ORIENTED_EDGE ( 'NONE', *, *, #2791, .F. ) ;
#976 = CARTESIAN_POINT ( 'NONE',  ( -36.00000000000000711, 3.000000000000000888, 57.49999999999997158 ) ) ;
#977 = CIRCLE ( 'NONE', #2987, 7.500000000000000000 ) ;
#978 = DIRECTION ( 'NONE',  ( -1.000000000000000000, 0.000000000000000000, 0.000000000000000000 ) ) ;
#979 = CARTESIAN_POINT ( 'NONE',  ( 13.50044537109019949, 65.72053086352890716, 18.73525566418394561 ) ) ;
#980 = DIRECTION ( 'NONE',  ( 0.000000000000000000, -1.000000000000000000, 0.000000000000000000 ) ) ;
#981 = ORIENTED_EDGE ( 'NONE', *, *, #3259, .T. ) ;
#982 = DIRECTION ( 'NONE',  ( 0.000000000000000000, 0.000000000000000000, -1.000000000000000000 ) ) ;
#983 = DIRECTION ( 'NONE',  ( -2.915825712255602780E-16, 1.000000000000000000, 0.000000000000000000 ) ) ;
#984 = DIRECTION ( 'NONE',  ( 0.000000000000000000, 1.000000000000000000, -0.000000000000000000 ) ) ;
#985 = DIRECTION ( 'NONE',  ( -0.000000000000000000, 1.242141978321335985E-16, -1.000000000000000000 ) ) ;
#986 = CARTESIAN_POINT ( 'NONE',  ( -11.97837610425020394, 72.90466316822893589, 71.22996498599532345 ) ) ;
#987 = VERTEX_POINT ( 'NONE', #3450 ) ;
#988 = EDGE_LOOP ( 'NONE', ( #128, #1131, #3517, #71 ) ) ;
#989 = AXIS2_PLACEMENT_3D ( 'NONE', #2610, #1015, #3202 ) ;
#990 = CIRCLE ( 'NONE', #1182, 12.00000000000000533 ) ;
#991 = CARTESIAN_POINT ( 'NONE',  ( 45.99999999999999289, 0.000000000000000000, 60.00000000000000000 ) ) ;
#992 = CARTESIAN_POINT ( 'NONE',  ( -2.880758674582424346E-14, 74.99999999999998579, 80.00000000000000000 ) ) ;
#993 = AXIS2_PLACEMENT_3D ( 'NONE', #466, #1777, #3062 ) ;
#994 = CARTESIAN_POINT ( 'NONE',  ( -0.8474602965707369595, 67.49939849785511115, 28.99876720923641571 ) ) ;
#995 = ORIENTED_EDGE ( 'NONE', *, *, #2172, .F. ) ;
#996 =( BOUNDED_SURFACE ( )  B_SPLINE_SURFACE ( 3, 2, ( 
 ( #1381, #3666, #2663 ),
 ( #62, #3951, #1067 ),
 ( #1668, #1709, #3603 ),
 ( #3968, #2959, #2622 ),
 ( #1343, #461, #3912 ),
 ( #125, #3024, #777 ) ),
 .UNSPECIFIED., .F., .F., .T. ) 
 B_SPLINE_SURFACE_WITH_KNOTS ( ( 4, 2, 4 ),
 ( 3, 3 ),
 ( 0.005551728498883851462, 0.007951275800102396499, 0.01035082310132094154 ),
 ( 0.000000000000000000, 1.000000000000000000 ),
 .UNSPECIFIED. ) 
 GEOMETRIC_REPRESENTATION_ITEM ( )  RATIONAL_B_SPLINE_SURFACE ( (
 ( 1.000000000000000000, 0.8164965809277260345, 1.000000000000000000),
 ( 1.000000000000000000, 0.8165479628279663782, 1.000000000000000000),
 ( 1.000000000000000000, 0.8066195209066473470, 1.000000000000000000),
 ( 1.000000000000000000, 0.7691124137876619304, 1.000000000000000000),
 ( 1.000000000000000000, 0.7415639306006112097, 1.000000000000000000),
 ( 1.000000000000000000, 0.7071067811865469066, 1.000000000000000000) ) ) 
 REPRESENTATION_ITEM ( '' )  SURFACE ( )  );
#997 = EDGE_CURVE ( 'NONE', #2567, #3261, #1440, .T. ) ;
#998 = FACE_OUTER_BOUND ( 'NONE', #4034, .T. ) ;
#999 = EDGE_CURVE ( 'NONE', #3371, #2939, #1847, .T. ) ;
#1000 = CARTESIAN_POINT ( 'NONE',  ( 13.96284837627253594, 73.08739636692106956, 77.44960310354846911 ) ) ;
#1001 = LINE ( 'NONE', #1984, #2681 ) ;
#1002 = VECTOR ( 'NONE', #3575, 1000.000000000000000 ) ;
#1003 = CARTESIAN_POINT ( 'NONE',  ( -9.994856409710658696, 73.54377674832529976, 67.37373323334794861 ) ) ;
#1004 = VECTOR ( 'NONE', #2242, 1000.000000000000000 ) ;
#1005 = ORIENTED_EDGE ( 'NONE', *, *, #2055, .F. ) ;
#1006 = DIRECTION ( 'NONE',  ( 0.000000000000000000, 0.000000000000000000, 1.000000000000000000 ) ) ;
#1007 = CARTESIAN_POINT ( 'NONE',  ( 17.00000000000000711, 65.32291452420119526, 0.000000000000000000 ) ) ;
#1008 = CARTESIAN_POINT ( 'NONE',  ( 35.99999999999999289, -6.071532165918824830E-15, 5.499999999999965361 ) ) ;
#1009 = CARTESIAN_POINT ( 'NONE',  ( -35.00000000000000000, 40.00000000000000000, 95.00000000000000000 ) ) ;
#1010 = CARTESIAN_POINT ( 'NONE',  ( -7.306432018517870830, 74.23086553525386933, 66.81192338501973893 ) ) ;
#1011 = ORIENTED_EDGE ( 'NONE', *, *, #2, .T. ) ;
#1012 = ORIENTED_EDGE ( 'NONE', *, *, #1720, .F. ) ;
#1013 = EDGE_CURVE ( 'NONE', #2645, #3847, #2920, .T. ) ;
#1014 = PLANE ( 'NONE',  #190 ) ;
#1015 = DIRECTION ( 'NONE',  ( -0.000000000000000000, 1.242141978321335985E-16, -1.000000000000000000 ) ) ;
#1016 = CARTESIAN_POINT ( 'NONE',  ( 0.4876972018769182293, 67.50047562716835614, 32.00094642256617306 ) ) ;
#1017 = EDGE_LOOP ( 'NONE', ( #3305, #1163, #3311, #3772 ) ) ;
#1018 = DIRECTION ( 'NONE',  ( -0.000000000000000000, 1.000000000000000000, -0.000000000000000000 ) ) ;
#1019 = CARTESIAN_POINT ( 'NONE',  ( -0.6503906786260562622, 75.00000000000000000, 65.80253869718599447 ) ) ;
#1020 = CARTESIAN_POINT ( 'NONE',  ( 4.898587196589408884E-16, 36.00000000000000711, -10.02630927324502075 ) ) ;
#1021 = CARTESIAN_POINT ( 'NONE',  ( 1.867467193355502930, 70.42097861529005343, 28.88296231753303900 ) ) ;
#1022 = EDGE_CURVE ( 'NONE', #2035, #1629, #1639, .T. ) ;
#1023 = EDGE_CURVE ( 'NONE', #1052, #3180, #2479, .T. ) ;
#1024 = DIRECTION ( 'NONE',  ( -1.387778780781443901E-15, -1.000000000000000000, 0.000000000000000000 ) ) ;
#1025 = ORIENTED_EDGE ( 'NONE', *, *, #2190, .F. ) ;
#1026 = FACE_OUTER_BOUND ( 'NONE', #834, .T. ) ;
#1027 = CARTESIAN_POINT ( 'NONE',  ( 35.99999999999999289, -2.915825712255602879E-15, 49.99999999999999289 ) ) ;
#1028 = FACE_OUTER_BOUND ( 'NONE', #1742, .T. ) ;
#1029 = CARTESIAN_POINT ( 'NONE',  ( -10.69144256770200840, 73.33113758253361425, 67.88791181723152590 ) ) ;
#1030 = STYLED_ITEM ( 'NONE', ( #1665 ), #1591 ) ;
#1031 = VERTEX_POINT ( 'NONE', #2522 ) ;
#1032 = ORIENTED_EDGE ( 'NONE', *, *, #893, .T. ) ;
#1033 = FACE_OUTER_BOUND ( 'NONE', #1953, .T. ) ;
#1034 = CARTESIAN_POINT ( 'NONE',  ( 45.99999999999999289, 0.000000000000000000, 49.99999999999999289 ) ) ;
#1035 = EDGE_CURVE ( 'NONE', #4058, #2137, #4000, .T. ) ;
#1036 = CARTESIAN_POINT ( 'NONE',  ( 8.032320977910492488, 66.34233958484131222, 26.49520953823220992 ) ) ;
#1037 = ORIENTED_EDGE ( 'NONE', *, *, #153, .T. ) ;
#1038 = EDGE_CURVE ( 'NONE', #1073, #3380, #1985, .T. ) ;
#1039 = CARTESIAN_POINT ( 'NONE',  ( -14.00000000000002132, 74.54013633829265473, 11.63746840603208632 ) ) ;
#1040 = CARTESIAN_POINT ( 'NONE',  ( 6.613291829133897792, 74.63173841684306353, 67.04266264142152920 ) ) ;
#1041 = CARTESIAN_POINT ( 'NONE',  ( 35.99999999999999289, -6.071532165918824830E-15, 30.00000000000000000 ) ) ;
#1042 = CARTESIAN_POINT ( 'NONE',  ( -24.99999999999999289, -6.123233995736764507E-15, 60.00000000000000000 ) ) ;
#1043 = AXIS2_PLACEMENT_3D ( 'NONE', #2140, #538, #1819 ) ;
#1044 = FACE_OUTER_BOUND ( 'NONE', #2895, .T. ) ;
#1045 = EDGE_LOOP ( 'NONE', ( #568, #1486, #1316, #3573 ) ) ;
#1046 = DIRECTION ( 'NONE',  ( 2.915825712255602780E-16, 1.000000000000000000, -0.000000000000000000 ) ) ;
#1047 = DIRECTION ( 'NONE',  ( -0.000000000000000000, -0.000000000000000000, 1.000000000000000000 ) ) ;
#1048 = CARTESIAN_POINT ( 'NONE',  ( -13.32894206032777085, 73.47262564419500563, 75.04031026546024918 ) ) ;
#1049 = EDGE_CURVE ( 'NONE', #1802, #629, #179, .T. ) ;
#1050 = CARTESIAN_POINT ( 'NONE',  ( -6.266063656141102278, 74.43608834749240089, 65.71415849096113959 ) ) ;
#1051 = ORIENTED_EDGE ( 'NONE', *, *, #3415, .F. ) ;
#1052 = VERTEX_POINT ( 'NONE', #319 ) ;
#1053 = CARTESIAN_POINT ( 'NONE',  ( 11.97927641205495597, 74.00231718511784607, 72.28490314921992876 ) ) ;
#1054 = DIRECTION ( 'NONE',  ( 1.053570817574666972E-16, 3.146698373955466051E-16, 1.000000000000000000 ) ) ;
#1055 = CARTESIAN_POINT ( 'NONE',  ( 4.022126703916268475, 67.20872877779967780, 31.41395745249219473 ) ) ;
#1056 = VERTEX_POINT ( 'NONE', #254 ) ;
#1057 = DIRECTION ( 'NONE',  ( 0.000000000000000000, 0.000000000000000000, -1.000000000000000000 ) ) ;
#1058 = CARTESIAN_POINT ( 'NONE',  ( 2.955275050386700908, 74.93710250302804354, 66.03736911703501278 ) ) ;
#1059 = DIRECTION ( 'NONE',  ( 1.000000000000000000, 2.915825712255602780E-16, 0.000000000000000000 ) ) ;
#1060 = CARTESIAN_POINT ( 'NONE',  ( -3.738083427203235498, 70.16536211905930998, 28.49984340409555017 ) ) ;
#1061 =( LENGTH_UNIT ( ) NAMED_UNIT ( * ) SI_UNIT ( .MILLI., .METRE. ) );
#1062 = CARTESIAN_POINT ( 'NONE',  ( -2.822442160337312596E-14, 72.99999999999998579, 80.00000000000000000 ) ) ;
#1063 = ORIENTED_EDGE ( 'NONE', *, *, #2119, .T. ) ;
#1064 =( NAMED_UNIT ( * ) SI_UNIT ( $, .STERADIAN. ) SOLID_ANGLE_UNIT ( ) );
#1065 = VECTOR ( 'NONE', #120, 1000.000000000000000 ) ;
#1066 = CARTESIAN_POINT ( 'NONE',  ( 13.14015376429352067, 72.46355510871740080, 73.52180539118820946 ) ) ;
#1067 = CARTESIAN_POINT ( 'NONE',  ( 12.00000000005865708, 74.99999999997923794, 14.12601545089401256 ) ) ;
#1068 = CARTESIAN_POINT ( 'NONE',  ( -5.235324089043205120, 74.61163635335918798, 66.06486277379235617 ) ) ;
#1069 = ORIENTED_EDGE ( 'NONE', *, *, #415, .F. ) ;
#1070 = VERTEX_POINT ( 'NONE', #2790 ) ;
#1071 = CARTESIAN_POINT ( 'NONE',  ( 0.000000000000000000, 39.99999999999998579, 93.99999999999998579 ) ) ;
#1072 = CARTESIAN_POINT ( 'NONE',  ( 1.219894767067190466, 57.45776681011223985, 78.40977581490606951 ) ) ;
#1073 = VERTEX_POINT ( 'NONE', #613 ) ;
#1074 = CYLINDRICAL_SURFACE ( 'NONE', #4142, 5.000000000000004441 ) ;
#1075 = CARTESIAN_POINT ( 'NONE',  ( -2.345818322637367004, 59.86241700910359498, 17.19633206488382271 ) ) ;
#1076 = LINE ( 'NONE', #1020, #393 ) ;
#1077 = DIRECTION ( 'NONE',  ( 0.000000000000000000, -1.000000000000000000, 0.000000000000000000 ) ) ;
#1078 = PLANE ( 'NONE',  #4050 ) ;
#1079 = DIRECTION ( 'NONE',  ( 0.000000000000000000, 0.000000000000000000, 1.000000000000000000 ) ) ;
#1080 = AXIS2_PLACEMENT_3D ( 'NONE', #770, #3921, #1982 ) ;
#1081 = CARTESIAN_POINT ( 'NONE',  ( 3.241657246619233490, 74.99999999999998579, 66.82474942661913531 ) ) ;
#1082 = EDGE_CURVE ( 'NONE', #1419, #603, #1288, .T. ) ;
#1083 = ORIENTED_EDGE ( 'NONE', *, *, #167, .F. ) ;
#1084 = DIRECTION ( 'NONE',  ( 0.000000000000000000, 0.000000000000000000, -1.000000000000000000 ) ) ;
#1085 = CARTESIAN_POINT ( 'NONE',  ( 2.064859050449499613E-15, 57.49999999999998579, 82.00000000000000000 ) ) ;
#1086 = ORIENTED_EDGE ( 'NONE', *, *, #3556, .F. ) ;
#1087 = ORIENTED_EDGE ( 'NONE', *, *, #4136, .F. ) ;
#1088 = LINE ( 'NONE', #152, #119 ) ;
#1089 = CARTESIAN_POINT ( 'NONE',  ( 0.5196272316110190914, 57.49275388351007621, 78.06426112266625239 ) ) ;
#1090 = CARTESIAN_POINT ( 'NONE',  ( -13.37214796366218472, 73.24914745818767869, 74.99823324575031336 ) ) ;
#1091 = VERTEX_POINT ( 'NONE', #2814 ) ;
#1092 = CARTESIAN_POINT ( 'NONE',  ( -5.327151933221779601, 75.00000000000000000, 67.90971571557743403 ) ) ;
#1093 = CARTESIAN_POINT ( 'NONE',  ( -0.8388284795775446945, 59.98347257862338466, 11.68979808645560858 ) ) ;
#1094 = CARTESIAN_POINT ( 'NONE',  ( 13.99999999999997868, 65.32291452420122368, 15.00000000000000000 ) ) ;
#1095 = VECTOR ( 'NONE', #506, 1000.000000000000000 ) ;
#1096 = CARTESIAN_POINT ( 'NONE',  ( -1.020538999289460830E-14, 74.99999999999998579, 66.00000000000000000 ) ) ;
#1097 = CARTESIAN_POINT ( 'NONE',  ( 35.99999999999999289, 3.000000000000000888, 49.99999999999999289 ) ) ;
#1098 = CARTESIAN_POINT ( 'NONE',  ( -1.020538999289459726E-14, 75.00000000000000000, 66.00000000000000000 ) ) ;
#1099 = CARTESIAN_POINT ( 'NONE',  ( -3.294299889706379587E-15, 4.998000000000002885, 15.00000000000000000 ) ) ;
#1100 = DIRECTION ( 'NONE',  ( -0.000000000000000000, 1.000000000000000000, -0.000000000000000000 ) ) ;
#1101 = AXIS2_PLACEMENT_3D ( 'NONE', #414, #123, #2933 ) ;
#1102 = ORIENTED_EDGE ( 'NONE', *, *, #3890, .F. ) ;
#1103 = AXIS2_PLACEMENT_3D ( 'NONE', #234, #634, #1821 ) ;
#1104 = VERTEX_POINT ( 'NONE', #591 ) ;
#1105 = CARTESIAN_POINT ( 'NONE',  ( -12.39902543155337256, 73.50173401901810166, 72.63190249495720252 ) ) ;
#1106 = CARTESIAN_POINT ( 'NONE',  ( 1.797557333822987324, 57.40750794567128423, 79.11345033806354365 ) ) ;
#1107 = CARTESIAN_POINT ( 'NONE',  ( 8.065428541474137347, 74.99999999999998579, 68.76782837948505289 ) ) ;
#1108 = ORIENTED_EDGE ( 'NONE', *, *, #2218, .T. ) ;
#1109 = ORIENTED_EDGE ( 'NONE', *, *, #1720, .T. ) ;
#1110 = LINE ( 'NONE', #2732, #763 ) ;
#1111 = CARTESIAN_POINT ( 'NONE',  ( 27.50000000000000000, 40.00000000000000000, 0.000000000000000000 ) ) ;
#1112 = CARTESIAN_POINT ( 'NONE',  ( 9.271100872011844629, 65.89375961309887941, 28.54935407639444023 ) ) ;
#1113 = CARTESIAN_POINT ( 'NONE',  ( -24.99999999999999289, -6.123233995736764507E-15, 60.00000000000000000 ) ) ;
#1114 = CIRCLE ( 'NONE', #250, 7.500000000000000000 ) ;
#1115 = VECTOR ( 'NONE', #1279, 1000.000000000000000 ) ;
#1116 = DIRECTION ( 'NONE',  ( 0.000000000000000000, 1.000000000000000000, -0.000000000000000000 ) ) ;
#1117 = CARTESIAN_POINT ( 'NONE',  ( -7.123618298654499803, 74.56877113554646996, 67.27086323776389065 ) ) ;
#1118 = DIRECTION ( 'NONE',  ( -1.000000000000000000, 0.000000000000000000, 0.000000000000000000 ) ) ;
#1119 = CIRCLE ( 'NONE', #795, 2.000000000000001776 ) ;
#1120 = ORIENTED_EDGE ( 'NONE', *, *, #1375, .F. ) ;
#1121 =( BOUNDED_SURFACE ( )  B_SPLINE_SURFACE ( 3, 2, ( 
 ( #2303, #1960, #1917 ),
 ( #51, #702, #2614 ),
 ( #1353, #2882, #2574 ),
 ( #6, #1039, #1614 ),
 ( #1283, #363, #3902 ),
 ( #2903, #3268, #29 ) ),
 .UNSPECIFIED., .F., .F., .F. ) 
 B_SPLINE_SURFACE_WITH_KNOTS ( ( 4, 2, 4 ),
 ( 3, 3 ),
 ( 0.005551728498883900902, 0.007951275800102441602, 0.01035082310132098317 ),
 ( 0.000000000000000000, 1.000000000000000000 ),
 .UNSPECIFIED. ) 
 GEOMETRIC_REPRESENTATION_ITEM ( )  RATIONAL_B_SPLINE_SURFACE ( (
 ( 1.000000000000000000, 0.8164965809277261455, 1.000000000000000000),
 ( 1.000000000000000000, 0.8165479628279339597, 1.000000000000000000),
 ( 1.000000000000000000, 0.8066195209066918670, 1.000000000000000000),
 ( 1.000000000000000000, 0.7691124137876176325, 1.000000000000000000),
 ( 1.000000000000000000, 0.7415639306006458487, 1.000000000000000000),
 ( 1.000000000000000000, 0.7071067811865473507, 1.000000000000000000) ) ) 
 REPRESENTATION_ITEM ( '' )  SURFACE ( )  );
#1122 = CARTESIAN_POINT ( 'NONE',  ( -2.822442160337312596E-14, 60.99999999999998579, 85.09999999999999432 ) ) ;
#1123 = ORIENTED_EDGE ( 'NONE', *, *, #3553, .T. ) ;
#1124 = VERTEX_POINT ( 'NONE', #1846 ) ;
#1125 = CIRCLE ( 'NONE', #3288, 7.500000000000000000 ) ;
#1126 = CARTESIAN_POINT ( 'NONE',  ( -13.53884291817005625, 73.20423727869643926, 75.54733577144152434 ) ) ;
#1127 = CARTESIAN_POINT ( 'NONE',  ( -36.00000000000000711, 3.000000000000000888, 42.49999999999997868 ) ) ;
#1128 = LINE ( 'NONE', #2083, #3126 ) ;
#1129 = ADVANCED_FACE ( 'NONE', ( #1523, #2855, #2183, #3136 ), #902, .F. ) ;
#1130 = ORIENTED_EDGE ( 'NONE', *, *, #2051, .F. ) ;
#1131 = ORIENTED_EDGE ( 'NONE', *, *, #1956, .F. ) ;
#1132 = CARTESIAN_POINT ( 'NONE',  ( 15.65789473684207600, 71.30224165151712157, 78.53071906325247653 ) ) ;
#1133 = CIRCLE ( 'NONE', #3492, 5.099999999999993427 ) ;
#1134 = CARTESIAN_POINT ( 'NONE',  ( -1.020538999289460830E-14, 74.99999999999998579, 66.00000000000000000 ) ) ;
#1135 = VECTOR ( 'NONE', #3486, 1000.000000000000000 ) ;
#1136 = CARTESIAN_POINT ( 'NONE',  ( -15.65789473684212751, 71.30224165151710736, 80.00000000000000000 ) ) ;
#1137 = CARTESIAN_POINT ( 'NONE',  ( 35.99999999999999289, -6.071532165918824830E-15, 14.50000000000003197 ) ) ;
#1138 = CARTESIAN_POINT ( 'NONE',  ( -8.671224854504449908, 74.99999999999998579, 71.10128033395635327 ) ) ;
#1139 = DIRECTION ( 'NONE',  ( -5.782411586589357639E-16, -1.686050438302196407E-31, -1.000000000000000000 ) ) ;
#1140 = ADVANCED_FACE ( 'NONE', ( #3832 ), #1583, .F. ) ;
#1141 = CARTESIAN_POINT ( 'NONE',  ( 5.330642152618510821, 74.99999999999997158, 67.90230531047527052 ) ) ;
#1142 = ORIENTED_EDGE ( 'NONE', *, *, #3906, .F. ) ;
#1143 = VERTEX_POINT ( 'NONE', #2208 ) ;
#1144 =( BOUNDED_SURFACE ( )  B_SPLINE_SURFACE ( 3, 2, ( 
 ( #359, #2609, #2549 ),
 ( #2299, #3898, #3218 ),
 ( #1975, #2258, #3835 ),
 ( #378, #341, #68 ) ),
 .UNSPECIFIED., .F., .F., .T. ) 
 B_SPLINE_SURFACE_WITH_KNOTS ( ( 4, 4 ),
 ( 3, 3 ),
 ( 0.01173298191627682348, 0.01254170652149914217 ),
 ( 0.000000000000000000, 1.000000000000000000 ),
 .UNSPECIFIED. ) 
 GEOMETRIC_REPRESENTATION_ITEM ( )  RATIONAL_B_SPLINE_SURFACE ( (
 ( 1.000000000000000000, 0.8775804068108381539, 1.000000000000000000),
 ( 1.000000000000000000, 0.8773843036500710291, 1.000000000000000000),
 ( 1.000000000000000000, 0.8773554188353560601, 1.000000000000000000),
 ( 1.000000000000000000, 0.8774592630364862478, 1.000000000000000000) ) ) 
 REPRESENTATION_ITEM ( '' )  SURFACE ( )  );
#1145 = CARTESIAN_POINT ( 'NONE',  ( 5.295673164707376479, 74.60327706170403417, 65.52149855501326670 ) ) ;
#1146 = CARTESIAN_POINT ( 'NONE',  ( -14.16898340256974365, 72.99264546796641184, 95.00000000000000000 ) ) ;
#1147 = CARTESIAN_POINT ( 'NONE',  ( 1.999999999999973133, 57.38533865071369888, 80.00000000000000000 ) ) ;
#1148 = EDGE_LOOP ( 'NONE', ( #1142, #2620, #1051, #1712 ) ) ;
#1149 = ORIENTED_EDGE ( 'NONE', *, *, #524, .F. ) ;
#1150 = DIRECTION ( 'NONE',  ( -0.000000000000000000, -0.000000000000000000, -1.000000000000000000 ) ) ;
#1151 = CARTESIAN_POINT ( 'NONE',  ( -9.292693924766807001, 74.21761066061026213, 68.68459831827816231 ) ) ;
#1152 = ADVANCED_FACE ( 'NONE', ( #3496 ), #4158, .T. ) ;
#1153 = CARTESIAN_POINT ( 'NONE',  ( -8.733161037680222449, 75.00000000000000000, 70.96318361140323816 ) ) ;
#1154 = AXIS2_PLACEMENT_3D ( 'NONE', #772, #3336, #620 ) ;
#1155 = EDGE_CURVE ( 'NONE', #1629, #2035, #3657, .T. ) ;
#1156 = VECTOR ( 'NONE', #551, 1000.000000000000000 ) ;
#1157 = DIRECTION ( 'NONE',  ( 0.000000000000000000, 0.000000000000000000, -1.000000000000000000 ) ) ;
#1158 = ADVANCED_FACE ( 'NONE', ( #1427 ), #3372, .F. ) ;
#1159 = CARTESIAN_POINT ( 'NONE',  ( 14.54241537844239396, 71.86022272422718515, 80.00000000000000000 ) ) ;
#1160 = CYLINDRICAL_SURFACE ( 'NONE', #1364, 5.000000000000004441 ) ;
#1161 = CARTESIAN_POINT ( 'NONE',  ( -8.666058335837872662, 74.33175453695143631, 68.19311442672685075 ) ) ;
#1162 = CARTESIAN_POINT ( 'NONE',  ( 11.33796680513942157, 74.99999999999998579, 83.93071351354380738 ) ) ;
#1163 = ORIENTED_EDGE ( 'NONE', *, *, #4064, .T. ) ;
#1164 = ORIENTED_EDGE ( 'NONE', *, *, #2779, .T. ) ;
#1165 = EDGE_CURVE ( 'NONE', #3673, #3250, #3232, .T. ) ;
#1166 = CARTESIAN_POINT ( 'NONE',  ( 11.98580980673961704, 72.90171281572379769, 71.22371961333966794 ) ) ;
#1167 = AXIS2_PLACEMENT_3D ( 'NONE', #3513, #2604, #2871 ) ;
#1168 = FACE_OUTER_BOUND ( 'NONE', #2461, .T. ) ;
#1169 = CARTESIAN_POINT ( 'NONE',  ( -36.00000000000000711, -6.071532165918824830E-15, 10.00000000000002132 ) ) ;
#1170 = CARTESIAN_POINT ( 'NONE',  ( -14.15521959005934782, 73.03280764515145052, 80.00000000000000000 ) ) ;
#1171 = EDGE_LOOP ( 'NONE', ( #942, #2857, #3042, #1889, #2754, #1307 ) ) ;
#1172 = ORIENTED_EDGE ( 'NONE', *, *, #1474, .F. ) ;
#1173 = LINE ( 'NONE', #523, #2713 ) ;
#1174 = CARTESIAN_POINT ( 'NONE',  ( -3.264221504102909677, 74.91871830252026143, 66.09147489738481340 ) ) ;
#1175 = CARTESIAN_POINT ( 'NONE',  ( 12.10492494868370805, 73.57881445649019270, 72.06700190957829477 ) ) ;
#1176 = CARTESIAN_POINT ( 'NONE',  ( -12.14957319852301865, 64.67300033361995304, 25.37885383247901672 ) ) ;
#1177 = EDGE_CURVE ( 'NONE', #375, #345, #1110, .T. ) ;
#1178 = CARTESIAN_POINT ( 'NONE',  ( 35.99999999999999289, -2.915825712255602879E-15, 0.000000000000000000 ) ) ;
#1179 = CARTESIAN_POINT ( 'NONE',  ( -2.668019322891180600, 74.90464796864117147, 65.46080715936263061 ) ) ;
#1180 = CARTESIAN_POINT ( 'NONE',  ( -11.31479782280509561, 73.78309615821349610, 70.73937992516206918 ) ) ;
#1181 = CIRCLE ( 'NONE', #2731, 10.00000000000000000 ) ;
#1182 = AXIS2_PLACEMENT_3D ( 'NONE', #1238, #865, #1872 ) ;
#1183 = CARTESIAN_POINT ( 'NONE',  ( 4.893913067132590555, 74.99999999999995737, 67.63104158604213012 ) ) ;
#1184 = VECTOR ( 'NONE', #3028, 1000.000000000000000 ) ;
#1185 = EDGE_LOOP ( 'NONE', ( #482, #2095, #1848, #3915, #1535, #2454 ) ) ;
#1186 = CARTESIAN_POINT ( 'NONE',  ( 2.684521869714619591, 74.95181281930847206, 66.01693192214356998 ) ) ;
#1187 = CARTESIAN_POINT ( 'NONE',  ( 2.349458994054227645, 59.86199001350266968, 12.80849652385495574 ) ) ;
#1188 = CARTESIAN_POINT ( 'NONE',  ( 10.26184351535096262, 73.46293547595271889, 67.56807660348705724 ) ) ;
#1189 = CARTESIAN_POINT ( 'NONE',  ( -14.16898340256974365, 72.99264546796641184, 83.93071351354385001 ) ) ;
#1190 = DIRECTION ( 'NONE',  ( 0.000000000000000000, 0.000000000000000000, 1.000000000000000000 ) ) ;
#1191 = EDGE_CURVE ( 'NONE', #3041, #732, #3696, .T. ) ;
#1192 = ORIENTED_EDGE ( 'NONE', *, *, #783, .T. ) ;
#1193 = EDGE_LOOP ( 'NONE', ( #3834, #3685 ) ) ;
#1194 = AXIS2_PLACEMENT_3D ( 'NONE', #2862, #1877, #978 ) ;
#1195 = CARTESIAN_POINT ( 'NONE',  ( -2.738990769875682130, 74.94404655684063243, 66.02404351472107180 ) ) ;
#1196 = CARTESIAN_POINT ( 'NONE',  ( -14.15521959005934782, 73.03280764515145052, 80.00000000000000000 ) ) ;
#1197 = CARTESIAN_POINT ( 'NONE',  ( -12.94937024311564677, 64.31473309532427152, 20.35610557972944790 ) ) ;
#1198 = AXIS2_PLACEMENT_3D ( 'NONE', #2582, #3868, #1623 ) ;
#1199 = VECTOR ( 'NONE', #3738, 1000.000000000000000 ) ;
#1200 = LINE ( 'NONE', #2780, #1004 ) ;
#1201 = DIRECTION ( 'NONE',  ( 0.000000000000000000, 1.000000000000000000, 0.000000000000000000 ) ) ;
#1202 = CARTESIAN_POINT ( 'NONE',  ( 12.39902543155335302, 73.50173401901807324, 72.63190249495721673 ) ) ;
#1203 = CARTESIAN_POINT ( 'NONE',  ( 22.96192500641007328, 12.00000000000000355, 0.000000000000000000 ) ) ;
#1204 = ADVANCED_FACE ( 'NONE', ( #3047 ), #197, .T. ) ;
#1205 = PLANE ( 'NONE',  #1920 ) ;
#1206 = EDGE_CURVE ( 'NONE', #449, #3750, #365, .T. ) ;
#1207 = ORIENTED_EDGE ( 'NONE', *, *, #3272, .T. ) ;
#1208 = ORIENTED_EDGE ( 'NONE', *, *, #199, .T. ) ;
#1209 = CARTESIAN_POINT ( 'NONE',  ( 0.6503906786277433572, 75.00000000000000000, 65.80253869719219040 ) ) ;
#1210 = CARTESIAN_POINT ( 'NONE',  ( 2.676127197879949904, 59.82042603491697719, 13.35003608921177332 ) ) ;
#1211 = DIRECTION ( 'NONE',  ( 0.8705087404087525904, 4.625929269271490055E-15, -0.4921529567847448550 ) ) ;
#1212 = CARTESIAN_POINT ( 'NONE',  ( -15.32786885245903363, 62.83213604641090200, 16.08961849060558436 ) ) ;
#1213 = DIRECTION ( 'NONE',  ( 0.000000000000000000, -0.000000000000000000, -1.000000000000000000 ) ) ;
#1214 = ORIENTED_EDGE ( 'NONE', *, *, #3327, .T. ) ;
#1215 = ORIENTED_EDGE ( 'NONE', *, *, #111, .F. ) ;
#1216 = CARTESIAN_POINT ( 'NONE',  ( -5.171908707804858452, 74.78455359500516408, 66.51034171882700718 ) ) ;
#1217 = FACE_OUTER_BOUND ( 'NONE', #3453, .T. ) ;
#1218 = CARTESIAN_POINT ( 'NONE',  ( -14.92207043928192256, 63.09970200720095335, 18.92623550054857517 ) ) ;
#1219 = EDGE_CURVE ( 'NONE', #3468, #1517, #1173, .T. ) ;
#1220 = LINE ( 'NONE', #3524, #2951 ) ;
#1221 = AXIS2_PLACEMENT_3D ( 'NONE', #1431, #3759, #3377 ) ;
#1222 = CARTESIAN_POINT ( 'NONE',  ( 14.15521959005929631, 73.03280764515146473, 80.00000000000000000 ) ) ;
#1223 = LINE ( 'NONE', #602, #961 ) ;
#1224 = ORIENTED_EDGE ( 'NONE', *, *, #1206, .F. ) ;
#1225 = CARTESIAN_POINT ( 'NONE',  ( 25.00000000000000000, 5.000000000000000000, 0.000000000000000000 ) ) ;
#1226 = ORIENTED_EDGE ( 'NONE', *, *, #3949, .T. ) ;
#1227 = EDGE_LOOP ( 'NONE', ( #196, #670, #803, #1403 ) ) ;
#1228 = DIRECTION ( 'NONE',  ( -0.000000000000000000, 1.000000000000000000, -0.000000000000000000 ) ) ;
#1229 = CARTESIAN_POINT ( 'NONE',  ( -2.312249789818692165E-14, 72.99999999999998579, 15.00000000000000000 ) ) ;
#1230 = CARTESIAN_POINT ( 'NONE',  ( 2.353208459735319114, 59.86154507652113210, 17.18641234180773125 ) ) ;
#1231 = CARTESIAN_POINT ( 'NONE',  ( 13.00630487199774876, 72.50069327955962706, 70.43502234058205147 ) ) ;
#1232 = DIRECTION ( 'NONE',  ( 0.000000000000000000, 0.000000000000000000, 1.000000000000000000 ) ) ;
#1233 = AXIS2_PLACEMENT_3D ( 'NONE', #1727, #752, #2027 ) ;
#1234 = VERTEX_POINT ( 'NONE', #2429 ) ;
#1235 = ORIENTED_EDGE ( 'NONE', *, *, #2045, .T. ) ;
#1236 = B_SPLINE_CURVE_WITH_KNOTS ( 'NONE', 3,
 ( #76, #3640, #773, #3600, #3317, #434, #1003, #2048, #456, #2290, #2928, #3580, #3053, #2698, #2111, #2153, #1179, #3681, #1767, #2762, #3036, #4066, #3983, #1096 ),
 .UNSPECIFIED., .F., .F.,
 ( 4, 2, 2, 2, 2, 2, 2, 2, 2, 2, 2, 4 ),
 ( 0.000000000000000000, 0.004074778616853742819, 0.005093473271067168982, 0.006112167925280596013, 0.008149557233707435330, 0.009168251887920858892, 0.01018694654213428072, 0.01222433585056112958, 0.01426172515898797670, 0.01528041981320140373, 0.01578976714030811898, 0.01629911446741483250 ),
 .UNSPECIFIED. ) ;
#1237 = CIRCLE ( 'NONE', #3262, 19.99999999999999645 ) ;
#1238 = CARTESIAN_POINT ( 'NONE',  ( -2.370566304063804546E-14, 74.99999999999998579, 15.00000000000000000 ) ) ;
#1239 = UNCERTAINTY_MEASURE_WITH_UNIT (LENGTH_MEASURE( 1.000000000000000082E-05 ), #3926, 'distance_accuracy_value', 'NONE');
#1240 = DIRECTION ( 'NONE',  ( -0.000000000000000000, 1.000000000000000000, -0.000000000000000000 ) ) ;
#1241 = CARTESIAN_POINT ( 'NONE',  ( -13.12934745379055101, 64.21758618229023341, 19.89764027447700911 ) ) ;
#1242 = CARTESIAN_POINT ( 'NONE',  ( -12.00000000000003020, 74.99999999999998579, 15.00000000000000000 ) ) ;
#1243 = CARTESIAN_POINT ( 'NONE',  ( -1.936116225317213280, 57.39258777872561268, 79.48186801307301153 ) ) ;
#1244 = DIRECTION ( 'NONE',  ( -2.915825712255602780E-16, 1.000000000000000000, -0.000000000000000000 ) ) ;
#1245 = ORIENTED_EDGE ( 'NONE', *, *, #1177, .T. ) ;
#1246 = CARTESIAN_POINT ( 'NONE',  ( 0.000000000000000000, 0.000000000000000000, 60.00000000000000000 ) ) ;
#1247 = EDGE_LOOP ( 'NONE', ( #821, #3728, #804, #3653 ) ) ;
#1248 = EDGE_LOOP ( 'NONE', ( #2986, #2502, #2441, #4137 ) ) ;
#1249 = CYLINDRICAL_SURFACE ( 'NONE', #2717, 7.500000000000000000 ) ;
#1250 = FACE_BOUND ( 'NONE', #3162, .T. ) ;
#1251 = CIRCLE ( 'NONE', #854, 20.00000000000001066 ) ;
#1252 = AXIS2_PLACEMENT_3D ( 'NONE', #3972, #3027, #1756 ) ;
#1253 = DIRECTION ( 'NONE',  ( 0.000000000000000000, -1.000000000000000000, 0.000000000000000000 ) ) ;
#1254 = CARTESIAN_POINT ( 'NONE',  ( 13.63033422482125800, 72.23684210526313620, 71.63339973465940602 ) ) ;
#1255 = CARTESIAN_POINT ( 'NONE',  ( -11.33796680513946598, 71.99999999999998579, 83.93071351354385001 ) ) ;
#1256 = VERTEX_POINT ( 'NONE', #2106 ) ;
#1257 = ORIENTED_EDGE ( 'NONE', *, *, #1446, .T. ) ;
#1258 = DIRECTION ( 'NONE',  ( 0.000000000000000000, 0.000000000000000000, 1.000000000000000000 ) ) ;
#1259 = CARTESIAN_POINT ( 'NONE',  ( -13.46514034469658228, 74.99999999999998579, 83.93071351354383580 ) ) ;
#1260 = EDGE_CURVE ( 'NONE', #1762, #2939, #3390, .T. ) ;
#1261 = CARTESIAN_POINT ( 'NONE',  ( -11.52664890619776372, 64.97009089615671940, 26.21884456020950083 ) ) ;
#1262 = AXIS2_PLACEMENT_3D ( 'NONE', #2160, #2232, #213 ) ;
#1263 = B_SPLINE_CURVE_WITH_KNOTS ( 'NONE', 3,
 ( #2709, #3994, #3308, #488, #2340, #1106, #2691, #424, #1695, #2984, #1072, #2360, #3652, #3973, #1089, #2382, #3671, #2159 ),
 .UNSPECIFIED., .F., .F.,
 ( 4, 2, 2, 2, 2, 2, 2, 2, 4 ),
 ( 0.003129741309412400335, 0.003520776374634848951, 0.003911811439857297568, 0.004302846505079746184, 0.004693881570302194800, 0.005084916635524643416, 0.005475951700747092032, 0.005866986765969540649, 0.006258021831191989265 ),
 .UNSPECIFIED. ) ;
#1264 = CYLINDRICAL_SURFACE ( 'NONE', #2552, 4.500000000000033751 ) ;
#1265 = DIRECTION ( 'NONE',  ( -0.000000000000000000, 1.242141978321335985E-16, -1.000000000000000000 ) ) ;
#1266 = ORIENTED_EDGE ( 'NONE', *, *, #388, .F. ) ;
#1267 = AXIS2_PLACEMENT_3D ( 'NONE', #1509, #3461, #2800 ) ;
#1268 = CYLINDRICAL_SURFACE ( 'NONE', #428, 7.500000000000001776 ) ;
#1269 = ORIENTED_EDGE ( 'NONE', *, *, #2880, .F. ) ;
#1270 = EDGE_LOOP ( 'NONE', ( #1087, #975 ) ) ;
#1271 = DIRECTION ( 'NONE',  ( -1.000000000000000000, 0.000000000000000000, 0.000000000000000000 ) ) ;
#1272 = DIRECTION ( 'NONE',  ( 1.000000000000000000, 0.000000000000000000, 0.000000000000000000 ) ) ;
#1273 = FACE_BOUND ( 'NONE', #235, .T. ) ;
#1274 = CARTESIAN_POINT ( 'NONE',  ( 0.000000000000000000, 40.00000000000000000, -10.02630927324502075 ) ) ;
#1275 = CARTESIAN_POINT ( 'NONE',  ( -12.36670705895792466, 64.56473048742627441, 25.05822170408154292 ) ) ;
#1276 = CARTESIAN_POINT ( 'NONE',  ( 0.000000000000000000, 40.00000000000000000, 65.00000000000000000 ) ) ;
#1277 = ORIENTED_EDGE ( 'NONE', *, *, #2447, .T. ) ;
#1278 = EDGE_LOOP ( 'NONE', ( #357, #2660, #1384, #2406 ) ) ;
#1279 = DIRECTION ( 'NONE',  ( -0.000000000000000000, 1.242141978321335985E-16, -1.000000000000000000 ) ) ;
#1280 = DIRECTION ( 'NONE',  ( -1.000000000000000000, 0.000000000000000000, 0.000000000000000000 ) ) ;
#1281 = VECTOR ( 'NONE', #2122, 1000.000000000000000 ) ;
#1282 = CARTESIAN_POINT ( 'NONE',  ( 10.72642221360646708, 65.37327062500894215, 24.02867028255814219 ) ) ;
#1283 = CARTESIAN_POINT ( 'NONE',  ( -11.29200703698883324, 74.99999999999998579, 10.87393290544530267 ) ) ;
#1284 = DIRECTION ( 'NONE',  ( -0.000000000000000000, -0.000000000000000000, 1.000000000000000000 ) ) ;
#1285 = ORIENTED_EDGE ( 'NONE', *, *, #3679, .T. ) ;
#1286 = EDGE_CURVE ( 'NONE', #3788, #3229, #3459, .T. ) ;
#1287 = ADVANCED_BREP_SHAPE_REPRESENTATION ( '\X2\7f384f53\X0\', ( #1591, #2116 ), #3052 ) ;
#1288 = CIRCLE ( 'NONE', #2902, 2.000000000000001776 ) ;
#1289 = FACE_OUTER_BOUND ( 'NONE', #2435, .T. ) ;
#1290 = CIRCLE ( 'NONE', #2575, 2.999999999999999112 ) ;
#1291 = ORIENTED_EDGE ( 'NONE', *, *, #711, .F. ) ;
#1292 = ORIENTED_EDGE ( 'NONE', *, *, #3987, .T. ) ;
#1293 = CARTESIAN_POINT ( 'NONE',  ( -14.15130914301329135, 73.04456783970589129, 79.36286391287802644 ) ) ;
#1294 = DIRECTION ( 'NONE',  ( 0.000000000000000000, 0.000000000000000000, -1.000000000000000000 ) ) ;
#1295 = LINE ( 'NONE', #4155, #2783 ) ;
#1296 = PLANE ( 'NONE',  #934 ) ;
#1297 = CARTESIAN_POINT ( 'NONE',  ( -10.93433935910361043, 73.26047293718313824, 69.68510038235918103 ) ) ;
#1298 = ORIENTED_EDGE ( 'NONE', *, *, #555, .F. ) ;
#1299 = ORIENTED_EDGE ( 'NONE', *, *, #153, .F. ) ;
#1300 = ADVANCED_FACE ( 'NONE', ( #3753 ), #3410, .F. ) ;
#1301 = ADVANCED_FACE ( 'NONE', ( #3092, #218 ), #3432, .F. ) ;
#1302 = CARTESIAN_POINT ( 'NONE',  ( -0.03719961863326525647, 75.00000000000001421, 65.99687019780974140 ) ) ;
#1303 = CARTESIAN_POINT ( 'NONE',  ( -36.00000000000000711, -6.071532165918824830E-15, 14.50000000000007461 ) ) ;
#1304 = CIRCLE ( 'NONE', #1632, 3.000000000000000444 ) ;
#1305 = ADVANCED_FACE ( 'NONE', ( #2096 ), #1711, .F. ) ;
#1306 = CARTESIAN_POINT ( 'NONE',  ( 2.029677120443091898, 67.42976768507313068, 31.85991497575912135 ) ) ;
#1307 = ORIENTED_EDGE ( 'NONE', *, *, #2665, .F. ) ;
#1308 = FACE_OUTER_BOUND ( 'NONE', #351, .T. ) ;
#1309 = CONICAL_SURFACE ( 'NONE', #104, 5.099999999999993427, 1.029744258676653201 ) ;
#1310 = EDGE_CURVE ( 'NONE', #3628, #3445, #1383, .T. ) ;
#1311 = CARTESIAN_POINT ( 'NONE',  ( 14.11625505959076499, 73.04402353792100655, 78.71838826615923779 ) ) ;
#1312 = CARTESIAN_POINT ( 'NONE',  ( -7.113574300574022402, 69.26673157961721472, 27.09154644186400418 ) ) ;
#1313 = AXIS2_PLACEMENT_3D ( 'NONE', #566, #1502, #1909 ) ;
#1314 = EDGE_CURVE ( 'NONE', #3909, #1648, #112, .T. ) ;
#1315 = ORIENTED_EDGE ( 'NONE', *, *, #746, .F. ) ;
#1316 = ORIENTED_EDGE ( 'NONE', *, *, #306, .T. ) ;
#1317 = CARTESIAN_POINT ( 'NONE',  ( 0.000000000000000000, 40.00000000000000000, 95.00000000000000000 ) ) ;
#1318 = CARTESIAN_POINT ( 'NONE',  ( 11.33796680513942334, 74.99999999999998579, 80.00000000000000000 ) ) ;
#1319 = DIRECTION ( 'NONE',  ( 0.000000000000000000, 0.000000000000000000, 1.000000000000000000 ) ) ;
#1320 = FACE_BOUND ( 'NONE', #3518, .T. ) ;
#1321 = CARTESIAN_POINT ( 'NONE',  ( -8.472941104299597015, 74.48398974988330679, 68.25758627798920486 ) ) ;
#1322 = ORIENTED_EDGE ( 'NONE', *, *, #3109, .F. ) ;
#1323 = EDGE_LOOP ( 'NONE', ( #2143, #3558, #2503, #4014, #3916 ) ) ;
#1324 = AXIS2_PLACEMENT_3D ( 'NONE', #845, #238, #1568 ) ;
#1325 = CIRCLE ( 'NONE', #657, 2.999999999999999112 ) ;
#1326 = CARTESIAN_POINT ( 'NONE',  ( 19.42932115927006009, 20.53846153846154365, 0.000000000000000000 ) ) ;
#1327 = CARTESIAN_POINT ( 'NONE',  ( -36.00000000000000711, 12.00000000000000000, 49.99999999999997158 ) ) ;
#1328 = ADVANCED_FACE ( 'NONE', ( #832 ), #1205, .F. ) ;
#1329 = CIRCLE ( 'NONE', #3690, 3.000000000000002665 ) ;
#1330 = CARTESIAN_POINT ( 'NONE',  ( -5.029591728426046515, 67.04066321443762888, 31.06870413161299282 ) ) ;
#1331 = VERTEX_POINT ( 'NONE', #877 ) ;
#1332 = ADVANCED_FACE ( 'NONE', ( #1752, #1815 ), #3104, .F. ) ;
#1333 = CARTESIAN_POINT ( 'NONE',  ( 9.671117321090857644, 74.99999999999998579, 72.89581181543620403 ) ) ;
#1334 = CARTESIAN_POINT ( 'NONE',  ( -0.6895401921601643780, 74.99999999999998579, 65.94187933532901980 ) ) ;
#1335 = FACE_OUTER_BOUND ( 'NONE', #2686, .T. ) ;
#1336 = DIRECTION ( 'NONE',  ( 0.000000000000000000, -1.000000000000000000, 0.000000000000000000 ) ) ;
#1337 = AXIS2_PLACEMENT_3D ( 'NONE', #2054, #3280, #102 ) ;
#1338 = CARTESIAN_POINT ( 'NONE',  ( 11.99999999999997513, 72.99999999999998579, 80.00000000000000000 ) ) ;
#1339 = VECTOR ( 'NONE', #3194, 1000.000000000000000 ) ;
#1340 = VERTEX_POINT ( 'NONE', #4069 ) ;
#1341 = EDGE_CURVE ( 'NONE', #1629, #1741, #1477, .T. ) ;
#1342 = DIRECTION ( 'NONE',  ( 0.000000000000000000, 0.000000000000000000, -1.000000000000000000 ) ) ;
#1343 = CARTESIAN_POINT ( 'NONE',  ( 13.99999999999997513, 72.00000000735485628, 11.00232295219849910 ) ) ;
#1344 = FACE_OUTER_BOUND ( 'NONE', #3608, .T. ) ;
#1345 = ADVANCED_FACE ( 'NONE', ( #2724 ), #3119, .T. ) ;
#1346 = CARTESIAN_POINT ( 'NONE',  ( -13.63033422482128465, 72.23684210526312199, 71.63339973465934918 ) ) ;
#1347 = ORIENTED_EDGE ( 'NONE', *, *, #433, .T. ) ;
#1348 = ORIENTED_EDGE ( 'NONE', *, *, #3684, .F. ) ;
#1349 = CARTESIAN_POINT ( 'NONE',  ( 0.000000000000000000, 60.00000000000000711, -10.02630927324501897 ) ) ;
#1350 = CARTESIAN_POINT ( 'NONE',  ( 35.99999999999999289, 12.00000000000000000, 49.99999999999999289 ) ) ;
#1351 = CARTESIAN_POINT ( 'NONE',  ( 10.52452881277882035, 67.69610218295041193, 24.24312769855927741 ) ) ;
#1352 = ORIENTED_EDGE ( 'NONE', *, *, #3401, .T. ) ;
#1353 = CARTESIAN_POINT ( 'NONE',  ( -11.90170013347544398, 75.00000000032812864, 13.25590413623679709 ) ) ;
#1354 = CARTESIAN_POINT ( 'NONE',  ( 5.518050472924803884, 74.75207580215557357, 66.61988023139014103 ) ) ;
#1355 = FACE_BOUND ( 'NONE', #1882, .T. ) ;
#1356 = CARTESIAN_POINT ( 'NONE',  ( 10.52237147443169718, 67.69726680407289621, 24.24539205946719989 ) ) ;
#1357 = EDGE_CURVE ( 'NONE', #603, #265, #1456, .T. ) ;
#1358 = CARTESIAN_POINT ( 'NONE',  ( 11.33796680513942334, 74.99999999999998579, 83.93071351354380738 ) ) ;
#1359 = VERTEX_POINT ( 'NONE', #4033 ) ;
#1360 = DIRECTION ( 'NONE',  ( -1.000000000000000000, -3.097720492815727166E-16, 0.000000000000000000 ) ) ;
#1361 = CARTESIAN_POINT ( 'NONE',  ( 13.64004707447718623, 72.25722337338892487, 74.74395373180520608 ) ) ;
#1362 = DIRECTION ( 'NONE',  ( 0.000000000000000000, 0.000000000000000000, -1.000000000000000000 ) ) ;
#1363 = DIRECTION ( 'NONE',  ( 0.000000000000000000, 0.000000000000000000, -1.000000000000000000 ) ) ;
#1364 = AXIS2_PLACEMENT_3D ( 'NONE', #143, #3396, #2470 ) ;
#1365 = ORIENTED_EDGE ( 'NONE', *, *, #1428, .F. ) ;
#1366 = ORIENTED_EDGE ( 'NONE', *, *, #555, .T. ) ;
#1367 = DIRECTION ( 'NONE',  ( 0.000000000000000000, 0.000000000000000000, 1.000000000000000000 ) ) ;
#1368 = CARTESIAN_POINT ( 'NONE',  ( 0.000000000000000000, 40.00000000000000000, -10.02630927324502075 ) ) ;
#1369 = CARTESIAN_POINT ( 'NONE',  ( 0.8099565013043603656, 67.49172644615632066, 28.98305773091611215 ) ) ;
#1370 = ORIENTED_EDGE ( 'NONE', *, *, #1038, .F. ) ;
#1371 = CARTESIAN_POINT ( 'NONE',  ( 12.39902543155336900, 73.50173401901805903, 72.63190249495723094 ) ) ;
#1372 = CARTESIAN_POINT ( 'NONE',  ( -2.771612039269264471, 59.80714549331334240, 13.56329842975356570 ) ) ;
#1373 = CARTESIAN_POINT ( 'NONE',  ( 2.449293598294706513E-15, 20.00000000000000000, 9.999999999999996447 ) ) ;
#1374 = CARTESIAN_POINT ( 'NONE',  ( -14.00000000000002132, 65.32291452420119526, 15.95778643114461204 ) ) ;
#1375 = EDGE_CURVE ( 'NONE', #522, #2235, #2944, .T. ) ;
#1376 =( NAMED_UNIT ( * ) PLANE_ANGLE_UNIT ( ) SI_UNIT ( $, .RADIAN. ) );
#1377 = CARTESIAN_POINT ( 'NONE',  ( 5.188861523301214085, 74.99999999999997158, 67.08733236513756992 ) ) ;
#1378 = ORIENTED_EDGE ( 'NONE', *, *, #95, .F. ) ;
#1379 = CARTESIAN_POINT ( 'NONE',  ( 0.000000000000000000, 40.00000000000000000, 9.999999999999998224 ) ) ;
#1380 = DIRECTION ( 'NONE',  ( 0.000000000000000000, 1.000000000000000000, -0.000000000000000000 ) ) ;
#1381 = CARTESIAN_POINT ( 'NONE',  ( 13.99999999999997691, 72.17157287525378706, 15.00000000000000000 ) ) ;
#1382 = CARTESIAN_POINT ( 'NONE',  ( -5.295673164706470537, 74.60327706170420470, 65.52149855501826892 ) ) ;
#1383 = CIRCLE ( 'NONE', #645, 2.999999999999999112 ) ;
#1384 = ORIENTED_EDGE ( 'NONE', *, *, #1943, .F. ) ;
#1385 = VERTEX_POINT ( 'NONE', #1901 ) ;
#1386 = CARTESIAN_POINT ( 'NONE',  ( 13.30489799606113088, 72.37444257345980247, 71.00843647313455165 ) ) ;
#1387 = CARTESIAN_POINT ( 'NONE',  ( 35.99999999999999289, -6.071532165918824830E-15, 32.49999999999999289 ) ) ;
#1388 = ORIENTED_EDGE ( 'NONE', *, *, #137, .F. ) ;
#1389 = ADVANCED_FACE ( 'NONE', ( #1289 ), #2536, .T. ) ;
#1390 = CARTESIAN_POINT ( 'NONE',  ( 35.99999999999999289, 3.000000000000000888, 9.999999999999998224 ) ) ;
#1391 = CARTESIAN_POINT ( 'NONE',  ( 5.794414318893897686, 74.72426356382136703, 66.71533325184131513 ) ) ;
#1392 = AXIS2_PLACEMENT_3D ( 'NONE', #220, #1240, #1873 ) ;
#1393 = DIRECTION ( 'NONE',  ( 0.000000000000000000, 0.000000000000000000, 1.000000000000000000 ) ) ;
#1394 = PLANE ( 'NONE',  #1154 ) ;
#1395 = CARTESIAN_POINT ( 'NONE',  ( -11.00000000000002132, 72.17157287525378706, 15.00000000000000000 ) ) ;
#1396 = CARTESIAN_POINT ( 'NONE',  ( 9.671117321090862973, 74.99999999999998579, 72.89581181543620403 ) ) ;
#1397 = CARTESIAN_POINT ( 'NONE',  ( 5.689342759099727864, 74.99999999999998579, 67.31328750932270566 ) ) ;
#1398 = VECTOR ( 'NONE', #2168, 1000.000000000000000 ) ;
#1399 = EDGE_LOOP ( 'NONE', ( #3609, #2373, #671, #381 ) ) ;
#1400 = CARTESIAN_POINT ( 'NONE',  ( 13.95894906200843266, 72.09789766252056609, 72.26446715226074957 ) ) ;
#1401 = DIRECTION ( 'NONE',  ( -0.000000000000000000, 1.000000000000000000, -0.000000000000000000 ) ) ;
#1402 = CARTESIAN_POINT ( 'NONE',  ( -3.311142819417693062, 74.84907115754353413, 65.77116315243289080 ) ) ;
#1403 = ORIENTED_EDGE ( 'NONE', *, *, #2688, .F. ) ;
#1404 = EDGE_LOOP ( 'NONE', ( #389, #1524, #3958, #3388, #3879, #560 ) ) ;
#1405 = AXIS2_PLACEMENT_3D ( 'NONE', #809, #2091, #3700 ) ;
#1406 = DIRECTION ( 'NONE',  ( -0.000000000000000000, -0.000000000000000000, 1.000000000000000000 ) ) ;
#1407 = DIRECTION ( 'NONE',  ( -5.782411586589302418E-16, 3.881899015931666925E-16, -1.000000000000000000 ) ) ;
#1408 = LINE ( 'NONE', #2773, #2718 ) ;
#1409 = VERTEX_POINT ( 'NONE', #3825 ) ;
#1410 = LINE ( 'NONE', #429, #3815 ) ;
#1411 = CARTESIAN_POINT ( 'NONE',  ( -0.6699121587987992843, 75.00000000000001421, 65.87222400072059258 ) ) ;
#1412 = DIRECTION ( 'NONE',  ( 0.000000000000000000, -0.000000000000000000, -1.000000000000000000 ) ) ;
#1413 = DIRECTION ( 'NONE',  ( 0.000000000000000000, 0.000000000000000000, -1.000000000000000000 ) ) ;
#1414 = DIRECTION ( 'NONE',  ( -0.000000000000000000, 1.000000000000000000, -0.000000000000000000 ) ) ;
#1415 = CARTESIAN_POINT ( 'NONE',  ( -12.25699475532900529, 73.53903414047553611, 72.34654064348536906 ) ) ;
#1416 = ORIENTED_EDGE ( 'NONE', *, *, #3906, .T. ) ;
#1417 = FACE_OUTER_BOUND ( 'NONE', #3634, .T. ) ;
#1418 = CARTESIAN_POINT ( 'NONE',  ( -1.007759303010797636, 57.47261643172124224, 81.74705175952705360 ) ) ;
#1419 = VERTEX_POINT ( 'NONE', #3189 ) ;
#1420 = ORIENTED_EDGE ( 'NONE', *, *, #701, .T. ) ;
#1421 = CARTESIAN_POINT ( 'NONE',  ( -12.00000000000002842, 74.99999999999998579, 79.99999999999998579 ) ) ;
#1422 = DIRECTION ( 'NONE',  ( 0.000000000000000000, 0.000000000000000000, 1.000000000000000000 ) ) ;
#1423 = DIRECTION ( 'NONE',  ( -1.000000000000000000, 0.000000000000000000, 0.000000000000000000 ) ) ;
#1424 = ADVANCED_FACE ( 'NONE', ( #2579, #1536 ), #2906, .T. ) ;
#1425 = ORIENTED_EDGE ( 'NONE', *, *, #2960, .F. ) ;
#1426 = ORIENTED_EDGE ( 'NONE', *, *, #2777, .T. ) ;
#1427 = FACE_OUTER_BOUND ( 'NONE', #3842, .T. ) ;
#1428 = EDGE_CURVE ( 'NONE', #535, #929, #331, .T. ) ;
#1429 = CARTESIAN_POINT ( 'NONE',  ( -13.62507331217985573, 74.61619473478455689, 79.99999999999998579 ) ) ;
#1430 = DIRECTION ( 'NONE',  ( -0.000000000000000000, -0.000000000000000000, 1.000000000000000000 ) ) ;
#1431 = CARTESIAN_POINT ( 'NONE',  ( -2.312249789818692165E-14, 60.99999999999998579, 15.00000000000000000 ) ) ;
#1432 = CARTESIAN_POINT ( 'NONE',  ( -4.917992049349723338, 74.99999999999998579, 67.60730530632081070 ) ) ;
#1433 = AXIS2_PLACEMENT_3D ( 'NONE', #2666, #3585, #441 ) ;
#1434 = CARTESIAN_POINT ( 'NONE',  ( -2.370566304063804546E-14, 74.99999999999998579, 15.00000000000000000 ) ) ;
#1435 = EDGE_LOOP ( 'NONE', ( #1684, #3953 ) ) ;
#1436 = AXIS2_PLACEMENT_3D ( 'NONE', #3867, #2517, #982 ) ;
#1437 = EDGE_CURVE ( 'NONE', #3689, #4058, #3555, .T. ) ;
#1438 = CARTESIAN_POINT ( 'NONE',  ( 14.15799696670187657, 73.02449168976899330, 81.31035638821373368 ) ) ;
#1439 = ORIENTED_EDGE ( 'NONE', *, *, #182, .T. ) ;
#1440 = CIRCLE ( 'NONE', #2047, 7.500000000000000000 ) ;
#1441 = ORIENTED_EDGE ( 'NONE', *, *, #1589, .F. ) ;
#1442 = CARTESIAN_POINT ( 'NONE',  ( -13.62507331217986106, 74.61619473478457110, 80.00000000000000000 ) ) ;
#1443 = CARTESIAN_POINT ( 'NONE',  ( 27.50000000000000000, 40.00000000000000000, 62.00000000000000000 ) ) ;
#1444 = CARTESIAN_POINT ( 'NONE',  ( 13.99999999999997691, 71.99999999999998579, 15.00000000000000000 ) ) ;
#1445 = ORIENTED_EDGE ( 'NONE', *, *, #1641, .F. ) ;
#1446 = EDGE_CURVE ( 'NONE', #3909, #1779, #2266, .T. ) ;
#1447 = CARTESIAN_POINT ( 'NONE',  ( -14.15521959005934249, 73.03280764515145052, 79.99999999999998579 ) ) ;
#1448 = DIRECTION ( 'NONE',  ( 0.000000000000000000, 1.000000000000000000, 0.000000000000000000 ) ) ;
#1449 = ADVANCED_FACE ( 'NONE', ( #2493 ), #3845, .T. ) ;
#1450 = CIRCLE ( 'NONE', #3752, 5.000000000000004441 ) ;
#1451 = AXIS2_PLACEMENT_3D ( 'NONE', #2542, #691, #315 ) ;
#1452 = CARTESIAN_POINT ( 'NONE',  ( 35.99999999999999289, 0.000000000000000000, 0.000000000000000000 ) ) ;
#1453 = DIRECTION ( 'NONE',  ( -1.000000000000000000, 0.000000000000000000, 0.000000000000000000 ) ) ;
#1454 = CIRCLE ( 'NONE', #594, 12.00000000000000178 ) ;
#1455 = EDGE_LOOP ( 'NONE', ( #1298, #2405, #3765, #816 ) ) ;
#1456 = LINE ( 'NONE', #1122, #2456 ) ;
#1457 = ORIENTED_EDGE ( 'NONE', *, *, #1693, .T. ) ;
#1458 = ORIENTED_EDGE ( 'NONE', *, *, #2492, .T. ) ;
#1459 = EDGE_CURVE ( 'NONE', #2075, #4052, #4149, .T. ) ;
#1460 = VECTOR ( 'NONE', #1541, 1000.000000000000000 ) ;
#1461 = EDGE_CURVE ( 'NONE', #2145, #1741, #941, .T. ) ;
#1462 = CARTESIAN_POINT ( 'NONE',  ( 7.020842132956143899, 74.29049513550917538, 66.67535052242928373 ) ) ;
#1463 = DIRECTION ( 'NONE',  ( -1.000000000000000000, 0.000000000000000000, 0.000000000000000000 ) ) ;
#1464 = CARTESIAN_POINT ( 'NONE',  ( -36.00000000000000711, 3.000000000000000888, 49.99999999999997158 ) ) ;
#1465 = ORIENTED_EDGE ( 'NONE', *, *, #1357, .T. ) ;
#1466 = VERTEX_POINT ( 'NONE', #2176 ) ;
#1467 = CARTESIAN_POINT ( 'NONE',  ( -15.65789473684212751, 71.30224165151710736, 95.00000000000000000 ) ) ;
#1468 = DIRECTION ( 'NONE',  ( -1.000000000000000000, 0.000000000000000000, 0.000000000000000000 ) ) ;
#1469 = CARTESIAN_POINT ( 'NONE',  ( 13.99999999999997691, 72.04969095494980991, 11.80287373199417544 ) ) ;
#1470 = DIRECTION ( 'NONE',  ( -1.000000000000000000, -2.915825712255602780E-16, 0.000000000000000000 ) ) ;
#1471 = DIRECTION ( 'NONE',  ( 0.000000000000000000, 1.000000000000000000, 0.000000000000000000 ) ) ;
#1472 = CARTESIAN_POINT ( 'NONE',  ( -1.897595499092505245, 57.39688719612964718, 79.35476782930746253 ) ) ;
#1473 = CARTESIAN_POINT ( 'NONE',  ( -2.254818620740946654E-16, 74.99999999999998579, 66.00000000000000000 ) ) ;
#1474 = EDGE_CURVE ( 'NONE', #1385, #987, #2954, .T. ) ;
#1475 = EDGE_CURVE ( 'NONE', #3546, #149, #3227, .T. ) ;
#1476 = AXIS2_PLACEMENT_3D ( 'NONE', #1434, #3319, #1118 ) ;
#1477 = LINE ( 'NONE', #3709, #2992 ) ;
#1478 = EDGE_LOOP ( 'NONE', ( #3137, #2923 ) ) ;
#1479 = ORIENTED_EDGE ( 'NONE', *, *, #868, .T. ) ;
#1480 = CARTESIAN_POINT ( 'NONE',  ( 9.836931246553518804, 74.30060674516376196, 69.41601424197800441 ) ) ;
#1481 = ADVANCED_FACE ( 'NONE', ( #940, #918 ), #289, .F. ) ;
#1482 = CARTESIAN_POINT ( 'NONE',  ( 1.930146409083984826, 59.90734035714599059, 17.66223542304364003 ) ) ;
#1483 = CARTESIAN_POINT ( 'NONE',  ( 14.79864858694883090, 75.00000000000009948, 71.63339973465940602 ) ) ;
#1484 = CARTESIAN_POINT ( 'NONE',  ( 7.670014062387788378, 74.99999999999998579, 69.89576427266993619 ) ) ;
#1485 = VERTEX_POINT ( 'NONE', #1555 ) ;
#1486 = ORIENTED_EDGE ( 'NONE', *, *, #4103, .T. ) ;
#1487 = DIRECTION ( 'NONE',  ( 0.000000000000000000, 1.000000000000000000, 0.000000000000000000 ) ) ;
#1488 = CARTESIAN_POINT ( 'NONE',  ( -2.524446883657528229, 74.95267466958610214, 66.00371960221875156 ) ) ;
#1489 = CARTESIAN_POINT ( 'NONE',  ( 15.65789473684207245, 71.30224165151713578, 80.00000000000000000 ) ) ;
#1490 = AXIS2_PLACEMENT_3D ( 'NONE', #3722, #3358, #828 ) ;
#1491 = CARTESIAN_POINT ( 'NONE',  ( -8.571197185752462033, 68.67280447499119589, 26.07870946865721251 ) ) ;
#1492 = FACE_OUTER_BOUND ( 'NONE', #1734, .T. ) ;
#1493 = CARTESIAN_POINT ( 'NONE',  ( 0.000000000000000000, 39.99999999999998579, 95.00000000000000000 ) ) ;
#1494 = CARTESIAN_POINT ( 'NONE',  ( 12.24583820898505238, 74.81816843501783865, 73.95312425861929739 ) ) ;
#1495 = EDGE_CURVE ( 'NONE', #1052, #3954, #2424, .T. ) ;
#1496 = ADVANCED_FACE ( 'NONE', ( #580 ), #1268, .F. ) ;
#1497 = ORIENTED_EDGE ( 'NONE', *, *, #326, .T. ) ;
#1498 = CARTESIAN_POINT ( 'NONE',  ( 9.646668731792610529, 73.65250692046119241, 68.32721166192044393 ) ) ;
#1499 = CIRCLE ( 'NONE', #240, 17.49999999999999645 ) ;
#1500 = CARTESIAN_POINT ( 'NONE',  ( 2.907437769382997139, 59.78766669871544792, 16.04508515732470997 ) ) ;
#1501 = CARTESIAN_POINT ( 'NONE',  ( -2.312249789818692165E-14, 72.99999999999998579, 20.09999999999999787 ) ) ;
#1502 = DIRECTION ( 'NONE',  ( 0.000000000000000000, 0.000000000000000000, -1.000000000000000000 ) ) ;
#1503 = VERTEX_POINT ( 'NONE', #349 ) ;
#1504 = ORIENTED_EDGE ( 'NONE', *, *, #1746, .T. ) ;
#1505 = CARTESIAN_POINT ( 'NONE',  ( -0.9392840977038476868, 74.99392238017128420, 65.94986334626565849 ) ) ;
#1506 = DIRECTION ( 'NONE',  ( -0.8996451086905432604, 0.000000000000000000, 0.4366218941019571198 ) ) ;
#1507 = CARTESIAN_POINT ( 'NONE',  ( -11.02599347619269210, 65.24475243396139490, 23.65983904594165566 ) ) ;
#1508 = EDGE_CURVE ( 'NONE', #1802, #1545, #1830, .T. ) ;
#1509 = CARTESIAN_POINT ( 'NONE',  ( 35.99999999999999289, 12.00000000000000000, 30.00000000000000000 ) ) ;
#1510 = ADVANCED_FACE ( 'NONE', ( #1922 ), #2307, .F. ) ;
#1511 = CARTESIAN_POINT ( 'NONE',  ( 35.99999999999999289, 3.000000000000000888, 5.499999999999965361 ) ) ;
#1512 = CARTESIAN_POINT ( 'NONE',  ( 45.99999999999999289, 12.00000000000000000, 60.00000000000000000 ) ) ;
#1513 = CIRCLE ( 'NONE', #454, 27.50000000000000000 ) ;
#1514 = CIRCLE ( 'NONE', #3687, 27.50000000000000000 ) ;
#1515 = DIRECTION ( 'NONE',  ( -0.000000000000000000, 0.000000000000000000, 1.000000000000000000 ) ) ;
#1516 = CIRCLE ( 'NONE', #931, 3.999999999999996447 ) ;
#1517 = VERTEX_POINT ( 'NONE', #1225 ) ;
#1518 = ORIENTED_EDGE ( 'NONE', *, *, #1035, .T. ) ;
#1519 = CARTESIAN_POINT ( 'NONE',  ( 0.6697785039895021164, 75.00000000000001421, 65.87174689673373962 ) ) ;
#1520 = CARTESIAN_POINT ( 'NONE',  ( 24.99999999999999289, -6.123233995736764507E-15, 60.00000000000000000 ) ) ;
#1521 = DIRECTION ( 'NONE',  ( -0.7071067811865439090, 8.659560562354889717E-17, 0.7071067811865512365 ) ) ;
#1522 = FACE_OUTER_BOUND ( 'NONE', #1148, .T. ) ;
#1523 = FACE_OUTER_BOUND ( 'NONE', #369, .T. ) ;
#1524 = ORIENTED_EDGE ( 'NONE', *, *, #3838, .T. ) ;
#1525 = ORIENTED_EDGE ( 'NONE', *, *, #167, .T. ) ;
#1526 = CIRCLE ( 'NONE', #935, 30.50000000000000000 ) ;
#1527 = CARTESIAN_POINT ( 'NONE',  ( -11.68927177126293770, 73.68670383216201003, 71.37535782473888446 ) ) ;
#1528 = DIRECTION ( 'NONE',  ( -0.000000000000000000, 1.242141978321335985E-16, -1.000000000000000000 ) ) ;
#1529 = CARTESIAN_POINT ( 'NONE',  ( -12.44486013662556800, 64.52494304088780552, 24.93952067955605045 ) ) ;
#1530 = AXIS2_PLACEMENT_3D ( 'NONE', #3536, #2273, #3175 ) ;
#1531 = AXIS2_PLACEMENT_3D ( 'NONE', #4046, #1430, #2697 ) ;
#1532 = PLANE ( 'NONE',  #67 ) ;
#1533 = CARTESIAN_POINT ( 'NONE',  ( -11.33796680513946953, 74.99999999999998579, 83.93071351354385001 ) ) ;
#1534 = CARTESIAN_POINT ( 'NONE',  ( 14.15521959005929631, 73.03280764515146473, 80.00000000000000000 ) ) ;
#1535 = ORIENTED_EDGE ( 'NONE', *, *, #2322, .T. ) ;
#1536 = FACE_OUTER_BOUND ( 'NONE', #3404, .T. ) ;
#1537 = VERTEX_POINT ( 'NONE', #3249 ) ;
#1538 = DIRECTION ( 'NONE',  ( -0.000000000000000000, 1.242141978321335985E-16, -1.000000000000000000 ) ) ;
#1539 = CARTESIAN_POINT ( 'NONE',  ( -36.00000000000000711, -6.071532165918824830E-15, 10.00000000000002132 ) ) ;
#1540 = CARTESIAN_POINT ( 'NONE',  ( 22.96192500641007328, 17.00000000000000355, 106.7108694571594043 ) ) ;
#1541 = DIRECTION ( 'NONE',  ( -2.915825712255602780E-16, 1.000000000000000000, -0.000000000000000000 ) ) ;
#1542 = CARTESIAN_POINT ( 'NONE',  ( 35.99999999999999289, 0.000000000000000000, 10.00000000000000178 ) ) ;
#1543 = DIRECTION ( 'NONE',  ( 0.000000000000000000, 0.000000000000000000, 1.000000000000000000 ) ) ;
#1544 = ORIENTED_EDGE ( 'NONE', *, *, #4121, .T. ) ;
#1545 = VERTEX_POINT ( 'NONE', #1358 ) ;
#1546 = CARTESIAN_POINT ( 'NONE',  ( -3.136069064544759755, 74.92529496313123616, 66.07335530692813563 ) ) ;
#1547 = LINE ( 'NONE', #3755, #2063 ) ;
#1548 = CARTESIAN_POINT ( 'NONE',  ( -5.502956689998478090, 66.94790997159157087, 30.87630830961997219 ) ) ;
#1549 = VERTEX_POINT ( 'NONE', #1338 ) ;
#1550 = CARTESIAN_POINT ( 'NONE',  ( 35.99999999999999289, -6.071532165918824830E-15, 54.50000000000000000 ) ) ;
#1551 = VECTOR ( 'NONE', #1024, 1000.000000000000000 ) ;
#1552 = CARTESIAN_POINT ( 'NONE',  ( -35.99999999999997868, -6.071532165918824830E-15, 32.49999999999999289 ) ) ;
#1553 = DIRECTION ( 'NONE',  ( -1.000000000000000000, 0.000000000000000000, 0.000000000000000000 ) ) ;
#1554 = ORIENTED_EDGE ( 'NONE', *, *, #1702, .F. ) ;
#1555 = CARTESIAN_POINT ( 'NONE',  ( -2.778967198967581745E-14, 59.13733208101454153, 78.00000000000000000 ) ) ;
#1556 = ORIENTED_EDGE ( 'NONE', *, *, #2090, .F. ) ;
#1557 = ORIENTED_EDGE ( 'NONE', *, *, #1608, .T. ) ;
#1558 = CARTESIAN_POINT ( 'NONE',  ( -14.32225266655051499, 71.95977861157419397, 77.30828780193901650 ) ) ;
#1559 = EDGE_CURVE ( 'NONE', #3004, #929, #1896, .T. ) ;
#1560 = DIRECTION ( 'NONE',  ( 0.000000000000000000, 0.000000000000000000, -1.000000000000000000 ) ) ;
#1561 = CARTESIAN_POINT ( 'NONE',  ( 14.15521959005929631, 73.03280764515146473, 80.00000000000000000 ) ) ;
#1562 = CARTESIAN_POINT ( 'NONE',  ( -35.99999999999999289, 12.00000000000000000, 10.00000000000000178 ) ) ;
#1563 = DIRECTION ( 'NONE',  ( 0.000000000000000000, 1.000000000000000000, 0.000000000000000000 ) ) ;
#1564 = ORIENTED_EDGE ( 'NONE', *, *, #1038, .T. ) ;
#1565 = ORIENTED_EDGE ( 'NONE', *, *, #280, .T. ) ;
#1566 = CONICAL_SURFACE ( 'NONE', #3607, 5.099999999999993427, 1.029744258676653201 ) ;
#1567 = LINE ( 'NONE', #1349, #1115 ) ;
#1568 = DIRECTION ( 'NONE',  ( -1.000000000000000000, 0.000000000000000000, 0.000000000000000000 ) ) ;
#1569 = CARTESIAN_POINT ( 'NONE',  ( -12.12480771644000299, 66.72008520797906783, 22.05760744625549208 ) ) ;
#1570 =( BOUNDED_SURFACE ( )  B_SPLINE_SURFACE ( 3, 2, ( 
 ( #1447, #1429, #491 ),
 ( #1764, #4023, #546 ),
 ( #3774, #866, #596 ),
 ( #2164, #1893, #2128 ),
 ( #1829, #3166, #282 ),
 ( #570, #1259, #2820 ) ),
 .UNSPECIFIED., .F., .F., .F. ) 
 B_SPLINE_SURFACE_WITH_KNOTS ( ( 4, 2, 4 ),
 ( 3, 3 ),
 ( 0.007104963109620428784, 0.009066756027545851485, 0.01102854894547127332 ),
 ( 0.000000000000000000, 1.000000000000000000 ),
 .UNSPECIFIED. ) 
 GEOMETRIC_REPRESENTATION_ITEM ( )  RATIONAL_B_SPLINE_SURFACE ( (
 ( 1.000000000000000000, 0.8737718803117967559, 1.000000000000000000),
 ( 1.000000000000000000, 0.8737712242500217386, 1.000000000000000000),
 ( 1.000000000000000000, 0.8689296669630718339, 1.000000000000000000),
 ( 1.000000000000000000, 0.8496556884804774556, 1.000000000000000000),
 ( 1.000000000000000000, 0.8352589453221890281, 1.000000000000000000),
 ( 1.000000000000000000, 0.8157456167995867924, 1.000000000000000000) ) ) 
 REPRESENTATION_ITEM ( '' )  SURFACE ( )  );
#1571 = DIRECTION ( 'NONE',  ( 1.000000000000000000, -2.915825712255602780E-16, -0.000000000000000000 ) ) ;
#1572 = PRODUCT ( '\X2\7f384f53\X0\', '\X2\7f384f53\X0\', '', ( #2311 ) ) ;
#1573 = DIRECTION ( 'NONE',  ( 0.000000000000000000, 0.000000000000000000, 1.000000000000000000 ) ) ;
#1574 = ORIENTED_EDGE ( 'NONE', *, *, #3109, .T. ) ;
#1575 = DIRECTION ( 'NONE',  ( 0.000000000000000000, -0.000000000000000000, -1.000000000000000000 ) ) ;
#1576 = EDGE_LOOP ( 'NONE', ( #3424, #718, #3403, #3230 ) ) ;
#1577 = ORIENTED_EDGE ( 'NONE', *, *, #4005, .F. ) ;
#1578 = DIRECTION ( 'NONE',  ( -0.000000000000000000, -0.000000000000000000, 1.000000000000000000 ) ) ;
#1579 = CARTESIAN_POINT ( 'NONE',  ( -2.312249789818692165E-14, 60.99999999999998579, 20.09999999999999432 ) ) ;
#1580 = AXIS2_PLACEMENT_3D ( 'NONE', #1350, #638, #1955 ) ;
#1581 = CARTESIAN_POINT ( 'NONE',  ( -2.249792803062177492E-14, 60.99999999999998579, 9.900000000000003908 ) ) ;
#1582 = LINE ( 'NONE', #1009, #1065 ) ;
#1583 = CYLINDRICAL_SURFACE ( 'NONE', #550, 4.500000000000003553 ) ;
#1584 = EDGE_LOOP ( 'NONE', ( #3970, #1149, #878, #1972 ) ) ;
#1585 = VERTEX_POINT ( 'NONE', #2678 ) ;
#1586 = EDGE_CURVE ( 'NONE', #1517, #3733, #2619, .T. ) ;
#1587 = DIRECTION ( 'NONE',  ( -0.000000000000000000, -0.000000000000000000, 1.000000000000000000 ) ) ;
#1588 = CARTESIAN_POINT ( 'NONE',  ( -14.00000000000002132, 72.04969095494976727, 11.80287373199417189 ) ) ;
#1589 = EDGE_CURVE ( 'NONE', #1485, #1419, #90, .T. ) ;
#1590 = CARTESIAN_POINT ( 'NONE',  ( 10.50241976335736283, 65.41831569950984715, 27.39417371794042921 ) ) ;
#1591 = MANIFOLD_SOLID_BREP ( '\X2\501289d2\X0\1', #762 ) ;
#1592 = LINE ( 'NONE', #1981, #2930 ) ;
#1593 = CARTESIAN_POINT ( 'NONE',  ( -2.000000000000019984, 57.38533865071369888, 80.00000000000000000 ) ) ;
#1594 = CYLINDRICAL_SURFACE ( 'NONE', #2899, 4.500000000000003553 ) ;
#1595 = VECTOR ( 'NONE', #3639, 1000.000000000000000 ) ;
#1596 = CARTESIAN_POINT ( 'NONE',  ( -2.759985173580797292E-14, 72.99999999999998579, 74.90000000000000568 ) ) ;
#1597 = ADVANCED_FACE ( 'NONE', ( #410 ), #291, .F. ) ;
#1598 = ORIENTED_EDGE ( 'NONE', *, *, #1891, .F. ) ;
#1599 = ORIENTED_EDGE ( 'NONE', *, *, #1891, .T. ) ;
#1600 = CARTESIAN_POINT ( 'NONE',  ( -15.65789473654506025, 71.30224165166571026, 79.25924006647936437 ) ) ;
#1601 = ADVANCED_FACE ( 'NONE', ( #1044 ), #1078, .F. ) ;
#1602 = DIRECTION ( 'NONE',  ( -0.000000000000000000, -0.000000000000000000, -1.000000000000000000 ) ) ;
#1603 = CARTESIAN_POINT ( 'NONE',  ( -45.99999999999999289, 0.000000000000000000, 49.99999999999999289 ) ) ;
#1604 = DIRECTION ( 'NONE',  ( -1.000000000000000000, 0.000000000000000000, -0.000000000000000000 ) ) ;
#1605 = CARTESIAN_POINT ( 'NONE',  ( -14.84605716172355372, 63.14888409249001455, 19.26315973257736403 ) ) ;
#1606 = ORIENTED_EDGE ( 'NONE', *, *, #1959, .T. ) ;
#1607 = EDGE_LOOP ( 'NONE', ( #1753, #2560, #83, #3744 ) ) ;
#1608 = EDGE_CURVE ( 'NONE', #3267, #535, #3274, .T. ) ;
#1609 = CARTESIAN_POINT ( 'NONE',  ( -0.06289684023766223264, 74.99998214527033724, 65.99479211785455846 ) ) ;
#1610 = DIRECTION ( 'NONE',  ( -0.000000000000000000, 1.000000000000000000, -0.000000000000000000 ) ) ;
#1611 = AXIS2_PLACEMENT_3D ( 'NONE', #3329, #3974, #2404 ) ;
#1612 = CARTESIAN_POINT ( 'NONE',  ( -3.303494927187605068, 67.31442340064364771, 28.61760665485350330 ) ) ;
#1613 = ORIENTED_EDGE ( 'NONE', *, *, #2510, .F. ) ;
#1614 = CARTESIAN_POINT ( 'NONE',  ( -14.00000000000002309, 72.04963674989971878, 11.80192644887761588 ) ) ;
#1615 = CARTESIAN_POINT ( 'NONE',  ( 35.99999999999999289, -6.071532165918824830E-15, 49.99999999999999289 ) ) ;
#1616 = DIRECTION ( 'NONE',  ( -2.915825712255602780E-16, 1.000000000000000000, -0.000000000000000000 ) ) ;
#1617 = AXIS2_PLACEMENT_3D ( 'NONE', #4097, #2545, #1213 ) ;
#1618 = CIRCLE ( 'NONE', #2033, 7.500000000000001776 ) ;
#1619 = ORIENTED_EDGE ( 'NONE', *, *, #3193, .T. ) ;
#1620 = CARTESIAN_POINT ( 'NONE',  ( -36.00000000000000711, 12.00000000000000000, 2.500000000000021316 ) ) ;
#1621 = ADVANCED_FACE ( 'NONE', ( #2370, #2308 ), #368, .T. ) ;
#1622 = EDGE_CURVE ( 'NONE', #3025, #2235, #1236, .T. ) ;
#1623 = DIRECTION ( 'NONE',  ( 0.000000000000000000, 0.000000000000000000, -1.000000000000000000 ) ) ;
#1624 = CARTESIAN_POINT ( 'NONE',  ( -14.16898340256974365, 72.99264546796641184, 83.93071351354385001 ) ) ;
#1625 = CARTESIAN_POINT ( 'NONE',  ( 0.000000000000000000, 57.49999999999999289, -10.02630927324501897 ) ) ;
#1626 = CARTESIAN_POINT ( 'NONE',  ( -11.30751179953985819, 73.13647773389087092, 70.18075461022466754 ) ) ;
#1627 = EDGE_CURVE ( 'NONE', #3847, #2645, #962, .T. ) ;
#1628 = ORIENTED_EDGE ( 'NONE', *, *, #1916, .F. ) ;
#1629 = VERTEX_POINT ( 'NONE', #493 ) ;
#1630 = CARTESIAN_POINT ( 'NONE',  ( -0.1175071776112109473, 74.99990797898712458, 65.99055650508071835 ) ) ;
#1631 = CARTESIAN_POINT ( 'NONE',  ( -36.00000000000000711, 12.00000000000000000, 10.00000000000002132 ) ) ;
#1632 = AXIS2_PLACEMENT_3D ( 'NONE', #2521, #1887, #3178 ) ;
#1633 = CARTESIAN_POINT ( 'NONE',  ( 4.560944520065278063, 69.99792574619999641, 28.24436581500862076 ) ) ;
#1634 = ORIENTED_EDGE ( 'NONE', *, *, #2487, .F. ) ;
#1635 = DIRECTION ( 'NONE',  ( -1.000000000000000000, 0.000000000000000000, 0.000000000000000000 ) ) ;
#1636 = CARTESIAN_POINT ( 'NONE',  ( -2.466729901694480809, 59.84757890554580939, 17.02127465710417908 ) ) ;
#1637 = CARTESIAN_POINT ( 'NONE',  ( -36.00000000000000711, 3.000000000000000888, 10.00000000000002132 ) ) ;
#1638 = CARTESIAN_POINT ( 'NONE',  ( -8.591790454119822229, 68.66364900277713446, 26.06259428169351722 ) ) ;
#1639 = CIRCLE ( 'NONE', #913, 7.500000000000000000 ) ;
#1640 = ADVANCED_FACE ( 'NONE', ( #4048 ), #1160, .F. ) ;
#1641 = EDGE_CURVE ( 'NONE', #3933, #3250, #1290, .T. ) ;
#1642 =( NAMED_UNIT ( * ) SI_UNIT ( $, .STERADIAN. ) SOLID_ANGLE_UNIT ( ) );
#1643 = EDGE_LOOP ( 'NONE', ( #77, #1299 ) ) ;
#1644 = CARTESIAN_POINT ( 'NONE',  ( 0.000000000000000000, 60.00000000000000711, 35.00000000000000000 ) ) ;
#1645 = DIRECTION ( 'NONE',  ( -1.000000000000000000, -2.915825712255602287E-16, 0.000000000000000000 ) ) ;
#1646 = DIRECTION ( 'NONE',  ( 0.000000000000000000, 0.000000000000000000, 1.000000000000000000 ) ) ;
#1647 = CARTESIAN_POINT ( 'NONE',  ( -12.12707460960274730, 72.83479168038186913, 69.32791196758861929 ) ) ;
#1648 = VERTEX_POINT ( 'NONE', #1137 ) ;
#1649 = ORIENTED_EDGE ( 'NONE', *, *, #3399, .T. ) ;
#1650 = CIRCLE ( 'NONE', #2534, 2.999999999999999112 ) ;
#1651 = CIRCLE ( 'NONE', #3883, 3.999999999999996447 ) ;
#1652 = CARTESIAN_POINT ( 'NONE',  ( 0.000000000000000000, 60.00000000000000000, 10.00000000000000000 ) ) ;
#1653 = DIRECTION ( 'NONE',  ( -0.000000000000000000, 1.000000000000000000, -0.000000000000000000 ) ) ;
#1654 = AXIS2_PLACEMENT_3D ( 'NONE', #1631, #1914, #2965 ) ;
#1655 = CARTESIAN_POINT ( 'NONE',  ( 9.107234535253983410, 65.99438876184886738, 25.66344313982280312 ) ) ;
#1656 = EDGE_LOOP ( 'NONE', ( #2398, #553, #1879, #1425, #971 ) ) ;
#1657 = ADVANCED_FACE ( 'NONE', ( #2449 ), #3440, .T. ) ;
#1658 = CARTESIAN_POINT ( 'NONE',  ( -2.288094298708043374E-14, 72.17157287525378706, 15.00000000000000000 ) ) ;
#1659 = CARTESIAN_POINT ( 'NONE',  ( 10.58156298584744093, 73.94946983530167017, 69.92485564940207610 ) ) ;
#1660 = DIRECTION ( 'NONE',  ( -1.000000000000000000, 0.000000000000000000, 0.000000000000000000 ) ) ;
#1661 = B_SPLINE_CURVE_WITH_KNOTS ( 'NONE', 3,
 ( #98, #1415, #812, #2659 ),
 .UNSPECIFIED., .F., .F.,
 ( 4, 4 ),
 ( 0.000000000000000000, 0.0009621049470350634099 ),
 .UNSPECIFIED. ) ;
#1662 = CARTESIAN_POINT ( 'NONE',  ( 9.598824420311506955, 68.18803559919109603, 25.20092852738951805 ) ) ;
#1663 = CIRCLE ( 'NONE', #3286, 10.00000000000000000 ) ;
#1664 = CIRCLE ( 'NONE', #3014, 2.499999999999988454 ) ;
#1665 = PRESENTATION_STYLE_ASSIGNMENT (( #3019 ) ) ;
#1666 = ORIENTED_EDGE ( 'NONE', *, *, #2654, .F. ) ;
#1667 = CARTESIAN_POINT ( 'NONE',  ( 14.54241817368926881, 71.86022132595417133, 78.63945582513809995 ) ) ;
#1668 = CARTESIAN_POINT ( 'NONE',  ( 13.99999999999997513, 72.13648708010886423, 13.39994393586744437 ) ) ;
#1669 = CARTESIAN_POINT ( 'NONE',  ( 13.99999999999997513, 71.99999999999998579, 10.20416847668725602 ) ) ;
#1670 = CARTESIAN_POINT ( 'NONE',  ( -6.139597670319017375, 74.45890502841105274, 66.33974050385046439 ) ) ;
#1671 = AXIS2_PLACEMENT_3D ( 'NONE', #1246, #4108, #3781 ) ;
#1672 = ORIENTED_EDGE ( 'NONE', *, *, #1191, .F. ) ;
#1673 = ORIENTED_EDGE ( 'NONE', *, *, #4001, .F. ) ;
#1674 = CARTESIAN_POINT ( 'NONE',  ( 17.96192500641006973, 17.00000000000000355, 60.00000000000000000 ) ) ;
#1675 = DIRECTION ( 'NONE',  ( 0.000000000000000000, -1.000000000000000000, 0.000000000000000000 ) ) ;
#1676 = CARTESIAN_POINT ( 'NONE',  ( 5.716465198332394415, 66.93693926531199168, 27.82251755715730113 ) ) ;
#1677 = ORIENTED_EDGE ( 'NONE', *, *, #2537, .F. ) ;
#1678 = CIRCLE ( 'NONE', #3466, 35.00000000000000000 ) ;
#1679 = CARTESIAN_POINT ( 'NONE',  ( 10.12103081898130519, 74.99999999999998579, 73.55292817154717966 ) ) ;
#1680 = CARTESIAN_POINT ( 'NONE',  ( 35.99999999999999289, 3.000000000000000888, 17.49999999999999645 ) ) ;
#1681 = DIRECTION ( 'NONE',  ( -0.000000000000000000, -0.000000000000000000, -1.000000000000000000 ) ) ;
#1682 = CARTESIAN_POINT ( 'NONE',  ( 12.53673431525966286, 66.43396454981260035, 21.29675215368854779 ) ) ;
#1683 = CARTESIAN_POINT ( 'NONE',  ( 4.160158355897885407, 74.99999999999998579, 66.70533513947754045 ) ) ;
#1684 = ORIENTED_EDGE ( 'NONE', *, *, #711, .T. ) ;
#1685 = CARTESIAN_POINT ( 'NONE',  ( 1.219761069631207118, 57.45777888174973214, 81.59036747920691823 ) ) ;
#1686 = CARTESIAN_POINT ( 'NONE',  ( 14.36480086140825208, 71.94273083348031150, 77.30778139018735828 ) ) ;
#1687 = AXIS2_PLACEMENT_3D ( 'NONE', #509, #528, #1157 ) ;
#1688 = LINE ( 'NONE', #2683, #2612 ) ;
#1689 = CARTESIAN_POINT ( 'NONE',  ( -6.352454522298937256, 74.70958162484210163, 67.03446853870954669 ) ) ;
#1690 =( GEOMETRIC_REPRESENTATION_CONTEXT ( 3 ) GLOBAL_UNCERTAINTY_ASSIGNED_CONTEXT ( ( #3611 ) ) GLOBAL_UNIT_ASSIGNED_CONTEXT ( ( #1061, #1376, #1642 ) ) REPRESENTATION_CONTEXT ( 'NONE', 'WORKASPACE' ) );
#1691 = ORIENTED_EDGE ( 'NONE', *, *, #3228, .F. ) ;
#1692 = ORIENTED_EDGE ( 'NONE', *, *, #2798, .F. ) ;
#1693 = EDGE_CURVE ( 'NONE', #176, #3847, #3419, .T. ) ;
#1694 = CARTESIAN_POINT ( 'NONE',  ( 12.28255388472532772, 72.79386511574436724, 71.77802489401507557 ) ) ;
#1695 = CARTESIAN_POINT ( 'NONE',  ( 1.507448076686845884, 57.43520476809348452, 78.67901027535195624 ) ) ;
#1696 = CARTESIAN_POINT ( 'NONE',  ( 11.36527634290841426, 67.20129517318031276, 23.18750455261731602 ) ) ;
#1697 = ORIENTED_EDGE ( 'NONE', *, *, #1375, .T. ) ;
#1698 = CARTESIAN_POINT ( 'NONE',  ( 13.99999999999997513, 72.17157287525378706, 14.19977988878620145 ) ) ;
#1699 = CARTESIAN_POINT ( 'NONE',  ( -2.902948582770616515, 59.78832733229869945, 16.06046789612652503 ) ) ;
#1700 = DIRECTION ( 'NONE',  ( -0.000000000000000000, 1.000000000000000000, -0.000000000000000000 ) ) ;
#1701 = CARTESIAN_POINT ( 'NONE',  ( 6.303144789071842169, 69.54290102989703826, 27.53471366854859426 ) ) ;
#1702 = EDGE_CURVE ( 'NONE', #2730, #66, #224, .T. ) ;
#1703 = AXIS2_PLACEMENT_3D ( 'NONE', #3804, #2601, #3889 ) ;
#1704 = DIRECTION ( 'NONE',  ( -1.000000000000000000, 0.000000000000000000, 0.000000000000000000 ) ) ;
#1705 = DIRECTION ( 'NONE',  ( 1.000000000000000000, 2.915825712255602780E-16, 0.000000000000000000 ) ) ;
#1706 = CARTESIAN_POINT ( 'NONE',  ( -35.99999999999997868, -6.071532165918824830E-15, 27.50000000000002132 ) ) ;
#1707 = EDGE_LOOP ( 'NONE', ( #1445, #3091, #1235, #4092, #2556 ) ) ;
#1708 = CARTESIAN_POINT ( 'NONE',  ( 13.49986012362724708, 73.38481856252720092, 75.67042385699717499 ) ) ;
#1709 = CARTESIAN_POINT ( 'NONE',  ( 13.99999999999997335, 74.33396972468952413, 13.27099957124344165 ) ) ;
#1710 = CARTESIAN_POINT ( 'NONE',  ( -1.306698005176378796, 74.98185998221586601, 65.65452996629568361 ) ) ;
#1711 = CONICAL_SURFACE ( 'NONE', #4068, 5.099999999999993427, 1.029744258676653201 ) ;
#1712 = ORIENTED_EDGE ( 'NONE', *, *, #280, .F. ) ;
#1713 = ORIENTED_EDGE ( 'NONE', *, *, #2652, .T. ) ;
#1714 = B_SPLINE_CURVE_WITH_KNOTS ( 'NONE', 3,
 ( #3747, #3087, #858, #588, #2498, #1843, #212, #1482, #839, #1230, #3110, #2750, #3448, #1500, #3133, #2205, #2788, #2811, #2771, #4075, #232, #3493, #1210, #1865, #1187, #564, #3157, #899, #610, #2476, #3785, #3767, #880, #2832 ),
 .UNSPECIFIED., .F., .F.,
 ( 4, 2, 2, 2, 2, 2, 2, 2, 2, 2, 2, 2, 2, 2, 2, 2, 4 ),
 ( 0.006837454169031722401, 0.007470428854917085353, 0.008103403540802448304, 0.008736378226687810389, 0.009369352912573174208, 0.01000232759845853629, 0.01063530228434389838, 0.01126827697022926220, 0.01190125165611461908, 0.01253422634199997596, 0.01316720102788533284, 0.01380017571377069145, 0.01443315039965605007, 0.01506612508554140868, 0.01569909977142676730, 0.01633207445731212418, 0.01696504914319748106 ),
 .UNSPECIFIED. ) ;
#1715 = DIRECTION ( 'NONE',  ( 0.000000000000000000, 0.000000000000000000, -1.000000000000000000 ) ) ;
#1716 = LINE ( 'NONE', #2728, #2799 ) ;
#1717 = CARTESIAN_POINT ( 'NONE',  ( -12.93583439001109170, 73.36403089650754339, 73.79740186114402434 ) ) ;
#1718 = ORIENTED_EDGE ( 'NONE', *, *, #1905, .T. ) ;
#1719 = AXIS2_PLACEMENT_3D ( 'NONE', #3812, #2163, #2756 ) ;
#1720 = EDGE_CURVE ( 'NONE', #3643, #3325, #3520, .T. ) ;
#1721 = CARTESIAN_POINT ( 'NONE',  ( -4.219888065711489666, 74.99999999999998579, 67.25103450107334879 ) ) ;
#1722 = CARTESIAN_POINT ( 'NONE',  ( 7.936459461017210337, 74.46151704815109440, 67.66679094603490796 ) ) ;
#1723 = AXIS2_PLACEMENT_3D ( 'NONE', #801, #3713, #4018 ) ;
#1724 = FACE_OUTER_BOUND ( 'NONE', #4009, .T. ) ;
#1725 = FACE_OUTER_BOUND ( 'NONE', #3874, .T. ) ;
#1726 = DIRECTION ( 'NONE',  ( 1.000000000000000000, 0.000000000000000000, 0.000000000000000000 ) ) ;
#1727 = CARTESIAN_POINT ( 'NONE',  ( -2.822442160337312596E-14, 72.99999999999998579, 80.00000000000000000 ) ) ;
#1728 = DIRECTION ( 'NONE',  ( 1.000000000000000000, 0.000000000000000000, 0.000000000000000000 ) ) ;
#1729 = AXIS2_PLACEMENT_3D ( 'NONE', #2823, #3525, #3148 ) ;
#1730 = CARTESIAN_POINT ( 'NONE',  ( 0.000000000000000000, 40.00000000000000000, 60.00000000000000000 ) ) ;
#1731 = CARTESIAN_POINT ( 'NONE',  ( 35.99999999999999289, 12.00000000000000000, 42.49999999999999289 ) ) ;
#1732 = EDGE_CURVE ( 'NONE', #2730, #2887, #2432, .T. ) ;
#1733 = AXIS2_PLACEMENT_3D ( 'NONE', #3395, #1046, #1988 ) ;
#1734 = EDGE_LOOP ( 'NONE', ( #2867, #3715, #3997, #767, #2399, #1599 ) ) ;
#1735 = ORIENTED_EDGE ( 'NONE', *, *, #1943, .T. ) ;
#1736 = ADVANCED_FACE ( 'NONE', ( #3739 ), #3856, .F. ) ;
#1737 = AXIS2_PLACEMENT_3D ( 'NONE', #3050, #1448, #2044 ) ;
#1738 = LINE ( 'NONE', #2339, #2467 ) ;
#1739 = CARTESIAN_POINT ( 'NONE',  ( 0.000000000000000000, 57.49999999999998579, 35.00000000000000000 ) ) ;
#1740 = DIRECTION ( 'NONE',  ( -0.000000000000000000, 1.000000000000000000, -0.000000000000000000 ) ) ;
#1741 = VERTEX_POINT ( 'NONE', #162 ) ;
#1742 = EDGE_LOOP ( 'NONE', ( #2124, #376, #3290, #1497, #1911, #1938 ) ) ;
#1743 = CARTESIAN_POINT ( 'NONE',  ( 0.000000000000000000, 40.00000000000000000, 0.000000000000000000 ) ) ;
#1744 = FACE_OUTER_BOUND ( 'NONE', #2932, .T. ) ;
#1745 = DIRECTION ( 'NONE',  ( -2.915825712255602780E-16, 1.000000000000000000, -0.000000000000000000 ) ) ;
#1746 = EDGE_CURVE ( 'NONE', #689, #4117, #556, .T. ) ;
#1747 = DIRECTION ( 'NONE',  ( 1.000000000000000000, 0.000000000000000000, -5.782411586589355667E-16 ) ) ;
#1748 = CARTESIAN_POINT ( 'NONE',  ( 14.49055018835160524, 63.37317344636309002, 20.57014299211650155 ) ) ;
#1749 = CARTESIAN_POINT ( 'NONE',  ( -1.925801254857022249, 59.90776843311792277, 17.66631635192043959 ) ) ;
#1750 = CARTESIAN_POINT ( 'NONE',  ( 13.74090810877981639, 63.82517809324771463, 22.61295686877020117 ) ) ;
#1751 = EDGE_LOOP ( 'NONE', ( #1673, #2848, #2302, #12 ) ) ;
#1752 = FACE_BOUND ( 'NONE', #1643, .T. ) ;
#1753 = ORIENTED_EDGE ( 'NONE', *, *, #1693, .F. ) ;
#1754 = VERTEX_POINT ( 'NONE', #2393 ) ;
#1755 = EDGE_CURVE ( 'NONE', #293, #3975, #1618, .T. ) ;
#1756 = DIRECTION ( 'NONE',  ( 1.000000000000000000, 0.000000000000000000, 0.000000000000000000 ) ) ;
#1757 = AXIS2_PLACEMENT_3D ( 'NONE', #2194, #3205, #937 ) ;
#1758 = EDGE_CURVE ( 'NONE', #1857, #192, #1838, .T. ) ;
#1759 = CARTESIAN_POINT ( 'NONE',  ( -22.96192500641007328, 12.00000000000000355, 106.7108694571594043 ) ) ;
#1760 = ADVANCED_FACE ( 'NONE', ( #2222 ), #4124, .F. ) ;
#1761 = DIRECTION ( 'NONE',  ( -1.000000000000000000, 0.000000000000000000, 0.000000000000000000 ) ) ;
#1762 = VERTEX_POINT ( 'NONE', #2883 ) ;
#1763 = CARTESIAN_POINT ( 'NONE',  ( -25.00000000000000000, 5.000000000000000000, 60.00000000000000000 ) ) ;
#1764 = CARTESIAN_POINT ( 'NONE',  ( -14.15521959006076713, 73.03280764514718726, 80.65525466212714889 ) ) ;
#1765 = CARTESIAN_POINT ( 'NONE',  ( 10.41644042644286472, 65.45407064663207564, 27.48341882515536838 ) ) ;
#1766 = CARTESIAN_POINT ( 'NONE',  ( 45.99999999999999289, 12.00000000000000000, 60.00000000000000000 ) ) ;
#1767 = CARTESIAN_POINT ( 'NONE',  ( -1.326002685862310848, 74.97645716070839228, 65.66394394514287569 ) ) ;
#1768 = CARTESIAN_POINT ( 'NONE',  ( 13.62556622498835246, 65.62265083144312428, 18.24985050596851366 ) ) ;
#1769 = CARTESIAN_POINT ( 'NONE',  ( 3.642839586708437327, 74.99999999999998579, 66.54366632467021248 ) ) ;
#1770 = EDGE_CURVE ( 'NONE', #312, #3934, #3447, .T. ) ;
#1771 = ORIENTED_EDGE ( 'NONE', *, *, #3556, .T. ) ;
#1772 = VECTOR ( 'NONE', #2249, 1000.000000000000000 ) ;
#1773 = DIRECTION ( 'NONE',  ( -0.000000000000000000, 1.000000000000000000, -0.000000000000000000 ) ) ;
#1774 = VERTEX_POINT ( 'NONE', #3820 ) ;
#1775 = EDGE_LOOP ( 'NONE', ( #1285, #614, #2161, #3408 ) ) ;
#1776 = DIRECTION ( 'NONE',  ( -0.000000000000000000, -1.000000000000000000, 0.000000000000000000 ) ) ;
#1777 = DIRECTION ( 'NONE',  ( 0.000000000000000000, 1.000000000000000000, 0.000000000000000000 ) ) ;
#1778 = DIRECTION ( 'NONE',  ( 2.915825712255602780E-16, -1.000000000000000000, 0.000000000000000000 ) ) ;
#1779 = VERTEX_POINT ( 'NONE', #1511 ) ;
#1780 = ORIENTED_EDGE ( 'NONE', *, *, #216, .T. ) ;
#1781 = CARTESIAN_POINT ( 'NONE',  ( -2.880758674582424346E-14, 74.99999999999998579, 80.00000000000000000 ) ) ;
#1782 = CARTESIAN_POINT ( 'NONE',  ( -1.549102674581079864, 74.98270338307202110, 65.95043103372776727 ) ) ;
#1783 = DIRECTION ( 'NONE',  ( -0.000000000000000000, 1.000000000000000000, -0.000000000000000000 ) ) ;
#1784 = CARTESIAN_POINT ( 'NONE',  ( 14.40776069841146168, 63.42456128464539233, 20.82575348096683499 ) ) ;
#1785 = EDGE_CURVE ( 'NONE', #2269, #522, #4109, .T. ) ;
#1786 = EDGE_CURVE ( 'NONE', #822, #1835, #1664, .T. ) ;
#1787 = DIRECTION ( 'NONE',  ( -2.915825712255602780E-16, 1.000000000000000000, 0.000000000000000000 ) ) ;
#1788 = TOROIDAL_SURFACE ( 'NONE', #2197, 11.00000000000000000, 3.000000000000000000 ) ;
#1789 = CIRCLE ( 'NONE', #2216, 2.999999999999999112 ) ;
#1790 = CARTESIAN_POINT ( 'NONE',  ( 14.24939798874815367, 71.96922766567932683, 72.91601939692178291 ) ) ;
#1791 = CARTESIAN_POINT ( 'NONE',  ( 16.99999999999996803, 73.98529093593288053, 80.00000000000000000 ) ) ;
#1792 = CARTESIAN_POINT ( 'NONE',  ( 13.99999999999998046, 65.32291452468848547, 15.94805838976651202 ) ) ;
#1793 = CARTESIAN_POINT ( 'NONE',  ( 6.551080990947031779, 74.99999999999998579, 68.81178560831010316 ) ) ;
#1794 = DIRECTION ( 'NONE',  ( 1.000000000000000000, 0.000000000000000000, 0.000000000000000000 ) ) ;
#1795 = VERTEX_POINT ( 'NONE', #957 ) ;
#1796 = ORIENTED_EDGE ( 'NONE', *, *, #852, .T. ) ;
#1797 = CIRCLE ( 'NONE', #4022, 5.099999999999996980 ) ;
#1798 = CARTESIAN_POINT ( 'NONE',  ( 9.051032627907479977, 73.81440147312814304, 66.76312023562547893 ) ) ;
#1799 = DIRECTION ( 'NONE',  ( -0.000000000000000000, 0.000000000000000000, 1.000000000000000000 ) ) ;
#1800 = CARTESIAN_POINT ( 'NONE',  ( -13.55528063782684178, 73.19978476330658168, 75.60583176009045303 ) ) ;
#1801 = EDGE_LOOP ( 'NONE', ( #313, #3106, #2725, #1465, #28 ) ) ;
#1802 = VERTEX_POINT ( 'NONE', #1533 ) ;
#1803 = DIRECTION ( 'NONE',  ( 1.387778780781443901E-15, -1.000000000000000000, 0.000000000000000000 ) ) ;
#1804 = CIRCLE ( 'NONE', #2286, 27.50000000000000000 ) ;
#1805 = CARTESIAN_POINT ( 'NONE',  ( -3.252877854071163810, 74.91931069300719059, 66.08982793959779656 ) ) ;
#1806 = EDGE_CURVE ( 'NONE', #607, #3643, #7, .T. ) ;
#1807 = CARTESIAN_POINT ( 'NONE',  ( 35.99999999999999289, 12.00000000000000000, 17.49999999999999645 ) ) ;
#1808 = CARTESIAN_POINT ( 'NONE',  ( -12.00000000000002842, 72.99999999999998579, 15.00000000000000000 ) ) ;
#1809 = EDGE_CURVE ( 'NONE', #3601, #413, #667, .T. ) ;
#1810 = CARTESIAN_POINT ( 'NONE',  ( 24.99999999999999289, -6.123233995736764507E-15, 0.000000000000000000 ) ) ;
#1811 = B_SPLINE_CURVE_WITH_KNOTS ( 'NONE', 3,
 ( #900, #252, #2853, #4095, #3807, #2458, #2499, #3471, #4056, #2789, #4115, #1820, #1188, #2206, #3768, #859, #1231, #1254 ),
 .UNSPECIFIED., .F., .F.,
 ( 4, 2, 2, 2, 2, 2, 2, 2, 4 ),
 ( -3.741841288181739223E-05, 0.004096823904002492092, 0.006163945062444646343, 0.007197505641665724770, 0.008231066220886800594, 0.01029818737932896612, 0.01133174795855005669, 0.01236530853777114726, 0.01649955085465553209 ),
 .UNSPECIFIED. ) ;
#1812 = CARTESIAN_POINT ( 'NONE',  ( 45.99999999999999289, 12.00000000000000000, 0.000000000000000000 ) ) ;
#1813 = CARTESIAN_POINT ( 'NONE',  ( 14.91792086699041775, 63.10239009403723287, 18.94624704295706863 ) ) ;
#1814 = CIRCLE ( 'NONE', #1476, 12.00000000000000533 ) ;
#1815 = FACE_OUTER_BOUND ( 'NONE', #3888, .T. ) ;
#1816 = ORIENTED_EDGE ( 'NONE', *, *, #1165, .T. ) ;
#1817 = ORIENTED_EDGE ( 'NONE', *, *, #3144, .T. ) ;
#1818 = CARTESIAN_POINT ( 'NONE',  ( 7.981407620717617668, 74.53582225674081485, 67.90430471251279698 ) ) ;
#1819 = DIRECTION ( 'NONE',  ( 0.000000000000000000, 1.000000000000000000, 1.242141978321335985E-16 ) ) ;
#1820 = CARTESIAN_POINT ( 'NONE',  ( 9.995007932390652883, 73.54373149217674666, 67.37384038440572454 ) ) ;
#1821 = DIRECTION ( 'NONE',  ( -1.000000000000000000, 0.000000000000000000, 5.782411586589355667E-16 ) ) ;
#1822 = AXIS2_PLACEMENT_3D ( 'NONE', #578, #3885, #387 ) ;
#1823 = EDGE_CURVE ( 'NONE', #2052, #1234, #2806, .T. ) ;
#1824 = ORIENTED_EDGE ( 'NONE', *, *, #3085, .T. ) ;
#1825 = VERTEX_POINT ( 'NONE', #3862 ) ;
#1826 = CARTESIAN_POINT ( 'NONE',  ( 35.99999999999999289, 3.000000000000000888, 9.999999999999998224 ) ) ;
#1827 = AXIS2_PLACEMENT_3D ( 'NONE', #3429, #3735, #159 ) ;
#1828 = CARTESIAN_POINT ( 'NONE',  ( -6.557004237682788172, 74.63776439472462698, 67.02181090584961964 ) ) ;
#1829 = CARTESIAN_POINT ( 'NONE',  ( -14.16898340178509308, 72.99264547020423777, 83.27557682437696940 ) ) ;
#1830 = CIRCLE ( 'NONE', #2101, 12.00000000000000178 ) ;
#1831 = CARTESIAN_POINT ( 'NONE',  ( -5.730666000591721598, 66.93380482560843348, 27.81576179564434881 ) ) ;
#1832 = DIRECTION ( 'NONE',  ( 1.000000000000000000, 2.915825712255602780E-16, 0.000000000000000000 ) ) ;
#1833 = CARTESIAN_POINT ( 'NONE',  ( 35.99999999999999289, 12.00000000000000000, 9.999999999999998224 ) ) ;
#1834 = CARTESIAN_POINT ( 'NONE',  ( -5.235523787550417474, 74.99999999999997158, 67.07144433212693002 ) ) ;
#1835 = VERTEX_POINT ( 'NONE', #1552 ) ;
#1836 = VECTOR ( 'NONE', #677, 1000.000000000000000 ) ;
#1837 = CARTESIAN_POINT ( 'NONE',  ( 11.99999999999027800, 75.00000000000227374, 80.69554698701290363 ) ) ;
#1838 = B_SPLINE_CURVE_WITH_KNOTS ( 'NONE', 3,
 ( #2413, #849, #3702, #2132, #810, #4027, #2092, #511, #3076, #1472, #1243, #1855, #4105, #1593 ),
 .UNSPECIFIED., .F., .F.,
 ( 4, 2, 2, 2, 2, 2, 4 ),
 ( 0.006258021831191989265, 0.007040453343649446041, 0.007822884856106902818, 0.008214100612335632073, 0.008605316368564359594, 0.008996532124793087115, 0.009387747881021816371 ),
 .UNSPECIFIED. ) ;
#1839 = EDGE_LOOP ( 'NONE', ( #1861, #2062, #2955, #2247 ) ) ;
#1840 = ORIENTED_EDGE ( 'NONE', *, *, #3016, .T. ) ;
#1841 = CARTESIAN_POINT ( 'NONE',  ( 10.93996742929936872, 73.25848972088837741, 69.67856372685112376 ) ) ;
#1842 = VECTOR ( 'NONE', #2251, 1000.000000000000000 ) ;
#1843 = CARTESIAN_POINT ( 'NONE',  ( 1.421258869823431636, 59.95034841304324402, 18.04437381754061676 ) ) ;
#1844 = LINE ( 'NONE', #1501, #3079 ) ;
#1845 = CARTESIAN_POINT ( 'NONE',  ( 2.140549285868856622, 67.42182525909373680, 31.84403010676475887 ) ) ;
#1846 = CARTESIAN_POINT ( 'NONE',  ( 22.96192500641007328, 12.00000000000000355, 60.00000000000000000 ) ) ;
#1847 = CIRCLE ( 'NONE', #1313, 2.999999999999999112 ) ;
#1848 = ORIENTED_EDGE ( 'NONE', *, *, #2665, .T. ) ;
#1849 = VERTEX_POINT ( 'NONE', #665 ) ;
#1850 = CARTESIAN_POINT ( 'NONE',  ( -7.065992308729450500, 74.57575804027645461, 67.24567474258910238 ) ) ;
#1851 = DIRECTION ( 'NONE',  ( -0.000000000000000000, 1.242141978321335985E-16, -1.000000000000000000 ) ) ;
#1852 = B_SPLINE_CURVE_WITH_KNOTS ( 'NONE', 3,
 ( #2618, #1374, #2326, #2905, #3576, #2004, #3296, #2288, #2596, #31, #750, #1963, #3618, #1638, #2025, #1312, #432, #3248, #3923, #1060, #366, #2927, #2991, #75, #56, #1021, #3226, #2306, #3552, #3599, #3271, #1701, #117, #1941, #705, #727, #1662, #2953, #1356, #2577, #2635, #409, #1682, #2658, #3863, #979, #666, #2431, #183, #1094 ),
 .UNSPECIFIED., .F., .F.,
 ( 4, 2, 2, 2, 2, 2, 2, 2, 2, 2, 2, 2, 2, 2, 2, 2, 2, 2, 2, 2, 2, 2, 2, 2, 4 ),
 ( 0.000000000000000000, 0.002819808015466497043, 0.004229712023199745999, 0.005639616030932994087, 0.008459424046399481589, 0.01127923206186596909, 0.01268913606959921024, 0.01409904007733244966, 0.01691884809279895277, 0.01832875210053219739, 0.01973865610826543854, 0.02255846412373191737, 0.02396836813146516199, 0.02537827213919839967, 0.02678817614693164081, 0.02819808015466487849, 0.03101788817013137120, 0.03242779217786461582, 0.03383769618559785697, 0.03524760019333110506, 0.03665750420106434621, 0.03947731221653082850, 0.04088721622426407659, 0.04229712023199732468, 0.04511692824746381392 ),
 .UNSPECIFIED. ) ;
#1853 = CARTESIAN_POINT ( 'NONE',  ( -13.99999999915618076, 63.72357255475434812, 16.01967376597939463 ) ) ;
#1854 = LINE ( 'NONE', #262, #656 ) ;
#1855 = CARTESIAN_POINT ( 'NONE',  ( -1.987005936386083693, 57.38684741657838373, 79.73767538701078195 ) ) ;
#1856 = CARTESIAN_POINT ( 'NONE',  ( -2.822442160337312596E-14, 72.99999999999998579, 80.00000000000000000 ) ) ;
#1857 = VERTEX_POINT ( 'NONE', #2844 ) ;
#1858 = VECTOR ( 'NONE', #3476, 1000.000000000000000 ) ;
#1859 = CIRCLE ( 'NONE', #2407, 17.49999999999999645 ) ;
#1860 = DIRECTION ( 'NONE',  ( -0.000000000000000000, 1.000000000000000000, -0.000000000000000000 ) ) ;
#1861 = ORIENTED_EDGE ( 'NONE', *, *, #1806, .F. ) ;
#1862 = CARTESIAN_POINT ( 'NONE',  ( -15.61349235233070232, 71.32456624277591573, 78.52452383736680019 ) ) ;
#1863 = EDGE_CURVE ( 'NONE', #3325, #3643, #1125, .T. ) ;
#1864 = DIRECTION ( 'NONE',  ( -1.000000000000000000, -2.915825712255602780E-16, 5.782411586589357639E-16 ) ) ;
#1865 = CARTESIAN_POINT ( 'NONE',  ( 2.468628533439384487, 59.84733781011284748, 12.98185514123948359 ) ) ;
#1866 = DIRECTION ( 'NONE',  ( 1.000000000000000000, 0.000000000000000000, 0.000000000000000000 ) ) ;
#1867 = CARTESIAN_POINT ( 'NONE',  ( 35.99999999999999289, 3.000000000000000888, 17.49999999999999645 ) ) ;
#1868 = DIRECTION ( 'NONE',  ( 0.000000000000000000, 0.000000000000000000, -1.000000000000000000 ) ) ;
#1869 = ORIENTED_EDGE ( 'NONE', *, *, #1023, .T. ) ;
#1870 = VERTEX_POINT ( 'NONE', #3504 ) ;
#1871 = AXIS2_PLACEMENT_3D ( 'NONE', #2576, #3482, #243 ) ;
#1872 = DIRECTION ( 'NONE',  ( -1.000000000000000000, 0.000000000000000000, 0.000000000000000000 ) ) ;
#1873 = DIRECTION ( 'NONE',  ( 0.000000000000000000, 0.000000000000000000, 1.000000000000000000 ) ) ;
#1874 = CARTESIAN_POINT ( 'NONE',  ( -8.762206545772157185, 66.11166275578514728, 25.94862276702170334 ) ) ;
#1875 = AXIS2_PLACEMENT_3D ( 'NONE', #3322, #530, #61 ) ;
#1876 = CARTESIAN_POINT ( 'NONE',  ( -2.370566304063804546E-14, 74.99999999999998579, 15.00000000000000000 ) ) ;
#1877 = DIRECTION ( 'NONE',  ( -2.915825712255602780E-16, 1.000000000000000000, 0.000000000000000000 ) ) ;
#1878 = CARTESIAN_POINT ( 'NONE',  ( 12.00000000022764191, 74.99999999994621191, 79.41429753106638145 ) ) ;
#1879 = ORIENTED_EDGE ( 'NONE', *, *, #710, .F. ) ;
#1880 = EDGE_CURVE ( 'NONE', #3540, #1585, #622, .T. ) ;
#1881 = CARTESIAN_POINT ( 'NONE',  ( -24.99999999999999289, -6.123233995736764507E-15, 60.00000000000000000 ) ) ;
#1882 = EDGE_LOOP ( 'NONE', ( #135, #1083 ) ) ;
#1883 = CARTESIAN_POINT ( 'NONE',  ( 35.99999999999999289, 3.000000000000000888, 49.99999999999999289 ) ) ;
#1884 = DIRECTION ( 'NONE',  ( 0.000000000000000000, 0.000000000000000000, -1.000000000000000000 ) ) ;
#1885 = FACE_OUTER_BOUND ( 'NONE', #3925, .T. ) ;
#1886 = DIRECTION ( 'NONE',  ( -0.000000000000000000, 1.000000000000000000, -0.000000000000000000 ) ) ;
#1887 = DIRECTION ( 'NONE',  ( -0.4366218941021469679, -2.524727499414843553E-16, 0.8996451086904511119 ) ) ;
#1888 = EDGE_CURVE ( 'NONE', #907, #1385, #2244, .T. ) ;
#1889 = ORIENTED_EDGE ( 'NONE', *, *, #2322, .F. ) ;
#1890 = ORIENTED_EDGE ( 'NONE', *, *, #579, .F. ) ;
#1891 = EDGE_CURVE ( 'NONE', #1545, #2034, #2675, .T. ) ;
#1892 = FACE_OUTER_BOUND ( 'NONE', #3179, .T. ) ;
#1893 = CARTESIAN_POINT ( 'NONE',  ( -13.55620912508435794, 74.76361552030873270, 82.69334394471583494 ) ) ;
#1894 = CARTESIAN_POINT ( 'NONE',  ( -13.88917427396318161, 63.78999404143988272, 17.02117804623309638 ) ) ;
#1895 = DIRECTION ( 'NONE',  ( 0.000000000000000000, 1.000000000000000000, 0.000000000000000000 ) ) ;
#1896 = CIRCLE ( 'NONE', #3381, 3.000000000000000888 ) ;
#1897 = CARTESIAN_POINT ( 'NONE',  ( 45.99999999999999289, 0.000000000000000000, 60.00000000000000000 ) ) ;
#1898 = CARTESIAN_POINT ( 'NONE',  ( 13.57727981038321019, 74.62259924614811268, 78.71567008207715332 ) ) ;
#1899 = ORIENTED_EDGE ( 'NONE', *, *, #3567, .T. ) ;
#1900 = EDGE_CURVE ( 'NONE', #1537, #1774, #2284, .T. ) ;
#1901 = CARTESIAN_POINT ( 'NONE',  ( -11.00000000000002309, 74.99999999999998579, 10.20416847668726312 ) ) ;
#1902 = ADVANCED_FACE ( 'NONE', ( #308 ), #4086, .F. ) ;
#1903 = EDGE_LOOP ( 'NONE', ( #1921, #2358, #2418, #2104 ) ) ;
#1904 = CARTESIAN_POINT ( 'NONE',  ( 0.000000000000000000, 39.99999999999998579, 93.99999999999998579 ) ) ;
#1905 = EDGE_CURVE ( 'NONE', #987, #1503, #601, .T. ) ;
#1906 = DIRECTION ( 'NONE',  ( 0.000000000000000000, 0.000000000000000000, -1.000000000000000000 ) ) ;
#1907 = DIRECTION ( 'NONE',  ( -2.915825712255602287E-16, 1.000000000000000000, -0.000000000000000000 ) ) ;
#1908 = DIRECTION ( 'NONE',  ( 0.000000000000000000, -1.000000000000000000, 0.000000000000000000 ) ) ;
#1909 = DIRECTION ( 'NONE',  ( -1.000000000000000000, 0.000000000000000000, 0.000000000000000000 ) ) ;
#1910 = ORIENTED_EDGE ( 'NONE', *, *, #137, .T. ) ;
#1911 = ORIENTED_EDGE ( 'NONE', *, *, #3987, .F. ) ;
#1912 = AXIS2_PLACEMENT_3D ( 'NONE', #1317, #608, #648 ) ;
#1913 = DIRECTION ( 'NONE',  ( -1.000000000000000000, 0.000000000000000000, 0.000000000000000000 ) ) ;
#1914 = DIRECTION ( 'NONE',  ( 0.000000000000000000, 1.000000000000000000, 0.000000000000000000 ) ) ;
#1915 = CARTESIAN_POINT ( 'NONE',  ( -10.52808359976037700, 67.69410081189980133, 24.23904846131086188 ) ) ;
#1916 = EDGE_CURVE ( 'NONE', #3933, #1256, #2187, .T. ) ;
#1917 = CARTESIAN_POINT ( 'NONE',  ( -14.00000000000002309, 72.17157287525378706, 15.00000000000000000 ) ) ;
#1918 = EDGE_CURVE ( 'NONE', #2817, #2285, #364, .T. ) ;
#1919 = CARTESIAN_POINT ( 'NONE',  ( -14.00000000000002309, 71.99999999999998579, 0.000000000000000000 ) ) ;
#1920 = AXIS2_PLACEMENT_3D ( 'NONE', #188, #1515, #1794 ) ;
#1921 = ORIENTED_EDGE ( 'NONE', *, *, #2752, .F. ) ;
#1922 = FACE_OUTER_BOUND ( 'NONE', #1227, .T. ) ;
#1923 = EDGE_CURVE ( 'NONE', #505, #3733, #347, .T. ) ;
#1924 = ORIENTED_EDGE ( 'NONE', *, *, #2578, .F. ) ;
#1925 = ORIENTED_EDGE ( 'NONE', *, *, #1622, .T. ) ;
#1926 = FACE_OUTER_BOUND ( 'NONE', #536, .T. ) ;
#1927 = DIRECTION ( 'NONE',  ( 0.000000000000000000, 0.000000000000000000, 1.000000000000000000 ) ) ;
#1928 = CIRCLE ( 'NONE', #516, 4.499999999999997335 ) ;
#1929 = CARTESIAN_POINT ( 'NONE',  ( -35.99999999999999289, 0.000000000000000000, 10.00000000000000178 ) ) ;
#1930 = CARTESIAN_POINT ( 'NONE',  ( 35.99999999999999289, 3.000000000000000888, 2.499999999999998668 ) ) ;
#1931 = CARTESIAN_POINT ( 'NONE',  ( -10.42161089078926750, 65.45195043503689192, 27.47810304225210487 ) ) ;
#1932 = ORIENTED_EDGE ( 'NONE', *, *, #2171, .T. ) ;
#1933 = EDGE_LOOP ( 'NONE', ( #2474, #504, #3566, #3489 ) ) ;
#1934 = DIRECTION ( 'NONE',  ( -1.000000000000000000, 0.000000000000000000, 0.000000000000000000 ) ) ;
#1935 = DIRECTION ( 'NONE',  ( -0.000000000000000000, 1.000000000000000000, -0.000000000000000000 ) ) ;
#1936 = CARTESIAN_POINT ( 'NONE',  ( 0.3922580726923894368, 67.50028945611651920, 29.00059324614680278 ) ) ;
#1937 = AXIS2_PLACEMENT_3D ( 'NONE', #328, #1265, #1201 ) ;
#1938 = ORIENTED_EDGE ( 'NONE', *, *, #1082, .F. ) ;
#1939 = DIRECTION ( 'NONE',  ( -2.915825712255602780E-16, 1.000000000000000000, 0.000000000000000000 ) ) ;
#1940 = CARTESIAN_POINT ( 'NONE',  ( 14.16898340256969213, 72.99264546796644026, 95.00000000000000000 ) ) ;
#1941 = CARTESIAN_POINT ( 'NONE',  ( 8.219023656056661409, 68.82486569313466873, 26.34245098725571665 ) ) ;
#1942 = CIRCLE ( 'NONE', #3763, 12.00000000000000178 ) ;
#1943 = EDGE_CURVE ( 'NONE', #3497, #1070, #2417, .T. ) ;
#1944 = CARTESIAN_POINT ( 'NONE',  ( -36.00000000000000711, 3.000000000000000888, 10.00000000000002132 ) ) ;
#1945 = VERTEX_POINT ( 'NONE', #1983 ) ;
#1946 = ORIENTED_EDGE ( 'NONE', *, *, #959, .F. ) ;
#1947 = CARTESIAN_POINT ( 'NONE',  ( -14.78847001754100710, 71.72455271476395922, 74.22699782031460813 ) ) ;
#1948 = FACE_BOUND ( 'NONE', #2178, .T. ) ;
#1949 = FACE_OUTER_BOUND ( 'NONE', #3046, .T. ) ;
#1950 = CARTESIAN_POINT ( 'NONE',  ( 35.99999999999999289, -6.071532165918824830E-15, 49.99999999999999289 ) ) ;
#1951 = CARTESIAN_POINT ( 'NONE',  ( -11.00871327478229666, 74.15104651905876665, 70.78725794417385941 ) ) ;
#1952 = EDGE_LOOP ( 'NONE', ( #1692, #2357, #1109, #2085 ) ) ;
#1953 = EDGE_LOOP ( 'NONE', ( #709, #981, #3114, #1565 ) ) ;
#1954 = FACE_OUTER_BOUND ( 'NONE', #1404, .T. ) ;
#1955 = DIRECTION ( 'NONE',  ( 0.000000000000000000, 0.000000000000000000, -1.000000000000000000 ) ) ;
#1956 = EDGE_CURVE ( 'NONE', #339, #3933, #831, .T. ) ;
#1957 = CARTESIAN_POINT ( 'NONE',  ( 3.224423805833577461, 70.25274902353687878, 28.63152633222029309 ) ) ;
#1958 = ORIENTED_EDGE ( 'NONE', *, *, #377, .T. ) ;
#1959 = EDGE_CURVE ( 'NONE', #2540, #2512, #3904, .T. ) ;
#1960 = CARTESIAN_POINT ( 'NONE',  ( -14.00000000000002132, 74.29289321881344677, 15.00000000000000000 ) ) ;
#1961 = CARTESIAN_POINT ( 'NONE',  ( 0.000000000000000000, 40.00000000000000000, 65.00000000000000000 ) ) ;
#1962 = ADVANCED_FACE ( 'NONE', ( #2024 ), #864, .F. ) ;
#1963 = CARTESIAN_POINT ( 'NONE',  ( -9.607856984649874477, 68.18348752259741730, 25.19240240053263591 ) ) ;
#1964 = VECTOR ( 'NONE', #2803, 1000.000000000000000 ) ;
#1965 = ORIENTED_EDGE ( 'NONE', *, *, #130, .F. ) ;
#1966 = DIRECTION ( 'NONE',  ( 0.000000000000000000, -0.000000000000000000, -1.000000000000000000 ) ) ;
#1967 = CYLINDRICAL_SURFACE ( 'NONE', #3568, 10.00000000000000178 ) ;
#1968 = CARTESIAN_POINT ( 'NONE',  ( 15.65789473684207245, 71.30224165151713578, 95.00000000000000000 ) ) ;
#1970 = EDGE_CURVE ( 'NONE', #2672, #2817, #3213, .T. ) ;
#1969 = CARTESIAN_POINT ( 'NONE',  ( -14.15799669463882005, 73.02449249449644242, 81.31030136139901288 ) ) ;
#1971 = DIRECTION ( 'NONE',  ( -1.000000000000000000, 0.000000000000000000, 0.000000000000000000 ) ) ;
#1972 = ORIENTED_EDGE ( 'NONE', *, *, #4136, .T. ) ;
#1973 = EDGE_LOOP ( 'NONE', ( #2940, #2896, #1574, #4080 ) ) ;
#1974 = AXIS2_PLACEMENT_3D ( 'NONE', #544, #805, #1487 ) ;
#1975 = CARTESIAN_POINT ( 'NONE',  ( -12.25771701365673749, 73.53884446053875479, 72.34799177298503992 ) ) ;
#1976 = DIRECTION ( 'NONE',  ( -0.000000000000000000, -0.000000000000000000, -1.000000000000000000 ) ) ;
#1977 = VECTOR ( 'NONE', #3338, 1000.000000000000000 ) ;
#1978 = CARTESIAN_POINT ( 'NONE',  ( 7.655892619057919291, 66.45255034758423562, 26.74860355092339148 ) ) ;
#1979 = VERTEX_POINT ( 'NONE', #431 ) ;
#1980 = AXIS2_PLACEMENT_3D ( 'NONE', #294, #1538, #3828 ) ;
#1981 = CARTESIAN_POINT ( 'NONE',  ( -25.00000000000000000, 5.000000000000000000, 0.000000000000000000 ) ) ;
#1982 = DIRECTION ( 'NONE',  ( 0.000000000000000000, 1.000000000000000000, 0.000000000000000000 ) ) ;
#1983 = CARTESIAN_POINT ( 'NONE',  ( -22.96192500641008039, 12.00000000000000000, 0.000000000000000000 ) ) ;
#1984 = CARTESIAN_POINT ( 'NONE',  ( 13.99999999999999645, 4.998000000000002885, 15.00000000000000000 ) ) ;
#1985 = CIRCLE ( 'NONE', #1103, 3.000000000000000888 ) ;
#1986 = SURFACE_SIDE_STYLE ('',( #2597 ) ) ;
#1987 = ORIENTED_EDGE ( 'NONE', *, *, #3273, .T. ) ;
#1988 = DIRECTION ( 'NONE',  ( -1.000000000000000000, 2.915825712255602780E-16, 0.000000000000000000 ) ) ;
#1989 = CARTESIAN_POINT ( 'NONE',  ( -1.506762791512908484, 57.43525742356264630, 81.32160377310987087 ) ) ;
#1990 = CARTESIAN_POINT ( 'NONE',  ( -12.85452711882988375, 73.71049189787113676, 73.90099948954021158 ) ) ;
#1991 = CARTESIAN_POINT ( 'NONE',  ( -12.27452814399921444, 72.79715772195201851, 71.78406641863944060 ) ) ;
#1992 = ORIENTED_EDGE ( 'NONE', *, *, #3011, .T. ) ;
#1993 = ORIENTED_EDGE ( 'NONE', *, *, #2818, .T. ) ;
#1994 = AXIS2_PLACEMENT_3D ( 'NONE', #3049, #3697, #769 ) ;
#1995 = AXIS2_PLACEMENT_3D ( 'NONE', #2204, #1884, #631 ) ;
#1996 = CARTESIAN_POINT ( 'NONE',  ( -12.67185913954703480, 73.43228904126546297, 73.18337922336671397 ) ) ;
#1997 = DIRECTION ( 'NONE',  ( 0.000000000000000000, 0.000000000000000000, -1.000000000000000000 ) ) ;
#1998 = AXIS2_PLACEMENT_3D ( 'NONE', #2319, #3285, #401 ) ;
#1999 = CARTESIAN_POINT ( 'NONE',  ( 5.474553678671397527, 66.95376945602041019, 30.88854793848509317 ) ) ;
#2000 = EDGE_LOOP ( 'NONE', ( #542, #1796, #3474, #1965, #3707 ) ) ;
#2001 = CARTESIAN_POINT ( 'NONE',  ( 9.977669059329484114, 75.00000000001529088, 73.32786959883512168 ) ) ;
#2002 = CARTESIAN_POINT ( 'NONE',  ( 4.638754558189220140E-21, 60.00000000000000711, 11.56427948235048930 ) ) ;
#2003 = LINE ( 'NONE', #1940, #1002 ) ;
#2004 = CARTESIAN_POINT ( 'NONE',  ( -13.23170260273636600, 65.92563647272925209, 19.59772071848566100 ) ) ;
#2005 = CIRCLE ( 'NONE', #3632, 4.500000000000053291 ) ;
#2006 = DIRECTION ( 'NONE',  ( -0.000000000000000000, -0.000000000000000000, 1.000000000000000000 ) ) ;
#2007 = ADVANCED_FACE ( 'NONE', ( #2595 ), #2345, .F. ) ;
#2008 = AXIS2_PLACEMENT_3D ( 'NONE', #3839, #599, #3776 ) ;
#2009 = ORIENTED_EDGE ( 'NONE', *, *, #3101, .F. ) ;
#2010 = DIRECTION ( 'NONE',  ( 0.000000000000000000, 1.000000000000000000, 8.673617379884036705E-17 ) ) ;
#2011 = DIRECTION ( 'NONE',  ( -1.000000000000000000, 0.000000000000000000, 0.000000000000000000 ) ) ;
#2012 = FACE_OUTER_BOUND ( 'NONE', #1278, .T. ) ;
#2013 = CARTESIAN_POINT ( 'NONE',  ( -8.669107149175244942, 73.91534842252026749, 67.57983207162195072 ) ) ;
#2014 = EDGE_LOOP ( 'NONE', ( #1577, #1869, #3039, #3384 ) ) ;
#2015 = EDGE_LOOP ( 'NONE', ( #2587, #2915, #1958, #1504 ) ) ;
#2016 = LINE ( 'NONE', #172, #3479 ) ;
#2017 = DIRECTION ( 'NONE',  ( 0.000000000000000000, -1.000000000000000000, 0.000000000000000000 ) ) ;
#2018 = EDGE_CURVE ( 'NONE', #3216, #2792, #1076, .T. ) ;
#2019 = CARTESIAN_POINT ( 'NONE',  ( 12.12272789889782665, 66.72146156746134693, 22.06104927673625582 ) ) ;
#2020 = ORIENTED_EDGE ( 'NONE', *, *, #2627, .T. ) ;
#2021 = AXIS2_PLACEMENT_3D ( 'NONE', #2680, #2415, #1728 ) ;
#2022 = DIRECTION ( 'NONE',  ( -1.000000000000000000, 0.000000000000000000, 0.000000000000000000 ) ) ;
#2023 = CARTESIAN_POINT ( 'NONE',  ( -2.961309246948764518, 59.77958249363188514, 14.16690275978807279 ) ) ;
#2024 = FACE_OUTER_BOUND ( 'NONE', #3990, .T. ) ;
#2025 = CARTESIAN_POINT ( 'NONE',  ( -8.229801941774285368, 68.82029858792589039, 26.33456962881934871 ) ) ;
#2026 = DIRECTION ( 'NONE',  ( 0.000000000000000000, 0.000000000000000000, -1.000000000000000000 ) ) ;
#2027 = DIRECTION ( 'NONE',  ( -1.000000000000000000, 0.000000000000000000, 0.000000000000000000 ) ) ;
#2028 = CARTESIAN_POINT ( 'NONE',  ( -1.592705688252601393, 59.93718242506859184, 17.93342601857193941 ) ) ;
#2029 = DIRECTION ( 'NONE',  ( 1.000000000000000000, 0.000000000000000000, 0.000000000000000000 ) ) ;
#2030 = CARTESIAN_POINT ( 'NONE',  ( 13.85418191742255267, 72.16544725323588239, 75.38073662746172943 ) ) ;
#2031 = CYLINDRICAL_SURFACE ( 'NONE', #1337, 1.999999999999996669 ) ;
#2032 = CARTESIAN_POINT ( 'NONE',  ( -4.595462464518035972, 74.85202099784143570, 66.38913914530935756 ) ) ;
#2033 = AXIS2_PLACEMENT_3D ( 'NONE', #3099, #478, #2781 ) ;
#2034 = VERTEX_POINT ( 'NONE', #3656 ) ;
#2035 = VERTEX_POINT ( 'NONE', #726 ) ;
#2036 = EDGE_CURVE ( 'NONE', #2177, #1124, #2969, .T. ) ;
#2037 = DIRECTION ( 'NONE',  ( -1.000000000000000000, 0.000000000000000000, 0.000000000000000000 ) ) ;
#2038 = DIRECTION ( 'NONE',  ( 0.000000000000000000, 0.000000000000000000, -1.000000000000000000 ) ) ;
#2039 = LINE ( 'NONE', #195, #2184 ) ;
#2040 = ORIENTED_EDGE ( 'NONE', *, *, #95, .T. ) ;
#2041 = CYLINDRICAL_SURFACE ( 'NONE', #384, 7.500000000000000000 ) ;
#2042 = CARTESIAN_POINT ( 'NONE',  ( -9.914693070883959298E-15, 75.00000000000000000, 66.00000000000000000 ) ) ;
#2043 = CARTESIAN_POINT ( 'NONE',  ( -36.00000000000000711, -6.071532165918824830E-15, 49.99999999999997158 ) ) ;
#2044 = DIRECTION ( 'NONE',  ( 0.000000000000000000, 0.000000000000000000, 1.000000000000000000 ) ) ;
#2045 = EDGE_CURVE ( 'NONE', #1256, #2155, #2003, .T. ) ;
#2046 = CIRCLE ( 'NONE', #1980, 3.999999999999996447 ) ;
#2047 = AXIS2_PLACEMENT_3D ( 'NONE', #3809, #540, #1868 ) ;
#2048 = CARTESIAN_POINT ( 'NONE',  ( -9.169007302544832427, 73.78250668400389145, 66.82978060823542421 ) ) ;
#2049 = CARTESIAN_POINT ( 'NONE',  ( -11.33796680513946953, 74.99999999999998579, 95.00000000000000000 ) ) ;
#2051 = EDGE_CURVE ( 'NONE', #1849, #3445, #1526, .T. ) ;
#2050 = CARTESIAN_POINT ( 'NONE',  ( -36.00000000000000711, 3.000000000000000888, 5.499999999999968026 ) ) ;
#2052 = VERTEX_POINT ( 'NONE', #1373 ) ;
#2053 = SHAPE_DEFINITION_REPRESENTATION ( #2886, #1287 ) ;
#2054 = CARTESIAN_POINT ( 'NONE',  ( -2.268435275008747974E-14, 53.99999999999997868, 80.00000000000000000 ) ) ;
#2055 = EDGE_CURVE ( 'NONE', #505, #4041, #3247, .T. ) ;
#2056 = ORIENTED_EDGE ( 'NONE', *, *, #2218, .F. ) ;
#2057 = EDGE_LOOP ( 'NONE', ( #462, #3066 ) ) ;
#2058 = CARTESIAN_POINT ( 'NONE',  ( -12.21667420352026312, 74.82525895965709140, 73.97559214165109154 ) ) ;
#2059 = CARTESIAN_POINT ( 'NONE',  ( 17.00000000000000711, 65.32291452420119526, 14.99999999999999822 ) ) ;
#2060 = CARTESIAN_POINT ( 'NONE',  ( 10.53377110488886004, 74.99999999999998579, 71.20381567108992726 ) ) ;
#2061 = ADVANCED_FACE ( 'NONE', ( #1355, #3295 ), #3884, .T. ) ;
#2062 = ORIENTED_EDGE ( 'NONE', *, *, #3843, .F. ) ;
#2063 = VECTOR ( 'NONE', #3140, 1000.000000000000000 ) ;
#2064 = DIRECTION ( 'NONE',  ( 0.000000000000000000, -1.000000000000000000, 0.000000000000000000 ) ) ;
#2065 = CIRCLE ( 'NONE', #3550, 12.00000000000000178 ) ;
#2066 = DIRECTION ( 'NONE',  ( 0.000000000000000000, 0.000000000000000000, 1.000000000000000000 ) ) ;
#2067 = CARTESIAN_POINT ( 'NONE',  ( -2.676115573814394022, 59.82043264551430184, 16.65022145489933791 ) ) ;
#2068 = CIRCLE ( 'NONE', #1723, 2.999999999999999112 ) ;
#2069 = LINE ( 'NONE', #477, #425 ) ;
#2070 = DIRECTION ( 'NONE',  ( 1.049727191138617833E-16, 0.5150380749100552658, -0.8571673007021116675 ) ) ;
#2071 = CARTESIAN_POINT ( 'NONE',  ( 11.18219966046316038, 74.99999999991061372, 75.50066950931868348 ) ) ;
#2072 = CARTESIAN_POINT ( 'NONE',  ( -0.4220648626103034595, 59.99662376802384500, 18.41070246525653431 ) ) ;
#2073 = ADVANCED_FACE ( 'NONE', ( #1335 ), #3922, .F. ) ;
#2074 = AXIS2_PLACEMENT_3D ( 'NONE', #3841, #3777, #2531 ) ;
#2075 = VERTEX_POINT ( 'NONE', #771 ) ;
#2076 = ADVANCED_FACE ( 'NONE', ( #1724 ), #3335, .F. ) ;
#2077 = CARTESIAN_POINT ( 'NONE',  ( 6.164933609363797196, 75.00000000000000000, 68.49756463898643233 ) ) ;
#2078 = AXIS2_PLACEMENT_3D ( 'NONE', #3624, #2761, #101 ) ;
#2079 = ORIENTED_EDGE ( 'NONE', *, *, #388, .T. ) ;
#2080 = ORIENTED_EDGE ( 'NONE', *, *, #2237, .T. ) ;
#2081 = CARTESIAN_POINT ( 'NONE',  ( 25.00000000000000000, 5.000000000000000000, 60.00000000000000000 ) ) ;
#2082 = FACE_OUTER_BOUND ( 'NONE', #37, .T. ) ;
#2083 = CARTESIAN_POINT ( 'NONE',  ( 2.449293598294706907E-15, 19.99999999999999645, -10.02630927324502252 ) ) ;
#2084 = ORIENTED_EDGE ( 'NONE', *, *, #402, .F. ) ;
#2085 = ORIENTED_EDGE ( 'NONE', *, *, #728, .F. ) ;
#2086 = DIRECTION ( 'NONE',  ( 1.000000000000000000, 0.000000000000000000, 0.000000000000000000 ) ) ;
#2087 = ADVANCED_FACE ( 'NONE', ( #2012 ), #394, .F. ) ;
#2088 = CARTESIAN_POINT ( 'NONE',  ( -1.298507012575543795, 74.99999999999998579, 66.20383760881394153 ) ) ;
#2089 = CARTESIAN_POINT ( 'NONE',  ( 4.219960108383892461, 67.17910560092732908, 31.35359300631635548 ) ) ;
#2090 = EDGE_CURVE ( 'NONE', #1031, #1, #3302, .T. ) ;
#2091 = DIRECTION ( 'NONE',  ( -0.000000000000000000, 1.242141978321335985E-16, -1.000000000000000000 ) ) ;
#2092 = CARTESIAN_POINT ( 'NONE',  ( -1.590483069025017793, 57.42772731873711223, 78.78039500557767383 ) ) ;
#2093 = CARTESIAN_POINT ( 'NONE',  ( -4.382988737332280671, 74.86005504428166546, 66.25490868871462169 ) ) ;
#2094 = CARTESIAN_POINT ( 'NONE',  ( 3.521153289258376340, 74.90537332079077260, 66.12848380067762832 ) ) ;
#2095 = ORIENTED_EDGE ( 'NONE', *, *, #3289, .F. ) ;
#2096 = FACE_OUTER_BOUND ( 'NONE', #1801, .T. ) ;
#2097 = EDGE_LOOP ( 'NONE', ( #3370, #2631 ) ) ;
#2098 = ORIENTED_EDGE ( 'NONE', *, *, #2917, .T. ) ;
#2099 = EDGE_CURVE ( 'NONE', #3250, #2726, #417, .T. ) ;
#2100 = CARTESIAN_POINT ( 'NONE',  ( 10.69144256770081824, 73.33113758253401215, 67.88791181723155432 ) ) ;
#2101 = AXIS2_PLACEMENT_3D ( 'NONE', #3467, #2827, #3528 ) ;
#2102 = DIRECTION ( 'NONE',  ( -0.3796282262495845328, -0.008509978086501494843, -0.9250999892484927933 ) ) ;
#2103 = CARTESIAN_POINT ( 'NONE',  ( -2.288094298708043374E-14, 72.17157287525378706, 15.00000000000000000 ) ) ;
#2104 = ORIENTED_EDGE ( 'NONE', *, *, #852, .F. ) ;
#2105 = EDGE_LOOP ( 'NONE', ( #4147, #2651, #1245, #2962, #2746, #3326, #191, #2056 ) ) ;
#2106 = CARTESIAN_POINT ( 'NONE',  ( 14.16898340256969213, 72.99264546796644026, 83.93071351354380738 ) ) ;
#2107 = FACE_OUTER_BOUND ( 'NONE', #1751, .T. ) ;
#2108 = DIRECTION ( 'NONE',  ( 1.000000000000000000, -1.387778780781443901E-15, 0.000000000000000000 ) ) ;
#2109 = CARTESIAN_POINT ( 'NONE',  ( -14.29581234775125331, 71.95546562287620418, 72.91137477728177885 ) ) ;
#2110 = CARTESIAN_POINT ( 'NONE',  ( 12.82262143707543167, 73.71923380861981911, 73.92482647946202690 ) ) ;
#2111 = CARTESIAN_POINT ( 'NONE',  ( -4.715939694384293723, 74.68768344466570852, 65.45627132947021209 ) ) ;
#2112 = CARTESIAN_POINT ( 'NONE',  ( 13.99999999930899364, 63.72357255462711123, 16.02078378806984560 ) ) ;
#2113 = CARTESIAN_POINT ( 'NONE',  ( 6.151959776872577557, 74.99999999999998579, 68.48737442923562924 ) ) ;
#2114 = AXIS2_PLACEMENT_3D ( 'NONE', #776, #100, #3910 ) ;
#2115 = CARTESIAN_POINT ( 'NONE',  ( 14.16898340178529025, 72.99264547020355565, 83.27557682437692677 ) ) ;
#2116 = AXIS2_PLACEMENT_3D ( 'NONE', #3966, #756, #2029 ) ;
#2117 = ORIENTED_EDGE ( 'NONE', *, *, #4015, .F. ) ;
#2118 = ORIENTED_EDGE ( 'NONE', *, *, #768, .T. ) ;
#2119 = EDGE_CURVE ( 'NONE', #398, #2316, #1688, .T. ) ;
#2120 = CARTESIAN_POINT ( 'NONE',  ( 7.182427711366783818, 74.62284840912410289, 67.43885423081300701 ) ) ;
#2121 = CARTESIAN_POINT ( 'NONE',  ( -2.822442160337312596E-14, 60.99999999999998579, 80.00000000000000000 ) ) ;
#2122 = DIRECTION ( 'NONE',  ( 5.782411586589357639E-16, 1.686050438302196407E-31, 1.000000000000000000 ) ) ;
#2123 = ADVANCED_FACE ( 'NONE', ( #440 ), #2031, .F. ) ;
#2124 = ORIENTED_EDGE ( 'NONE', *, *, #2390, .F. ) ;
#2125 = EDGE_LOOP ( 'NONE', ( #1420, #3897 ) ) ;
#2126 = DIRECTION ( 'NONE',  ( -1.000000000000000000, -1.387778780781443901E-15, 0.000000000000000000 ) ) ;
#2127 = CARTESIAN_POINT ( 'NONE',  ( -9.579183011178663776, 74.16205429093642465, 68.93005647763574473 ) ) ;
#2128 = CARTESIAN_POINT ( 'NONE',  ( -11.70816237355228751, 74.99999999984711962, 82.71504077506045860 ) ) ;
#2129 = DIRECTION ( 'NONE',  ( -0.000000000000000000, -0.000000000000000000, -1.000000000000000000 ) ) ;
#2130 = CIRCLE ( 'NONE', #3477, 12.00000000000000533 ) ;
#2131 = CARTESIAN_POINT ( 'NONE',  ( -2.370566304063804546E-14, 74.99999999999998579, 15.00000000000000000 ) ) ;
#2132 = CARTESIAN_POINT ( 'NONE',  ( -1.006230085107998384, 57.47270995567735241, 78.25202054223483117 ) ) ;
#2133 = CARTESIAN_POINT ( 'NONE',  ( -11.94220619766924152, 73.62088422250970154, 71.79359148723442274 ) ) ;
#2134 = ADVANCED_FACE ( 'NONE', ( #3988 ), #996, .T. ) ;
#2135 = DIRECTION ( 'NONE',  ( 0.000000000000000000, 1.000000000000000000, -0.000000000000000000 ) ) ;
#2136 = VECTOR ( 'NONE', #2926, 1000.000000000000000 ) ;
#2137 = VERTEX_POINT ( 'NONE', #3255 ) ;
#2138 = VERTEX_POINT ( 'NONE', #2355 ) ;
#2139 = DIRECTION ( 'NONE',  ( 0.000000000000000000, 0.000000000000000000, -1.000000000000000000 ) ) ;
#2140 = CARTESIAN_POINT ( 'NONE',  ( 0.000000000000000000, 44.00000000000000000, 15.00000000000000000 ) ) ;
#2141 = DIRECTION ( 'NONE',  ( -0.4818313716144306258, 0.2037272327625568591, -0.8522521598441785695 ) ) ;
#2142 = DIRECTION ( 'NONE',  ( -1.000000000000000000, 0.000000000000000000, 0.000000000000000000 ) ) ;
#2143 = ORIENTED_EDGE ( 'NONE', *, *, #343, .F. ) ;
#2144 = VECTOR ( 'NONE', #3315, 1000.000000000000000 ) ;
#2145 = VERTEX_POINT ( 'NONE', #1731 ) ;
#2146 = CARTESIAN_POINT ( 'NONE',  ( 14.76128482384808471, 71.73612562478997745, 74.28310002524270317 ) ) ;
#2147 = CARTESIAN_POINT ( 'NONE',  ( -10.09549462517932916, 74.05726632031149848, 69.41234331660531609 ) ) ;
#2148 =( BOUNDED_SURFACE ( )  B_SPLINE_SURFACE ( 3, 2, ( 
 ( #1421, #1442, #2402 ),
 ( #3935, #3307, #2727 ),
 ( #465, #446, #132 ),
 ( #107, #2708, #1126 ),
 ( #2381, #3610, #3651 ),
 ( #2359, #2058, #3006 ),
 ( #3691, #4017, #1996 ),
 ( #3367, #3347, #1105 ) ),
 .UNSPECIFIED., .F., .F., .F. ) 
 B_SPLINE_SURFACE_WITH_KNOTS ( ( 4, 2, 2, 4 ),
 ( 3, 3 ),
 ( 0.003940645236244289321, 0.007215933560043779477, 0.008853577721943523687, 0.01049122188384326963 ),
 ( 0.000000000000000000, 1.000000000000000000 ),
 .UNSPECIFIED. ) 
 GEOMETRIC_REPRESENTATION_ITEM ( )  RATIONAL_B_SPLINE_SURFACE ( (
 ( 1.000000000000000000, 0.8737718803117963118, 1.000000000000000000),
 ( 1.000000000000000000, 0.8736914329611658037, 1.000000000000000000),
 ( 1.000000000000000000, 0.8754007047793723739, 1.000000000000000000),
 ( 1.000000000000000000, 0.8774884741697460688, 1.000000000000000000),
 ( 1.000000000000000000, 0.8780781722134994860, 1.000000000000000000),
 ( 1.000000000000000000, 0.8784546086412022836, 1.000000000000000000),
 ( 1.000000000000000000, 0.8782368493765168038, 1.000000000000000000),
 ( 1.000000000000000000, 0.8774592630364921320, 1.000000000000000000) ) ) 
 REPRESENTATION_ITEM ( '' )  SURFACE ( )  );
#2149 = DIRECTION ( 'NONE',  ( 0.000000000000000000, 0.000000000000000000, 1.000000000000000000 ) ) ;
#2150 = CARTESIAN_POINT ( 'NONE',  ( 7.148602846352489770, 66.57251656547154539, 30.08202088235946903 ) ) ;
#2151 = CARTESIAN_POINT ( 'NONE',  ( -14.32458759951475713, 63.47566776467348859, 21.07462580591044699 ) ) ;
#2152 = CARTESIAN_POINT ( 'NONE',  ( -36.00000000000000711, 3.000000000000000888, 45.49999999999997868 ) ) ;
#2153 = CARTESIAN_POINT ( 'NONE',  ( -3.346029982655898571, 74.84651422041484636, 65.41960282540541982 ) ) ;
#2154 = CARTESIAN_POINT ( 'NONE',  ( 13.99999999999998046, 63.72357255425166045, 14.99999999999999822 ) ) ;
#2155 = VERTEX_POINT ( 'NONE', #2397 ) ;
#2156 = CARTESIAN_POINT ( 'NONE',  ( 7.317693060649257397, 74.99999999999997158, 69.52330782917157137 ) ) ;
#2157 = ORIENTED_EDGE ( 'NONE', *, *, #1923, .F. ) ;
#2158 = CARTESIAN_POINT ( 'NONE',  ( 35.99999999999999289, 3.000000000000000888, 9.999999999999998224 ) ) ;
#2159 = CARTESIAN_POINT ( 'NONE',  ( -2.118091530518416698E-23, 57.49999999999998579, 78.00000000000000000 ) ) ;
#2160 = CARTESIAN_POINT ( 'NONE',  ( -11.00000000000002132, 71.99999999999998579, 0.000000000000000000 ) ) ;
#2161 = ORIENTED_EDGE ( 'NONE', *, *, #3327, .F. ) ;
#2162 = ORIENTED_EDGE ( 'NONE', *, *, #3309, .T. ) ;
#2163 = DIRECTION ( 'NONE',  ( -0.000000000000000000, 1.000000000000000000, -0.000000000000000000 ) ) ;
#2164 = CARTESIAN_POINT ( 'NONE',  ( -14.16498201477584118, 73.00407258298585589, 82.62050703375874150 ) ) ;
#2165 = CARTESIAN_POINT ( 'NONE',  ( 14.56611951093603530, 63.32604949987544529, 20.31995545230512334 ) ) ;
#2166 = CARTESIAN_POINT ( 'NONE',  ( -6.884022628379262265, 66.64112927651481755, 30.22942551209338546 ) ) ;
#2167 = FACE_OUTER_BOUND ( 'NONE', #1707, .T. ) ;
#2168 = DIRECTION ( 'NONE',  ( -0.000000000000000000, -0.000000000000000000, -1.000000000000000000 ) ) ;
#2169 = CARTESIAN_POINT ( 'NONE',  ( 0.000000000000000000, 40.00000000000000000, 95.00000000000000000 ) ) ;
#2170 = ORIENTED_EDGE ( 'NONE', *, *, #1755, .T. ) ;
#2171 = EDGE_CURVE ( 'NONE', #3540, #4041, #3152, .T. ) ;
#2172 = EDGE_CURVE ( 'NONE', #2352, #814, #2797, .T. ) ;
#2173 = AXIS2_PLACEMENT_3D ( 'NONE', #11, #3508, #3208 ) ;
#2174 = AXIS2_PLACEMENT_3D ( 'NONE', #1097, #1414, #3196 ) ;
#2175 = EDGE_CURVE ( 'NONE', #192, #3389, #4045, .T. ) ;
#2176 = CARTESIAN_POINT ( 'NONE',  ( -36.00000000000000711, 3.000000000000000888, 2.500000000000021316 ) ) ;
#2177 = VERTEX_POINT ( 'NONE', #2819 ) ;
#2178 = EDGE_LOOP ( 'NONE', ( #2707, #1840 ) ) ;
#2179 = CARTESIAN_POINT ( 'NONE',  ( 13.99999999999999645, 4.998000000000002885, 15.00000000000000000 ) ) ;
#2180 = DIRECTION ( 'NONE',  ( -0.000000000000000000, 1.000000000000000000, -0.000000000000000000 ) ) ;
#2181 = CARTESIAN_POINT ( 'NONE',  ( 12.39902543155343295, 73.50173401901810166, 72.63190249495720252 ) ) ;
#2182 = CARTESIAN_POINT ( 'NONE',  ( 45.99999999999999289, 12.00000000000000000, 49.99999999999999289 ) ) ;
#2183 = FACE_BOUND ( 'NONE', #2422, .T. ) ;
#2184 = VECTOR ( 'NONE', #4057, 1000.000000000000000 ) ;
#2185 = ORIENTED_EDGE ( 'NONE', *, *, #3057, .T. ) ;
#2186 = ORIENTED_EDGE ( 'NONE', *, *, #2880, .T. ) ;
#2187 = B_SPLINE_CURVE_WITH_KNOTS ( 'NONE', 3,
 ( #1222, #3122, #2508, #576, #2657, #3638 ),
 .UNSPECIFIED., .F., .F.,
 ( 4, 2, 4 ),
 ( 0.000000000000000000, 0.001965476031289736282, 0.003930952062579472564 ),
 .UNSPECIFIED. ) ;
#2188 = CARTESIAN_POINT ( 'NONE',  ( -6.582011157739281693, 74.63472808009692017, 67.03276270500619205 ) ) ;
#2189 = CYLINDRICAL_SURFACE ( 'NONE', #1392, 4.500000000000054179 ) ;
#2190 = EDGE_CURVE ( 'NONE', #3004, #1073, #990, .T. ) ;
#2191 = FACE_OUTER_BOUND ( 'NONE', #3344, .T. ) ;
#2192 = B_SPLINE_CURVE_WITH_KNOTS ( 'NONE', 3,
 ( #965, #3534, #2956, #2375, #2977, #2329, #2640, #1685, #3277, #3986, #390, #733, #2353, #2704 ),
 .UNSPECIFIED., .F., .F.,
 ( 4, 2, 2, 2, 2, 2, 4 ),
 ( 1.879300082416810151E-18, 0.0003912176636765518850, 0.0007824353273531018185, 0.001173652991029651860, 0.001564870654706201902, 0.002347305982059301119, 0.003129741309412400335 ),
 .UNSPECIFIED. ) ;
#2193 = CARTESIAN_POINT ( 'NONE',  ( 13.99999999999996980, 71.99999999999998579, 0.000000000000000000 ) ) ;
#2194 = CARTESIAN_POINT ( 'NONE',  ( -2.312249789818692481E-14, 72.99999999999998579, 15.00000000000000000 ) ) ;
#2195 = CARTESIAN_POINT ( 'NONE',  ( 11.99999999999997158, 74.99999999999998579, 80.00000000000000000 ) ) ;
#2196 = VERTEX_POINT ( 'NONE', #844 ) ;
#2197 = AXIS2_PLACEMENT_3D ( 'NONE', #1658, #3574, #684 ) ;
#2198 = AXIS2_PLACEMENT_3D ( 'NONE', #2158, #1776, #3469 ) ;
#2199 = EDGE_CURVE ( 'NONE', #2034, #2269, #2065, .T. ) ;
#2200 = CARTESIAN_POINT ( 'NONE',  ( -14.00000000000000355, 4.998000000000002885, 15.00000000000000000 ) ) ;
#2201 = VECTOR ( 'NONE', #2038, 1000.000000000000000 ) ;
#2202 = ORIENTED_EDGE ( 'NONE', *, *, #2347, .T. ) ;
#2203 = DIRECTION ( 'NONE',  ( -1.000000000000000000, 0.000000000000000000, 0.000000000000000000 ) ) ;
#2204 = CARTESIAN_POINT ( 'NONE',  ( 0.000000000000000000, 40.00000000000000000, 0.000000000000000000 ) ) ;
#2205 = CARTESIAN_POINT ( 'NONE',  ( 3.030220474862666880, 59.76914276062249343, 15.41764276758406460 ) ) ;
#2206 = CARTESIAN_POINT ( 'NONE',  ( 10.77892697788386478, 73.29997321630710871, 67.98241685969044568 ) ) ;
#2207 = CARTESIAN_POINT ( 'NONE',  ( -9.672843973495842462, 65.74583158437492614, 28.19889982264259842 ) ) ;
#2208 = CARTESIAN_POINT ( 'NONE',  ( 19.42932115927006009, 20.53846153846154365, 60.00000000000000000 ) ) ;
#2209 = ORIENTED_EDGE ( 'NONE', *, *, #1022, .T. ) ;
#2210 = AXIS2_PLACEMENT_3D ( 'NONE', #1483, #2141, #1211 ) ;
#2211 = ORIENTED_EDGE ( 'NONE', *, *, #1809, .T. ) ;
#2212 = VECTOR ( 'NONE', #3551, 1000.000000000000000 ) ;
#2213 = FACE_OUTER_BOUND ( 'NONE', #2335, .T. ) ;
#2214 = CARTESIAN_POINT ( 'NONE',  ( -2.822442160337312596E-14, 60.99999999999998579, 80.00000000000000000 ) ) ;
#2215 = CARTESIAN_POINT ( 'NONE',  ( -15.32786885245903541, 62.83213604641090200, 15.00000000000000000 ) ) ;
#2216 = AXIS2_PLACEMENT_3D ( 'NONE', #1007, #353, #1272 ) ;
#2217 = ORIENTED_EDGE ( 'NONE', *, *, #1260, .F. ) ;
#2218 = EDGE_CURVE ( 'NONE', #3229, #2352, #1514, .T. ) ;
#2219 = DIRECTION ( 'NONE',  ( 0.7071067811865439090, 0.000000000000000000, 0.7071067811865512365 ) ) ;
#2220 = ADVANCED_FACE ( 'NONE', ( #2213 ), #2463, .F. ) ;
#2221 = AXIS2_PLACEMENT_3D ( 'NONE', #2846, #3864, #625 ) ;
#2222 = FACE_OUTER_BOUND ( 'NONE', #1399, .T. ) ;
#2223 = CARTESIAN_POINT ( 'NONE',  ( 11.66582091511711639, 75.00000000004466472, 77.13120000771795048 ) ) ;
#2224 = DIRECTION ( 'NONE',  ( -0.3796282262495612736, 0.008509978086503633757, 0.9250999892485023413 ) ) ;
#2225 = CARTESIAN_POINT ( 'NONE',  ( -36.00000000000000711, 3.000000000000000888, 49.99999999999997158 ) ) ;
#2226 = ORIENTED_EDGE ( 'NONE', *, *, #514, .F. ) ;
#2227 = ORIENTED_EDGE ( 'NONE', *, *, #1155, .F. ) ;
#2228 = DIRECTION ( 'NONE',  ( 0.000000000000000000, -1.000000000000000000, 0.000000000000000000 ) ) ;
#2229 = AXIS2_PLACEMENT_3D ( 'NONE', #820, #1740, #156 ) ;
#2230 = CARTESIAN_POINT ( 'NONE',  ( -2.822442160337312596E-14, 72.99999999999998579, 80.00000000000000000 ) ) ;
#2231 = CYLINDRICAL_SURFACE ( 'NONE', #2918, 10.00000000000000000 ) ;
#2232 = DIRECTION ( 'NONE',  ( 0.000000000000000000, 0.000000000000000000, -1.000000000000000000 ) ) ;
#2233 = CARTESIAN_POINT ( 'NONE',  ( 2.668354943012363645, 67.37524084253151102, 31.75079477402754335 ) ) ;
#2234 = CARTESIAN_POINT ( 'NONE',  ( 35.99999999999999289, -6.071532165918824830E-15, 49.99999999999999289 ) ) ;
#2235 = VERTEX_POINT ( 'NONE', #2504 ) ;
#2236 = ORIENTED_EDGE ( 'NONE', *, *, #3451, .F. ) ;
#2237 = EDGE_CURVE ( 'NONE', #2453, #2235, #2736, .T. ) ;
#2238 = CARTESIAN_POINT ( 'NONE',  ( 10.12103081898130164, 74.99999999999998579, 73.55292817154716545 ) ) ;
#2239 = CARTESIAN_POINT ( 'NONE',  ( -14.00000000000002487, 72.13650709984780462, 13.40036240720198712 ) ) ;
#2240 = CARTESIAN_POINT ( 'NONE',  ( -10.72920404929238636, 65.37209237712006882, 24.02532179771928966 ) ) ;
#2241 = VECTOR ( 'NONE', #286, 1000.000000000000000 ) ;
#2242 = DIRECTION ( 'NONE',  ( -0.000000000000000000, 1.000000000000000000, -0.000000000000000000 ) ) ;
#2243 = AXIS2_PLACEMENT_3D ( 'NONE', #2866, #644, #960 ) ;
#2244 = LINE ( 'NONE', #2554, #3757 ) ;
#2245 = CARTESIAN_POINT ( 'NONE',  ( 35.99999999999999289, 12.00000000000000000, 27.50000000000000355 ) ) ;
#2246 = DIRECTION ( 'NONE',  ( 0.000000000000000000, 0.000000000000000000, 1.000000000000000000 ) ) ;
#2247 = ORIENTED_EDGE ( 'NONE', *, *, #1863, .T. ) ;
#2248 = ORIENTED_EDGE ( 'NONE', *, *, #3977, .T. ) ;
#2249 = DIRECTION ( 'NONE',  ( -0.000000000000000000, 1.242141978321335985E-16, -1.000000000000000000 ) ) ;
#2250 = LINE ( 'NONE', #2910, #267 ) ;
#2251 = DIRECTION ( 'NONE',  ( -2.915825712255602780E-16, 1.000000000000000000, -0.000000000000000000 ) ) ;
#2252 = CARTESIAN_POINT ( 'NONE',  ( -45.99999999999999289, 12.00000000000000000, 49.99999999999999289 ) ) ;
#2253 = CARTESIAN_POINT ( 'NONE',  ( -11.44893759318586390, 65.00613917458149160, 26.31619534722682019 ) ) ;
#2254 = ORIENTED_EDGE ( 'NONE', *, *, #1823, .F. ) ;
#2255 = ADVANCED_FACE ( 'NONE', ( #1033 ), #3, .F. ) ;
#2256 = ORIENTED_EDGE ( 'NONE', *, *, #1437, .T. ) ;
#2257 = CIRCLE ( 'NONE', #442, 27.50000000000000000 ) ;
#2258 = CARTESIAN_POINT ( 'NONE',  ( -11.48260566421018147, 74.94788993075269445, 72.67497959680065378 ) ) ;
#2259 = DIRECTION ( 'NONE',  ( -0.000000000000000000, 1.000000000000000000, -0.000000000000000000 ) ) ;
#2260 = CARTESIAN_POINT ( 'NONE',  ( 8.757027321836483580, 66.11338055455317431, 25.95276607143218328 ) ) ;
#2261 = ORIENTED_EDGE ( 'NONE', *, *, #460, .F. ) ;
#2262 = DIRECTION ( 'NONE',  ( 0.000000000000000000, 0.000000000000000000, 1.000000000000000000 ) ) ;
#2263 = CARTESIAN_POINT ( 'NONE',  ( 35.99999999999999289, 12.00000000000000000, 9.999999999999998224 ) ) ;
#2264 = AXIS2_PLACEMENT_3D ( 'NONE', #228, #497, #3080 ) ;
#2265 = LINE ( 'NONE', #686, #2480 ) ;
#2266 = LINE ( 'NONE', #3151, #405 ) ;
#2267 = AXIS2_PLACEMENT_3D ( 'NONE', #3373, #3654, #2066 ) ;
#2268 = AXIS2_PLACEMENT_3D ( 'NONE', #322, #1587, #2878 ) ;
#2269 = VERTEX_POINT ( 'NONE', #2238 ) ;
#2270 = ORIENTED_EDGE ( 'NONE', *, *, #1314, .F. ) ;
#2271 = DIRECTION ( 'NONE',  ( 0.000000000000000000, 0.000000000000000000, 1.000000000000000000 ) ) ;
#2272 = ADVANCED_FACE ( 'NONE', ( #1892 ), #2318, .F. ) ;
#2273 = DIRECTION ( 'NONE',  ( -0.000000000000000000, -1.000000000000000000, -0.000000000000000000 ) ) ;
#2274 = AXIS2_PLACEMENT_3D ( 'NONE', #3368, #2102, #3386 ) ;
#2275 = FACE_OUTER_BOUND ( 'NONE', #4160, .T. ) ;
#2276 = EDGE_CURVE ( 'NONE', #2767, #1331, #3201, .T. ) ;
#2277 = CARTESIAN_POINT ( 'NONE',  ( -14.00000000000000355, 4.998000000000002885, 0.000000000000000000 ) ) ;
#2278 = CARTESIAN_POINT ( 'NONE',  ( -7.220719221300916146, 74.24858939985601580, 65.98003081501134659 ) ) ;
#2279 = ORIENTED_EDGE ( 'NONE', *, *, #96, .T. ) ;
#2280 = ORIENTED_EDGE ( 'NONE', *, *, #34, .T. ) ;
#2281 = CARTESIAN_POINT ( 'NONE',  ( -17.00000000000002132, 65.32291452420118105, 65.00000000000000000 ) ) ;
#2282 = DIRECTION ( 'NONE',  ( -0.000000000000000000, 1.000000000000000000, -0.000000000000000000 ) ) ;
#2283 = CARTESIAN_POINT ( 'NONE',  ( 0.9206938190774288655, 70.48478433704822521, 28.97755965735010975 ) ) ;
#2284 = CIRCLE ( 'NONE', #1871, 17.49999999999999645 ) ;
#2285 = VERTEX_POINT ( 'NONE', #3857 ) ;
#2286 = AXIS2_PLACEMENT_3D ( 'NONE', #416, #1342, #2011 ) ;
#2287 = DIRECTION ( 'NONE',  ( 0.000000000000000000, -1.000000000000000000, 0.000000000000000000 ) ) ;
#2288 = CARTESIAN_POINT ( 'NONE',  ( -12.54207183008419868, 66.43025735115466546, 21.28681115325488094 ) ) ;
#2289 = VECTOR ( 'NONE', #2129, 1000.000000000000000 ) ;
#2290 = CARTESIAN_POINT ( 'NONE',  ( -7.654006055204477299, 74.15432221438922511, 66.13277963768504719 ) ) ;
#2291 = ORIENTED_EDGE ( 'NONE', *, *, #3577, .F. ) ;
#2292 = DIRECTION ( 'NONE',  ( -1.000000000000000000, 0.000000000000000000, 0.000000000000000000 ) ) ;
#2293 = CARTESIAN_POINT ( 'NONE',  ( 17.00000000000000711, 65.32291452420119526, 64.99999999999998579 ) ) ;
#2294 = CARTESIAN_POINT ( 'NONE',  ( 11.99999999999998224, 72.99999999999998579, 15.00000000000000178 ) ) ;
#2295 = LINE ( 'NONE', #2252, #171 ) ;
#2296 = DIRECTION ( 'NONE',  ( 0.000000000000000000, 1.000000000000000000, 0.000000000000000000 ) ) ;
#2297 = EDGE_LOOP ( 'NONE', ( #722, #463, #4035, #2170 ) ) ;
#2298 = VERTEX_POINT ( 'NONE', #301 ) ;
#2299 = CARTESIAN_POINT ( 'NONE',  ( -12.10570927026345700, 73.57861167639953237, 72.06831977764258568 ) ) ;
#2300 = LINE ( 'NONE', #720, #189 ) ;
#2301 = CARTESIAN_POINT ( 'NONE',  ( 3.276257532875714862, 67.31752390709473843, 28.62403446757733505 ) ) ;
#2302 = ORIENTED_EDGE ( 'NONE', *, *, #2419, .F. ) ;
#2303 = CARTESIAN_POINT ( 'NONE',  ( -12.00000000000002665, 74.99999999999998579, 15.00000000000000178 ) ) ;
#2304 = CARTESIAN_POINT ( 'NONE',  ( 2.364662647186063005, 74.96138507461084544, 65.97826872719285518 ) ) ;
#2305 = CARTESIAN_POINT ( 'NONE',  ( 13.84767818976300369, 73.11971362637382299, 76.81726234384066743 ) ) ;
#2306 = CARTESIAN_POINT ( 'NONE',  ( 3.247748016762506573, 70.24913882391139452, 28.62609795813407487 ) ) ;
#2307 = TOROIDAL_SURFACE ( 'NONE', #3725, 30.50000000000000000, 3.000000000000000000 ) ;
#2308 = FACE_OUTER_BOUND ( 'NONE', #2626, .T. ) ;
#2309 = ADVANCED_FACE ( 'NONE', ( #3241, #972 ), #1014, .F. ) ;
#2310 = ORIENTED_EDGE ( 'NONE', *, *, #782, .T. ) ;
#2311 = PRODUCT_CONTEXT ( 'NONE', #3063, 'mechanical' ) ;
#2312 = DIRECTION ( 'NONE',  ( 0.000000000000000000, 0.000000000000000000, 1.000000000000000000 ) ) ;
#2313 = CARTESIAN_POINT ( 'NONE',  ( -1.230506004099863659, 57.45766299127717502, 81.59804178475339143 ) ) ;
#2314 = CYLINDRICAL_SURFACE ( 'NONE', #3394, 1.999999999999996669 ) ;
#2315 = CARTESIAN_POINT ( 'NONE',  ( -6.436476462345517291, 74.40468437849827410, 66.44459543787313294 ) ) ;
#2316 = VERTEX_POINT ( 'NONE', #3875 ) ;
#2317 = ORIENTED_EDGE ( 'NONE', *, *, #514, .T. ) ;
#2318 = CYLINDRICAL_SURFACE ( 'NONE', #54, 2.999999999999999112 ) ;
#2319 = CARTESIAN_POINT ( 'NONE',  ( 22.96192500641007328, 17.00000000000000355, 60.00000000000000000 ) ) ;
#2320 = CARTESIAN_POINT ( 'NONE',  ( 3.530253230038697954, 67.27706879162123244, 31.55256768917263344 ) ) ;
#2321 = ORIENTED_EDGE ( 'NONE', *, *, #3535, .T. ) ;
#2322 = EDGE_CURVE ( 'NONE', #176, #1234, #1567, .T. ) ;
#2323 = DIRECTION ( 'NONE',  ( -0.000000000000000000, -0.000000000000000000, 1.000000000000000000 ) ) ;
#2324 = CARTESIAN_POINT ( 'NONE',  ( 8.897882706617526338, 74.29740410902590497, 68.30717519647140534 ) ) ;
#2325 = DIRECTION ( 'NONE',  ( -0.000000000000000000, 1.000000000000000000, -0.000000000000000000 ) ) ;
#2326 = CARTESIAN_POINT ( 'NONE',  ( -13.90286202225584411, 65.40313601303074620, 16.89091038728971128 ) ) ;
#2327 = CARTESIAN_POINT ( 'NONE',  ( 25.00000000000000000, 5.000000000000000000, 0.000000000000000000 ) ) ;
#2328 = ORIENTED_EDGE ( 'NONE', *, *, #908, .F. ) ;
#2329 = CARTESIAN_POINT ( 'NONE',  ( 0.8875267816500097551, 57.47790009687427926, 81.79707769533592909 ) ) ;
#2330 = PRODUCT_DEFINITION ( 'æœ', '', #4128, #952 ) ;
#2331 = CARTESIAN_POINT ( 'NONE',  ( 35.99999999999999289, 12.00000000000000000, 0.000000000000000000 ) ) ;
#2332 = CARTESIAN_POINT ( 'NONE',  ( -1.987025424857714384, 57.38684513231526552, 80.26212717822627951 ) ) ;
#2333 = CARTESIAN_POINT ( 'NONE',  ( -14.16898340256974365, 72.99264546796641184, 95.00000000000000000 ) ) ;
#2334 = CARTESIAN_POINT ( 'NONE',  ( -9.051032627903273564, 73.81440147312936517, 66.76312023563046694 ) ) ;
#2335 = EDGE_LOOP ( 'NONE', ( #99, #3810, #950, #1322 ) ) ;
#2336 = ORIENTED_EDGE ( 'NONE', *, *, #1970, .F. ) ;
#2337 = CIRCLE ( 'NONE', #3342, 3.999999999999996447 ) ;
#2338 = VECTOR ( 'NONE', #719, 1000.000000000000000 ) ;
#2339 = CARTESIAN_POINT ( 'NONE',  ( 35.00000000000000000, 40.00000000000000711, 95.00000000000000000 ) ) ;
#2340 = CARTESIAN_POINT ( 'NONE',  ( 1.897894215330169221, 57.39685439366570563, 79.35565520187033428 ) ) ;
#2341 = CARTESIAN_POINT ( 'NONE',  ( 8.978338843934190905, 65.99667903010069381, 28.78933730695845128 ) ) ;
#2342 = ORIENTED_EDGE ( 'NONE', *, *, #2447, .F. ) ;
#2343 = FACE_OUTER_BOUND ( 'NONE', #1775, .T. ) ;
#2344 = CARTESIAN_POINT ( 'NONE',  ( -1.421043975926284508, 59.95035600466354708, 11.95557288276320129 ) ) ;
#2345 = CYLINDRICAL_SURFACE ( 'NONE', #2946, 4.499999999999997335 ) ;
#2346 = CARTESIAN_POINT ( 'NONE',  ( 0.000000000000000000, 57.49999999999999289, -10.02630927324501897 ) ) ;
#2347 = EDGE_CURVE ( 'NONE', #3901, #1, #3143, .T. ) ;
#2348 = DIRECTION ( 'NONE',  ( 1.000000000000000000, 2.915825712255602780E-16, -0.000000000000000000 ) ) ;
#2349 = ADVANCED_FACE ( 'NONE', ( #1954 ), #2569, .F. ) ;
#2350 = CARTESIAN_POINT ( 'NONE',  ( -1.020538999289457832E-14, 75.00000000000000000, 66.00000000000000000 ) ) ;
#2351 = AXIS2_PLACEMENT_3D ( 'NONE', #439, #757, #3278 ) ;
#2352 = VERTEX_POINT ( 'NONE', #1326 ) ;
#2353 = CARTESIAN_POINT ( 'NONE',  ( 1.999999999999972689, 57.38533865071367757, 80.26119780783082547 ) ) ;
#2354 = CARTESIAN_POINT ( 'NONE',  ( 12.54985323562643273, 73.84895885610114874, 73.37021450203175732 ) ) ;
#2355 = CARTESIAN_POINT ( 'NONE',  ( 11.33796680513942334, 74.99999999999998579, 95.00000000000000000 ) ) ;
#2356 = CARTESIAN_POINT ( 'NONE',  ( -5.201283503960102195, 74.80831621648016494, 66.57344786389410274 ) ) ;
#2357 = ORIENTED_EDGE ( 'NONE', *, *, #1806, .T. ) ;
#2358 = ORIENTED_EDGE ( 'NONE', *, *, #1023, .F. ) ;
#2359 = CARTESIAN_POINT ( 'NONE',  ( -10.67982950432414491, 74.99999999997623945, 74.49939982894497348 ) ) ;
#2360 = CARTESIAN_POINT ( 'NONE',  ( 1.003397517567324426, 57.47154711697604768, 78.26502172252349965 ) ) ;
#2361 = ADVANCED_FACE ( 'NONE', ( #2897 ), #1144, .T. ) ;
#2362 = EDGE_LOOP ( 'NONE', ( #3238, #106 ) ) ;
#2363 = AXIS2_PLACEMENT_3D ( 'NONE', #1062, #480, #4029 ) ;
#2364 = EDGE_CURVE ( 'NONE', #567, #3783, #2864, .T. ) ;
#2365 = CARTESIAN_POINT ( 'NONE',  ( -2.538353641634160329, 75.00000000000000000, 66.56759313577944681 ) ) ;
#2366 = CARTESIAN_POINT ( 'NONE',  ( 1.182881385271246533, 74.99276664072250753, 65.93447482960945649 ) ) ;
#2367 = DIRECTION ( 'NONE',  ( -0.000000000000000000, 1.000000000000000000, -0.000000000000000000 ) ) ;
#2368 = CARTESIAN_POINT ( 'NONE',  ( 35.99999999999999289, -6.071532165918824830E-15, 32.49999999999999289 ) ) ;
#2369 = EDGE_CURVE ( 'NONE', #1331, #2792, #1651, .T. ) ;
#2370 = FACE_BOUND ( 'NONE', #2057, .T. ) ;
#2371 = DIRECTION ( 'NONE',  ( 0.000000000000000000, 1.000000000000000000, 0.000000000000000000 ) ) ;
#2372 = DIRECTION ( 'NONE',  ( -0.000000000000000000, -0.000000000000000000, 1.000000000000000000 ) ) ;
#2373 = ORIENTED_EDGE ( 'NONE', *, *, #2090, .T. ) ;
#2374 = AXIS2_PLACEMENT_3D ( 'NONE', #1781, #3352, #2712 ) ;
#2375 = CARTESIAN_POINT ( 'NONE',  ( 0.5181916446531518172, 57.49279420837272170, 81.93610145209811435 ) ) ;
#2376 = CYLINDRICAL_SURFACE ( 'NONE', #1875, 2.999999999999999112 ) ;
#2377 = DIRECTION ( 'NONE',  ( 0.000000000000000000, 0.000000000000000000, 1.000000000000000000 ) ) ;
#2378 = AXIS2_PLACEMENT_3D ( 'NONE', #3337, #2026, #2993 ) ;
#2379 = ORIENTED_EDGE ( 'NONE', *, *, #3516, .F. ) ;
#2380 = ORIENTED_EDGE ( 'NONE', *, *, #1608, .F. ) ;
#2381 = CARTESIAN_POINT ( 'NONE',  ( -11.14685734517344251, 75.00000000002373213, 75.52083358190216700 ) ) ;
#2382 = CARTESIAN_POINT ( 'NONE',  ( 0.2631693612933577731, 57.49849115713023906, 78.01308295383790892 ) ) ;
#2383 = CARTESIAN_POINT ( 'NONE',  ( -12.39902543155344361, 73.50173401901814429, 72.63190249495718831 ) ) ;
#2384 = ORIENTED_EDGE ( 'NONE', *, *, #3535, .F. ) ;
#2385 = CIRCLE ( 'NONE', #367, 2.999999999999999556 ) ;
#2386 = EDGE_CURVE ( 'NONE', #398, #963, #455, .T. ) ;
#2387 = CYLINDRICAL_SURFACE ( 'NONE', #2267, 5.099999999999996980 ) ;
#2388 = CARTESIAN_POINT ( 'NONE',  ( -2.083471888585384679, 59.89165420528524919, 12.48973268784561697 ) ) ;
#2389 = CARTESIAN_POINT ( 'NONE',  ( -15.61424850130303277, 71.32418524091693257, 78.53626524273612119 ) ) ;
#2390 = EDGE_CURVE ( 'NONE', #896, #1419, #1088, .T. ) ;
#2391 = CIRCLE ( 'NONE', #3796, 2.999999999999999112 ) ;
#2392 = AXIS2_PLACEMENT_3D ( 'NONE', #489, #3064, #1761 ) ;
#2393 = CARTESIAN_POINT ( 'NONE',  ( 45.99999999999999289, 12.00000000000000000, 10.00000000000000178 ) ) ;
#2394 = FACE_OUTER_BOUND ( 'NONE', #4116, .T. ) ;
#2395 = CARTESIAN_POINT ( 'NONE',  ( 2.141232963804870160, 74.97706073711694330, 65.92965732339794727 ) ) ;
#2396 = ORIENTED_EDGE ( 'NONE', *, *, #663, .F. ) ;
#2397 = CARTESIAN_POINT ( 'NONE',  ( 14.16898340256969391, 72.99264546796644026, 95.00000000000000000 ) ) ;
#2398 = ORIENTED_EDGE ( 'NONE', *, *, #1900, .F. ) ;
#2399 = ORIENTED_EDGE ( 'NONE', *, *, #1508, .T. ) ;
#2400 = EDGE_CURVE ( 'NONE', #3191, #949, #2733, .T. ) ;
#2401 = EDGE_CURVE ( 'NONE', #1795, #2593, #1738, .T. ) ;
#2402 = CARTESIAN_POINT ( 'NONE',  ( -14.15521959005934960, 73.03280764515145052, 80.00000000000000000 ) ) ;
#2403 = DIRECTION ( 'NONE',  ( -0.000000000000000000, 1.000000000000000000, -0.000000000000000000 ) ) ;
#2404 = DIRECTION ( 'NONE',  ( -1.000000000000000000, 0.000000000000000000, 0.000000000000000000 ) ) ;
#2405 = ORIENTED_EDGE ( 'NONE', *, *, #919, .T. ) ;
#2406 = ORIENTED_EDGE ( 'NONE', *, *, #2916, .F. ) ;
#2407 = AXIS2_PLACEMENT_3D ( 'NONE', #1071, #1406, #2690 ) ;
#2408 = FACE_OUTER_BOUND ( 'NONE', #559, .T. ) ;
#2409 = CARTESIAN_POINT ( 'NONE',  ( 14.84085032371955215, 63.15222634103391641, 19.28533399372383883 ) ) ;
#2410 = FACE_OUTER_BOUND ( 'NONE', #592, .T. ) ;
#2411 = ORIENTED_EDGE ( 'NONE', *, *, #3578, .F. ) ;
#2412 = B_SPLINE_CURVE_WITH_KNOTS ( 'NONE', 3,
 ( #1136, #3678, #2389, #3096, #2677, #825, #2109, #3356 ),
 .UNSPECIFIED., .F., .F.,
 ( 4, 2, 2, 4 ),
 ( 0.000000000000000000, 0.002191491449905645997, 0.004382982899811291994, 0.008765965799622583987 ),
 .UNSPECIFIED. ) ;
#2413 = CARTESIAN_POINT ( 'NONE',  ( -2.118091530518416698E-23, 57.49999999999998579, 78.00000000000000000 ) ) ;
#2414 = CARTESIAN_POINT ( 'NONE',  ( -2.053876952372731601, 74.99999999999998579, 66.37192060390371751 ) ) ;
#2415 = DIRECTION ( 'NONE',  ( 0.000000000000000000, -0.000000000000000000, -1.000000000000000000 ) ) ;
#2416 = CARTESIAN_POINT ( 'NONE',  ( 12.94342456650287332, 64.31789201285154434, 20.37028410456053251 ) ) ;
#2417 = CIRCLE ( 'NONE', #2473, 2.499999999999988454 ) ;
#2418 = ORIENTED_EDGE ( 'NONE', *, *, #1495, .T. ) ;
#2419 = EDGE_CURVE ( 'NONE', #1545, #1256, #1325, .T. ) ;
#2420 = DIRECTION ( 'NONE',  ( -1.000000000000000000, 0.000000000000000000, 0.000000000000000000 ) ) ;
#2421 = ORIENTED_EDGE ( 'NONE', *, *, #582, .F. ) ;
#2422 = EDGE_LOOP ( 'NONE', ( #833, #2379 ) ) ;
#2423 = CARTESIAN_POINT ( 'NONE',  ( 11.67922763002269626, 72.99798961588979296, 68.81995871746387650 ) ) ;
#2424 = CIRCLE ( 'NONE', #2243, 3.000000000000000888 ) ;
#2425 = CARTESIAN_POINT ( 'NONE',  ( 0.000000000000000000, 40.00000000000000000, 9.999999999999994671 ) ) ;
#2426 = CARTESIAN_POINT ( 'NONE',  ( -13.99917148806262546, 73.07820068918026379, 77.45037861422061098 ) ) ;
#2427 = EDGE_LOOP ( 'NONE', ( #166, #930, #2248, #1037, #110, #332, #444, #484 ) ) ;
#2428 = EDGE_LOOP ( 'NONE', ( #1890, #1192, #2080, #3782 ) ) ;
#2429 = CARTESIAN_POINT ( 'NONE',  ( 0.000000000000000000, 60.00000000000000000, 10.00000000000000000 ) ) ;
#2430 = CARTESIAN_POINT ( 'NONE',  ( -2.782044210059944067, 75.00000000000000000, 66.65200884226122469 ) ) ;
#2431 = CARTESIAN_POINT ( 'NONE',  ( 13.90251838737562906, 65.40345719195113361, 16.89787478229634843 ) ) ;
#2432 = LINE ( 'NONE', #1452, #2770 ) ;
#2433 = CARTESIAN_POINT ( 'NONE',  ( 15.32786885245899811, 62.83213604641093042, 14.99999999999999822 ) ) ;
#2434 = CARTESIAN_POINT ( 'NONE',  ( 2.052351717188570568, 74.99999999999998579, 66.37157098596222227 ) ) ;
#2435 = EDGE_LOOP ( 'NONE', ( #1649, #3217, #3557, #799, #340, #4131, #1677, #2967 ) ) ;
#2436 = ORIENTED_EDGE ( 'NONE', *, *, #2386, .F. ) ;
#2437 = CARTESIAN_POINT ( 'NONE',  ( 4.607326655646489577, 74.70161524637215678, 65.92809086605146263 ) ) ;
#2438 = AXIS2_PLACEMENT_3D ( 'NONE', #97, #3660, #708 ) ;
#2439 = DIRECTION ( 'NONE',  ( 0.000000000000000000, 0.000000000000000000, -1.000000000000000000 ) ) ;
#2440 = DIRECTION ( 'NONE',  ( 0.000000000000000000, 0.000000000000000000, 1.000000000000000000 ) ) ;
#2441 = ORIENTED_EDGE ( 'NONE', *, *, #3401, .F. ) ;
#2442 = ORIENTED_EDGE ( 'NONE', *, *, #3578, .T. ) ;
#2443 = CARTESIAN_POINT ( 'NONE',  ( -5.452127339648971116, 74.75851515576327699, 66.59794095754712373 ) ) ;
#2444 = CYLINDRICAL_SURFACE ( 'NONE', #4073, 5.099999999999993427 ) ;
#2445 = CARTESIAN_POINT ( 'NONE',  ( 11.76353051728321475, 64.85922819010889384, 25.91203084675649393 ) ) ;
#2446 = LINE ( 'NONE', #1808, #871 ) ;
#2447 = EDGE_CURVE ( 'NONE', #1648, #2298, #2016, .T. ) ;
#2448 = CARTESIAN_POINT ( 'NONE',  ( 12.53137105169479248, 72.70150409980875850, 72.36578771182109904 ) ) ;
#2449 = FACE_OUTER_BOUND ( 'NONE', #1903, .T. ) ;
#2450 = CARTESIAN_POINT ( 'NONE',  ( -2.720458894779221731E-15, 74.99999999999998579, 66.00000000000000000 ) ) ;
#2451 = AXIS2_PLACEMENT_3D ( 'NONE', #1520, #4114, #2519 ) ;
#2452 = CARTESIAN_POINT ( 'NONE',  ( 14.16898340256969391, 72.99264546796644026, 83.93071351354380738 ) ) ;
#2453 = VERTEX_POINT ( 'NONE', #2983 ) ;
#2454 = ORIENTED_EDGE ( 'NONE', *, *, #4150, .T. ) ;
#2455 = CARTESIAN_POINT ( 'NONE',  ( 8.150595841898853777, 74.04414929709594162, 67.24003025658727495 ) ) ;
#2456 = VECTOR ( 'NONE', #3764, 1000.000000000000000 ) ;
#2457 = CYLINDRICAL_SURFACE ( 'NONE', #2847, 5.000000000000004441 ) ;
#2458 = CARTESIAN_POINT ( 'NONE',  ( 6.370421698340367200, 74.41698026723922510, 65.73852170854532062 ) ) ;
#2459 = CYLINDRICAL_SURFACE ( 'NONE', #2229, 7.500000000000000000 ) ;
#2460 = VERTEX_POINT ( 'NONE', #1674 ) ;
#2461 = EDGE_LOOP ( 'NONE', ( #3938, #1011, #995, #1215 ) ) ;
#2462 = CARTESIAN_POINT ( 'NONE',  ( 14.97511529085014281, 71.63513110423944852, 74.98160886822829241 ) ) ;
#2463 = CYLINDRICAL_SURFACE ( 'NONE', #1719, 7.500000000000000000 ) ;
#2464 = CYLINDRICAL_SURFACE ( 'NONE', #1324, 35.00000000000000000 ) ;
#2465 = DIRECTION ( 'NONE',  ( 1.387778780781443901E-15, 1.000000000000000000, 0.000000000000000000 ) ) ;
#2466 = CARTESIAN_POINT ( 'NONE',  ( -9.112204180940766562, 65.99266002804296249, 25.65917909595096091 ) ) ;
#2467 = VECTOR ( 'NONE', #3630, 1000.000000000000000 ) ;
#2468 = VECTOR ( 'NONE', #2219, 1000.000000000000000 ) ;
#2469 = CARTESIAN_POINT ( 'NONE',  ( 35.99999999999999289, 12.00000000000000000, 60.00000000000000000 ) ) ;
#2470 = DIRECTION ( 'NONE',  ( -1.000000000000000000, 0.000000000000000000, 0.000000000000000000 ) ) ;
#2471 = CARTESIAN_POINT ( 'NONE',  ( -9.805922710711264756, 74.99999999999998579, 70.32027988086394998 ) ) ;
#2472 = CARTESIAN_POINT ( 'NONE',  ( 11.70816237355170308, 74.99999999984734700, 82.71504077505591113 ) ) ;
#2473 = AXIS2_PLACEMENT_3D ( 'NONE', #749, #2287, #2676 ) ;
#2474 = ORIENTED_EDGE ( 'NONE', *, *, #1022, .F. ) ;
#2475 = CARTESIAN_POINT ( 'NONE',  ( 6.353592439287963245, 74.70547703363121173, 67.02649900102643699 ) ) ;
#2476 = CARTESIAN_POINT ( 'NONE',  ( 1.039731215090377248, 59.97385910314225299, 11.76415455892735196 ) ) ;
#2477 = DIRECTION ( 'NONE',  ( -6.938893903907228378E-16, 0.000000000000000000, -1.000000000000000000 ) ) ;
#2478 = CARTESIAN_POINT ( 'NONE',  ( -1.104234004567584693, 67.49913926105706707, 31.99828726641831267 ) ) ;
#2479 = LINE ( 'NONE', #948, #3264 ) ;
#2480 = VECTOR ( 'NONE', #1336, 1000.000000000000000 ) ;
#2481 = ORIENTED_EDGE ( 'NONE', *, *, #3694, .F. ) ;
#2482 = CARTESIAN_POINT ( 'NONE',  ( -5.875819658156854253, 74.71513337816159606, 66.74763240852018953 ) ) ;
#2483 = CARTESIAN_POINT ( 'NONE',  ( -36.00000000000000711, 3.000000000000000888, 17.50000000000002132 ) ) ;
#2484 = CARTESIAN_POINT ( 'NONE',  ( 14.95694668259752369, 63.07708671228720476, 18.75625593346342512 ) ) ;
#2485 = ADVANCED_FACE ( 'NONE', ( #784 ), #2148, .T. ) ;
#2486 = CARTESIAN_POINT ( 'NONE',  ( -8.037625045598099760, 66.34074535283417617, 26.49150606380005968 ) ) ;
#2487 = EDGE_CURVE ( 'NONE', #732, #1517, #800, .T. ) ;
#2488 = CARTESIAN_POINT ( 'NONE',  ( 18.50000000000000355, 39.99999999999998579, 95.00000000000000000 ) ) ;
#2489 = DIRECTION ( 'NONE',  ( -0.000000000000000000, 1.000000000000000000, -0.000000000000000000 ) ) ;
#2490 = CARTESIAN_POINT ( 'NONE',  ( -11.14556816245699444, 75.00000000000000000, 72.18022128657200653 ) ) ;
#2491 = DIRECTION ( 'NONE',  ( -0.9251334888123853295, 0.000000000000000000, -0.3796419732824917181 ) ) ;
#2492 = EDGE_CURVE ( 'NONE', #1774, #3056, #1859, .T. ) ;
#2493 = FACE_OUTER_BOUND ( 'NONE', #695, .T. ) ;
#2494 = ORIENTED_EDGE ( 'NONE', *, *, #1785, .T. ) ;
#2495 = ORIENTED_EDGE ( 'NONE', *, *, #1905, .F. ) ;
#2496 = ADVANCED_FACE ( 'NONE', ( #2647 ), #2685, .F. ) ;
#2497 = CARTESIAN_POINT ( 'NONE',  ( 12.93993317476396143, 72.52303203444587609, 70.42211960372301860 ) ) ;
#2498 = CARTESIAN_POINT ( 'NONE',  ( 1.040518616697805765, 59.97382536183728519, 18.23559288452507587 ) ) ;
#2499 = CARTESIAN_POINT ( 'NONE',  ( 6.694648851593810512, 74.35533029323167398, 65.82162428650138963 ) ) ;
#2500 = DIRECTION ( 'NONE',  ( -1.000000000000000000, 0.000000000000000000, 0.000000000000000000 ) ) ;
#2501 = AXIS2_PLACEMENT_3D ( 'NONE', #875, #2224, #2491 ) ;
#2502 = ORIENTED_EDGE ( 'NONE', *, *, #3259, .F. ) ;
#2503 = ORIENTED_EDGE ( 'NONE', *, *, #150, .F. ) ;
#2504 = CARTESIAN_POINT ( 'NONE',  ( -1.020538999289460830E-14, 74.99999999999998579, 66.00000000000000000 ) ) ;
#2505 = DIRECTION ( 'NONE',  ( 0.000000000000000000, 1.000000000000000000, -0.000000000000000000 ) ) ;
#2506 = CARTESIAN_POINT ( 'NONE',  ( -14.00000000000002309, 63.72357255425163913, 15.00000000000000000 ) ) ;
#2507 = CARTESIAN_POINT ( 'NONE',  ( -2.822442160337312596E-14, 60.99999999999998579, 80.00000000000000000 ) ) ;
#2508 = CARTESIAN_POINT ( 'NONE',  ( 14.15799669463877386, 73.02449249449647084, 81.31030136139904130 ) ) ;
#2509 = DIRECTION ( 'NONE',  ( -1.000000000000000000, 0.000000000000000000, 0.000000000000000000 ) ) ;
#2510 = EDGE_CURVE ( 'NONE', #496, #1091, #587, .T. ) ;
#2511 = EDGE_CURVE ( 'NONE', #2298, #1779, #4012, .T. ) ;
#2512 = VERTEX_POINT ( 'NONE', #3784 ) ;
#2513 = AXIS2_PLACEMENT_3D ( 'NONE', #1274, #144, #774 ) ;
#2514 = CARTESIAN_POINT ( 'NONE',  ( 0.000000000000000000, 40.00000000000000000, 62.00000000000000000 ) ) ;
#2515 = CIRCLE ( 'NONE', #501, 7.500000000000000000 ) ;
#2516 = ORIENTED_EDGE ( 'NONE', *, *, #1880, .F. ) ;
#2517 = DIRECTION ( 'NONE',  ( 1.000000000000000000, 0.000000000000000000, 0.000000000000000000 ) ) ;
#2518 = CARTESIAN_POINT ( 'NONE',  ( -17.00000000000002132, 73.98529093593283790, 95.00000000000000000 ) ) ;
#2519 = DIRECTION ( 'NONE',  ( -1.000000000000000000, -2.915825712255602780E-16, 0.000000000000000000 ) ) ;
#2520 = LINE ( 'NONE', #297, #3824 ) ;
#2521 = CARTESIAN_POINT ( 'NONE',  ( -9.671117321090715535, 71.99999999999998579, 72.89581181543582034 ) ) ;
#2522 = CARTESIAN_POINT ( 'NONE',  ( 35.99999999999999289, -6.071532165918824830E-15, 27.50000000000000355 ) ) ;
#2523 = ADVANCED_FACE ( 'NONE', ( #2809 ), #898, .F. ) ;
#2524 = ORIENTED_EDGE ( 'NONE', *, *, #2390, .T. ) ;
#2525 = ORIENTED_EDGE ( 'NONE', *, *, #2364, .F. ) ;
#2526 = EDGE_CURVE ( 'NONE', #1779, #2298, #3275, .T. ) ;
#2527 = CARTESIAN_POINT ( 'NONE',  ( -2.880758674582424346E-14, 74.99999999999998579, 80.00000000000000000 ) ) ;
#2528 = CARTESIAN_POINT ( 'NONE',  ( 13.99999999999997691, 72.17157287525378706, 15.00000000000000000 ) ) ;
#2529 = CARTESIAN_POINT ( 'NONE',  ( -7.081388871224591597, 69.27845746498276469, 27.11081716597705693 ) ) ;
#2530 = DIRECTION ( 'NONE',  ( 0.000000000000000000, 0.000000000000000000, -1.000000000000000000 ) ) ;
#2531 = DIRECTION ( 'NONE',  ( 0.000000000000000000, 1.000000000000000000, 8.673617379884036705E-17 ) ) ;
#2532 = CARTESIAN_POINT ( 'NONE',  ( -36.00000000000000711, 12.00000000000000000, 17.50000000000002132 ) ) ;
#2533 = ORIENTED_EDGE ( 'NONE', *, *, #557, .T. ) ;
#2534 = AXIS2_PLACEMENT_3D ( 'NONE', #3940, #1057, #3547 ) ;
#2535 = CIRCLE ( 'NONE', #3069, 2.999999999999999112 ) ;
#2536 = CYLINDRICAL_SURFACE ( 'NONE', #2173, 27.50000000000000000 ) ;
#2537 = EDGE_CURVE ( 'NONE', #345, #2196, #3817, .T. ) ;
#2538 = EDGE_CURVE ( 'NONE', #3783, #1762, #2535, .T. ) ;
#2539 = EDGE_LOOP ( 'NONE', ( #65, #2753, #1277, #943 ) ) ;
#2540 = VERTEX_POINT ( 'NONE', #2563 ) ;
#2541 = CARTESIAN_POINT ( 'NONE',  ( -2.759985173580797292E-14, 72.99999999999998579, 74.90000000000000568 ) ) ;
#2542 = CARTESIAN_POINT ( 'NONE',  ( 35.99999999999999289, 3.000000000000000888, 9.999999999999998224 ) ) ;
#2543 = CARTESIAN_POINT ( 'NONE',  ( -15.32786885245903541, 62.83213604641090200, 15.00000000000000000 ) ) ;
#2544 = CARTESIAN_POINT ( 'NONE',  ( -2.000000000000019096, 53.99999999999997868, 80.00000000000000000 ) ) ;
#2545 = DIRECTION ( 'NONE',  ( 0.000000000000000000, -1.000000000000000000, 0.000000000000000000 ) ) ;
#2546 = ORIENTED_EDGE ( 'NONE', *, *, #1586, .T. ) ;
#2547 = CIRCLE ( 'NONE', #2210, 2.999999999999997335 ) ;
#2548 = VERTEX_POINT ( 'NONE', #3582 ) ;
#2549 = CARTESIAN_POINT ( 'NONE',  ( -9.671117321090664021, 74.99999999999998579, 72.89581181543586297 ) ) ;
#2550 = DIRECTION ( 'NONE',  ( -1.000000000000000000, 0.000000000000000000, 0.000000000000000000 ) ) ;
#2551 = CARTESIAN_POINT ( 'NONE',  ( -9.597267941644878064, 68.18886619211525613, 25.20255037496779593 ) ) ;
#2552 = AXIS2_PLACEMENT_3D ( 'NONE', #2822, #3168, #3503 ) ;
#2553 = CARTESIAN_POINT ( 'NONE',  ( -35.00000000000000000, 40.00000000000000000, 65.00000000000000000 ) ) ;
#2554 = CARTESIAN_POINT ( 'NONE',  ( -11.00000000000002309, 74.99999999999998579, 15.00000000000000000 ) ) ;
#2555 =( BOUNDED_SURFACE ( )  B_SPLINE_SURFACE ( 3, 2, ( 
 ( #2621, #1159, #2662 ),
 ( #204, #1667, #3301 ),
 ( #392, #1686, #2682 ),
 ( #1708, #2030, #79 ),
 ( #3602, #1361, #3950 ),
 ( #2110, #1066, #1790 ),
 ( #2354, #2998, #1400 ),
 ( #3075, #2448, #848 ) ),
 .UNSPECIFIED., .F., .F., .T. ) 
 B_SPLINE_SURFACE_WITH_KNOTS ( ( 4, 2, 2, 4 ),
 ( 3, 3 ),
 ( 0.000000000000000000, 0.004378525973521636000, 0.006567788960282454000, 0.008757051947043272000 ),
 ( 0.2926170331299018379, 1.000000000000000000 ),
 .UNSPECIFIED. ) 
 GEOMETRIC_REPRESENTATION_ITEM ( )  RATIONAL_B_SPLINE_SURFACE ( (
 ( 0.9381905697867147786, 0.8943851122537933573, 1.000000000000000000),
 ( 0.9381878715190619111, 0.8943805016752088832, 1.000000000000000000),
 ( 0.9369569623177587125, 0.8922772249313070114, 1.000000000000000000),
 ( 0.9334697165422353171, 0.8863185052043264234, 1.000000000000000000),
 ( 0.9320241004318985389, 0.8838483548940829770, 1.000000000000000000),
 ( 0.9287010066723124790, 0.8781701246761741686, 1.000000000000000000),
 ( 0.9268186711257531130, 0.8749537439917937087, 1.000000000000000000),
 ( 0.9247511080137154060, 0.8714208616268771523, 1.000000000000000000) ) ) 
 REPRESENTATION_ITEM ( '' )  SURFACE ( )  );
#2556 = ORIENTED_EDGE ( 'NONE', *, *, #2099, .F. ) ;
#2557 = EDGE_CURVE ( 'NONE', #2138, #1545, #41, .T. ) ;
#2558 = DIRECTION ( 'NONE',  ( -0.000000000000000000, 1.000000000000000000, -0.000000000000000000 ) ) ;
#2559 = ORIENTED_EDGE ( 'NONE', *, *, #3421, .F. ) ;
#2560 = ORIENTED_EDGE ( 'NONE', *, *, #3708, .F. ) ;
#2561 = CARTESIAN_POINT ( 'NONE',  ( 22.96192500641007328, 17.00000000000000355, 60.00000000000000000 ) ) ;
#2562 = VECTOR ( 'NONE', #495, 1000.000000000000000 ) ;
#2563 = CARTESIAN_POINT ( 'NONE',  ( -45.99999999999999289, 12.00000000000000000, 49.99999999999999289 ) ) ;
#2564 = DIRECTION ( 'NONE',  ( -0.000000000000000000, 1.000000000000000000, -0.000000000000000000 ) ) ;
#2565 = DIRECTION ( 'NONE',  ( 0.000000000000000000, 0.000000000000000000, -1.000000000000000000 ) ) ;
#2566 = CARTESIAN_POINT ( 'NONE',  ( -2.822442160337312596E-14, 59.13733208101454153, 80.00000000000000000 ) ) ;
#2567 = VERTEX_POINT ( 'NONE', #3491 ) ;
#2568 = ORIENTED_EDGE ( 'NONE', *, *, #2957, .T. ) ;
#2569 = CYLINDRICAL_SURFACE ( 'NONE', #385, 12.00000000000000533 ) ;
#2570 = CARTESIAN_POINT ( 'NONE',  ( -14.00000000000002309, 71.99999999999998579, 10.20416847668726312 ) ) ;
#2571 = CIRCLE ( 'NONE', #2501, 2.999999999999999556 ) ;
#2572 = CARTESIAN_POINT ( 'NONE',  ( -3.703450456582706884, 70.17162621477932305, 28.50932082523792488 ) ) ;
#2573 = B_SPLINE_CURVE_WITH_KNOTS ( 'NONE', 3,
 ( #474, #2757, #1469, #747, #1698, #2988 ),
 .UNSPECIFIED., .F., .F.,
 ( 4, 2, 4 ),
 ( 0.000000000000000000, 0.002399220392308471818, 0.004798440784616943636 ),
 .UNSPECIFIED. ) ;
#2574 = CARTESIAN_POINT ( 'NONE',  ( -14.00000000000002309, 72.13648708010886423, 13.39994393586814070 ) ) ;
#2575 = AXIS2_PLACEMENT_3D ( 'NONE', #1791, #531, #873 ) ;
#2576 = CARTESIAN_POINT ( 'NONE',  ( 0.000000000000000000, 39.99999999999998579, 93.99999999999998579 ) ) ;
#2577 = CARTESIAN_POINT ( 'NONE',  ( 11.08766345507225992, 67.37017083202496792, 23.55928121317718649 ) ) ;
#2578 = EDGE_CURVE ( 'NONE', #2613, #3788, #1789, .T. ) ;
#2579 = FACE_BOUND ( 'NONE', #1270, .T. ) ;
#2580 = ORIENTED_EDGE ( 'NONE', *, *, #3421, .T. ) ;
#2581 = CARTESIAN_POINT ( 'NONE',  ( -14.15130911628745203, 73.04456767744878221, 80.00000000000000000 ) ) ;
#2582 = CARTESIAN_POINT ( 'NONE',  ( -35.99999999999997868, -6.071532165918824830E-15, 30.00000000000001066 ) ) ;
#2583 = LINE ( 'NONE', #2294, #1842 ) ;
#2584 = DIRECTION ( 'NONE',  ( 0.000000000000000000, 1.000000000000000000, -0.000000000000000000 ) ) ;
#2585 = CARTESIAN_POINT ( 'NONE',  ( -8.464109956004987723, 73.96707524452247640, 66.46057601919598312 ) ) ;
#2586 = ORIENTED_EDGE ( 'NONE', *, *, #2689, .T. ) ;
#2587 = ORIENTED_EDGE ( 'NONE', *, *, #3438, .F. ) ;
#2588 = CIRCLE ( 'NONE', #3125, 27.50000000000000000 ) ;
#2589 = DIRECTION ( 'NONE',  ( -1.000000000000000000, 0.000000000000000000, 0.000000000000000000 ) ) ;
#2590 = AXIS2_PLACEMENT_3D ( 'NONE', #3787, #274, #1190 ) ;
#2591 = CARTESIAN_POINT ( 'NONE',  ( -2.249792803062177176E-14, 72.99999999999998579, 9.900000000000002132 ) ) ;
#2592 = CARTESIAN_POINT ( 'NONE',  ( 6.273375278680179967, 69.55224516359631082, 27.54959566474309440 ) ) ;
#2593 = VERTEX_POINT ( 'NONE', #3254 ) ;
#2594 = LINE ( 'NONE', #327, #924 ) ;
#2595 = FACE_OUTER_BOUND ( 'NONE', #4020, .T. ) ;
#2596 = CARTESIAN_POINT ( 'NONE',  ( -12.11395538917605741, 66.72722148114137042, 22.07529482566096846 ) ) ;
#2597 = SURFACE_STYLE_FILL_AREA ( #3924 ) ;
#2598 = AXIS2_PLACEMENT_3D ( 'NONE', #991, #2589, #1258 ) ;
#2599 = EDGE_LOOP ( 'NONE', ( #2162, #3210 ) ) ;
#2600 = ORIENTED_EDGE ( 'NONE', *, *, #571, .T. ) ;
#2601 = DIRECTION ( 'NONE',  ( 0.000000000000000000, 1.000000000000000000, 0.000000000000000000 ) ) ;
#2602 = DIRECTION ( 'NONE',  ( -0.000000000000000000, -0.000000000000000000, 1.000000000000000000 ) ) ;
#2603 = CIRCLE ( 'NONE', #2274, 2.999999999999998224 ) ;
#2604 = DIRECTION ( 'NONE',  ( 0.000000000000000000, 0.000000000000000000, -1.000000000000000000 ) ) ;
#2605 = CARTESIAN_POINT ( 'NONE',  ( -2.312249789818692165E-14, 72.99999999999998579, 15.00000000000000000 ) ) ;
#2606 = CARTESIAN_POINT ( 'NONE',  ( -7.979134110747997610, 74.54247014098808677, 67.91325321237529522 ) ) ;
#2607 = ORIENTED_EDGE ( 'NONE', *, *, #3553, .F. ) ;
#2608 = ORIENTED_EDGE ( 'NONE', *, *, #1461, .F. ) ;
#2609 = CARTESIAN_POINT ( 'NONE',  ( -11.14556816245696247, 75.00000000000001421, 72.18022128657199232 ) ) ;
#2610 = CARTESIAN_POINT ( 'NONE',  ( 0.000000000000000000, 40.00000000000000000, -10.02630927324502075 ) ) ;
#2611 = CARTESIAN_POINT ( 'NONE',  ( 1.853844129253339190, 70.42210597810931461, 28.88463586226522750 ) ) ;
#2612 = VECTOR ( 'NONE', #2979, 1000.000000000000000 ) ;
#2613 = VERTEX_POINT ( 'NONE', #609 ) ;
#2614 = CARTESIAN_POINT ( 'NONE',  ( -14.00000000000002309, 72.17157287527601284, 14.19942750935790343 ) ) ;
#2615 = CARTESIAN_POINT ( 'NONE',  ( 4.681035884386095525, 74.82873327038129219, 66.36256610734272954 ) ) ;
#2616 = CIRCLE ( 'NONE', #2078, 2.999999999999999112 ) ;
#2617 = CARTESIAN_POINT ( 'NONE',  ( 14.15521959005929631, 73.03280764515146473, 80.00000000000000000 ) ) ;
#2618 = CARTESIAN_POINT ( 'NONE',  ( -14.00000000000002132, 65.32291452420118105, 15.00000000000000000 ) ) ;
#2619 = LINE ( 'NONE', #2327, #1551 ) ;
#2620 = ORIENTED_EDGE ( 'NONE', *, *, #1732, .F. ) ;
#2621 = CARTESIAN_POINT ( 'NONE',  ( 14.15130911628739874, 73.04456767744881063, 80.00000000000001421 ) ) ;
#2622 = CARTESIAN_POINT ( 'NONE',  ( 11.54709325657167085, 74.99999999967189979, 11.62998904527828969 ) ) ;
#2623 = PLANE ( 'NONE',  #3190 ) ;
#2624 = CARTESIAN_POINT ( 'NONE',  ( -6.586400577143358248, 74.37621255156246036, 65.79281333349906902 ) ) ;
#2625 = EDGE_LOOP ( 'NONE', ( #2336, #2907, #469, #3283 ) ) ;
#2626 = EDGE_LOOP ( 'NONE', ( #1479, #760 ) ) ;
#2627 = EDGE_CURVE ( 'NONE', #1549, #2075, #669, .T. ) ;
#2628 = DIRECTION ( 'NONE',  ( 0.000000000000000000, 0.000000000000000000, -1.000000000000000000 ) ) ;
#2629 = CARTESIAN_POINT ( 'NONE',  ( 35.99999999999999289, -6.071532165918824830E-15, 9.999999999999998224 ) ) ;
#2630 = CARTESIAN_POINT ( 'NONE',  ( -2.065098422459841654, 67.44065076940427161, 31.88266695834194309 ) ) ;
#2631 = ORIENTED_EDGE ( 'NONE', *, *, #472, .T. ) ;
#2632 = CARTESIAN_POINT ( 'NONE',  ( 17.49999999999999645, 39.99999999999998579, 93.99999999999998579 ) ) ;
#2633 = CARTESIAN_POINT ( 'NONE',  ( -1.337146881493299633, 74.98066992848036705, 65.79511342373477589 ) ) ;
#2634 = DIRECTION ( 'NONE',  ( 0.000000000000000000, 1.000000000000000000, 0.000000000000000000 ) ) ;
#2635 = CARTESIAN_POINT ( 'NONE',  ( 11.35633007266465988, 67.20677818407165205, 23.19971959422953134 ) ) ;
#2636 = ADVANCED_FACE ( 'NONE', ( #2891 ), #17, .F. ) ;
#2637 = VECTOR ( 'NONE', #2006, 1000.000000000000000 ) ;
#2638 = DIRECTION ( 'NONE',  ( 0.000000000000000000, 0.000000000000000000, 1.000000000000000000 ) ) ;
#2639 = ORIENTED_EDGE ( 'NONE', *, *, #835, .F. ) ;
#2640 = CARTESIAN_POINT ( 'NONE',  ( 1.002388196989172142, 57.47160778101404333, 81.73559894228002065 ) ) ;
#2641 = PLANE ( 'NONE',  #1733 ) ;
#2642 = CARTESIAN_POINT ( 'NONE',  ( -2.000000000000020428, 57.38533865071371309, 80.13215701144488889 ) ) ;
#2643 = CARTESIAN_POINT ( 'NONE',  ( -13.17121114711593144, 72.45714615515322521, 73.49256679774364898 ) ) ;
#2644 = CARTESIAN_POINT ( 'NONE',  ( -12.93993317476070537, 72.52303203444712665, 70.42211960372799240 ) ) ;
#2645 = VERTEX_POINT ( 'NONE', #1579 ) ;
#2646 = VERTEX_POINT ( 'NONE', #1644 ) ;
#2647 = FACE_OUTER_BOUND ( 'NONE', #3031, .T. ) ;
#2648 = DIRECTION ( 'NONE',  ( -0.000000000000000000, 1.000000000000000000, -0.000000000000000000 ) ) ;
#2649 = ADVANCED_FACE ( 'NONE', ( #3512 ), #1967, .T. ) ;
#2650 = CARTESIAN_POINT ( 'NONE',  ( -1.655844084556494566, 67.46498200235937759, 28.92850713978575428 ) ) ;
#2651 = ORIENTED_EDGE ( 'NONE', *, *, #4031, .T. ) ;
#2652 = EDGE_CURVE ( 'NONE', #1835, #822, #3018, .T. ) ;
#2653 = AXIS2_PLACEMENT_3D ( 'NONE', #3537, #2937, #3562 ) ;
#2654 = EDGE_CURVE ( 'NONE', #949, #2947, #3234, .T. ) ;
#2655 = CARTESIAN_POINT ( 'NONE',  ( 12.25771701365645328, 73.53884446053884005, 72.34799177298447148 ) ) ;
#2656 = CARTESIAN_POINT ( 'NONE',  ( 0.5899733220657013000, 75.00000000000002842, 65.95022385198183201 ) ) ;
#2657 = CARTESIAN_POINT ( 'NONE',  ( 14.16898340256969568, 72.99264546796642605, 83.27552488366745820 ) ) ;
#2658 = CARTESIAN_POINT ( 'NONE',  ( 13.06643701076025721, 66.04937890010177171, 20.04707069377196405 ) ) ;
#2659 = CARTESIAN_POINT ( 'NONE',  ( -11.94220619767093083, 73.62088422250933206, 71.79359148723308692 ) ) ;
#2660 = ORIENTED_EDGE ( 'NONE', *, *, #3164, .T. ) ;
#2661 = DIRECTION ( 'NONE',  ( -0.000000000000000000, 1.242141978321335985E-16, -1.000000000000000000 ) ) ;
#2662 = CARTESIAN_POINT ( 'NONE',  ( 15.65789473684207600, 71.30224165151713578, 80.00000000000000000 ) ) ;
#2663 = CARTESIAN_POINT ( 'NONE',  ( 11.99999999999997691, 74.99999999999998579, 15.00000000000000178 ) ) ;
#2664 = EDGE_CURVE ( 'NONE', #375, #1849, #136, .T. ) ;
#2665 = EDGE_CURVE ( 'NONE', #2646, #3751, #2869, .T. ) ;
#2666 = CARTESIAN_POINT ( 'NONE',  ( 0.000000000000000000, 40.00000000000000000, -10.02630927324502075 ) ) ;
#2667 = ORIENTED_EDGE ( 'NONE', *, *, #2018, .T. ) ;
#2668 = ORIENTED_EDGE ( 'NONE', *, *, #3939, .F. ) ;
#2669 = VECTOR ( 'NONE', #3033, 1000.000000000000000 ) ;
#2670 = CARTESIAN_POINT ( 'NONE',  ( -36.00000000000000711, -6.071532165918824830E-15, 49.99999999999997158 ) ) ;
#2671 = FACE_OUTER_BOUND ( 'NONE', #256, .T. ) ;
#2672 = VERTEX_POINT ( 'NONE', #4153 ) ;
#2673 = DIRECTION ( 'NONE',  ( -0.000000000000000000, 1.000000000000000000, -0.000000000000000000 ) ) ;
#2674 = CARTESIAN_POINT ( 'NONE',  ( 10.18394626625719290, 74.03619919439599073, 69.50054250032025038 ) ) ;
#2675 = CIRCLE ( 'NONE', #131, 12.00000000000000178 ) ;
#2676 = DIRECTION ( 'NONE',  ( 0.000000000000000000, 0.000000000000000000, -1.000000000000000000 ) ) ;
#2677 = CARTESIAN_POINT ( 'NONE',  ( -15.31035561202174478, 71.47425989339112107, 76.36453377615194427 ) ) ;
#2678 = CARTESIAN_POINT ( 'NONE',  ( 45.99999999999999289, 0.000000000000000000, 10.00000000000000178 ) ) ;
#2679 = DIRECTION ( 'NONE',  ( -0.000000000000000000, 1.000000000000000000, -0.000000000000000000 ) ) ;
#2680 = CARTESIAN_POINT ( 'NONE',  ( -11.00000000000002132, 71.99999999999998579, 0.000000000000000000 ) ) ;
#2681 = VECTOR ( 'NONE', #1616, 1000.000000000000000 ) ;
#2682 = CARTESIAN_POINT ( 'NONE',  ( 15.48241548544187118, 71.39170267365842903, 77.07334603978998189 ) ) ;
#2683 = CARTESIAN_POINT ( 'NONE',  ( -19.42932115927006009, 20.53846153846154365, 106.7108694571594043 ) ) ;
#2684 = CARTESIAN_POINT ( 'NONE',  ( -3.330621938754774192, 74.92443240400591264, 66.11161955666480594 ) ) ;
#2685 =( BOUNDED_SURFACE ( )  B_SPLINE_SURFACE ( 3, 2, ( 
 ( #400, #2964, #86 ),
 ( #1053, #1694, #1386 ),
 ( #3956, #1166, #2497 ),
 ( #2831, #818, #519 ),
 ( #3061, #1841, #2423 ),
 ( #1480, #2748, #2100 ),
 ( #562, #1498, #4113 ),
 ( #585, #193, #1798 ),
 ( #1818, #2455, #2769 ),
 ( #2120, #3746, #537 ),
 ( #3405, #1462, #2787 ),
 ( #2475, #4036, #3426 ),
 ( #3712, #3107, #249 ),
 ( #4072, #231, #1145 ),
 ( #3385, #2437, #3086 ),
 ( #3132, #3730, #4093 ),
 ( #1186, #837, #211 ),
 ( #857, #4054, #3446 ),
 ( #271, #1519, #1209 ),
 ( #3155, #500, #3766 ) ),
 .UNSPECIFIED., .F., .F., .F. ) 
 B_SPLINE_SURFACE_WITH_KNOTS ( ( 4, 2, 2, 2, 2, 2, 2, 2, 2, 4 ),
 ( 3, 3 ),
 ( 0.01555236548684494832, 0.01772013042255176501, 0.01988789535825857824, 0.02205566029396539146, 0.02422342522967220468, 0.02530730769752561130, 0.02639119016537901791, 0.02855895510108583113, 0.03072672003679264435, 0.03289448497249945758 ),
 ( 0.2992340077889491523, 1.000000000000000000 ),
 .UNSPECIFIED. ) 
 GEOMETRIC_REPRESENTATION_ITEM ( )  RATIONAL_B_SPLINE_SURFACE ( (
 ( 0.9237693056500713151, 0.8726236116790331288, 1.000000000000000000),
 ( 0.9275740109038275172, 0.8789810195182512498, 1.000000000000000000),
 ( 0.9315398493452620166, 0.8856076701298218889, 1.000000000000000000),
 ( 0.9396714054852451925, 0.8991949562141599017, 1.000000000000000000),
 ( 0.9438375417108708643, 0.9061562910176625962, 1.000000000000000000),
 ( 0.9523118883152306147, 0.9203163570258298121, 1.000000000000000000),
 ( 0.9565119095086622725, 0.9273343113426963935, 1.000000000000000000),
 ( 0.9647095628000348366, 0.9410320413432826658, 1.000000000000000000),
 ( 0.9687206236591995312, 0.9477342555882520836, 1.000000000000000000),
 ( 0.9745198060859900924, 0.9574243012980309109, 1.000000000000000000),
 ( 0.9763994088448726405, 0.9605649917108136648, 1.000000000000000000),
 ( 0.9799978252654808486, 0.9665777047162587010, 1.000000000000000000),
 ( 0.9817228902020838088, 0.9694601727708587191, 1.000000000000000000),
 ( 0.9866458572574619001, 0.9776861212380029142, 1.000000000000000000),
 ( 0.9896001826603870732, 0.9826226012603688220, 1.000000000000000000),
 ( 0.9945800706310854444, 0.9909436607674331210, 1.000000000000000000),
 ( 0.9965489155996121173, 0.9942334689397636094, 1.000000000000000000),
 ( 0.9992593213677927189, 0.9987623755774283074, 1.000000000000000000),
 ( 0.9999994804455558661, 0.9999991318592965639, 1.000000000000000000),
 ( 1.000000000000000000, 1.000000000000000000, 1.000000000000000000) ) ) 
 REPRESENTATION_ITEM ( '' )  SURFACE ( )  );
#2686 = EDGE_LOOP ( 'NONE', ( #1556, #1291, #3745, #2845 ) ) ;
#2687 = ORIENTED_EDGE ( 'NONE', *, *, #554, .F. ) ;
#2688 = EDGE_CURVE ( 'NONE', #3445, #1849, #4154, .T. ) ;
#2689 = EDGE_CURVE ( 'NONE', #963, #1359, #2250, .T. ) ;
#2690 = DIRECTION ( 'NONE',  ( -1.000000000000000000, 0.000000000000000000, 0.000000000000000000 ) ) ;
#2691 = CARTESIAN_POINT ( 'NONE',  ( 1.734936988533040791, 57.41393928614110820, 78.99652962471797935 ) ) ;
#2692 = ADVANCED_FACE ( 'NONE', ( #2934 ), #295, .F. ) ;
#2693 = DIRECTION ( 'NONE',  ( -1.000000000000000000, 0.000000000000000000, 0.000000000000000000 ) ) ;
#2694 = ORIENTED_EDGE ( 'NONE', *, *, #3090, .T. ) ;
#2695 = FACE_OUTER_BOUND ( 'NONE', #1576, .T. ) ;
#2696 = CARTESIAN_POINT ( 'NONE',  ( 10.77150593958670655, 73.90647687141584754, 70.14356861391090092 ) ) ;
#2697 = DIRECTION ( 'NONE',  ( -1.000000000000000000, 0.000000000000000000, 0.000000000000000000 ) ) ;
#2698 = CARTESIAN_POINT ( 'NONE',  ( -5.386450540188567615, 74.58944056071706541, 65.53369453346928708 ) ) ;
#2699 = CARTESIAN_POINT ( 'NONE',  ( 13.99999999999997868, 65.32291452420122368, 15.00000000000000000 ) ) ;
#2700 = CARTESIAN_POINT ( 'NONE',  ( 1.035204417590908532, 75.00000000000000000, 66.12490554656311303 ) ) ;
#2701 = AXIS2_PLACEMENT_3D ( 'NONE', #894, #287, #8 ) ;
#2702 = ADVANCED_FACE ( 'NONE', ( #1250, #674, #1948, #3891 ), #2641, .F. ) ;
#2703 = EDGE_CURVE ( 'NONE', #3733, #2887, #3967, .T. ) ;
#2704 = CARTESIAN_POINT ( 'NONE',  ( 1.999999999999973133, 57.38533865071369888, 80.00000000000000000 ) ) ;
#2705 = CARTESIAN_POINT ( 'NONE',  ( -35.99999999999997868, -6.071532165918824830E-15, 30.00000000000001066 ) ) ;
#2706 = ORIENTED_EDGE ( 'NONE', *, *, #2055, .T. ) ;
#2707 = ORIENTED_EDGE ( 'NONE', *, *, #2400, .T. ) ;
#2708 = CARTESIAN_POINT ( 'NONE',  ( -12.91695908895258960, 74.71658472998514355, 75.67255355457434973 ) ) ;
#2709 = CARTESIAN_POINT ( 'NONE',  ( 1.999999999999973133, 57.38533865071369888, 80.00000000000000000 ) ) ;
#2710 = CARTESIAN_POINT ( 'NONE',  ( 8.516523017917718263, 74.99999999999997158, 69.13093943337402436 ) ) ;
#2711 = ORIENTED_EDGE ( 'NONE', *, *, #415, .T. ) ;
#2712 = DIRECTION ( 'NONE',  ( 1.000000000000000000, 2.915825712255602780E-16, 0.000000000000000000 ) ) ;
#2713 = VECTOR ( 'NONE', #823, 1000.000000000000000 ) ;
#2714 = AXIS2_PLACEMENT_3D ( 'NONE', #3606, #2938, #3914 ) ;
#2715 = CARTESIAN_POINT ( 'NONE',  ( -7.426877104979108246, 75.00000000000000000, 69.39895676831704918 ) ) ;
#2716 = DIRECTION ( 'NONE',  ( -1.000000000000000000, 0.000000000000000000, 0.000000000000000000 ) ) ;
#2717 = AXIS2_PLACEMENT_3D ( 'NONE', #1883, #1228, #1006 ) ;
#2718 = VECTOR ( 'NONE', #4019, 1000.000000000000000 ) ;
#2719 = DIRECTION ( 'NONE',  ( -0.000000000000000000, -0.000000000000000000, 1.000000000000000000 ) ) ;
#2720 = CARTESIAN_POINT ( 'NONE',  ( 13.56902573815627200, 63.97340152054865570, 18.49194313874150808 ) ) ;
#2721 = CARTESIAN_POINT ( 'NONE',  ( 13.99999999999996803, 74.99999999999998579, 0.000000000000000000 ) ) ;
#2722 = CARTESIAN_POINT ( 'NONE',  ( 13.07839635382072174, 66.04052070924362283, 20.01608121562631837 ) ) ;
#2723 = ORIENTED_EDGE ( 'NONE', *, *, #2400, .F. ) ;
#2724 = FACE_OUTER_BOUND ( 'NONE', #636, .T. ) ;
#2725 = ORIENTED_EDGE ( 'NONE', *, *, #1082, .T. ) ;
#2726 = VERTEX_POINT ( 'NONE', #2978 ) ;
#2727 = CARTESIAN_POINT ( 'NONE',  ( -14.15521958984163398, 73.03280764580172502, 78.68601332508023916 ) ) ;
#2728 = CARTESIAN_POINT ( 'NONE',  ( -36.00000000000000711, -6.071532165918824830E-15, 5.499999999999968026 ) ) ;
#2729 = CARTESIAN_POINT ( 'NONE',  ( 0.000000000000000000, 40.00000000000000000, 65.00000000000000000 ) ) ;
#2730 = VERTEX_POINT ( 'NONE', #2331 ) ;
#2731 = AXIS2_PLACEMENT_3D ( 'NONE', #323, #1935, #3522 ) ;
#2732 = CARTESIAN_POINT ( 'NONE',  ( -27.50000000000000000, 40.00000000000000000, 65.00000000000000000 ) ) ;
#2733 = CIRCLE ( 'NONE', #725, 4.499999999999997335 ) ;
#2734 = CARTESIAN_POINT ( 'NONE',  ( -22.96192500641007328, 17.00000000000000355, 106.7108694571594043 ) ) ;
#2735 = CIRCLE ( 'NONE', #993, 4.500000000000054179 ) ;
#2736 = B_SPLINE_CURVE_WITH_KNOTS ( 'NONE', 3,
 ( #909, #3475, #1527, #545, #932, #3790, #2147, #2127, #1151, #4082, #3754, #4100, #1850, #2188, #3411, #2794, #1828, #595, #237, #3165, #3433, #2482, #2443, #1216, #4043, #525, #1174, #1805, #281, #3093, #1546, #219, #1195, #1488, #2839, #3115, #198, #3773, #1782, #4118, #2775, #4060, #1505, #3455, #569, #3139, #258, #47, #2941, #3588, #618, #951, #3521, #3917, #658, #1630, #1609, #1302, #3263 ),
 .UNSPECIFIED., .F., .F.,
 ( 4, 2, 2, 2, 2, 2, 2, 2, 1, 1, 1, 1, 1, 2, 2, 2, 2, 1, 1, 1, 1, 2, 2, 2, 1, 1, 1, 2, 2, 1, 2, 2, 2, 2, 2, 4 ),
 ( 0.000000000000000000, 0.1249694824218716138, 0.2499389648437432276, 0.3124237060546777855, 0.3749084472656122879, 0.4373931884765468459, 0.4998779296874813483, 0.5008542537689024687, 0.5018305778503235892, 0.5037832260131647200, 0.5076885223388482027, 0.5154991149902151681, 0.5311203002929500983, 0.5623626708984191813, 0.6248474121093582356, 0.7498168945312373435, 0.7517695426940792514, 0.7537221908569210482, 0.7576274871826047530, 0.7654380798339720515, 0.7810592651367070927, 0.8123016357421772859, 0.8747863769531176725, 0.8786916732788015993, 0.8825969696044854151, 0.8904075622558530467, 0.9060287475585881989, 0.9372711181640586142, 0.9450817108154262458, 0.9528923034667938774, 0.9685134887695290296, 0.9763240814208966611, 0.9841346740722642927, 0.9880399703979482195, 0.9919452667236321464, 0.9997558593750000000 ),
 .UNSPECIFIED. ) ;
#2737 = CARTESIAN_POINT ( 'NONE',  ( -2.000000000000019984, 57.38533865071369888, 80.00000000000000000 ) ) ;
#2738 = DIRECTION ( 'NONE',  ( 1.000000000000000000, 0.000000000000000000, 0.000000000000000000 ) ) ;
#2739 = CARTESIAN_POINT ( 'NONE',  ( -2.160156772938113257, 74.97661041131811999, 65.93018979032545701 ) ) ;
#2740 = LINE ( 'NONE', #775, #753 ) ;
#2741 = CIRCLE ( 'NONE', #32, 7.500000000000001776 ) ;
#2742 = VECTOR ( 'NONE', #1660, 1000.000000000000000 ) ;
#2743 = ORIENTED_EDGE ( 'NONE', *, *, #729, .T. ) ;
#2744 = CARTESIAN_POINT ( 'NONE',  ( 13.62507331217980777, 74.61619473478457110, 80.00000000000000000 ) ) ;
#2745 = AXIS2_PLACEMENT_3D ( 'NONE', #2293, #1602, #2851 ) ;
#2746 = ORIENTED_EDGE ( 'NONE', *, *, #2119, .F. ) ;
#2747 = ORIENTED_EDGE ( 'NONE', *, *, #2386, .T. ) ;
#2748 = CARTESIAN_POINT ( 'NONE',  ( 10.10056179404105592, 73.51942291128429474, 68.74946112047669544 ) ) ;
#2749 = VECTOR ( 'NONE', #311, 1000.000000000000000 ) ;
#2750 = CARTESIAN_POINT ( 'NONE',  ( 2.681914170821040777, 59.81964468898608800, 16.63825222807783888 ) ) ;
#2751 = CARTESIAN_POINT ( 'NONE',  ( -9.671117321090665797, 74.99999999999998579, 72.89581181543586297 ) ) ;
#2752 = EDGE_CURVE ( 'NONE', #3180, #3003, #2616, .T. ) ;
#2753 = ORIENTED_EDGE ( 'NONE', *, *, #701, .F. ) ;
#2754 = ORIENTED_EDGE ( 'NONE', *, *, #746, .T. ) ;
#2755 = DIRECTION ( 'NONE',  ( 0.000000000000000000, 0.000000000000000000, -1.000000000000000000 ) ) ;
#2756 = DIRECTION ( 'NONE',  ( 0.000000000000000000, 0.000000000000000000, 1.000000000000000000 ) ) ;
#2757 = CARTESIAN_POINT ( 'NONE',  ( 13.99999999999997513, 72.00000000000000000, 11.00414368811359900 ) ) ;
#2758 = CARTESIAN_POINT ( 'NONE',  ( 12.36468099039482027, 64.56575951288148474, 25.06133465189862619 ) ) ;
#2759 = FACE_BOUND ( 'NONE', #129, .T. ) ;
#2760 = AXIS2_PLACEMENT_3D ( 'NONE', #3013, #789, #3941 ) ;
#2761 = DIRECTION ( 'NONE',  ( 0.000000000000000000, -0.000000000000000000, -1.000000000000000000 ) ) ;
#2762 = CARTESIAN_POINT ( 'NONE',  ( -0.8268172412417205130, 74.99062850120060375, 65.77514229676053503 ) ) ;
#2763 = CARTESIAN_POINT ( 'NONE',  ( 13.12237319287785375, 64.22136658097662121, 19.91608199961725134 ) ) ;
#2764 = ADVANCED_FACE ( 'NONE', ( #510 ), #2376, .T. ) ;
#2765 = CARTESIAN_POINT ( 'NONE',  ( 14.15521959005621611, 73.03280764516065915, 80.65525466212713468 ) ) ;
#2766 = ORIENTED_EDGE ( 'NONE', *, *, #959, .T. ) ;
#2767 = VERTEX_POINT ( 'NONE', #4047 ) ;
#2768 = AXIS2_PLACEMENT_3D ( 'NONE', #2169, #577, #1553 ) ;
#2769 = CARTESIAN_POINT ( 'NONE',  ( 8.464109956004365998, 73.96707524452263272, 66.46057601919601154 ) ) ;
#2770 = VECTOR ( 'NONE', #4006, 1000.000000000000000 ) ;
#2771 = CARTESIAN_POINT ( 'NONE',  ( 3.028597657687333466, 59.76939274002535996, 14.56798082986089682 ) ) ;
#2772 = DIRECTION ( 'NONE',  ( -0.000000000000000000, 1.000000000000000000, -0.000000000000000000 ) ) ;
#2773 = CARTESIAN_POINT ( 'NONE',  ( 35.99999999999999289, -6.071532165918824830E-15, 45.49999999999999289 ) ) ;
#2774 = ORIENTED_EDGE ( 'NONE', *, *, #2627, .F. ) ;
#2775 = CARTESIAN_POINT ( 'NONE',  ( -1.381248831619951156, 74.98639181200866233, 65.94763282932470361 ) ) ;
#2776 = CARTESIAN_POINT ( 'NONE',  ( -14.00000000000002132, 65.32291452420118105, 0.000000000000000000 ) ) ;
#2777 = EDGE_CURVE ( 'NONE', #149, #3041, #3665, .T. ) ;
#2778 = CARTESIAN_POINT ( 'NONE',  ( -4.533848114532860407, 67.14461228770072410, 28.26287333782572730 ) ) ;
#2779 = EDGE_CURVE ( 'NONE', #2316, #345, #1804, .T. ) ;
#2780 = CARTESIAN_POINT ( 'NONE',  ( -35.99999999999997868, -6.071532165918824830E-15, 32.49999999999999289 ) ) ;
#2781 = DIRECTION ( 'NONE',  ( 0.000000000000000000, 0.000000000000000000, 1.000000000000000000 ) ) ;
#2782 = CARTESIAN_POINT ( 'NONE',  ( -10.53702694575352794, 73.96998529748651663, 69.78322040828338402 ) ) ;
#2783 = VECTOR ( 'NONE', #2564, 1000.000000000000000 ) ;
#2784 = CARTESIAN_POINT ( 'NONE',  ( 13.62507331217582518, 74.61619473477092868, 80.68144106418809258 ) ) ;
#2785 = EDGE_LOOP ( 'NONE', ( #1292, #1123, #1817, #2186, #2888 ) ) ;
#2786 = ADVANCED_FACE ( 'NONE', ( #1026 ), #3927, .F. ) ;
#2787 = CARTESIAN_POINT ( 'NONE',  ( 7.220719221299962243, 74.24858939985620054, 65.98003081501136080 ) ) ;
#2788 = CARTESIAN_POINT ( 'NONE',  ( 3.047408905753588026, 59.76646905853697689, 15.20695862749566096 ) ) ;
#2789 = CARTESIAN_POINT ( 'NONE',  ( 8.585079294793894533, 73.93674282782258445, 66.51868421494472727 ) ) ;
#2790 = CARTESIAN_POINT ( 'NONE',  ( -35.99999999999997868, 12.00000000000000000, 27.50000000000002132 ) ) ;
#2791 = EDGE_CURVE ( 'NONE', #3853, #2285, #3294, .T. ) ;
#2792 = VERTEX_POINT ( 'NONE', #3645 ) ;
#2793 = ORIENTED_EDGE ( 'NONE', *, *, #1459, .F. ) ;
#2794 = CARTESIAN_POINT ( 'NONE',  ( -6.570433882011929683, 74.63613472635921653, 67.02768809312037490 ) ) ;
#2795 = CARTESIAN_POINT ( 'NONE',  ( -36.00000000000000000, 12.00000000000000000, 0.000000000000000000 ) ) ;
#2796 = CARTESIAN_POINT ( 'NONE',  ( -13.24133972944559900, 65.91836688045860626, 19.56975900278845160 ) ) ;
#2798 = EDGE_CURVE ( 'NONE', #607, #643, #3637, .T. ) ;
#2797 = CIRCLE ( 'NONE', #3002, 5.000000000000004441 ) ;
#2799 = VECTOR ( 'NONE', #765, 1000.000000000000000 ) ;
#2800 = DIRECTION ( 'NONE',  ( 0.000000000000000000, 0.000000000000000000, -1.000000000000000000 ) ) ;
#2801 = DIRECTION ( 'NONE',  ( -0.000000000000000000, 1.000000000000000000, -0.000000000000000000 ) ) ;
#2802 = CARTESIAN_POINT ( 'NONE',  ( 11.63671743245976309, 74.92241532191845010, 72.93165784034584931 ) ) ;
#2803 = DIRECTION ( 'NONE',  ( -0.000000000000000000, -0.000000000000000000, -1.000000000000000000 ) ) ;
#2804 = ADVANCED_FACE ( 'NONE', ( #827 ), #2555, .F. ) ;
#2805 = CARTESIAN_POINT ( 'NONE',  ( 14.16498201477724095, 73.00407258298163526, 82.62050703375872729 ) ) ;
#2806 = CIRCLE ( 'NONE', #2074, 19.99999999999999645 ) ;
#2807 = ORIENTED_EDGE ( 'NONE', *, *, #1191, .T. ) ;
#2808 = ORIENTED_EDGE ( 'NONE', *, *, #2815, .F. ) ;
#2809 = FACE_OUTER_BOUND ( 'NONE', #2000, .T. ) ;
#2810 = VECTOR ( 'NONE', #4104, 1000.000000000000000 ) ;
#2811 = CARTESIAN_POINT ( 'NONE',  ( 3.046846458362458154, 59.76655576321103069, 14.78288487217147562 ) ) ;
#2812 = CYLINDRICAL_SURFACE ( 'NONE', #1262, 3.000000000000000888 ) ;
#2813 = DIRECTION ( 'NONE',  ( 0.000000000000000000, 1.000000000000000000, 0.000000000000000000 ) ) ;
#2814 = CARTESIAN_POINT ( 'NONE',  ( -36.00000000000000711, -6.071532165918824830E-15, 5.499999999999968026 ) ) ;
#2815 = EDGE_CURVE ( 'NONE', #1073, #1052, #3081, .T. ) ;
#2816 = ORIENTED_EDGE ( 'NONE', *, *, #1641, .T. ) ;
#2817 = VERTEX_POINT ( 'NONE', #1550 ) ;
#2818 = EDGE_CURVE ( 'NONE', #4041, #2177, #3146, .T. ) ;
#2819 = CARTESIAN_POINT ( 'NONE',  ( 35.99999999999999289, 12.00000000000000000, 60.00000000000000000 ) ) ;
#2820 = CARTESIAN_POINT ( 'NONE',  ( -11.33796680513946775, 74.99999999999998579, 83.93071351354385001 ) ) ;
#2821 = CARTESIAN_POINT ( 'NONE',  ( -10.10968589783962202, 65.62391791015366493, 24.71653977985817718 ) ) ;
#2822 = CARTESIAN_POINT ( 'NONE',  ( 35.99999999999999289, -6.071532165918824830E-15, 9.999999999999998224 ) ) ;
#2823 = CARTESIAN_POINT ( 'NONE',  ( 0.000000000000000000, 40.00000000000000000, -10.02630927324502075 ) ) ;
#2824 = DIRECTION ( 'NONE',  ( -2.915825712255602780E-16, 1.000000000000000000, -0.000000000000000000 ) ) ;
#2825 = ORIENTED_EDGE ( 'NONE', *, *, #1206, .T. ) ;
#2826 = ADVANCED_FACE ( 'NONE', ( #549 ), #1532, .F. ) ;
#2827 = DIRECTION ( 'NONE',  ( -2.915825712255602780E-16, 1.000000000000000000, 0.000000000000000000 ) ) ;
#2828 = EDGE_CURVE ( 'NONE', #3750, #1409, #1220, .T. ) ;
#2829 = EDGE_LOOP ( 'NONE', ( #897, #3458, #2317, #310 ) ) ;
#2830 = CARTESIAN_POINT ( 'NONE',  ( -14.49782998821526903, 71.88064944615064178, 78.64479308989413653 ) ) ;
#2831 = CARTESIAN_POINT ( 'NONE',  ( 11.01265448739154174, 74.13778792339124379, 70.77929848535602275 ) ) ;
#2832 = CARTESIAN_POINT ( 'NONE',  ( 4.638754558189220140E-21, 60.00000000000000711, 11.56427948235048930 ) ) ;
#2833 = CARTESIAN_POINT ( 'NONE',  ( -27.50000000000000000, 40.00000000000000000, 62.00000000000000000 ) ) ;
#2834 = CARTESIAN_POINT ( 'NONE',  ( -3.736447678650350213, 67.25006607153048321, 31.49783251964898767 ) ) ;
#2835 = DIRECTION ( 'NONE',  ( 0.000000000000000000, -1.000000000000000000, 0.000000000000000000 ) ) ;
#2836 = VERTEX_POINT ( 'NONE', #3481 ) ;
#2837 = VERTEX_POINT ( 'NONE', #2553 ) ;
#2838 = AXIS2_PLACEMENT_3D ( 'NONE', #3944, #58, #2638 ) ;
#2839 = CARTESIAN_POINT ( 'NONE',  ( -2.109848262311655009, 74.96793030499522104, 65.97044308910909649 ) ) ;
#2840 = LINE ( 'NONE', #2483, #1858 ) ;
#2841 = CARTESIAN_POINT ( 'NONE',  ( -4.593873086684824969, 69.99055374715307209, 28.23305046113716443 ) ) ;
#2842 = DIRECTION ( 'NONE',  ( -0.000000000000000000, -0.000000000000000000, -1.000000000000000000 ) ) ;
#2843 = ADVANCED_FACE ( 'NONE', ( #2167 ), #223, .F. ) ;
#2844 = CARTESIAN_POINT ( 'NONE',  ( -2.118091530518416698E-23, 57.49999999999998579, 78.00000000000000000 ) ) ;
#2845 = ORIENTED_EDGE ( 'NONE', *, *, #2957, .F. ) ;
#2846 = CARTESIAN_POINT ( 'NONE',  ( -11.00000000000002132, 71.99999999999998579, 10.20416847668726312 ) ) ;
#2847 = AXIS2_PLACEMENT_3D ( 'NONE', #1540, #2439, #1463 ) ;
#2848 = ORIENTED_EDGE ( 'NONE', *, *, #2045, .F. ) ;
#2849 = EDGE_LOOP ( 'NONE', ( #1735, #2600 ) ) ;
#2850 = LINE ( 'NONE', #3174, #1772 ) ;
#2851 = DIRECTION ( 'NONE',  ( -1.000000000000000000, 0.000000000000000000, 0.000000000000000000 ) ) ;
#2852 = CARTESIAN_POINT ( 'NONE',  ( -36.00000000000000711, 3.000000000000000888, 54.49999999999997158 ) ) ;
#2853 = CARTESIAN_POINT ( 'NONE',  ( 2.661522930251082997, 74.92589397964354703, 65.40123303203499461 ) ) ;
#2854 = CYLINDRICAL_SURFACE ( 'NONE', #1433, 20.00000000000000355 ) ;
#2855 = FACE_BOUND ( 'NONE', #2849, .T. ) ;
#2856 = EDGE_LOOP ( 'NONE', ( #1439, #1366 ) ) ;
#2857 = ORIENTED_EDGE ( 'NONE', *, *, #905, .T. ) ;
#2858 = CARTESIAN_POINT ( 'NONE',  ( 35.99999999999999289, 12.00000000000000000, 30.00000000000000000 ) ) ;
#2859 = FACE_OUTER_BOUND ( 'NONE', #2297, .T. ) ;
#2860 = CARTESIAN_POINT ( 'NONE',  ( -11.36674925842983619, 67.20039137238200055, 23.18548761849324080 ) ) ;
#2861 = CARTESIAN_POINT ( 'NONE',  ( -36.00000000000000711, 3.000000000000000888, 14.50000000000007461 ) ) ;
#2862 = CARTESIAN_POINT ( 'NONE',  ( -2.880758674582424346E-14, 74.99999999999998579, 80.00000000000000000 ) ) ;
#2863 = CARTESIAN_POINT ( 'NONE',  ( 35.99999999999999289, -6.071532165918824830E-15, 49.99999999999999289 ) ) ;
#2864 = CIRCLE ( 'NONE', #2268, 2.999999999999999112 ) ;
#2865 =( BOUNDED_SURFACE ( )  B_SPLINE_SURFACE ( 3, 2, ( 
 ( #1333, #406, #2949 ),
 ( #72, #723, #3860 ),
 ( #2001, #3292, #2655 ),
 ( #1679, #664, #1371 ) ),
 .UNSPECIFIED., .F., .F., .F. ) 
 B_SPLINE_SURFACE_WITH_KNOTS ( ( 4, 4 ),
 ( 3, 3 ),
 ( 0.01159239281479738926, 0.01239096912650041425 ),
 ( 0.000000000000000000, 1.000000000000000000 ),
 .UNSPECIFIED. ) 
 GEOMETRIC_REPRESENTATION_ITEM ( )  RATIONAL_B_SPLINE_SURFACE ( (
 ( 1.000000000000000000, 0.8775804068108370437, 1.000000000000000000),
 ( 1.000000000000000000, 0.8773843036500701409, 1.000000000000000000),
 ( 1.000000000000000000, 0.8773554188353606120, 1.000000000000000000),
 ( 1.000000000000000000, 0.8774592630364821400, 1.000000000000000000) ) ) 
 REPRESENTATION_ITEM ( '' )  SURFACE ( )  );
#2866 = CARTESIAN_POINT ( 'NONE',  ( 10.99999999999997335, 71.99999999999995737, 10.20416847668725779 ) ) ;
#2867 = ORIENTED_EDGE ( 'NONE', *, *, #459, .F. ) ;
#2868 = PLANE ( 'NONE',  #1436 ) ;
#2869 = LINE ( 'NONE', #3560, #1339 ) ;
#2870 = VECTOR ( 'NONE', #1059, 1000.000000000000000 ) ;
#2871 = DIRECTION ( 'NONE',  ( -1.000000000000000000, 0.000000000000000000, 0.000000000000000000 ) ) ;
#2872 = CARTESIAN_POINT ( 'NONE',  ( -2.880758674582424346E-14, 74.99999999999998579, 80.00000000000000000 ) ) ;
#2873 = CARTESIAN_POINT ( 'NONE',  ( -11.76679557171883417, 64.85767385286378328, 25.90765409630965621 ) ) ;
#2874 = CARTESIAN_POINT ( 'NONE',  ( -2.822442160337312596E-14, 72.99999999999998579, 80.00000000000000000 ) ) ;
#2875 = ORIENTED_EDGE ( 'NONE', *, *, #826, .F. ) ;
#2876 = AXIS2_PLACEMENT_3D ( 'NONE', #2872, #337, #1705 ) ;
#2877 = ORIENTED_EDGE ( 'NONE', *, *, #1732, .T. ) ;
#2878 = DIRECTION ( 'NONE',  ( -1.000000000000000000, 0.000000000000000000, 0.000000000000000000 ) ) ;
#2879 = CARTESIAN_POINT ( 'NONE',  ( -25.00000000000000000, 5.000000000000000000, 0.000000000000000000 ) ) ;
#2880 = EDGE_CURVE ( 'NONE', #3689, #265, #1133, .T. ) ;
#2881 = CARTESIAN_POINT ( 'NONE',  ( 9.781402196609764843, 65.75039873698442250, 25.04714566076960125 ) ) ;
#2882 = CARTESIAN_POINT ( 'NONE',  ( -14.00000000000002309, 74.33396972468952413, 13.27099957124678475 ) ) ;
#2883 = CARTESIAN_POINT ( 'NONE',  ( -15.65789473684212396, 71.30224165151710736, 95.00000000000000000 ) ) ;
#2884 = CYLINDRICAL_SURFACE ( 'NONE', #2701, 35.00000000000000000 ) ;
#2885 = CARTESIAN_POINT ( 'NONE',  ( -12.00000000000003020, 72.99999999999998579, 80.00000000000000000 ) ) ;
#2886 = PRODUCT_DEFINITION_SHAPE ( 'NONE', 'NONE',  #2330 ) ;
#2887 = VERTEX_POINT ( 'NONE', #1178 ) ;
#2888 = ORIENTED_EDGE ( 'NONE', *, *, #1357, .F. ) ;
#2889 = CARTESIAN_POINT ( 'NONE',  ( -2.822442160337312596E-14, 59.13733208101454153, 80.00000000000000000 ) ) ;
#2890 = CIRCLE ( 'NONE', #2021, 3.000000000000000888 ) ;
#2891 = FACE_OUTER_BOUND ( 'NONE', #2015, .T. ) ;
#2892 = CARTESIAN_POINT ( 'NONE',  ( -2.822442160337312596E-14, 72.99999999999998579, 80.00000000000000000 ) ) ;
#2893 = DIRECTION ( 'NONE',  ( 0.4818313716144332348, 0.2037272327625584967, -0.8522521598441769042 ) ) ;
#2894 = CARTESIAN_POINT ( 'NONE',  ( 13.99999999999996625, 74.99999999999998579, 95.00000000000000000 ) ) ;
#2895 = EDGE_LOOP ( 'NONE', ( #255, #1771, #1718, #2421, #1557 ) ) ;
#2896 = ORIENTED_EDGE ( 'NONE', *, *, #3309, .F. ) ;
#2897 = FACE_OUTER_BOUND ( 'NONE', #468, .T. ) ;
#2898 = CARTESIAN_POINT ( 'NONE',  ( 30.50000000000000000, 40.00000000000000711, 65.00000000000000000 ) ) ;
#2899 = AXIS2_PLACEMENT_3D ( 'NONE', #2863, #3822, #939 ) ;
#2900 = CARTESIAN_POINT ( 'NONE',  ( 4.097165244055867461, 67.21125548039771047, 28.40254882589087870 ) ) ;
#2901 = ORIENTED_EDGE ( 'NONE', *, *, #766, .T. ) ;
#2902 = AXIS2_PLACEMENT_3D ( 'NONE', #2566, #2835, #4078 ) ;
#2903 = CARTESIAN_POINT ( 'NONE',  ( -11.00000000000001954, 74.99999999999998579, 10.20416847668726312 ) ) ;
#2904 = CARTESIAN_POINT ( 'NONE',  ( 24.99999999999999289, -6.123233995736764507E-15, 60.00000000000000000 ) ) ;
#2905 = CARTESIAN_POINT ( 'NONE',  ( -13.62360782082595989, 65.62418648047191994, 18.25785029889207323 ) ) ;
#2906 = PLANE ( 'NONE',  #3542 ) ;
#2907 = ORIENTED_EDGE ( 'NONE', *, *, #888, .T. ) ;
#2908 = ORIENTED_EDGE ( 'NONE', *, *, #3128, .T. ) ;
#2909 = CARTESIAN_POINT ( 'NONE',  ( -15.30543522445551829, 71.47666080118541743, 76.34001996239504706 ) ) ;
#2910 = CARTESIAN_POINT ( 'NONE',  ( 21.00000000000000000, 12.00000000000000000, 60.00000000000000000 ) ) ;
#2911 = DIRECTION ( 'NONE',  ( 0.000000000000000000, 0.000000000000000000, -1.000000000000000000 ) ) ;
#2912 = CARTESIAN_POINT ( 'NONE',  ( 0.000000000000000000, 0.000000000000000000, 95.00000000000000000 ) ) ;
#2913 = CARTESIAN_POINT ( 'NONE',  ( -10.09613308510564167, 73.52083412815844099, 68.75591851639921970 ) ) ;
#2914 = ORIENTED_EDGE ( 'NONE', *, *, #1219, .F. ) ;
#2915 = ORIENTED_EDGE ( 'NONE', *, *, #1013, .F. ) ;
#2916 = EDGE_CURVE ( 'NONE', #1835, #3497, #1200, .T. ) ;
#2917 = EDGE_CURVE ( 'NONE', #1945, #3362, #4123, .T. ) ;
#2918 = AXIS2_PLACEMENT_3D ( 'NONE', #1929, #1253, #2911 ) ;
#2919 = CARTESIAN_POINT ( 'NONE',  ( 0.000000000000000000, 44.00000000000000000, -10.02630927324502075 ) ) ;
#2920 = CIRCLE ( 'NONE', #2590, 5.099999999999993427 ) ;
#2921 = CARTESIAN_POINT ( 'NONE',  ( -2.312249789818692481E-14, 72.99999999999998579, 15.00000000000000000 ) ) ;
#2922 = CARTESIAN_POINT ( 'NONE',  ( -1.886196847870120541, 70.43417630778372995, 28.90337278915277608 ) ) ;
#2923 = ORIENTED_EDGE ( 'NONE', *, *, #2798, .T. ) ;
#2924 = CYLINDRICAL_SURFACE ( 'NONE', #3549, 4.500000000000054179 ) ;
#2925 = CARTESIAN_POINT ( 'NONE',  ( -2.075652924046578196, 59.89246435173997440, 17.51825817137354591 ) ) ;
#2926 = DIRECTION ( 'NONE',  ( -0.000000000000000000, 1.000000000000000000, -0.000000000000000000 ) ) ;
#2927 = CARTESIAN_POINT ( 'NONE',  ( -1.908996337920597641, 70.43234955051238444, 28.90069091551173130 ) ) ;
#2928 = CARTESIAN_POINT ( 'NONE',  ( -7.335444641645792352, 74.22423560729251335, 66.01833688890665996 ) ) ;
#2929 = ADVANCED_FACE ( 'NONE', ( #1492 ), #3758, .F. ) ;
#2930 = VECTOR ( 'NONE', #3881, 1000.000000000000000 ) ;
#2931 = AXIS2_PLACEMENT_3D ( 'NONE', #1539, #879, #2139 ) ;
#2932 = EDGE_LOOP ( 'NONE', ( #861, #3030, #3510, #2901 ) ) ;
#2933 = DIRECTION ( 'NONE',  ( 0.000000000000000000, 0.000000000000000000, 1.000000000000000000 ) ) ;
#2934 = FACE_OUTER_BOUND ( 'NONE', #3789, .T. ) ;
#2935 = VECTOR ( 'NONE', #2282, 1000.000000000000000 ) ;
#2936 = CARTESIAN_POINT ( 'NONE',  ( -0.2643358827672544487, 57.50000000000000000, 82.00000000000002842 ) ) ;
#2937 = DIRECTION ( 'NONE',  ( -2.915825712255602780E-16, -1.000000000000000000, 0.000000000000000000 ) ) ;
#2938 = DIRECTION ( 'NONE',  ( 0.000000000000000000, 1.000000000000000000, -0.000000000000000000 ) ) ;
#2939 = VERTEX_POINT ( 'NONE', #3098 ) ;
#2940 = ORIENTED_EDGE ( 'NONE', *, *, #3623, .F. ) ;
#2941 = CARTESIAN_POINT ( 'NONE',  ( -0.3642021909266162094, 74.99909371127787949, 65.97373105619263356 ) ) ;
#2942 = DIRECTION ( 'NONE',  ( 0.000000000000000000, 1.000000000000000000, -0.000000000000000000 ) ) ;
#2943 = CIRCLE ( 'NONE', #734, 4.500000000000003553 ) ;
#2944 = B_SPLINE_CURVE_WITH_KNOTS ( 'NONE', 3,
 ( #246, #797, #3743, #815, #2156, #3040, #2077, #1141, #1183, #3443, #3363, #2434, #168, #3726 ),
 .UNSPECIFIED., .F., .F.,
 ( 4, 2, 2, 2, 2, 2, 4 ),
 ( 0.0008039582430535443212, 0.003922794525411133285, 0.005482212666589925815, 0.007041630807768718345, 0.008601048948947510875, 0.01016046709012630514, 0.01327930337248387459 ),
 .UNSPECIFIED. ) ;
#2945 = CARTESIAN_POINT ( 'NONE',  ( 11.19396832237784878, 65.12143839598580541, 26.62580112771501817 ) ) ;
#2946 = AXIS2_PLACEMENT_3D ( 'NONE', #3617, #1700, #1393 ) ;
#2947 = VERTEX_POINT ( 'NONE', #2152 ) ;
#2948 = ADVANCED_FACE ( 'NONE', ( #3439 ), #1264, .F. ) ;
#2949 = CARTESIAN_POINT ( 'NONE',  ( 11.94220619766945468, 73.62088422250963049, 71.79359148723486328 ) ) ;
#2950 = CARTESIAN_POINT ( 'NONE',  ( -1.601431787871321566, 59.93647740876597396, 12.07268934065091948 ) ) ;
#2951 = VECTOR ( 'NONE', #1571, 1000.000000000000000 ) ;
#2952 = DIRECTION ( 'NONE',  ( -0.000000000000000000, -0.000000000000000000, -1.000000000000000000 ) ) ;
#2953 = CARTESIAN_POINT ( 'NONE',  ( 10.22474021148832080, 67.86162334352042080, 24.57345604682298301 ) ) ;
#2954 = CIRCLE ( 'NONE', #2221, 3.000000000000000888 ) ;
#2955 = ORIENTED_EDGE ( 'NONE', *, *, #728, .T. ) ;
#2956 = CARTESIAN_POINT ( 'NONE',  ( 0.2623506420462496935, 57.49850119117874669, 81.98700366230730197 ) ) ;
#2957 = EDGE_CURVE ( 'NONE', #1, #3901, #203, .T. ) ;
#2958 = CARTESIAN_POINT ( 'NONE',  ( 35.99999999999999289, 3.000000000000000888, 49.99999999999999289 ) ) ;
#2959 = CARTESIAN_POINT ( 'NONE',  ( 13.99999999999997335, 74.54013633829265473, 11.63746840603567989 ) ) ;
#2960 = EDGE_CURVE ( 'NONE', #3056, #3663, #284, .T. ) ;
#2961 = CARTESIAN_POINT ( 'NONE',  ( -6.068960651903329229, 74.73527998594961730, 66.91113055328257531 ) ) ;
#2962 = ORIENTED_EDGE ( 'NONE', *, *, #2779, .F. ) ;
#2963 = ORIENTED_EDGE ( 'NONE', *, *, #2916, .T. ) ;
#2964 = CARTESIAN_POINT ( 'NONE',  ( 12.54315147923655793, 72.69652311674035161, 72.35793681771619390 ) ) ;
#2965 = DIRECTION ( 'NONE',  ( 0.000000000000000000, 0.000000000000000000, 1.000000000000000000 ) ) ;
#2966 = CARTESIAN_POINT ( 'NONE',  ( 8.200536227569360292, 68.83268037901166281, 26.35592484104687827 ) ) ;
#2967 = ORIENTED_EDGE ( 'NONE', *, *, #1177, .F. ) ;
#2968 = CARTESIAN_POINT ( 'NONE',  ( -2.355729473091207282, 59.86125123910316859, 12.81689314714082073 ) ) ;
#2969 = LINE ( 'NONE', #386, #2742 ) ;
#2970 = CARTESIAN_POINT ( 'NONE',  ( 19.42932115927006009, 20.53846153846154365, 106.7108694571594043 ) ) ;
#2971 = VECTOR ( 'NONE', #3449, 1000.000000000000000 ) ;
#2972 = EDGE_CURVE ( 'NONE', #1795, #84, #3141, .T. ) ;
#2973 = VECTOR ( 'NONE', #2070, 1000.000000000000000 ) ;
#2974 = DIRECTION ( 'NONE',  ( 0.000000000000000000, 0.000000000000000000, -1.000000000000000000 ) ) ;
#2975 = CARTESIAN_POINT ( 'NONE',  ( -0.2122123127988389812, 60.00000000000000000, 18.43572051764954978 ) ) ;
#2976 = ORIENTED_EDGE ( 'NONE', *, *, #3814, .F. ) ;
#2977 = CARTESIAN_POINT ( 'NONE',  ( 0.6453087152937011517, 57.48851829762686805, 81.89756915372956314 ) ) ;
#2978 = CARTESIAN_POINT ( 'NONE',  ( 15.65789473684206889, 71.30224165151713578, 95.00000000000000000 ) ) ;
#2979 = DIRECTION ( 'NONE',  ( 0.000000000000000000, 0.000000000000000000, -1.000000000000000000 ) ) ;
#2980 = FACE_OUTER_BOUND ( 'NONE', #2428, .T. ) ;
#2981 = ORIENTED_EDGE ( 'NONE', *, *, #126, .T. ) ;
#2982 = ORIENTED_EDGE ( 'NONE', *, *, #130, .T. ) ;
#2983 = CARTESIAN_POINT ( 'NONE',  ( -11.94220619767093083, 73.62088422250933206, 71.79359148723308692 ) ) ;
#2984 = CARTESIAN_POINT ( 'NONE',  ( 1.320817158215514375, 57.45033544215754517, 78.49240071932358376 ) ) ;
#2985 = CARTESIAN_POINT ( 'NONE',  ( 11.02437517245011733, 65.24545318464181776, 23.66187620450061146 ) ) ;
#2986 = ORIENTED_EDGE ( 'NONE', *, *, #2171, .F. ) ;
#2987 = AXIS2_PLACEMENT_3D ( 'NONE', #3214, #632, #714 ) ;
#2988 = CARTESIAN_POINT ( 'NONE',  ( 13.99999999999997691, 72.17157287525378706, 15.00000000000000000 ) ) ;
#2989 = CARTESIAN_POINT ( 'NONE',  ( -3.047758851101222355, 59.76641511282117136, 14.80050823089289302 ) ) ;
#2990 = CARTESIAN_POINT ( 'NONE',  ( 35.99999999999999289, -6.071532165918824830E-15, 54.50000000000000000 ) ) ;
#2991 = CARTESIAN_POINT ( 'NONE',  ( -0.9776691587226156166, 70.49862823423728742, 28.99797320114797472 ) ) ;
#2992 = VECTOR ( 'NONE', #558, 1000.000000000000000 ) ;
#2993 = DIRECTION ( 'NONE',  ( -1.000000000000000000, 0.000000000000000000, 0.000000000000000000 ) ) ;
#2994 = DIRECTION ( 'NONE',  ( 0.000000000000000000, 0.000000000000000000, 1.000000000000000000 ) ) ;
#2995 = CARTESIAN_POINT ( 'NONE',  ( -1.020538999289458779E-14, 75.00000000000000000, 66.00000000000000000 ) ) ;
#2996 = EDGE_CURVE ( 'NONE', #3896, #2196, #1854, .T. ) ;
#2997 = ORIENTED_EDGE ( 'NONE', *, *, #3705, .F. ) ;
#2998 = CARTESIAN_POINT ( 'NONE',  ( 12.85282371371540044, 72.57873990763485494, 72.93187720712866451 ) ) ;
#2999 = CARTESIAN_POINT ( 'NONE',  ( -0.5269581012940979248, 57.49371941418807097, 81.94681376170187548 ) ) ;
#3000 = CARTESIAN_POINT ( 'NONE',  ( -2.628217571264503949, 74.90745564904700871, 65.46491535325984046 ) ) ;
#3001 = AXIS2_PLACEMENT_3D ( 'NONE', #890, #2530, #575 ) ;
#3002 = AXIS2_PLACEMENT_3D ( 'NONE', #147, #3928, #3341 ) ;
#3003 = VERTEX_POINT ( 'NONE', #2193 ) ;
#3004 = VERTEX_POINT ( 'NONE', #1242 ) ;
#3005 = AXIS2_PLACEMENT_3D ( 'NONE', #3328, #3631, #1422 ) ;
#3006 = CARTESIAN_POINT ( 'NONE',  ( -12.92031161363193448, 73.36805933980866712, 73.76017567869075719 ) ) ;
#3007 = CYLINDRICAL_SURFACE ( 'NONE', #3005, 5.099999999999993427 ) ;
#3008 = CARTESIAN_POINT ( 'NONE',  ( -12.68301074496928038, 73.42945059824600662, 73.20591988010922080 ) ) ;
#3009 =( BOUNDED_SURFACE ( )  B_SPLINE_SURFACE ( 3, 2, ( 
 ( #512, #2490, #2133 ),
 ( #3441, #4087, #1180 ),
 ( #1138, #2471, #2782 ),
 ( #829, #3760, #3077 ),
 ( #163, #206, #1161 ),
 ( #3054, #3100, #811 ),
 ( #4067, #185, #1117 ),
 ( #1432, #1834, #3037 ),
 ( #874, #3723, #2093 ),
 ( #2414, #3123, #2739 ),
 ( #3397, #4028, #244 ),
 ( #1473, #2450, #3740 ) ),
 .UNSPECIFIED., .F., .F., .T. ) 
 B_SPLINE_SURFACE_WITH_KNOTS ( ( 4, 2, 2, 2, 2, 4 ),
 ( 3, 3 ),
 ( 0.0007958655356016836480, 0.003872790424481624416, 0.005411252868921594475, 0.006949715313361565401, 0.01002664020224150639, 0.01310356509112144650 ),
 ( 0.000000000000000000, 1.000000000000000000 ),
 .UNSPECIFIED. ) 
 GEOMETRIC_REPRESENTATION_ITEM ( )  RATIONAL_B_SPLINE_SURFACE ( (
 ( 1.000000000000000000, 0.8775804068108442602, 1.000000000000000000),
 ( 1.000000000000000000, 0.8929703941138723566, 1.000000000000000000),
 ( 1.000000000000000000, 0.9102734470605670092, 1.000000000000000000),
 ( 1.000000000000000000, 0.9347774703966484910, 1.000000000000000000),
 ( 1.000000000000000000, 0.9426965344051188023, 1.000000000000000000),
 ( 1.000000000000000000, 0.9569793729791988834, 1.000000000000000000),
 ( 1.000000000000000000, 0.9634106829347116596, 1.000000000000000000),
 ( 1.000000000000000000, 0.9802805695702081490, 1.000000000000000000),
 ( 1.000000000000000000, 0.9882812106818978926, 1.000000000000000000),
 ( 1.000000000000000000, 0.9980609430938822690, 1.000000000000000000),
 ( 1.000000000000000000, 1.000005340637253770, 1.000000000000000000),
 ( 1.000000000000000000, 1.000000000000000000, 1.000000000000000000) ) ) 
 REPRESENTATION_ITEM ( '' )  SURFACE ( )  );
#3010 = ORIENTED_EDGE ( 'NONE', *, *, #3814, .T. ) ;
#3011 = EDGE_CURVE ( 'NONE', #3750, #3362, #3819, .T. ) ;
#3012 = CARTESIAN_POINT ( 'NONE',  ( -9.671117321090665797, 74.99999999999998579, 72.89581181543586297 ) ) ;
#3013 = CARTESIAN_POINT ( 'NONE',  ( -36.00000000000000711, 3.000000000000000888, 49.99999999999997158 ) ) ;
#3014 = AXIS2_PLACEMENT_3D ( 'NONE', #3169, #263, #4146 ) ;
#3015 = DIRECTION ( 'NONE',  ( 0.000000000000000000, 0.000000000000000000, 1.000000000000000000 ) ) ;
#3016 = EDGE_CURVE ( 'NONE', #949, #3191, #1928, .T. ) ;
#3017 = FACE_BOUND ( 'NONE', #397, .T. ) ;
#3018 = CIRCLE ( 'NONE', #1198, 2.499999999999988454 ) ;
#3019 = SURFACE_STYLE_USAGE ( .BOTH. , #1986 ) ;
#3020 = FACE_OUTER_BOUND ( 'NONE', #146, .T. ) ;
#3021 = LINE ( 'NONE', #2721, #3097 ) ;
#3022 = AXIS2_PLACEMENT_3D ( 'NONE', #1766, #1077, #1412 ) ;
#3023 = VERTEX_POINT ( 'NONE', #2861 ) ;
#3024 = CARTESIAN_POINT ( 'NONE',  ( 13.99999999999997513, 74.99999999999998579, 10.20416847668725246 ) ) ;
#3025 = VERTEX_POINT ( 'NONE', #640 ) ;
#3026 = EDGE_LOOP ( 'NONE', ( #2270, #1257, #700, #2342 ) ) ;
#3027 = DIRECTION ( 'NONE',  ( 0.000000000000000000, -0.000000000000000000, -1.000000000000000000 ) ) ;
#3028 = DIRECTION ( 'NONE',  ( -1.387778780781443901E-15, -1.000000000000000000, 0.000000000000000000 ) ) ;
#3029 = CARTESIAN_POINT ( 'NONE',  ( 10.52622342712271042, 73.97244029467614723, 69.77114383669757558 ) ) ;
#3030 = ORIENTED_EDGE ( 'NONE', *, *, #3258, .F. ) ;
#3031 = EDGE_LOOP ( 'NONE', ( #646, #3846, #1207, #745 ) ) ;
#3032 = DIRECTION ( 'NONE',  ( 0.000000000000000000, -0.000000000000000000, -1.000000000000000000 ) ) ;
#3033 = DIRECTION ( 'NONE',  ( -0.000000000000000000, 1.000000000000000000, -0.000000000000000000 ) ) ;
#3034 = CARTESIAN_POINT ( 'NONE',  ( 8.032811968665214408, 66.31509690265160373, 29.52192457380471424 ) ) ;
#3035 = CARTESIAN_POINT ( 'NONE',  ( -2.312249789818692481E-14, 72.99999999999998579, 15.00000000000000000 ) ) ;
#3036 = CARTESIAN_POINT ( 'NONE',  ( -0.6608073923856699894, 74.99415337715599605, 65.81551960591504269 ) ) ;
#3037 = CARTESIAN_POINT ( 'NONE',  ( -5.512754474282553829, 74.76494105498071008, 66.56270310884464436 ) ) ;
#3038 = CARTESIAN_POINT ( 'NONE',  ( 22.96192500641007328, 17.00000000000000355, 0.000000000000000000 ) ) ;
#3039 = ORIENTED_EDGE ( 'NONE', *, *, #836, .F. ) ;
#3040 = CARTESIAN_POINT ( 'NONE',  ( 6.562487095390569181, 74.99999999999998579, 68.82157220564606348 ) ) ;
#3041 = VERTEX_POINT ( 'NONE', #3204 ) ;
#3042 = ORIENTED_EDGE ( 'NONE', *, *, #1823, .T. ) ;
#3043 = DIRECTION ( 'NONE',  ( 0.000000000000000000, 1.000000000000000000, 0.000000000000000000 ) ) ;
#3044 = LINE ( 'NONE', #1127, #257 ) ;
#3045 = FACE_OUTER_BOUND ( 'NONE', #1973, .T. ) ;
#3046 = EDGE_LOOP ( 'NONE', ( #1266, #3532, #1224, #574 ) ) ;
#3047 = FACE_OUTER_BOUND ( 'NONE', #210, .T. ) ;
#3048 = AXIS2_PLACEMENT_3D ( 'NONE', #3963, #1908, #3584 ) ;
#3049 = CARTESIAN_POINT ( 'NONE',  ( 11.33796680513942512, 71.99999999999998579, 95.00000000000000000 ) ) ;
#3050 = CARTESIAN_POINT ( 'NONE',  ( -36.00000000000000711, 3.000000000000000888, 10.00000000000002132 ) ) ;
#3051 = CIRCLE ( 'NONE', #3332, 2.999999999999999112 ) ;
#3052 =( GEOMETRIC_REPRESENTATION_CONTEXT ( 3 ) GLOBAL_UNCERTAINTY_ASSIGNED_CONTEXT ( ( #1239 ) ) GLOBAL_UNIT_ASSIGNED_CONTEXT ( ( #3926, #3948, #1064 ) ) REPRESENTATION_CONTEXT ( 'NONE', 'WORKASPACE' ) );
#3053 = CARTESIAN_POINT ( 'NONE',  ( -6.370109426544988018, 74.41703819077352478, 65.73844635700770311 ) ) ;
#3054 = CARTESIAN_POINT ( 'NONE',  ( -6.566689935032788306, 74.99999999999998579, 68.82517820907055750 ) ) ;
#3055 = CARTESIAN_POINT ( 'NONE',  ( -0.8370740660901876407, 59.98355343466286627, 18.31082805171196881 ) ) ;
#3056 = VERTEX_POINT ( 'NONE', #2632 ) ;
#3057 = EDGE_CURVE ( 'NONE', #522, #921, #3620, .T. ) ;
#3058 = CARTESIAN_POINT ( 'NONE',  ( 13.46514034469652010, 74.99999999999997158, 83.93071351354382159 ) ) ;
#3059 = ORIENTED_EDGE ( 'NONE', *, *, #3890, .T. ) ;
#3060 = ORIENTED_EDGE ( 'NONE', *, *, #2777, .F. ) ;
#3061 = CARTESIAN_POINT ( 'NONE',  ( 10.64714996107867151, 74.18930041024697175, 70.30954119269318880 ) ) ;
#3062 = DIRECTION ( 'NONE',  ( 0.000000000000000000, 0.000000000000000000, 1.000000000000000000 ) ) ;
#3063 = APPLICATION_CONTEXT ( 'automotive_design' ) ;
#3064 = DIRECTION ( 'NONE',  ( -2.915825712255602780E-16, 1.000000000000000000, 0.000000000000000000 ) ) ;
#3065 = ORIENTED_EDGE ( 'NONE', *, *, #2199, .T. ) ;
#3066 = ORIENTED_EDGE ( 'NONE', *, *, #2688, .T. ) ;
#3067 = AXIS2_PLACEMENT_3D ( 'NONE', #681, #2259, #69 ) ;
#3068 = CARTESIAN_POINT ( 'NONE',  ( 14.25558142499311387, 71.96647615172199153, 72.93033153874344521 ) ) ;
#3069 = AXIS2_PLACEMENT_3D ( 'NONE', #2518, #1906, #945 ) ;
#3070 = ADVANCED_FACE ( 'NONE', ( #1308 ), #2924, .F. ) ;
#3071 = CARTESIAN_POINT ( 'NONE',  ( 0.000000000000000000, 40.00000000000000000, 0.000000000000000000 ) ) ;
#3072 = CARTESIAN_POINT ( 'NONE',  ( -2.822442160337312596E-14, 72.99999999999998579, 80.00000000000000000 ) ) ;
#3073 = CARTESIAN_POINT ( 'NONE',  ( 12.64846300734243556, 64.42036257661823129, 24.61750584490469862 ) ) ;
#3074 = PLANE ( 'NONE',  #3361 ) ;
#3075 = CARTESIAN_POINT ( 'NONE',  ( 12.24333976591224271, 73.98826378174027241, 72.83622418311158242 ) ) ;
#3076 = CARTESIAN_POINT ( 'NONE',  ( -1.797109761533760786, 57.40755437440986952, 79.11253747275010539 ) ) ;
#3077 = CARTESIAN_POINT ( 'NONE',  ( -9.160661621468234372, 74.24245321717492629, 68.56375325548710009 ) ) ;
#3078 = CARTESIAN_POINT ( 'NONE',  ( 6.023344345111061315, 74.70244484849712308, 66.78862344571557230 ) ) ;
#3079 = VECTOR ( 'NONE', #1886, 1000.000000000000000 ) ;
#3080 = DIRECTION ( 'NONE',  ( 0.000000000000000000, -1.000000000000000000, -1.242141978321335985E-16 ) ) ;
#3081 = CIRCLE ( 'NONE', #471, 12.00000000000000533 ) ;
#3082 = ORIENTED_EDGE ( 'NONE', *, *, #459, .T. ) ;
#3083 = ORIENTED_EDGE ( 'NONE', *, *, #2689, .F. ) ;
#3084 = ADVANCED_FACE ( 'NONE', ( #346 ), #1121, .T. ) ;
#3085 = EDGE_CURVE ( 'NONE', #1409, #3468, #1592, .T. ) ;
#3086 = CARTESIAN_POINT ( 'NONE',  ( 4.634998174037935570, 74.69830564241516413, 65.45049808237220645 ) ) ;
#3087 = CARTESIAN_POINT ( 'NONE',  ( 0.2120998062139843876, 60.00000000000000711, 18.43572051764946451 ) ) ;
#3088 = CARTESIAN_POINT ( 'NONE',  ( -2.312249789818692165E-14, 60.99999999999998579, 20.09999999999999432 ) ) ;
#3089 = CARTESIAN_POINT ( 'NONE',  ( 9.671117321091012187, 74.99999999999998579, 72.89581181543611876 ) ) ;
#3090 = EDGE_CURVE ( 'NONE', #1802, #567, #2594, .T. ) ;
#3091 = ORIENTED_EDGE ( 'NONE', *, *, #1916, .T. ) ;
#3092 = FACE_BOUND ( 'NONE', #358, .T. ) ;
#3093 = CARTESIAN_POINT ( 'NONE',  ( -3.204028566850257498, 74.92183899854457252, 66.08283113390439212 ) ) ;
#3094 = CARTESIAN_POINT ( 'NONE',  ( 9.671117321090854091, 71.99999999999998579, 72.89581181543621824 ) ) ;
#3095 = CARTESIAN_POINT ( 'NONE',  ( 15.32786885245899633, 62.83213604641093042, 16.09070714194805163 ) ) ;
#3096 = CARTESIAN_POINT ( 'NONE',  ( -15.44104941459016800, 71.40992407255879471, 77.08746548255835762 ) ) ;
#3097 = VECTOR ( 'NONE', #3965, 1000.000000000000000 ) ;
#3098 = CARTESIAN_POINT ( 'NONE',  ( -15.65789473684212751, 71.30224165151710736, 80.00000000000000000 ) ) ;
#3099 = CARTESIAN_POINT ( 'NONE',  ( -36.00000000000000711, 12.00000000000000000, 10.00000000000002132 ) ) ;
#3100 = CARTESIAN_POINT ( 'NONE',  ( -7.159929930018908983, 74.99999999999998579, 68.13088969388330440 ) ) ;
#3101 = EDGE_CURVE ( 'NONE', #2316, #1945, #1450, .T. ) ;
#3102 = ADVANCED_FACE ( 'NONE', ( #998 ), #1788, .T. ) ;
#3103 = CIRCLE ( 'NONE', #160, 3.000000000000000888 ) ;
#3104 = PLANE ( 'NONE',  #2264 ) ;
#3105 = ORIENTED_EDGE ( 'NONE', *, *, #617, .F. ) ;
#3106 = ORIENTED_EDGE ( 'NONE', *, *, #1589, .T. ) ;
#3107 = CARTESIAN_POINT ( 'NONE',  ( 6.140490801478206251, 74.45874389189430076, 66.33532250335575498 ) ) ;
#3108 = MECHANICAL_DESIGN_GEOMETRIC_PRESENTATION_REPRESENTATION (  '', ( #1030 ), #1690 ) ;
#3109 = EDGE_CURVE ( 'NONE', #1870, #3261, #382, .T. ) ;
#3110 = CARTESIAN_POINT ( 'NONE',  ( 2.474098922323748173, 59.84665749540364033, 17.00980580743804538 ) ) ;
#3111 = CARTESIAN_POINT ( 'NONE',  ( 22.96192500641007328, 12.00000000000000355, 106.7108694571594043 ) ) ;
#3112 = DIRECTION ( 'NONE',  ( 0.000000000000000000, 0.000000000000000000, 1.000000000000000000 ) ) ;
#3113 = EDGE_LOOP ( 'NONE', ( #1824, #2559, #3060, #2040 ) ) ;
#3114 = ORIENTED_EDGE ( 'NONE', *, *, #1880, .T. ) ;
#3115 = CARTESIAN_POINT ( 'NONE',  ( -1.852769136582557818, 74.97544312107082476, 65.95805017617351496 ) ) ;
#3116 = CARTESIAN_POINT ( 'NONE',  ( 0.000000000000000000, 40.00000000000000000, 15.00000000000000000 ) ) ;
#3117 = CARTESIAN_POINT ( 'NONE',  ( 13.43301560371831016, 64.00322876357863322, 23.25800065359557678 ) ) ;
#3118 = CARTESIAN_POINT ( 'NONE',  ( -14.49725134314990882, 63.36901931860332127, 20.54899307478804360 ) ) ;
#3119 =( BOUNDED_SURFACE ( )  B_SPLINE_SURFACE ( 3, 2, ( 
 ( #483, #2744, #4010 ),
 ( #1837, #2784, #2765 ),
 ( #3686, #3129, #1438 ),
 ( #2472, #208, #2805 ),
 ( #4051, #4090, #2115 ),
 ( #1162, #3058, #2452 ) ),
 .UNSPECIFIED., .F., .F., .T. ) 
 B_SPLINE_SURFACE_WITH_KNOTS ( ( 4, 2, 4 ),
 ( 3, 3 ),
 ( 0.007104963109620401895, 0.009066756027545797708, 0.01102854894547119352 ),
 ( 0.000000000000000000, 1.000000000000000000 ),
 .UNSPECIFIED. ) 
 GEOMETRIC_REPRESENTATION_ITEM ( )  RATIONAL_B_SPLINE_SURFACE ( (
 ( 1.000000000000000000, 0.8737718803117966448, 1.000000000000000000),
 ( 1.000000000000000000, 0.8737712242499130477, 1.000000000000000000),
 ( 1.000000000000000000, 0.8689296669632184944, 1.000000000000000000),
 ( 1.000000000000000000, 0.8496556884803334597, 1.000000000000000000),
 ( 1.000000000000000000, 0.8352589453222994953, 1.000000000000000000),
 ( 1.000000000000000000, 0.8157456167995892349, 1.000000000000000000) ) ) 
 REPRESENTATION_ITEM ( '' )  SURFACE ( )  );
#3120 = AXIS2_PLACEMENT_3D ( 'NONE', #3392, #2108, #2465 ) ;
#3121 = CARTESIAN_POINT ( 'NONE',  ( 45.99999999999999289, 12.00000000000000000, 0.000000000000000000 ) ) ;
#3122 = CARTESIAN_POINT ( 'NONE',  ( 14.15521959005929453, 73.03280764515146473, 80.65519978190913264 ) ) ;
#3123 = CARTESIAN_POINT ( 'NONE',  ( -2.111621864412711158, 74.99999999999282352, 66.15253106450978748 ) ) ;
#3124 = ORIENTED_EDGE ( 'NONE', *, *, #563, .F. ) ;
#3125 = AXIS2_PLACEMENT_3D ( 'NONE', #1730, #1966, #3253 ) ;
#3126 = VECTOR ( 'NONE', #3995, 1000.000000000000000 ) ;
#3127 = ADVANCED_FACE ( 'NONE', ( #2343 ), #2865, .T. ) ;
#3128 = EDGE_CURVE ( 'NONE', #2726, #2155, #1650, .T. ) ;
#3129 = CARTESIAN_POINT ( 'NONE',  ( 13.61082024951631197, 74.64364428373721694, 81.36995476570372432 ) ) ;
#3130 = ADVANCED_FACE ( 'NONE', ( #1744 ), #2444, .F. ) ;
#3131 = VERTEX_POINT ( 'NONE', #507 ) ;
#3132 = CARTESIAN_POINT ( 'NONE',  ( 3.330356280121929746, 74.92340790150396401, 66.10697429971925487 ) ) ;
#3133 = CARTESIAN_POINT ( 'NONE',  ( 2.960542193031074021, 59.77969745823818215, 15.83628076880432367 ) ) ;
#3134 = CARTESIAN_POINT ( 'NONE',  ( -36.00000000000000711, -6.071532165918824830E-15, 54.49999999999997158 ) ) ;
#3135 = CARTESIAN_POINT ( 'NONE',  ( -8.042269696499783294, 66.31211380702664826, 29.51522652697565974 ) ) ;
#3136 = FACE_BOUND ( 'NONE', #1193, .T. ) ;
#3137 = ORIENTED_EDGE ( 'NONE', *, *, #3843, .T. ) ;
#3138 = ORIENTED_EDGE ( 'NONE', *, *, #1155, .T. ) ;
#3139 = CARTESIAN_POINT ( 'NONE',  ( -0.6697495710264838031, 74.99687772442362643, 65.95859487813409316 ) ) ;
#3140 = DIRECTION ( 'NONE',  ( -0.000000000000000000, -1.000000000000000000, -0.000000000000000000 ) ) ;
#3141 = CIRCLE ( 'NONE', #3001, 35.00000000000000000 ) ;
#3142 = CARTESIAN_POINT ( 'NONE',  ( -11.86014853253675838, 64.87038234200859677, 22.51550079248128000 ) ) ;
#3143 = CIRCLE ( 'NONE', #3343, 2.499999999999995115 ) ;
#3144 = EDGE_CURVE ( 'NONE', #1485, #3689, #1410, .T. ) ;
#3145 = CIRCLE ( 'NONE', #3279, 2.999999999999999112 ) ;
#3146 = LINE ( 'NONE', #2469, #2810 ) ;
#3147 = ADVANCED_FACE ( 'NONE', ( #3312 ), #2387, .F. ) ;
#3148 = DIRECTION ( 'NONE',  ( 0.000000000000000000, 1.000000000000000000, 9.912705577010328015E-17 ) ) ;
#3149 = CARTESIAN_POINT ( 'NONE',  ( 13.95534188553821231, 73.08950696852447493, 77.40153997249673523 ) ) ;
#3150 = ORIENTED_EDGE ( 'NONE', *, *, #1956, .T. ) ;
#3151 = CARTESIAN_POINT ( 'NONE',  ( 35.99999999999999289, -6.071532165918824830E-15, 5.499999999999965361 ) ) ;
#3152 = CIRCLE ( 'NONE', #4144, 10.00000000000000178 ) ;
#3153 = ORIENTED_EDGE ( 'NONE', *, *, #3530, .T. ) ;
#3154 = CARTESIAN_POINT ( 'NONE',  ( -13.94303865560991973, 73.15533088857924326, 77.47790634515375530 ) ) ;
#3155 = CARTESIAN_POINT ( 'NONE',  ( -7.529044711132981463E-15, 75.00000000000000000, 66.00000000000000000 ) ) ;
#3156 = AXIS2_PLACEMENT_3D ( 'NONE', #1229, #3849, #1927 ) ;
#3157 = CARTESIAN_POINT ( 'NONE',  ( 1.924608646630454389, 59.90786719731943322, 12.33281516938167854 ) ) ;
#3158 = CARTESIAN_POINT ( 'NONE',  ( -45.99999999999999289, 0.000000000000000000, 10.00000000000000178 ) ) ;
#3159 = CARTESIAN_POINT ( 'NONE',  ( -13.87486488491505199, 63.74686962740525331, 22.30366637295317034 ) ) ;
#3160 = DIRECTION ( 'NONE',  ( -0.000000000000000000, 1.000000000000000000, -0.000000000000000000 ) ) ;
#3161 = EDGE_LOOP ( 'NONE', ( #3587, #4013, #662, #3320 ) ) ;
#3162 = EDGE_LOOP ( 'NONE', ( #1713, #3826 ) ) ;
#3163 = ADVANCED_FACE ( 'NONE', ( #3959 ), #2041, .F. ) ;
#3164 = EDGE_CURVE ( 'NONE', #822, #1070, #788, .T. ) ;
#3165 = CARTESIAN_POINT ( 'NONE',  ( -6.337996881558246365, 74.66382835701529075, 66.92831548758042004 ) ) ;
#3166 = CARTESIAN_POINT ( 'NONE',  ( -13.51438479465967291, 74.85955524711791043, 83.34231033187842286 ) ) ;
#3167 = CARTESIAN_POINT ( 'NONE',  ( -8.205920628365637626, 68.83039313631253719, 26.35197590000395707 ) ) ;
#3168 = DIRECTION ( 'NONE',  ( -0.000000000000000000, 1.000000000000000000, -0.000000000000000000 ) ) ;
#3169 = CARTESIAN_POINT ( 'NONE',  ( -35.99999999999997868, -6.071532165918824830E-15, 30.00000000000001066 ) ) ;
#3170 = CARTESIAN_POINT ( 'NONE',  ( 13.39435868281703002, 74.64784036735478878, 77.46441147552009454 ) ) ;
#3171 = CARTESIAN_POINT ( 'NONE',  ( 17.96192500641006973, 17.00000000000000355, 106.7108694571594043 ) ) ;
#3172 = CARTESIAN_POINT ( 'NONE',  ( 35.99999999999999289, 12.00000000000000000, 49.99999999999999289 ) ) ;
#3173 = ORIENTED_EDGE ( 'NONE', *, *, #1923, .T. ) ;
#3174 = CARTESIAN_POINT ( 'NONE',  ( 2.143131898507867854E-15, 22.50000000000000355, -10.02630927324502252 ) ) ;
#3175 = DIRECTION ( 'NONE',  ( 0.000000000000000000, 0.000000000000000000, -1.000000000000000000 ) ) ;
#3176 = CARTESIAN_POINT ( 'NONE',  ( 35.99999999999999289, -2.915825712255602879E-15, 10.00000000000000178 ) ) ;
#3177 = DIRECTION ( 'NONE',  ( -0.000000000000000000, 1.000000000000000000, -0.000000000000000000 ) ) ;
#3178 = DIRECTION ( 'NONE',  ( 0.8996451086904510008, 0.000000000000000000, 0.4366218941021469124 ) ) ;
#3179 = EDGE_LOOP ( 'NONE', ( #739, #3827, #3010, #2380 ) ) ;
#3180 = VERTEX_POINT ( 'NONE', #3978 ) ;
#3181 = COLOUR_RGB ( '',1.000000000000000000, 1.000000000000000000, 1.000000000000000000 ) ;
#3182 = DIRECTION ( 'NONE',  ( -0.000000000000000000, 1.242141978321335985E-16, -1.000000000000000000 ) ) ;
#3183 = DIRECTION ( 'NONE',  ( 0.000000000000000000, 0.000000000000000000, -1.000000000000000000 ) ) ;
#3184 = CARTESIAN_POINT ( 'NONE',  ( -13.57338075473610850, 63.97092468205859461, 18.47429980951471862 ) ) ;
#3185 = DIRECTION ( 'NONE',  ( 2.915825712255602780E-16, -1.000000000000000000, 0.000000000000000000 ) ) ;
#3186 = DIRECTION ( 'NONE',  ( -2.915825712255602780E-16, 1.000000000000000000, 0.000000000000000000 ) ) ;
#3187 = CARTESIAN_POINT ( 'NONE',  ( 13.62507331243647535, 74.61619473474625863, 79.35604104258705149 ) ) ;
#3188 = ORIENTED_EDGE ( 'NONE', *, *, #3090, .F. ) ;
#3189 = CARTESIAN_POINT ( 'NONE',  ( 1.999999999999968470, 59.13733208101454153, 80.00000000000000000 ) ) ;
#3190 = AXIS2_PLACEMENT_3D ( 'NONE', #2892, #675, #3913 ) ;
#3191 = VERTEX_POINT ( 'NONE', #4044 ) ;
#3192 = CARTESIAN_POINT ( 'NONE',  ( -14.18955482285758229, 72.01921126982666976, 76.64198835306910951 ) ) ;
#3193 = EDGE_CURVE ( 'NONE', #2235, #921, #4122, .T. ) ;
#3194 = DIRECTION ( 'NONE',  ( -0.000000000000000000, 1.242141978321335985E-16, -1.000000000000000000 ) ) ;
#3195 = CARTESIAN_POINT ( 'NONE',  ( 11.99999999999998224, 72.99999999999998579, 15.00000000000000178 ) ) ;
#3196 = DIRECTION ( 'NONE',  ( 0.000000000000000000, 0.000000000000000000, 1.000000000000000000 ) ) ;
#3197 = CARTESIAN_POINT ( 'NONE',  ( -7.163256989109250128, 66.56823881849257418, 30.07269815612089303 ) ) ;
#3198 = DIRECTION ( 'NONE',  ( -5.782411586589357639E-16, -1.686050438302196407E-31, -1.000000000000000000 ) ) ;
#3199 = ORIENTED_EDGE ( 'NONE', *, *, #2703, .T. ) ;
#3200 = ORIENTED_EDGE ( 'NONE', *, *, #2369, .F. ) ;
#3201 = LINE ( 'NONE', #2919, #4074 ) ;
#3202 = DIRECTION ( 'NONE',  ( 0.000000000000000000, 1.000000000000000000, 0.000000000000000000 ) ) ;
#3203 = CARTESIAN_POINT ( 'NONE',  ( 3.673685780880669327, 70.17695373529963376, 28.51737672554248704 ) ) ;
#3204 = CARTESIAN_POINT ( 'NONE',  ( -25.00000000000000000, 5.000000000000000000, 60.00000000000000000 ) ) ;
#3205 = DIRECTION ( 'NONE',  ( -2.915825712255602780E-16, 1.000000000000000000, 0.000000000000000000 ) ) ;
#3206 = DIRECTION ( 'NONE',  ( 0.000000000000000000, 0.000000000000000000, -1.000000000000000000 ) ) ;
#3207 = AXIS2_PLACEMENT_3D ( 'NONE', #3094, #910, #1506 ) ;
#3208 = DIRECTION ( 'NONE',  ( -1.000000000000000000, 0.000000000000000000, 0.000000000000000000 ) ) ;
#3209 = EDGE_LOOP ( 'NONE', ( #1634, #1672, #2580, #3734 ) ) ;
#3210 = ORIENTED_EDGE ( 'NONE', *, *, #3840, .T. ) ;
#3211 = CARTESIAN_POINT ( 'NONE',  ( -2.370566304063804546E-14, 74.99999999999998579, 15.00000000000000000 ) ) ;
#3212 = DIRECTION ( 'NONE',  ( -1.000000000000000000, 0.000000000000000000, 0.000000000000000000 ) ) ;
#3213 = CIRCLE ( 'NONE', #3487, 4.500000000000003553 ) ;
#3214 = CARTESIAN_POINT ( 'NONE',  ( -36.00000000000000711, 3.000000000000000888, 49.99999999999997158 ) ) ;
#3215 = DIRECTION ( 'NONE',  ( 0.000000000000000000, 1.000000000000000000, 0.000000000000000000 ) ) ;
#3216 = VERTEX_POINT ( 'NONE', #4002 ) ;
#3217 = ORIENTED_EDGE ( 'NONE', *, *, #155, .T. ) ;
#3218 = CARTESIAN_POINT ( 'NONE',  ( -9.827645599831480894, 74.99999999999998579, 73.10889785796665308 ) ) ;
#3219 = LINE ( 'NONE', #2591, #3946 ) ;
#3220 = ADVANCED_FACE ( 'NONE', ( #2408 ), #1074, .F. ) ;
#3221 = CIRCLE ( 'NONE', #1531, 17.49999999999999645 ) ;
#3222 = CARTESIAN_POINT ( 'NONE',  ( 1.636722731257748809, 67.45699435789548204, 28.91176599389952173 ) ) ;
#3223 = ORIENTED_EDGE ( 'NONE', *, *, #571, .F. ) ;
#3224 = DIRECTION ( 'NONE',  ( -1.000000000000000000, 0.000000000000000000, 0.000000000000000000 ) ) ;
#3225 = DIRECTION ( 'NONE',  ( -0.000000000000000000, -0.000000000000000000, 1.000000000000000000 ) ) ;
#3226 = CARTESIAN_POINT ( 'NONE',  ( 2.331800570986318544, 70.37344049885160757, 28.81235384871812144 ) ) ;
#3227 = LINE ( 'NONE', #1881, #2749 ) ;
#3228 = EDGE_CURVE ( 'NONE', #3954, #3380, #2573, .T. ) ;
#3229 = VERTEX_POINT ( 'NONE', #1111 ) ;
#3230 = ORIENTED_EDGE ( 'NONE', *, *, #165, .F. ) ;
#3231 = CARTESIAN_POINT ( 'NONE',  ( -14.10918393123747450, 73.06724556851732189, 78.73052593280445421 ) ) ;
#3232 = B_SPLINE_CURVE_WITH_KNOTS ( 'NONE', 3,
 ( #4021, #470, #3068, #2146, #2462, #3998, #1132, #843 ),
 .UNSPECIFIED., .F., .F.,
 ( 4, 2, 2, 4 ),
 ( 0.000000000000000000, 0.002192757505541472439, 0.004385515011082944878, 0.008771030022165931389 ),
 .UNSPECIFIED. ) ;
#3233 = ADVANCED_FACE ( 'NONE', ( #2107 ), #3391, .T. ) ;
#3234 = LINE ( 'NONE', #371, #740 ) ;
#3235 = CARTESIAN_POINT ( 'NONE',  ( 35.99999999999999289, 12.00000000000000000, 32.49999999999999289 ) ) ;
#3236 = CARTESIAN_POINT ( 'NONE',  ( -14.79864858694886109, 75.00000000000008527, 71.63339973465934918 ) ) ;
#3237 = CARTESIAN_POINT ( 'NONE',  ( 0.000000000000000000, 39.99999999999998579, 95.00000000000000000 ) ) ;
#3238 = ORIENTED_EDGE ( 'NONE', *, *, #3273, .F. ) ;
#3239 = ORIENTED_EDGE ( 'NONE', *, *, #579, .T. ) ;
#3240 = ADVANCED_FACE ( 'NONE', ( #2695 ), #1570, .T. ) ;
#3241 = FACE_OUTER_BOUND ( 'NONE', #277, .T. ) ;
#3242 = CARTESIAN_POINT ( 'NONE',  ( -14.00000000000002309, 72.17157287525378706, 14.19977988878619968 ) ) ;
#3243 = CARTESIAN_POINT ( 'NONE',  ( 2.314502515252732540, 70.37532276127853947, 28.81515461848076498 ) ) ;
#3244 = EDGE_LOOP ( 'NONE', ( #4091, #1120, #1214 ) ) ;
#3245 = EDGE_CURVE ( 'NONE', #485, #293, #2840, .T. ) ;
#3246 = DIRECTION ( 'NONE',  ( -0.000000000000000000, 1.000000000000000000, -0.000000000000000000 ) ) ;
#3247 = LINE ( 'NONE', #2904, #2870 ) ;
#3248 = CARTESIAN_POINT ( 'NONE',  ( -5.063989417879169785, 69.87827480265492852, 28.06002958501913369 ) ) ;
#3249 = CARTESIAN_POINT ( 'NONE',  ( -17.49999999999999645, 39.99999999999998579, 93.99999999999998579 ) ) ;
#3250 = VERTEX_POINT ( 'NONE', #1489 ) ;
#3251 = AXIS2_PLACEMENT_3D ( 'NONE', #4059, #178, #3717 ) ;
#3252 =( BOUNDED_SURFACE ( )  B_SPLINE_SURFACE ( 3, 2, ( 
 ( #3523, #2506, #2215 ),
 ( #4120, #1853, #4102 ),
 ( #3775, #1894, #3502 ),
 ( #260, #3184, #1218 ),
 ( #3756, #3792, #3478 ),
 ( #2796, #1241, #3118 ),
 ( #303, #1197, #2151 ),
 ( #869, #4143, #4062 ),
 ( #1569, #3142, #239 ),
 ( #2860, #1507, #1529 ),
 ( #911, #2240, #1176 ),
 ( #1915, #2821, #1261 ),
 ( #222, #597, #3837 ),
 ( #2551, #2466, #955 ),
 ( #639, #1874, #4084 ),
 ( #1491, #2486, #572 ),
 ( #3167, #548, #3436 ),
 ( #2529, #3816, #887 ),
 ( #3457, #1831, #2166 ),
 ( #283, #2778, #1548 ),
 ( #2841, #361, #1330 ),
 ( #2572, #1612, #3900 ),
 ( #721, #3287, #27 ),
 ( #2922, #2650, #2630 ),
 ( #3878, #994, #403 ),
 ( #88, #1936, #1016 ),
 ( #2283, #1369, #3937 ),
 ( #2611, #3222, #1306 ),
 ( #3243, #344, #70 ),
 ( #1957, #3859, #2320 ),
 ( #3203, #2301, #1055 ),
 ( #1633, #2900, #3592 ),
 ( #974, #3572, #1999 ),
 ( #2592, #1676, #49 ),
 ( #3919, #682, #699 ),
 ( #2966, #1978, #2341 ),
 ( #3633, #1036, #743 ),
 ( #3266, #2260, #380 ),
 ( #325, #1655, #1590 ),
 ( #661, #2881, #2945 ),
 ( #1351, #3545, #3613 ),
 ( #5, #1282, #426 ),
 ( #1696, #2985, #109 ),
 ( #2019, #3310, #481 ),
 ( #533, #227, #1750 ),
 ( #2722, #2416, #3706 ),
 ( #813, #2763, #1748 ),
 ( #532, #3703, #3378 ),
 ( #1768, #2720, #1813 ),
 ( #552, #479, #3359 ),
 ( #1792, #2112, #4049 ),
 ( #4007, #2154, #2433 ) ),
 .UNSPECIFIED., .F., .F., .T. ) 
 B_SPLINE_SURFACE_WITH_KNOTS ( ( 4, 2, 2, 2, 2, 2, 2, 2, 2, 2, 2, 2, 2, 2, 2, 2, 2, 2, 2, 2, 2, 2, 2, 2, 2, 4 ),
 ( 3, 3 ),
 ( -8.673617379884035472E-19, 0.003393498502862377173, 0.005090247754293565977, 0.006786997005724755214, 0.01018049550858713195, 0.01187724476001832119, 0.01357399401144951043, 0.01527074326288069793, 0.01696749251431188543, 0.02036099101717426391, 0.02205774026860545314, 0.02375448952003664238, 0.02714798802289902085, 0.02884473727433020662, 0.03054148652576139586, 0.03223823577719258510, 0.03393498502862377086, 0.03732848353148614934, 0.03902523278291733511, 0.04072198203434852781, 0.04241873128577972052, 0.04411548053721090629, 0.04750897904007328476, 0.04920572829150447747, 0.05090247754293566324, 0.05429597604579804171 ),
 ( 0.000000000000000000, 1.000000000000000000 ),
 .UNSPECIFIED. ) 
 GEOMETRIC_REPRESENTATION_ITEM ( )  RATIONAL_B_SPLINE_SURFACE ( (
 ( 1.000000000000000000, 0.8824332975302805471, 1.000000000000000000),
 ( 1.000000000000000000, 0.8824294703115831418, 1.000000000000000000),
 ( 1.000000000000000000, 0.8802761134106563690, 1.000000000000000000),
 ( 1.000000000000000000, 0.8741394262974603313, 1.000000000000000000),
 ( 1.000000000000000000, 0.8716084002845937428, 1.000000000000000000),
 ( 1.000000000000000000, 0.8656124871124344367, 1.000000000000000000),
 ( 1.000000000000000000, 0.8621887711332786308, 1.000000000000000000),
 ( 1.000000000000000000, 0.8508632237529558662, 1.000000000000000000),
 ( 1.000000000000000000, 0.8418845392049459919, 1.000000000000000000),
 ( 1.000000000000000000, 0.8268286244709628363, 1.000000000000000000),
 ( 1.000000000000000000, 0.8215900354759168023, 1.000000000000000000),
 ( 1.000000000000000000, 0.8108733680572476343, 1.000000000000000000),
 ( 1.000000000000000000, 0.8053828656701738087, 1.000000000000000000),
 ( 1.000000000000000000, 0.7942639992787776659, 1.000000000000000000),
 ( 1.000000000000000000, 0.7886352432645621358, 1.000000000000000000),
 ( 1.000000000000000000, 0.7773795795583448021, 1.000000000000000000),
 ( 1.000000000000000000, 0.7717352012163598562, 1.000000000000000000),
 ( 1.000000000000000000, 0.7553947526569084747, 1.000000000000000000),
 ( 1.000000000000000000, 0.7451752278627864490, 1.000000000000000000),
 ( 1.000000000000000000, 0.7319078591425762781, 1.000000000000000000),
 ( 1.000000000000000000, 0.7278311661835479285, 1.000000000000000000),
 ( 1.000000000000000000, 0.7205783636397651293, 1.000000000000000000),
 ( 1.000000000000000000, 0.7174502533563531514, 1.000000000000000000),
 ( 1.000000000000000000, 0.7098648669347243922, 1.000000000000000000),
 ( 1.000000000000000000, 0.7071523812276884202, 1.000000000000000000),
 ( 1.000000000000000000, 0.7070848395380379126, 1.000000000000000000),
 ( 1.000000000000000000, 0.7077410880065496679, 1.000000000000000000),
 ( 1.000000000000000000, 0.7103370905434281957, 1.000000000000000000),
 ( 1.000000000000000000, 0.7122702225100828732, 1.000000000000000000),
 ( 1.000000000000000000, 0.7172831572652457188, 1.000000000000000000),
 ( 1.000000000000000000, 0.7203628827906002341, 1.000000000000000000),
 ( 1.000000000000000000, 0.7275378285833199454, 1.000000000000000000),
 ( 1.000000000000000000, 0.7316521098230236442, 1.000000000000000000),
 ( 1.000000000000000000, 0.7449921451945568096, 1.000000000000000000),
 ( 1.000000000000000000, 0.7552649634662734757, 1.000000000000000000),
 ( 1.000000000000000000, 0.7716529828986991024, 1.000000000000000000),
 ( 1.000000000000000000, 0.7772990970815719658, 1.000000000000000000),
 ( 1.000000000000000000, 0.7885529061204661350, 1.000000000000000000),
 ( 1.000000000000000000, 0.7941833839441677645, 1.000000000000000000),
 ( 1.000000000000000000, 0.8053105115461457464, 1.000000000000000000),
 ( 1.000000000000000000, 0.8108075514800612282, 1.000000000000000000),
 ( 1.000000000000000000, 0.8215412481133070877, 1.000000000000000000),
 ( 1.000000000000000000, 0.8267998948394882364, 1.000000000000000000),
 ( 1.000000000000000000, 0.8418421884935816113, 1.000000000000000000),
 ( 1.000000000000000000, 0.8507929880032756298, 1.000000000000000000),
 ( 1.000000000000000000, 0.8620758924723158634, 1.000000000000000000),
 ( 1.000000000000000000, 0.8654793988908145996, 1.000000000000000000),
 ( 1.000000000000000000, 0.8714670341749876092, 1.000000000000000000),
 ( 1.000000000000000000, 0.8740552924891702435, 1.000000000000000000),
 ( 1.000000000000000000, 0.8802703769434816472, 1.000000000000000000),
 ( 1.000000000000000000, 0.8824298174121196769, 1.000000000000000000),
 ( 1.000000000000000000, 0.8824332975302801030, 1.000000000000000000) ) ) 
 REPRESENTATION_ITEM ( '' )  SURFACE ( )  );
#3253 = DIRECTION ( 'NONE',  ( 1.000000000000000000, 0.000000000000000000, 0.000000000000000000 ) ) ;
#3254 = CARTESIAN_POINT ( 'NONE',  ( 35.00000000000000000, 40.00000000000000711, 65.00000000000000000 ) ) ;
#3255 = CARTESIAN_POINT ( 'NONE',  ( -2.822442160337312596E-14, 72.99999999999998579, 85.09999999999999432 ) ) ;
#3256 = DIRECTION ( 'NONE',  ( -0.000000000000000000, 1.000000000000000000, -0.000000000000000000 ) ) ;
#3257 = CARTESIAN_POINT ( 'NONE',  ( -10.64330131393147205, 74.20163967226810087, 70.31787140368960820 ) ) ;
#3258 = EDGE_CURVE ( 'NONE', #265, #3689, #791, .T. ) ;
#3259 = EDGE_CURVE ( 'NONE', #628, #3540, #1547, .T. ) ;
#3260 = ORIENTED_EDGE ( 'NONE', *, *, #908, .T. ) ;
#3261 = VERTEX_POINT ( 'NONE', #3456 ) ;
#3262 = AXIS2_PLACEMENT_3D ( 'NONE', #1379, #2661, #2010 ) ;
#3263 = CARTESIAN_POINT ( 'NONE',  ( -1.020538999289460830E-14, 74.99999999999998579, 66.00000000000000000 ) ) ;
#3264 = VECTOR ( 'NONE', #3198, 1000.000000000000000 ) ;
#3265 = DIRECTION ( 'NONE',  ( -2.915825712255602780E-16, 1.000000000000000000, -0.000000000000000000 ) ) ;
#3266 = CARTESIAN_POINT ( 'NONE',  ( 9.261253073150470527, 68.35464046051806974, 25.50868116199011482 ) ) ;
#3267 = VERTEX_POINT ( 'NONE', #2776 ) ;
#3268 = CARTESIAN_POINT ( 'NONE',  ( -14.00000000000002309, 74.99999999999998579, 10.20416847668726490 ) ) ;
#3269 = CARTESIAN_POINT ( 'NONE',  ( 9.975329056594560484, 74.08012273674619053, 69.29410338132193203 ) ) ;
#3270 = CARTESIAN_POINT ( 'NONE',  ( -45.99999999999999289, 12.00000000000000000, 60.00000000000000000 ) ) ;
#3271 = CARTESIAN_POINT ( 'NONE',  ( 5.030488036438828026, 69.88670819830642245, 28.07311593926143090 ) ) ;
#3272 = EDGE_CURVE ( 'NONE', #1825, #339, #4071, .T. ) ;
#3273 = EDGE_CURVE ( 'NONE', #2767, #3216, #2337, .T. ) ;
#3274 = LINE ( 'NONE', #3619, #2637 ) ;
#3275 = CIRCLE ( 'NONE', #1451, 4.500000000000033751 ) ;
#3276 = ORIENTED_EDGE ( 'NONE', *, *, #199, .F. ) ;
#3277 = CARTESIAN_POINT ( 'NONE',  ( 1.322587983903126485, 57.45019516895247591, 81.50590938339796310 ) ) ;
#3278 = DIRECTION ( 'NONE',  ( -1.000000000000000000, 0.000000000000000000, 0.000000000000000000 ) ) ;
#3279 = AXIS2_PLACEMENT_3D ( 'NONE', #2059, #1407, #447 ) ;
#3280 = DIRECTION ( 'NONE',  ( -2.915825712255602287E-16, 1.000000000000000000, -0.000000000000000000 ) ) ;
#3281 = CARTESIAN_POINT ( 'NONE',  ( -12.24333976591227291, 73.98826378174028662, 72.83622418311156821 ) ) ;
#3282 = CARTESIAN_POINT ( 'NONE',  ( -8.148314497879383111, 74.04471014083776481, 67.24570210095703260 ) ) ;
#3283 = ORIENTED_EDGE ( 'NONE', *, *, #1918, .F. ) ;
#3284 = ORIENTED_EDGE ( 'NONE', *, *, #4015, .T. ) ;
#3285 = DIRECTION ( 'NONE',  ( -0.000000000000000000, 0.000000000000000000, 1.000000000000000000 ) ) ;
#3286 = AXIS2_PLACEMENT_3D ( 'NONE', #1562, #565, #2477 ) ;
#3287 = CARTESIAN_POINT ( 'NONE',  ( -2.890793538149746489, 67.35881228178611480, 28.70942992263049476 ) ) ;
#3288 = AXIS2_PLACEMENT_3D ( 'NONE', #2263, #891, #915 ) ;
#3289 = EDGE_CURVE ( 'NONE', #2646, #2836, #1251, .T. ) ;
#3290 = ORIENTED_EDGE ( 'NONE', *, *, #2175, .F. ) ;
#3291 = ADVANCED_FACE ( 'NONE', ( #1217 ), #2464, .T. ) ;
#3292 = CARTESIAN_POINT ( 'NONE',  ( 11.48260566421425821, 74.94788993074202210, 72.67497959679705843 ) ) ;
#3293 = CARTESIAN_POINT ( 'NONE',  ( -1.933087274193526328, 59.90705625731214923, 12.34045201368358669 ) ) ;
#3294 = CIRCLE ( 'NONE', #529, 4.500000000000003553 ) ;
#3295 = FACE_OUTER_BOUND ( 'NONE', #2856, .T. ) ;
#3296 = CARTESIAN_POINT ( 'NONE',  ( -13.07316016894045418, 66.04441133901343619, 20.02984823470346853 ) ) ;
#3297 = AXIS2_PLACEMENT_3D ( 'NONE', #2225, #980, #1575 ) ;
#3298 = DIRECTION ( 'NONE',  ( -0.000000000000000000, 0.000000000000000000, 1.000000000000000000 ) ) ;
#3299 = CARTESIAN_POINT ( 'NONE',  ( 3.798589207402498058, 74.88886420586285908, 66.17708021729276879 ) ) ;
#3300 = ORIENTED_EDGE ( 'NONE', *, *, #326, .F. ) ;
#3301 = CARTESIAN_POINT ( 'NONE',  ( 15.65789473591247116, 71.30224165198214337, 78.51790281499118862 ) ) ;
#3302 = LINE ( 'NONE', #736, #3892 ) ;
#3303 = CARTESIAN_POINT ( 'NONE',  ( -11.67514474022180870, 74.05924203071853640, 71.77396116432591100 ) ) ;
#3304 = ORIENTED_EDGE ( 'NONE', *, *, #2036, .F. ) ;
#3305 = ORIENTED_EDGE ( 'NONE', *, *, #2018, .F. ) ;
#3306 = AXIS2_PLACEMENT_3D ( 'NONE', #3237, #1363, #1971 ) ;
#3307 = CARTESIAN_POINT ( 'NONE',  ( -13.62507331089975615, 74.61619473495267130, 78.71533469940706595 ) ) ;
#3308 = CARTESIAN_POINT ( 'NONE',  ( 1.986922853796958766, 57.38685713413522649, 79.73685981038234161 ) ) ;
#3309 = EDGE_CURVE ( 'NONE', #1870, #1979, #1114, .T. ) ;
#3310 = CARTESIAN_POINT ( 'NONE',  ( 11.85783916422431439, 64.87146872140920095, 22.51902642063310367 ) ) ;
#3311 = ORIENTED_EDGE ( 'NONE', *, *, #2276, .T. ) ;
#3312 = FACE_OUTER_BOUND ( 'NONE', #3161, .T. ) ;
#3313 = CARTESIAN_POINT ( 'NONE',  ( -3.030831603041356459, 59.76904893697363264, 14.58748247377369189 ) ) ;
#3314 = DIRECTION ( 'NONE',  ( 0.000000000000000000, 0.000000000000000000, 1.000000000000000000 ) ) ;
#3315 = DIRECTION ( 'NONE',  ( -0.000000000000000000, -0.000000000000000000, -1.000000000000000000 ) ) ;
#3316 = VECTOR ( 'NONE', #927, 1000.000000000000000 ) ;
#3317 = CARTESIAN_POINT ( 'NONE',  ( -10.77880993194885306, 73.30001119670441767, 67.98231658335750183 ) ) ;
#3318 = FACE_OUTER_BOUND ( 'NONE', #3586, .T. ) ;
#3319 = DIRECTION ( 'NONE',  ( -2.915825712255602780E-16, 1.000000000000000000, 0.000000000000000000 ) ) ;
#3320 = ORIENTED_EDGE ( 'NONE', *, *, #377, .F. ) ;
#3321 = CYLINDRICAL_SURFACE ( 'NONE', #2114, 2.499999999999984901 ) ;
#3322 = CARTESIAN_POINT ( 'NONE',  ( -11.33796680513946775, 71.99999999999998579, 95.00000000000000000 ) ) ;
#3323 = CARTESIAN_POINT ( 'NONE',  ( -1.736061538543859806, 57.41382764809905837, 81.00157122793024200 ) ) ;
#3324 = CARTESIAN_POINT ( 'NONE',  ( -3.293689616935596920, 74.85121563496868191, 65.42218581377615294 ) ) ;
#3325 = VERTEX_POINT ( 'NONE', #1807 ) ;
#3326 = ORIENTED_EDGE ( 'NONE', *, *, #4126, .F. ) ;
#3327 = EDGE_CURVE ( 'NONE', #522, #1825, #3409, .T. ) ;
#3328 = CARTESIAN_POINT ( 'NONE',  ( -2.822442160337312596E-14, 72.99999999999998579, 80.00000000000000000 ) ) ;
#3329 = CARTESIAN_POINT ( 'NONE',  ( 0.000000000000000000, 40.00000000000000000, 65.00000000000000000 ) ) ;
#3330 = B_SPLINE_CURVE_WITH_KNOTS ( 'NONE', 3,
 ( #953, #3242, #2239, #1588, #4, #2570 ),
 .UNSPECIFIED., .F., .F.,
 ( 4, 2, 4 ),
 ( 0.000000000000000000, 0.002400594177547446181, 0.004801188355094892363 ),
 .UNSPECIFIED. ) ;
#3331 = ORIENTED_EDGE ( 'NONE', *, *, #2487, .T. ) ;
#3332 = AXIS2_PLACEMENT_3D ( 'NONE', #4132, #672, #4152 ) ;
#3333 = CARTESIAN_POINT ( 'NONE',  ( -0.5260279777568344084, 74.99999999999998579, 66.06347372571082133 ) ) ;
#3334 = DIRECTION ( 'NONE',  ( -0.000000000000000000, 1.000000000000000000, -0.000000000000000000 ) ) ;
#3335 = CYLINDRICAL_SURFACE ( 'NONE', #3417, 4.499999999999997335 ) ;
#3336 = DIRECTION ( 'NONE',  ( 0.000000000000000000, 1.000000000000000000, 0.000000000000000000 ) ) ;
#3337 = CARTESIAN_POINT ( 'NONE',  ( 0.000000000000000000, 40.00000000000000000, 62.00000000000000000 ) ) ;
#3338 = DIRECTION ( 'NONE',  ( -2.915825712255602780E-16, 1.000000000000000000, -0.000000000000000000 ) ) ;
#3339 = CARTESIAN_POINT ( 'NONE',  ( -1.037979128031592424, 59.97393618489245881, 18.23642705781088935 ) ) ;
#3340 = ORIENTED_EDGE ( 'NONE', *, *, #2703, .F. ) ;
#3341 = DIRECTION ( 'NONE',  ( -1.000000000000000000, 2.081668171172166541E-15, 0.000000000000000000 ) ) ;
#3342 = AXIS2_PLACEMENT_3D ( 'NONE', #3116, #1851, #3737 ) ;
#3343 = AXIS2_PLACEMENT_3D ( 'NONE', #2858, #3569, #2628 ) ;
#3344 = EDGE_LOOP ( 'NONE', ( #3799, #1388, #2976, #3105 ) ) ;
#3345 = ORIENTED_EDGE ( 'NONE', *, *, #290, .F. ) ;
#3346 = CIRCLE ( 'NONE', #1998, 5.000000000000004441 ) ;
#3347 = CARTESIAN_POINT ( 'NONE',  ( -11.63671743245984302, 74.92241532191840747, 72.93165784034593457 ) ) ;
#3348 = DIRECTION ( 'NONE',  ( -0.000000000000000000, 1.242141978321335985E-16, -1.000000000000000000 ) ) ;
#3349 = CARTESIAN_POINT ( 'NONE',  ( 11.30956159311377718, 73.78444994773306576, 70.73058167794536644 ) ) ;
#3350 = ORIENTED_EDGE ( 'NONE', *, *, #1863, .F. ) ;
#3351 = ORIENTED_EDGE ( 'NONE', *, *, #836, .T. ) ;
#3352 = DIRECTION ( 'NONE',  ( 2.915825712255602780E-16, -1.000000000000000000, 0.000000000000000000 ) ) ;
#3353 = DIRECTION ( 'NONE',  ( 0.000000000000000000, 0.000000000000000000, -1.000000000000000000 ) ) ;
#3354 = CARTESIAN_POINT ( 'NONE',  ( -3.028496660956343511, 59.76940901462767641, 15.43366866079044897 ) ) ;
#3355 = AXIS2_PLACEMENT_3D ( 'NONE', #1041, #2325, #3015 ) ;
#3356 = CARTESIAN_POINT ( 'NONE',  ( -13.63033422482128465, 72.23684210526312199, 71.63339973465934918 ) ) ;
#3357 = VECTOR ( 'NONE', #956, 1000.000000000000000 ) ;
#3358 = DIRECTION ( 'NONE',  ( -0.000000000000000000, 1.000000000000000000, -0.000000000000000000 ) ) ;
#3359 = CARTESIAN_POINT ( 'NONE',  ( 15.22354981726345713, 62.90311540303476789, 17.28115910309186276 ) ) ;
#3360 = CARTESIAN_POINT ( 'NONE',  ( 4.419647115654660396, 74.99999999999995737, 66.79501190761044427 ) ) ;
#3361 = AXIS2_PLACEMENT_3D ( 'NONE', #3035, #161, #1470 ) ;
#3362 = VERTEX_POINT ( 'NONE', #2795 ) ;
#3363 = CARTESIAN_POINT ( 'NONE',  ( 3.505686116094269167, 74.99999999999998579, 66.92593073921783287 ) ) ;
#3364 = ORIENTED_EDGE ( 'NONE', *, *, #2654, .T. ) ;
#3365 = ORIENTED_EDGE ( 'NONE', *, *, #999, .T. ) ;
#3366 = EDGE_CURVE ( 'NONE', #3934, #312, #2130, .T. ) ;
#3367 = CARTESIAN_POINT ( 'NONE',  ( -10.12103081898153611, 74.99999999999998579, 73.55292817154744967 ) ) ;
#3368 = CARTESIAN_POINT ( 'NONE',  ( 9.999402276157933755, 72.00346803803616069, 73.63040525525507007 ) ) ;
#3369 = CARTESIAN_POINT ( 'NONE',  ( 9.795845766005719213, 74.99999999999998579, 70.30896927152421938 ) ) ;
#3370 = ORIENTED_EDGE ( 'NONE', *, *, #2510, .T. ) ;
#3371 = VERTEX_POINT ( 'NONE', #1196 ) ;
#3372 = PLANE ( 'NONE',  #2374 ) ;
#3373 = CARTESIAN_POINT ( 'NONE',  ( -2.312249789818692165E-14, 72.99999999999998579, 15.00000000000000000 ) ) ;
#3374 = CARTESIAN_POINT ( 'NONE',  ( 3.708061508475114287, 67.25388429449770911, 31.50557987895751566 ) ) ;
#3375 = LINE ( 'NONE', #3721, #1199 ) ;
#3376 = ADVANCED_FACE ( 'NONE', ( #4061 ), #2189, .F. ) ;
#3377 = DIRECTION ( 'NONE',  ( 0.000000000000000000, 0.000000000000000000, 1.000000000000000000 ) ) ;
#3378 = CARTESIAN_POINT ( 'NONE',  ( 14.78998836478366385, 63.18485552865216448, 19.49905364616628134 ) ) ;
#3379 = CARTESIAN_POINT ( 'NONE',  ( 2.036444138243231006, 74.99999999999998579, 66.36748897193160701 ) ) ;
#3380 = VERTEX_POINT ( 'NONE', #2528 ) ;
#3381 = AXIS2_PLACEMENT_3D ( 'NONE', #1395, #3298, #1726 ) ;
#3382 = CARTESIAN_POINT ( 'NONE',  ( 30.50000000000000000, 40.00000000000000711, 62.00000000000000000 ) ) ;
#3383 = ORIENTED_EDGE ( 'NONE', *, *, #4031, .F. ) ;
#3384 = ORIENTED_EDGE ( 'NONE', *, *, #1888, .T. ) ;
#3385 = CARTESIAN_POINT ( 'NONE',  ( 4.595621903763999150, 74.84998328093502096, 66.38291494453493158 ) ) ;
#3386 = DIRECTION ( 'NONE',  ( -0.9251334888123757816, 0.000000000000000000, 0.3796419732825149773 ) ) ;
#3387 = CARTESIAN_POINT ( 'NONE',  ( 9.146341463267125604, 74.24512649204444870, 68.55234487427085810 ) ) ;
#3388 = ORIENTED_EDGE ( 'NONE', *, *, #4005, .T. ) ;
#3389 = VERTEX_POINT ( 'NONE', #933 ) ;
#3390 = LINE ( 'NONE', #1467, #1095 ) ;
#3391 = CYLINDRICAL_SURFACE ( 'NONE', #1994, 2.999999999999999112 ) ;
#3392 = CARTESIAN_POINT ( 'NONE',  ( 25.00000000000000000, 5.000000000000000000, 60.00000000000000000 ) ) ;
#3393 = CARTESIAN_POINT ( 'NONE',  ( -45.99999999999999289, 0.000000000000000000, 60.00000000000000000 ) ) ;
#3394 = AXIS2_PLACEMENT_3D ( 'NONE', #18, #1907, #63 ) ;
#3395 = CARTESIAN_POINT ( 'NONE',  ( -24.99999999999999289, -6.123233995736764507E-15, 60.00000000000000000 ) ) ;
#3396 = DIRECTION ( 'NONE',  ( 0.000000000000000000, 0.000000000000000000, -1.000000000000000000 ) ) ;
#3397 = CARTESIAN_POINT ( 'NONE',  ( -1.032406361597423050, 74.99999999999998579, 66.12457641226153271 ) ) ;
#3398 = CARTESIAN_POINT ( 'NONE',  ( 7.141173950348965960, 74.99999999999997158, 68.11876269973511455 ) ) ;
#3399 = EDGE_CURVE ( 'NONE', #375, #3628, #1513, .T. ) ;
#3400 = ADVANCED_FACE ( 'NONE', ( #2859 ), #4140, .F. ) ;
#3401 = EDGE_CURVE ( 'NONE', #2177, #628, #53, .T. ) ;
#3402 = DIRECTION ( 'NONE',  ( 0.000000000000000000, 0.000000000000000000, -1.000000000000000000 ) ) ;
#3403 = ORIENTED_EDGE ( 'NONE', *, *, #1049, .F. ) ;
#3404 = EDGE_LOOP ( 'NONE', ( #3138, #2209 ) ) ;
#3405 = CARTESIAN_POINT ( 'NONE',  ( 6.909402553714847350, 74.65117842053632558, 67.29391670758622013 ) ) ;
#3406 = FACE_BOUND ( 'NONE', #1435, .T. ) ;
#3407 = CYLINDRICAL_SURFACE ( 'NONE', #370, 7.500000000000000000 ) ;
#3408 = ORIENTED_EDGE ( 'NONE', *, *, #1785, .F. ) ;
#3409 = CIRCLE ( 'NONE', #3207, 3.000000000000001332 ) ;
#3410 = PLANE ( 'NONE',  #3793 ) ;
#3411 = CARTESIAN_POINT ( 'NONE',  ( -6.579387901104511549, 74.63504676624287981, 67.03161308804733665 ) ) ;
#3412 = CARTESIAN_POINT ( 'NONE',  ( -36.00000000000000711, 3.000000000000000888, 49.99999999999997158 ) ) ;
#3413 = CARTESIAN_POINT ( 'NONE',  ( 10.77155720757240154, 65.30531735306773555, 27.10668098434632611 ) ) ;
#3414 = ADVANCED_FACE ( 'NONE', ( #3612 ), #342, .T. ) ;
#3415 = EDGE_CURVE ( 'NONE', #1754, #2730, #1181, .T. ) ;
#3416 = FACE_OUTER_BOUND ( 'NONE', #3209, .T. ) ;
#3417 = AXIS2_PLACEMENT_3D ( 'NONE', #2043, #452, #3625 ) ;
#3418 = CARTESIAN_POINT ( 'NONE',  ( 35.99999999999999289, 3.000000000000000888, 9.999999999999998224 ) ) ;
#3419 = LINE ( 'NONE', #792, #2973 ) ;
#3420 = FACE_OUTER_BOUND ( 'NONE', #988, .T. ) ;
#3421 = EDGE_CURVE ( 'NONE', #3041, #3468, #2300, .T. ) ;
#3422 = CIRCLE ( 'NONE', #1405, 17.49999999999999645 ) ;
#3423 = DIRECTION ( 'NONE',  ( 0.000000000000000000, 0.000000000000000000, 1.000000000000000000 ) ) ;
#3424 = ORIENTED_EDGE ( 'NONE', *, *, #3694, .T. ) ;
#3425 = ORIENTED_EDGE ( 'NONE', *, *, #783, .F. ) ;
#3426 = CARTESIAN_POINT ( 'NONE',  ( 6.586400577144289059, 74.37621255156226141, 65.79281333349909744 ) ) ;
#3427 = CARTESIAN_POINT ( 'NONE',  ( -35.99999999999999289, -2.915825712255602879E-15, 0.000000000000000000 ) ) ;
#3428 = CARTESIAN_POINT ( 'NONE',  ( -12.00000000000002842, 72.99999999999998579, 15.00000000000000000 ) ) ;
#3429 = CARTESIAN_POINT ( 'NONE',  ( 35.99999999999999289, 3.000000000000000888, 49.99999999999999289 ) ) ;
#3430 = ORIENTED_EDGE ( 'NONE', *, *, #2752, .T. ) ;
#3431 = ORIENTED_EDGE ( 'NONE', *, *, #1341, .T. ) ;
#3432 = PLANE ( 'NONE',  #3989 ) ;
#3433 = CARTESIAN_POINT ( 'NONE',  ( -6.088507914093651330, 74.69236178105590795, 66.82705851413071230 ) ) ;
#3434 = ADVANCED_FACE ( 'NONE', ( #26 ), #48, .F. ) ;
#3435 = CARTESIAN_POINT ( 'NONE',  ( 12.25699475532894489, 73.53903414047555032, 72.34654064348536906 ) ) ;
#3436 = CARTESIAN_POINT ( 'NONE',  ( -8.984233943159006586, 65.99461676210549399, 28.78454216424545820 ) ) ;
#3437 = CIRCLE ( 'NONE', #1611, 35.00000000000000000 ) ;
#3438 = EDGE_CURVE ( 'NONE', #3847, #4117, #3219, .T. ) ;
#3439 = FACE_OUTER_BOUND ( 'NONE', #2539, .T. ) ;
#3440 = CYLINDRICAL_SURFACE ( 'NONE', #627, 3.000000000000000888 ) ;
#3441 = CARTESIAN_POINT ( 'NONE',  ( -9.220562786028956737, 74.99999999999998579, 71.96745895153793526 ) ) ;
#3442 = ORIENTED_EDGE ( 'NONE', *, *, #3976, .F. ) ;
#3443 = CARTESIAN_POINT ( 'NONE',  ( 3.980590704923051337, 74.99999999999998579, 67.14218506096915462 ) ) ;
#3444 = VECTOR ( 'NONE', #2086, 1000.000000000000000 ) ;
#3445 = VERTEX_POINT ( 'NONE', #2898 ) ;
#3446 = CARTESIAN_POINT ( 'NONE',  ( 1.306698005173546617, 74.98185998221600812, 65.65452996628563653 ) ) ;
#3447 = CIRCLE ( 'NONE', #1757, 12.00000000000000533 ) ;
#3448 = CARTESIAN_POINT ( 'NONE',  ( 2.768180461114367663, 59.80762794220932932, 16.44515577892995140 ) ) ;
#3449 = DIRECTION ( 'NONE',  ( -2.915825712255602287E-16, 1.000000000000000000, -0.000000000000000000 ) ) ;
#3450 = CARTESIAN_POINT ( 'NONE',  ( -14.00000000000002309, 71.99999999999998579, 10.20416847668726312 ) ) ;
#3451 = EDGE_CURVE ( 'NONE', #921, #3131, #1454, .T. ) ;
#3452 = ORIENTED_EDGE ( 'NONE', *, *, #3976, .T. ) ;
#3453 = EDGE_LOOP ( 'NONE', ( #177, #22, #157, #2226, #3452, #518, #1208, #1925, #4040, #1816, #3506 ) ) ;
#3454 = EDGE_CURVE ( 'NONE', #3261, #2567, #57, .T. ) ;
#3455 = CARTESIAN_POINT ( 'NONE',  ( -0.7667430125559488996, 74.99589102212142677, 65.95510184059862979 ) ) ;
#3456 = CARTESIAN_POINT ( 'NONE',  ( -36.00000000000000711, 12.00000000000000000, 57.49999999999997158 ) ) ;
#3457 = CARTESIAN_POINT ( 'NONE',  ( -6.287652753604202616, 69.54743428890940038, 27.54187983326937328 ) ) ;
#3458 = ORIENTED_EDGE ( 'NONE', *, *, #2972, .T. ) ;
#3459 = CIRCLE ( 'NONE', #903, 27.50000000000000000 ) ;
#3460 = AXIS2_PLACEMENT_3D ( 'NONE', #1542, #2813, #1232 ) ;
#3461 = DIRECTION ( 'NONE',  ( 0.000000000000000000, -1.000000000000000000, 0.000000000000000000 ) ) ;
#3462 = CARTESIAN_POINT ( 'NONE',  ( -2.880758674582424346E-14, 74.99999999999998579, 80.00000000000000000 ) ) ;
#3463 = CARTESIAN_POINT ( 'NONE',  ( 11.95686017539626178, 75.00000000006134826, 78.83129126277043497 ) ) ;
#3464 = CARTESIAN_POINT ( 'NONE',  ( -35.00000000000000000, 40.00000000000000000, 95.00000000000000000 ) ) ;
#3465 = CIRCLE ( 'NONE', #173, 12.00000000000000533 ) ;
#3466 = AXIS2_PLACEMENT_3D ( 'NONE', #2729, #521, #1423 ) ;
#3467 = CARTESIAN_POINT ( 'NONE',  ( -2.880758674582424346E-14, 74.99999999999998579, 80.00000000000000000 ) ) ;
#3468 = VERTEX_POINT ( 'NONE', #2879 ) ;
#3469 = DIRECTION ( 'NONE',  ( 0.000000000000000000, 0.000000000000000000, -1.000000000000000000 ) ) ;
#3470 = PLANE ( 'NONE',  #2451 ) ;
#3471 = CARTESIAN_POINT ( 'NONE',  ( 7.335718258656974022, 74.22417684083566769, 66.01843069143839671 ) ) ;
#3472 = CARTESIAN_POINT ( 'NONE',  ( 35.99999999999999289, 3.000000000000000888, 49.99999999999999289 ) ) ;
#3473 = ORIENTED_EDGE ( 'NONE', *, *, #3642, .T. ) ;
#3474 = ORIENTED_EDGE ( 'NONE', *, *, #3228, .T. ) ;
#3475 = CARTESIAN_POINT ( 'NONE',  ( -11.84366819201190069, 73.64636051718225929, 71.62802164623575152 ) ) ;
#3476 = DIRECTION ( 'NONE',  ( -0.000000000000000000, 1.000000000000000000, -0.000000000000000000 ) ) ;
#3477 = AXIS2_PLACEMENT_3D ( 'NONE', #4083, #4119, #527 ) ;
#3478 = CARTESIAN_POINT ( 'NONE',  ( -14.79701038078327713, 63.18037627413993107, 19.47098402907642978 ) ) ;
#3479 = VECTOR ( 'NONE', #423, 1000.000000000000000 ) ;
#3480 = AXIS2_PLACEMENT_3D ( 'NONE', #1327, #2942, #1997 ) ;
#3481 = CARTESIAN_POINT ( 'NONE',  ( 2.449293598294708091E-15, 19.99999999999998224, 35.00000000000000000 ) ) ;
#3482 = DIRECTION ( 'NONE',  ( -0.000000000000000000, -0.000000000000000000, 1.000000000000000000 ) ) ;
#3483 = LINE ( 'NONE', #892, #2241 ) ;
#3484 = ORIENTED_EDGE ( 'NONE', *, *, #3164, .F. ) ;
#3485 = VECTOR ( 'NONE', #3177, 1000.000000000000000 ) ;
#3486 = DIRECTION ( 'NONE',  ( -2.915825712255602780E-16, 1.000000000000000000, -0.000000000000000000 ) ) ;
#3487 = AXIS2_PLACEMENT_3D ( 'NONE', #1615, #115, #93 ) ;
#3488 = ORIENTED_EDGE ( 'NONE', *, *, #893, .F. ) ;
#3489 = ORIENTED_EDGE ( 'NONE', *, *, #1341, .F. ) ;
#3490 = CARTESIAN_POINT ( 'NONE',  ( 0.000000000000000000, 40.00000000000000000, 62.00000000000000000 ) ) ;
#3491 = CARTESIAN_POINT ( 'NONE',  ( -36.00000000000000711, 12.00000000000000000, 42.49999999999997868 ) ) ;
#3492 = AXIS2_PLACEMENT_3D ( 'NONE', #2507, #914, #4065 ) ;
#3493 = CARTESIAN_POINT ( 'NONE',  ( 2.764734980673611009, 59.80811073417104495, 13.54656344376855515 ) ) ;
#3494 = CARTESIAN_POINT ( 'NONE',  ( -27.50000000000000000, 40.00000000000000000, 0.000000000000000000 ) ) ;
#3495 = CARTESIAN_POINT ( 'NONE',  ( -5.265297634897816437, 66.99607372855412279, 30.97633059129148947 ) ) ;
#3496 = FACE_OUTER_BOUND ( 'NONE', #2105, .T. ) ;
#3497 = VERTEX_POINT ( 'NONE', #973 ) ;
#3498 = ORIENTED_EDGE ( 'NONE', *, *, #1702, .T. ) ;
#3499 = VECTOR ( 'NONE', #4129, 1000.000000000000000 ) ;
#3500 = DIRECTION ( 'NONE',  ( 0.000000000000000000, 0.000000000000000000, -1.000000000000000000 ) ) ;
#3501 = DIRECTION ( 'NONE',  ( 0.000000000000000000, 1.000000000000000000, 0.000000000000000000 ) ) ;
#3502 = CARTESIAN_POINT ( 'NONE',  ( -15.22380685519453891, 62.90291206159673010, 17.27445577571232960 ) ) ;
#3503 = DIRECTION ( 'NONE',  ( 0.000000000000000000, 0.000000000000000000, 1.000000000000000000 ) ) ;
#3504 = CARTESIAN_POINT ( 'NONE',  ( -36.00000000000000711, 3.000000000000000888, 57.49999999999997158 ) ) ;
#3505 = LINE ( 'NONE', #3111, #3316 ) ;
#3506 = ORIENTED_EDGE ( 'NONE', *, *, #2099, .T. ) ;
#3507 = ADVANCED_FACE ( 'NONE', ( #698 ), #3899, .F. ) ;
#3508 = DIRECTION ( 'NONE',  ( -0.000000000000000000, -0.000000000000000000, -1.000000000000000000 ) ) ;
#3509 = ORIENTED_EDGE ( 'NONE', *, *, #710, .T. ) ;
#3510 = ORIENTED_EDGE ( 'NONE', *, *, #3939, .T. ) ;
#3511 = DIRECTION ( 'NONE',  ( -2.915825712255602780E-16, 1.000000000000000000, 0.000000000000000000 ) ) ;
#3512 = FACE_OUTER_BOUND ( 'NONE', #1248, .T. ) ;
#3513 = CARTESIAN_POINT ( 'NONE',  ( 0.000000000000000000, 39.99999999999998579, 95.00000000000000000 ) ) ;
#3514 = DIRECTION ( 'NONE',  ( 0.000000000000000000, 0.5150380749100552658, 0.8571673007021116675 ) ) ;
#3515 = DIRECTION ( 'NONE',  ( 0.000000000000000000, 0.000000000000000000, 1.000000000000000000 ) ) ;
#3516 = EDGE_CURVE ( 'NONE', #3975, #293, #3886, .T. ) ;
#3517 = ORIENTED_EDGE ( 'NONE', *, *, #3679, .F. ) ;
#3518 = EDGE_LOOP ( 'NONE', ( #3509, #3629 ) ) ;
#3519 = CIRCLE ( 'NONE', #2768, 35.00000000000000000 ) ;
#3520 = CIRCLE ( 'NONE', #3595, 7.500000000000000000 ) ;
#3521 = CARTESIAN_POINT ( 'NONE',  ( -0.1818120837514637933, 74.99977568875192446, 65.98578690014940662 ) ) ;
#3522 = DIRECTION ( 'NONE',  ( 0.000000000000000000, 0.000000000000000000, -1.000000000000000000 ) ) ;
#3523 = CARTESIAN_POINT ( 'NONE',  ( -14.00000000000002309, 65.32291452420118105, 15.00000000000000000 ) ) ;
#3524 = CARTESIAN_POINT ( 'NONE',  ( -24.99999999999999289, -6.123233995736764507E-15, 0.000000000000000000 ) ) ;
#3525 = DIRECTION ( 'NONE',  ( -0.000000000000000000, 1.242141978321335985E-16, -1.000000000000000000 ) ) ;
#3526 = LINE ( 'NONE', #1512, #1964 ) ;
#3527 = B_SPLINE_CURVE_WITH_KNOTS ( 'NONE', 3,
 ( #1170, #840, #2426, #1800, #1090, #1717, #3008, #2383 ),
 .UNSPECIFIED., .F., .F.,
 ( 4, 2, 2, 4 ),
 ( 0.000000000000000000, 0.003797972397656730614, 0.005696958596485095921, 0.007595944795313461229 ),
 .UNSPECIFIED. ) ;
#3528 = DIRECTION ( 'NONE',  ( -1.000000000000000000, 0.000000000000000000, 0.000000000000000000 ) ) ;
#3529 = B_SPLINE_CURVE_WITH_KNOTS ( 'NONE', 3,
 ( #1624, #3830, #693, #1969, #42, #336 ),
 .UNSPECIFIED., .F., .F.,
 ( 4, 2, 4 ),
 ( 0.000000000000000000, 0.001965464574334370093, 0.003930929148668740186 ),
 .UNSPECIFIED. ) ;
#3530 = EDGE_CURVE ( 'NONE', #496, #3023, #379, .T. ) ;
#3531 = VECTOR ( 'NONE', #1362, 1000.000000000000000 ) ;
#3532 = ORIENTED_EDGE ( 'NONE', *, *, #3011, .F. ) ;
#3533 = ORIENTED_EDGE ( 'NONE', *, *, #248, .F. ) ;
#3534 = CARTESIAN_POINT ( 'NONE',  ( 0.1322917903886913493, 57.49999999999997158, 81.99999999999997158 ) ) ;
#3535 = EDGE_CURVE ( 'NONE', #2540, #1359, #3554, .T. ) ;
#3536 = CARTESIAN_POINT ( 'NONE',  ( -30.50000000000000000, 40.00000000000000000, 62.00000000000000000 ) ) ;
#3537 = CARTESIAN_POINT ( 'NONE',  ( -35.99999999999999289, -2.915825712255602879E-15, 49.99999999999999289 ) ) ;
#3538 = CARTESIAN_POINT ( 'NONE',  ( -36.00000000000000711, 3.000000000000000888, 17.50000000000002132 ) ) ;
#3539 = CARTESIAN_POINT ( 'NONE',  ( -13.43515749714982199, 64.00204428540887136, 23.25388963006162513 ) ) ;
#3540 = VERTEX_POINT ( 'NONE', #1034 ) ;
#3541 = ORIENTED_EDGE ( 'NONE', *, *, #3289, .T. ) ;
#3542 = AXIS2_PLACEMENT_3D ( 'NONE', #35, #668, #268 ) ;
#3543 = DIRECTION ( 'NONE',  ( 0.000000000000000000, 1.000000000000000000, 1.242141978321335985E-16 ) ) ;
#3544 = CARTESIAN_POINT ( 'NONE',  ( -35.99999999999999289, -2.915825712255602879E-15, 60.00000000000000000 ) ) ;
#3545 = CARTESIAN_POINT ( 'NONE',  ( 10.10582859196517624, 65.62543723647196714, 24.72059291537676273 ) ) ;
#3546 = VERTEX_POINT ( 'NONE', #3544 ) ;
#3547 = DIRECTION ( 'NONE',  ( -1.000000000000000000, 0.000000000000000000, 0.000000000000000000 ) ) ;
#3548 = EDGE_CURVE ( 'NONE', #1143, #2460, #3346, .T. ) ;
#3549 = AXIS2_PLACEMENT_3D ( 'NONE', #3635, #1018, #2262 ) ;
#3550 = AXIS2_PLACEMENT_3D ( 'NONE', #2527, #885, #1468 ) ;
#3551 = DIRECTION ( 'NONE',  ( 0.000000000000000000, 0.000000000000000000, -1.000000000000000000 ) ) ;
#3552 = CARTESIAN_POINT ( 'NONE',  ( 3.699360580067432736, 70.17236984352646800, 28.51044650932403002 ) ) ;
#3553 = EDGE_CURVE ( 'NONE', #1104, #1485, #1119, .T. ) ;
#3554 = CIRCLE ( 'NONE', #3818, 10.00000000000000178 ) ;
#3555 = LINE ( 'NONE', #1596, #3499 ) ;
#3556 = EDGE_CURVE ( 'NONE', #929, #987, #3330, .T. ) ;
#3557 = ORIENTED_EDGE ( 'NONE', *, *, #1286, .F. ) ;
#3558 = ORIENTED_EDGE ( 'NONE', *, *, #4112, .F. ) ;
#3559 = CARTESIAN_POINT ( 'NONE',  ( -14.54241555077477877, 71.86022263799382870, 79.32000654045747012 ) ) ;
#3560 = CARTESIAN_POINT ( 'NONE',  ( 0.000000000000000000, 60.00000000000000711, -10.02630927324501897 ) ) ;
#3561 = VECTOR ( 'NONE', #2952, 1000.000000000000000 ) ;
#3562 = DIRECTION ( 'NONE',  ( -1.000000000000000000, 2.915825712255601794E-16, 0.000000000000000000 ) ) ;
#3563 = PLANE ( 'NONE',  #3120 ) ;
#3564 = CARTESIAN_POINT ( 'NONE',  ( -7.535693022704119670, 74.18061102688433550, 66.08899549837067866 ) ) ;
#3565 = ORIENTED_EDGE ( 'NONE', *, *, #226, .T. ) ;
#3566 = ORIENTED_EDGE ( 'NONE', *, *, #1461, .T. ) ;
#3567 = EDGE_CURVE ( 'NONE', #732, #505, #3858, .T. ) ;
#3568 = AXIS2_PLACEMENT_3D ( 'NONE', #335, #923, #1294 ) ;
#3569 = DIRECTION ( 'NONE',  ( 0.000000000000000000, -1.000000000000000000, 0.000000000000000000 ) ) ;
#3570 = DIRECTION ( 'NONE',  ( -0.000000000000000000, 1.000000000000000000, -0.000000000000000000 ) ) ;
#3571 = CIRCLE ( 'NONE', #1737, 7.500000000000001776 ) ;
#3572 = CARTESIAN_POINT ( 'NONE',  ( 4.509279728044891300, 67.14860469948698096, 28.27128398674750187 ) ) ;
#3573 = ORIENTED_EDGE ( 'NONE', *, *, #768, .F. ) ;
#3574 = DIRECTION ( 'NONE',  ( -2.915825712255602780E-16, 1.000000000000000000, -0.000000000000000000 ) ) ;
#3575 = DIRECTION ( 'NONE',  ( -0.000000000000000000, -0.000000000000000000, 1.000000000000000000 ) ) ;
#3576 = CARTESIAN_POINT ( 'NONE',  ( -13.50805881533197272, 65.71463766930749273, 18.70800979151683663 ) ) ;
#3577 = EDGE_CURVE ( 'NONE', #1091, #798, #1716, .T. ) ;
#3578 = EDGE_CURVE ( 'NONE', #963, #1945, #174, .T. ) ;
#3579 = EDGE_CURVE ( 'NONE', #3023, #798, #2735, .T. ) ;
#3580 = CARTESIAN_POINT ( 'NONE',  ( -6.694349612121417437, 74.35538872236506336, 65.82154223255660952 ) ) ;
#3581 = ORIENTED_EDGE ( 'NONE', *, *, #288, .F. ) ;
#3582 = CARTESIAN_POINT ( 'NONE',  ( -12.39902543155344361, 73.50173401901814429, 72.63190249495718831 ) ) ;
#3583 = CARTESIAN_POINT ( 'NONE',  ( 35.99999999999999289, 3.000000000000000888, 45.49999999999999289 ) ) ;
#3584 = DIRECTION ( 'NONE',  ( 0.000000000000000000, 0.000000000000000000, -1.000000000000000000 ) ) ;
#3585 = DIRECTION ( 'NONE',  ( -0.000000000000000000, 1.242141978321335985E-16, -1.000000000000000000 ) ) ;
#3586 = EDGE_LOOP ( 'NONE', ( #2261, #2227, #3431, #3284 ) ) ;
#3587 = ORIENTED_EDGE ( 'NONE', *, *, #1627, .F. ) ;
#3588 = CARTESIAN_POINT ( 'NONE',  ( -0.3332799747244997168, 74.99924272547330872, 65.97561569805860415 ) ) ;
#3589 = B_SPLINE_CURVE_WITH_KNOTS ( 'NONE', 3,
 ( #867, #3095, #508, #2484, #2409, #2165, #1784, #221, #3117, #3073, #2758, #2445, #475, #3413, #1765, #846, #1112, #3034, #2150, #4003, #547, #3698, #808, #2089, #3374, #2233, #1845, #3852, #3769, #2478, #318, #2834, #901, #3495, #653, #3197, #3135, #338, #2207, #1931, #4157, #2253, #2873, #1275, #4096, #3539, #3159, #253, #590, #1605, #612, #4077, #1212, #3808 ),
 .UNSPECIFIED., .F., .F.,
 ( 4, 2, 2, 2, 2, 2, 2, 2, 2, 2, 2, 2, 2, 2, 2, 2, 2, 2, 2, 2, 2, 2, 2, 2, 2, 2, 4 ),
 ( 0.000000000000000000, 0.003241522951154527689, 0.004862284426731788498, 0.006483045902309049306, 0.009724568853463580465, 0.01134533032904084388, 0.01296609180461810729, 0.01458685328019537070, 0.01620761475577263411, 0.01944913770692715052, 0.02025951844471577529, 0.02106989918250440699, 0.02269066065808167040, 0.02431142213365893381, 0.02593218360923619722, 0.02917370656039072752, 0.03079446803596800133, 0.03241522951154526822, 0.03565675246269980198, 0.03727751393827707926, 0.03889827541385434961, 0.04051903688943162690, 0.04213979836500890419, 0.04538132131616344489, 0.04700208279174070830, 0.04862284426731797171, 0.05186436721847249853 ),
 .UNSPECIFIED. ) ;
#3590 = DIRECTION ( 'NONE',  ( -2.915825712255602780E-16, 1.000000000000000000, 0.000000000000000000 ) ) ;
#3591 = EDGE_CURVE ( 'NONE', #2196, #3267, #2068, .T. ) ;
#3592 = CARTESIAN_POINT ( 'NONE',  ( 4.993539960468354799, 67.04731009896228500, 31.08244420389128138 ) ) ;
#3593 = ORIENTED_EDGE ( 'NONE', *, *, #3977, .F. ) ;
#3594 = EDGE_CURVE ( 'NONE', #187, #3901, #502, .T. ) ;
#3595 = AXIS2_PLACEMENT_3D ( 'NONE', #1833, #1116, #1413 ) ;
#3596 = CARTESIAN_POINT ( 'NONE',  ( -2.880758674582424346E-14, 74.99999999999998579, 80.00000000000000000 ) ) ;
#3597 = CARTESIAN_POINT ( 'NONE',  ( -1.365391000117406328, 74.99019757788146023, 65.93582176114746574 ) ) ;
#3598 = DIRECTION ( 'NONE',  ( -0.000000000000000000, 1.242141978321335985E-16, -1.000000000000000000 ) ) ;
#3599 = CARTESIAN_POINT ( 'NONE',  ( 4.590148953751648442, 69.99139837213947146, 28.23434796901740995 ) ) ;
#3600 = CARTESIAN_POINT ( 'NONE',  ( -11.03015625333124738, 73.21746715129843608, 68.20350269155095191 ) ) ;
#3601 = VERTEX_POINT ( 'NONE', #1739 ) ;
#3602 = CARTESIAN_POINT ( 'NONE',  ( 13.29707254756504220, 73.48743645689494031, 75.07296238245874065 ) ) ;
#3603 = CARTESIAN_POINT ( 'NONE',  ( 11.90170013347468725, 75.00000000032807179, 13.25590413623263331 ) ) ;
#3604 = FACE_OUTER_BOUND ( 'NONE', #1607, .T. ) ;
#3605 = ADVANCED_FACE ( 'NONE', ( #2082 ), #742, .F. ) ;
#3606 = CARTESIAN_POINT ( 'NONE',  ( 35.99999999999999289, -6.071532165918824830E-15, 9.999999999999998224 ) ) ;
#3607 = AXIS2_PLACEMENT_3D ( 'NONE', #3893, #3256, #1319 ) ;
#3608 = EDGE_LOOP ( 'NONE', ( #45, #2020 ) ) ;
#3609 = ORIENTED_EDGE ( 'NONE', *, *, #85, .F. ) ;
#3610 = CARTESIAN_POINT ( 'NONE',  ( -12.70596432343678295, 74.74819096372351623, 75.09350829048285902 ) ) ;
#3611 = UNCERTAINTY_MEASURE_WITH_UNIT (LENGTH_MEASURE( 1.000000000000000082E-05 ), #1061, 'distance_accuracy_value', 'NONE');
#3612 = FACE_OUTER_BOUND ( 'NONE', #1017, .T. ) ;
#3613 = CARTESIAN_POINT ( 'NONE',  ( 11.52275695558594037, 64.97189541103988120, 26.22379791973034813 ) ) ;
#3614 = EDGE_LOOP ( 'NONE', ( #1347, #3150, #2816, #3648 ) ) ;
#3615 = CARTESIAN_POINT ( 'NONE',  ( -22.96192500641007328, 17.00000000000000355, 0.000000000000000000 ) ) ;
#3616 = CARTESIAN_POINT ( 'NONE',  ( -0.2146132807229813033, 60.00000000000003553, 11.56427948235049108 ) ) ;
#3617 = CARTESIAN_POINT ( 'NONE',  ( -36.00000000000000711, -6.071532165918824830E-15, 49.99999999999997158 ) ) ;
#3618 = CARTESIAN_POINT ( 'NONE',  ( -9.280074806250627972, 68.34549674046211010, 25.49190483369224935 ) ) ;
#3619 = CARTESIAN_POINT ( 'NONE',  ( -14.00000000000002132, 65.32291452420118105, 0.000000000000000000 ) ) ;
#3620 = CIRCLE ( 'NONE', #4011, 12.00000000000000178 ) ;
#3621 = VECTOR ( 'NONE', #1560, 1000.000000000000000 ) ;
#3622 = ORIENTED_EDGE ( 'NONE', *, *, #731, .T. ) ;
#3623 = EDGE_CURVE ( 'NONE', #1979, #2567, #3044, .T. ) ;
#3624 = CARTESIAN_POINT ( 'NONE',  ( 10.99999999999996803, 71.99999999999998579, 0.000000000000000000 ) ) ;
#3625 = DIRECTION ( 'NONE',  ( 0.000000000000000000, 0.000000000000000000, 1.000000000000000000 ) ) ;
#3626 = CARTESIAN_POINT ( 'NONE',  ( -14.28707207402390544, 71.95916117257459632, 72.89459007609077901 ) ) ;
#3627 = CARTESIAN_POINT ( 'NONE',  ( -13.30489799605002332, 72.37444257346449206, 71.00843647313904228 ) ) ;
#3628 = VERTEX_POINT ( 'NONE', #1443 ) ;
#3629 = ORIENTED_EDGE ( 'NONE', *, *, #3907, .T. ) ;
#3630 = DIRECTION ( 'NONE',  ( 0.000000000000000000, 0.000000000000000000, -1.000000000000000000 ) ) ;
#3631 = DIRECTION ( 'NONE',  ( -0.000000000000000000, 1.000000000000000000, -0.000000000000000000 ) ) ;
#3632 = AXIS2_PLACEMENT_3D ( 'NONE', #1169, #2584, #355 ) ;
#3633 = CARTESIAN_POINT ( 'NONE',  ( 8.566066809482085986, 68.67506655011530370, 26.08267511320233467 ) ) ;
#3634 = EDGE_LOOP ( 'NONE', ( #3484, #3996, #2963, #3223 ) ) ;
#3635 = CARTESIAN_POINT ( 'NONE',  ( -36.00000000000000711, -6.071532165918824830E-15, 10.00000000000002132 ) ) ;
#3636 = CARTESIAN_POINT ( 'NONE',  ( 4.112496228649990648, 74.87077918115690522, 66.22960957827697825 ) ) ;
#3637 = CIRCLE ( 'NONE', #604, 7.500000000000000000 ) ;
#3638 = CARTESIAN_POINT ( 'NONE',  ( 14.16898340256969213, 72.99264546796644026, 83.93071351354380738 ) ) ;
#3639 = DIRECTION ( 'NONE',  ( -0.000000000000000000, 1.242141978321335985E-16, -1.000000000000000000 ) ) ;
#3640 = CARTESIAN_POINT ( 'NONE',  ( -13.00628421912152710, 72.50070201197844710, 70.43498267908229593 ) ) ;
#3641 = CARTESIAN_POINT ( 'NONE',  ( 4.187902767894702727, 74.99999999999998579, 67.25372549818851553 ) ) ;
#3642 = EDGE_CURVE ( 'NONE', #2792, #1331, #1516, .T. ) ;
#3643 = VERTEX_POINT ( 'NONE', #3936 ) ;
#3644 = APPLICATION_PROTOCOL_DEFINITION ( 'draft international standard', 'automotive_design', 1998, #3063 ) ;
#3645 = CARTESIAN_POINT ( 'NONE',  ( 4.898587196589411843E-16, 36.00000000000000711, 9.999999999999994671 ) ) ;
#3646 = CARTESIAN_POINT ( 'NONE',  ( -1.936212802262499366, 57.39257697060735097, 80.51774576864580979 ) ) ;
#3647 = CARTESIAN_POINT ( 'NONE',  ( -4.634998174037924024, 74.69830564241516413, 65.45049808237726552 ) ) ;
#3648 = ORIENTED_EDGE ( 'NONE', *, *, #1165, .F. ) ;
#3649 = ORIENTED_EDGE ( 'NONE', *, *, #3577, .T. ) ;
#3650 = AXIS2_PLACEMENT_3D ( 'NONE', #374, #2296, #715 ) ;
#3651 = CARTESIAN_POINT ( 'NONE',  ( -13.35378098161794291, 73.25403791725356939, 74.94260244863218645 ) ) ;
#3652 = CARTESIAN_POINT ( 'NONE',  ( 0.8864355639148809862, 57.47795523002792351, 78.20238881705759582 ) ) ;
#3653 = ORIENTED_EDGE ( 'NONE', *, *, #2190, .T. ) ;
#3654 = DIRECTION ( 'NONE',  ( -0.000000000000000000, 1.000000000000000000, -0.000000000000000000 ) ) ;
#3655 = CARTESIAN_POINT ( 'NONE',  ( 25.00000000000000000, 5.000000000000000000, 60.00000000000000000 ) ) ;
#3656 = CARTESIAN_POINT ( 'NONE',  ( 11.99999999999997335, 74.99999999999998579, 80.00000000000000000 ) ) ;
#3657 = CIRCLE ( 'NONE', #1827, 7.500000000000000000 ) ;
#3658 = DIRECTION ( 'NONE',  ( 0.000000000000000000, -1.000000000000000000, 0.000000000000000000 ) ) ;
#3659 = AXIS2_PLACEMENT_3D ( 'NONE', #1493, #2719, #2738 ) ;
#3660 = DIRECTION ( 'NONE',  ( 0.000000000000000000, 0.000000000000000000, -1.000000000000000000 ) ) ;
#3661 = CARTESIAN_POINT ( 'NONE',  ( -36.00000000000000711, -6.071532165918824830E-15, 14.50000000000007461 ) ) ;
#3662 = CARTESIAN_POINT ( 'NONE',  ( 4.875779555053377123, 74.99999999999998579, 67.62025513905288676 ) ) ;
#3663 = VERTEX_POINT ( 'NONE', #819 ) ;
#3664 = CYLINDRICAL_SURFACE ( 'NONE', #912, 14.00000000000000000 ) ;
#3665 = LINE ( 'NONE', #735, #4089 ) ;
#3666 = CARTESIAN_POINT ( 'NONE',  ( 13.99999999999997513, 74.29289321881344677, 14.99999999999999822 ) ) ;
#3667 = ORIENTED_EDGE ( 'NONE', *, *, #663, .T. ) ;
#3668 = ORIENTED_EDGE ( 'NONE', *, *, #2557, .T. ) ;
#3669 = VECTOR ( 'NONE', #985, 1000.000000000000000 ) ;
#3670 = DIRECTION ( 'NONE',  ( 0.000000000000000000, 1.000000000000000000, 0.000000000000000000 ) ) ;
#3671 = CARTESIAN_POINT ( 'NONE',  ( 0.1305529817332090059, 57.50000000000000000, 78.00000000000000000 ) ) ;
#3672 = CARTESIAN_POINT ( 'NONE',  ( -22.96192500641007328, 12.00000000000000355, 60.00000000000000000 ) ) ;
#3673 = VERTEX_POINT ( 'NONE', #3692 ) ;
#3674 = CIRCLE ( 'NONE', #1167, 18.50000000000000355 ) ;
#3675 = AXIS2_PLACEMENT_3D ( 'NONE', #1255, #3515, #2500 ) ;
#3676 = DIRECTION ( 'NONE',  ( 0.000000000000000000, 0.000000000000000000, 1.000000000000000000 ) ) ;
#3677 = CARTESIAN_POINT ( 'NONE',  ( -3.046467459443424008, 59.76661418769998591, 15.22290385816216052 ) ) ;
#3678 = CARTESIAN_POINT ( 'NONE',  ( -15.65789473684212396, 71.30224165151710736, 79.26560649848262585 ) ) ;
#3679 = EDGE_CURVE ( 'NONE', #2269, #339, #2603, .T. ) ;
#3680 = ADVANCED_FACE ( 'NONE', ( #2671 ), #3007, .F. ) ;
#3681 = CARTESIAN_POINT ( 'NONE',  ( -1.660331828022177048, 74.96221521087272777, 65.60303885699921977 ) ) ;
#3682 = DIRECTION ( 'NONE',  ( 0.8705087404087501479, 0.000000000000000000, 0.4921529567847490738 ) ) ;
#3684 = EDGE_CURVE ( 'NONE', #3947, #498, #3145, .T. ) ;
#3683 = CARTESIAN_POINT ( 'NONE',  ( 3.383914934603726721, 75.00000000000000000, 66.47118187390812238 ) ) ;
#3685 = ORIENTED_EDGE ( 'NONE', *, *, #997, .F. ) ;
#3686 = CARTESIAN_POINT ( 'NONE',  ( 11.93825177604669463, 75.00000000015262458, 81.38948086158701756 ) ) ;
#3687 = AXIS2_PLACEMENT_3D ( 'NONE', #3071, #3500, #3736 ) ;
#3688 = ORIENTED_EDGE ( 'NONE', *, *, #782, .F. ) ;
#3689 = VERTEX_POINT ( 'NONE', #3957 ) ;
#3690 = AXIS2_PLACEMENT_3D ( 'NONE', #108, #1054, #2017 ) ;
#3691 = CARTESIAN_POINT ( 'NONE',  ( -10.41178240256508403, 74.99999999994693667, 74.00936883223710083 ) ) ;
#3692 = CARTESIAN_POINT ( 'NONE',  ( 13.63033422482125800, 72.23684210526313620, 71.63339973465940602 ) ) ;
#3693 = CARTESIAN_POINT ( 'NONE',  ( -11.00000000000002309, 74.99999999999998579, 0.000000000000000000 ) ) ;
#3694 = EDGE_CURVE ( 'NONE', #4052, #3371, #1329, .T. ) ;
#3695 = EDGE_LOOP ( 'NONE', ( #4053, #2687 ) ) ;
#3696 = LINE ( 'NONE', #1763, #3444 ) ;
#3697 = DIRECTION ( 'NONE',  ( 0.000000000000000000, 0.000000000000000000, -1.000000000000000000 ) ) ;
#3698 = CARTESIAN_POINT ( 'NONE',  ( 5.226980688856317947, 66.99984690866835990, 30.98367581396139769 ) ) ;
#3699 = AXIS2_PLACEMENT_3D ( 'NONE', #685, #2367, #3314 ) ;
#3700 = DIRECTION ( 'NONE',  ( 0.000000000000000000, 1.000000000000000000, 0.000000000000000000 ) ) ;
#3701 = AXIS2_PLACEMENT_3D ( 'NONE', #966, #2602, #3212 ) ;
#3702 = CARTESIAN_POINT ( 'NONE',  ( -0.5246450281145389472, 57.49379432181248006, 78.05251989396042234 ) ) ;
#3703 = CARTESIAN_POINT ( 'NONE',  ( 13.43476656389043455, 64.04933502356064423, 18.97840395222473830 ) ) ;
#3704 = CARTESIAN_POINT ( 'NONE',  ( 2.093343638686897101, 74.99999999999998579, 66.15001174883695967 ) ) ;
#3705 = EDGE_CURVE ( 'NONE', #896, #1857, #1263, .T. ) ;
#3706 = CARTESIAN_POINT ( 'NONE',  ( 14.31885315064937103, 63.47915801636344924, 21.09095576178626885 ) ) ;
#3707 = ORIENTED_EDGE ( 'NONE', *, *, #835, .T. ) ;
#3708 = EDGE_CURVE ( 'NONE', #3751, #176, #1714, .T. ) ;
#3709 = CARTESIAN_POINT ( 'NONE',  ( 35.99999999999999289, 3.000000000000000888, 57.49999999999999289 ) ) ;
#3710 = ORIENTED_EDGE ( 'NONE', *, *, #1970, .T. ) ;
#3711 = ORIENTED_EDGE ( 'NONE', *, *, #1495, .F. ) ;
#3712 = CARTESIAN_POINT ( 'NONE',  ( 6.069918474897214367, 74.73155493689121442, 66.90340160105139944 ) ) ;
#3713 = DIRECTION ( 'NONE',  ( -0.000000000000000000, 0.000000000000000000, 1.000000000000000000 ) ) ;
#3714 = CARTESIAN_POINT ( 'NONE',  ( 9.216824532945906867, 74.99999999999998579, 71.95975640793436412 ) ) ;
#3715 = ORIENTED_EDGE ( 'NONE', *, *, #598, .F. ) ;
#3716 = ORIENTED_EDGE ( 'NONE', *, *, #751, .F. ) ;
#3717 = DIRECTION ( 'NONE',  ( -1.000000000000000000, 2.915825712255601794E-16, 0.000000000000000000 ) ) ;
#3718 = ADVANCED_FACE ( 'NONE', ( #272 ), #1309, .F. ) ;
#3719 = CARTESIAN_POINT ( 'NONE',  ( -2.901500338461447726, 74.99999999999998579, 66.69544971505141007 ) ) ;
#3720 = ADVANCED_FACE ( 'NONE', ( #1168 ), #2457, .F. ) ;
#3721 = CARTESIAN_POINT ( 'NONE',  ( 27.50000000000000000, 40.00000000000000000, 65.00000000000000000 ) ) ;
#3722 = CARTESIAN_POINT ( 'NONE',  ( -2.312249789818692165E-14, 72.99999999999998579, 15.00000000000000000 ) ) ;
#3723 = CARTESIAN_POINT ( 'NONE',  ( -4.197305035038127130, 75.00000000000720490, 66.67569996051568637 ) ) ;
#3724 = CARTESIAN_POINT ( 'NONE',  ( 1.048202824298612112, 75.00000000002169998, 66.01769640910430326 ) ) ;
#3725 = AXIS2_PLACEMENT_3D ( 'NONE', #2514, #2974, #1704 ) ;
#3726 = CARTESIAN_POINT ( 'NONE',  ( -1.020538999289460830E-14, 74.99999999999998579, 66.00000000000000000 ) ) ;
#3727 = ORIENTED_EDGE ( 'NONE', *, *, #3949, .F. ) ;
#3728 = ORIENTED_EDGE ( 'NONE', *, *, #1770, .F. ) ;
#3729 = ADVANCED_FACE ( 'NONE', ( #251, #3406, #4094, #1885 ), #3470, .F. ) ;
#3730 = CARTESIAN_POINT ( 'NONE',  ( 3.311022233210277221, 74.84908597398789709, 65.76875202735052994 ) ) ;
#3731 = CARTESIAN_POINT ( 'NONE',  ( 15.32786885245902297, 62.83213604641091621, 0.000000000000000000 ) ) ;
#3732 = CARTESIAN_POINT ( 'NONE',  ( -14.00000000000002309, 72.17157287525378706, 15.00000000000000000 ) ) ;
#3733 = VERTEX_POINT ( 'NONE', #3806 ) ;
#3734 = ORIENTED_EDGE ( 'NONE', *, *, #1219, .T. ) ;
#3735 = DIRECTION ( 'NONE',  ( 0.000000000000000000, 1.000000000000000000, 0.000000000000000000 ) ) ;
#3736 = DIRECTION ( 'NONE',  ( -1.000000000000000000, 0.000000000000000000, 0.000000000000000000 ) ) ;
#3737 = DIRECTION ( 'NONE',  ( 0.000000000000000000, 1.000000000000000000, 0.000000000000000000 ) ) ;
#3738 = DIRECTION ( 'NONE',  ( -0.000000000000000000, -0.000000000000000000, -1.000000000000000000 ) ) ;
#3739 = FACE_OUTER_BOUND ( 'NONE', #1323, .T. ) ;
#3740 = CARTESIAN_POINT ( 'NONE',  ( -5.215435927484348747E-15, 74.99999999999998579, 66.00000000000000000 ) ) ;
#3741 =( BOUNDED_SURFACE ( )  B_SPLINE_SURFACE ( 3, 2, ( 
 ( #2350, #2995, #1098 ),
 ( #2700, #3724, #186 ),
 ( #3379, #3704, #2395 ),
 ( #1081, #3683, #2094 ),
 ( #830, #1769, #3299 ),
 ( #412, #1683, #794 ),
 ( #3641, #3360, #754 ),
 ( #3662, #1377, #436 ),
 ( #121, #1397, #3078 ),
 ( #2113, #513, #207 ),
 ( #1793, #3398, #3749 ),
 ( #503, #1107, #214 ),
 ( #1484, #2710, #3387 ),
 ( #467, #3369, #3029 ),
 ( #3714, #2060, #3349 ),
 ( #3089, #802, #448 ) ),
 .UNSPECIFIED., .F., .F., .F. ) 
 B_SPLINE_SURFACE_WITH_KNOTS ( ( 4, 2, 2, 2, 2, 2, 2, 4 ),
 ( 3, 3 ),
 ( -3.740130815912425904E-05, 0.003048144062145932091, 0.003819530404722196529, 0.004590916747298460533, 0.006133689432450988542, 0.007676462117603517418, 0.009219234802756045427, 0.01230478017306110144 ),
 ( 0.000000000000000000, 1.000000000000000000 ),
 .UNSPECIFIED. ) 
 GEOMETRIC_REPRESENTATION_ITEM ( )  RATIONAL_B_SPLINE_SURFACE ( (
 ( 1.000000000000000000, 1.000000000000000000, 1.000000000000000000),
 ( 1.000000000000000000, 0.9999848017995238703, 1.000000000000000000),
 ( 1.000000000000000000, 0.9980981614173860539, 1.000000000000000000),
 ( 1.000000000000000000, 0.9920838339823128127, 1.000000000000000000),
 ( 1.000000000000000000, 0.9906966745090367565, 1.000000000000000000),
 ( 1.000000000000000000, 0.9875134709317431314, 1.000000000000000000),
 ( 1.000000000000000000, 0.9857094577121130463, 1.000000000000000000),
 ( 1.000000000000000000, 0.9797060742053178561, 1.000000000000000000),
 ( 1.000000000000000000, 0.9749046032856286681, 1.000000000000000000),
 ( 1.000000000000000000, 0.9636777238576045290, 1.000000000000000000),
 ( 1.000000000000000000, 0.9572481936627873500, 1.000000000000000000),
 ( 1.000000000000000000, 0.9429453591455315697, 1.000000000000000000),
 ( 1.000000000000000000, 0.9350157956966208550, 1.000000000000000000),
 ( 1.000000000000000000, 0.9104983292122816874, 1.000000000000000000),
 ( 1.000000000000000000, 0.8931017994316556852, 1.000000000000000000),
 ( 1.000000000000000000, 0.8775804068108415956, 1.000000000000000000) ) ) 
 REPRESENTATION_ITEM ( '' )  SURFACE ( )  );
#3742 = AXIS2_PLACEMENT_3D ( 'NONE', #853, #2135, #3402 ) ;
#3743 = CARTESIAN_POINT ( 'NONE',  ( 8.666795683834822128, 74.99999999999998579, 71.09518353527427337 ) ) ;
#3744 = ORIENTED_EDGE ( 'NONE', *, *, #1013, .T. ) ;
#3745 = ORIENTED_EDGE ( 'NONE', *, *, #3594, .T. ) ;
#3746 = CARTESIAN_POINT ( 'NONE',  ( 7.308071464920230298, 74.23050616505378230, 66.80675372467055695 ) ) ;
#3747 = CARTESIAN_POINT ( 'NONE',  ( 3.080107637362715623E-13, 60.00000000000044054, 18.43572051765282183 ) ) ;
#3748 = DIRECTION ( 'NONE',  ( -0.000000000000000000, -0.000000000000000000, 1.000000000000000000 ) ) ;
#3749 = CARTESIAN_POINT ( 'NONE',  ( 7.628383899069635987, 74.49763776870379672, 67.53661525330029747 ) ) ;
#3750 = VERTEX_POINT ( 'NONE', #3427 ) ;
#3751 = VERTEX_POINT ( 'NONE', #926 ) ;
#3752 = AXIS2_PLACEMENT_3D ( 'NONE', #3615, #91, #1635 ) ;
#3753 = FACE_OUTER_BOUND ( 'NONE', #3113, .T. ) ;
#3754 = CARTESIAN_POINT ( 'NONE',  ( -8.297790461531905137, 74.39305772820331697, 67.95124918627561783 ) ) ;
#3755 = CARTESIAN_POINT ( 'NONE',  ( 45.99999999999999289, 0.000000000000000000, 49.99999999999999289 ) ) ;
#3756 = CARTESIAN_POINT ( 'NONE',  ( -13.51513033712011946, 65.70914459512935935, 18.68198684745287252 ) ) ;
#3757 = VECTOR ( 'NONE', #1284, 1000.000000000000000 ) ;
#3758 = CYLINDRICAL_SURFACE ( 'NONE', #4026, 12.00000000000000178 ) ;
#3759 = DIRECTION ( 'NONE',  ( -0.000000000000000000, 1.000000000000000000, -0.000000000000000000 ) ) ;
#3760 = CARTESIAN_POINT ( 'NONE',  ( -8.529577596421685115, 74.99999999999998579, 69.14199234996557664 ) ) ;
#3761 = FACE_OUTER_BOUND ( 'NONE', #2829, .T. ) ;
#3762 = ADVANCED_FACE ( 'NONE', ( #194 ), #4037, .F. ) ;
#3763 = AXIS2_PLACEMENT_3D ( 'NONE', #3962, #1787, #2716 ) ;
#3764 = DIRECTION ( 'NONE',  ( 0.000000000000000000, 0.5150380749100552658, 0.8571673007021116675 ) ) ;
#3765 = ORIENTED_EDGE ( 'NONE', *, *, #3516, .T. ) ;
#3766 = CARTESIAN_POINT ( 'NONE',  ( -9.914693070883959298E-15, 75.00000000000000000, 66.00000000000000000 ) ) ;
#3767 = CARTESIAN_POINT ( 'NONE',  ( 0.4261258699832450314, 59.99651498470898048, 11.59012259924054256 ) ) ;
#3768 = CARTESIAN_POINT ( 'NONE',  ( 11.03026284584939098, 73.21743166818228588, 68.20359990325285082 ) ) ;
#3769 = CARTESIAN_POINT ( 'NONE',  ( 0.5196447613962044132, 67.50041758830066385, 32.00083093430264114 ) ) ;
#3770 = DIRECTION ( 'NONE',  ( 0.000000000000000000, 0.000000000000000000, 1.000000000000000000 ) ) ;
#3771 = ORIENTED_EDGE ( 'NONE', *, *, #3057, .F. ) ;
#3772 = ORIENTED_EDGE ( 'NONE', *, *, #3642, .F. ) ;
#3773 = CARTESIAN_POINT ( 'NONE',  ( -1.582568976415229312, 74.98192642690641208, 65.95117001073799656 ) ) ;
#3774 = CARTESIAN_POINT ( 'NONE',  ( -14.15799696670338115, 73.02449168976471583, 81.31035638821374789 ) ) ;
#3775 = CARTESIAN_POINT ( 'NONE',  ( -13.90495299943755114, 65.40141155946953688, 16.87308122706010849 ) ) ;
#3776 = DIRECTION ( 'NONE',  ( -1.000000000000000000, 0.000000000000000000, 0.000000000000000000 ) ) ;
#3777 = DIRECTION ( 'NONE',  ( -0.000000000000000000, 1.242141978321335985E-16, -1.000000000000000000 ) ) ;
#3778 = CARTESIAN_POINT ( 'NONE',  ( 14.15521959009928388, 73.03280764503203670, 79.34130118185446179 ) ) ;
#3779 = LINE ( 'NONE', #3171, #3780 ) ;
#3780 = VECTOR ( 'NONE', #3206, 1000.000000000000000 ) ;
#3781 = DIRECTION ( 'NONE',  ( 1.000000000000000000, 0.000000000000000000, 0.000000000000000000 ) ) ;
#3782 = ORIENTED_EDGE ( 'NONE', *, *, #1622, .F. ) ;
#3783 = VERTEX_POINT ( 'NONE', #1146 ) ;
#3784 = CARTESIAN_POINT ( 'NONE',  ( -45.99999999999999289, 12.00000000000000000, 10.00000000000000178 ) ) ;
#3785 = CARTESIAN_POINT ( 'NONE',  ( 0.8367484789105446019, 59.98354439967548757, 11.68924722586958609 ) ) ;
#3786 = FACE_OUTER_BOUND ( 'NONE', #1656, .T. ) ;
#3787 = CARTESIAN_POINT ( 'NONE',  ( -2.312249789818692165E-14, 60.99999999999998579, 15.00000000000000000 ) ) ;
#3788 = VERTEX_POINT ( 'NONE', #3731 ) ;
#3789 = EDGE_LOOP ( 'NONE', ( #1924, #2639, #1348, #2875 ) ) ;
#3790 = CARTESIAN_POINT ( 'NONE',  ( -10.32623319877274426, 74.00783619416981196, 69.65039799950395150 ) ) ;
#3791 = DIRECTION ( 'NONE',  ( 0.000000000000000000, 0.000000000000000000, -1.000000000000000000 ) ) ;
#3792 = CARTESIAN_POINT ( 'NONE',  ( -13.44210717724762993, 64.04522999167866715, 18.95377972220915552 ) ) ;
#3793 = AXIS2_PLACEMENT_3D ( 'NONE', #863, #2126, #1803 ) ;
#3794 = CIRCLE ( 'NONE', #3048, 2.499999999999988454 ) ;
#3795 = CARTESIAN_POINT ( 'NONE',  ( -2.822442160337312596E-14, 72.99999999999998579, 80.00000000000000000 ) ) ;
#3796 = AXIS2_PLACEMENT_3D ( 'NONE', #520, #1799, #316 ) ;
#3797 = DIRECTION ( 'NONE',  ( -1.000000000000000000, 0.000000000000000000, 0.000000000000000000 ) ) ;
#3798 = CARTESIAN_POINT ( 'NONE',  ( 14.11390726223462799, 73.04469834285218610, 78.68580287620657998 ) ) ;
#3799 = ORIENTED_EDGE ( 'NONE', *, *, #3684, .T. ) ;
#3800 = AXIS2_PLACEMENT_3D ( 'NONE', #2874, #3160, #3770 ) ;
#3801 = DIRECTION ( 'NONE',  ( -2.915825712255602780E-16, 1.000000000000000000, -0.000000000000000000 ) ) ;
#3802 = ORIENTED_EDGE ( 'NONE', *, *, #2526, .T. ) ;
#3803 = EDGE_LOOP ( 'NONE', ( #2546, #2157, #855, #3331 ) ) ;
#3804 = CARTESIAN_POINT ( 'NONE',  ( 35.99999999999999289, 12.00000000000000000, 49.99999999999999289 ) ) ;
#3805 = DIRECTION ( 'NONE',  ( -0.000000000000000000, 1.000000000000000000, -0.000000000000000000 ) ) ;
#3806 = CARTESIAN_POINT ( 'NONE',  ( 24.99999999999999289, -6.123233995736764507E-15, 0.000000000000000000 ) ) ;
#3807 = CARTESIAN_POINT ( 'NONE',  ( 5.386802615948320216, 74.58938523445722524, 65.53374713232373949 ) ) ;
#3808 = CARTESIAN_POINT ( 'NONE',  ( -15.32786885245903541, 62.83213604641090200, 15.00000000000000000 ) ) ;
#3809 = CARTESIAN_POINT ( 'NONE',  ( -36.00000000000000711, 12.00000000000000000, 49.99999999999997158 ) ) ;
#3810 = ORIENTED_EDGE ( 'NONE', *, *, #3623, .T. ) ;
#3811 = ORIENTED_EDGE ( 'NONE', *, *, #1586, .F. ) ;
#3812 = CARTESIAN_POINT ( 'NONE',  ( -36.00000000000000711, 3.000000000000000888, 49.99999999999997158 ) ) ;
#3813 = CARTESIAN_POINT ( 'NONE',  ( 11.94220619767113867, 73.62088422250927522, 71.79359148723355588 ) ) ;
#3814 = EDGE_CURVE ( 'NONE', #3896, #535, #2391, .T. ) ;
#3815 = VECTOR ( 'NONE', #180, 1000.000000000000000 ) ;
#3816 = CARTESIAN_POINT ( 'NONE',  ( -6.512298335842581665, 66.76020350286655969, 27.44265090062298640 ) ) ;
#3817 = CIRCLE ( 'NONE', #1995, 27.50000000000000000 ) ;
#3818 = AXIS2_PLACEMENT_3D ( 'NONE', #87, #1653, #3918 ) ;
#3819 = LINE ( 'NONE', #936, #3882 ) ;
#3820 = CARTESIAN_POINT ( 'NONE',  ( 2.143131898507868248E-15, 22.49999999999998934, 93.99999999999998579 ) ) ;
#3821 = FACE_OUTER_BOUND ( 'NONE', #4088, .T. ) ;
#3822 = DIRECTION ( 'NONE',  ( -0.000000000000000000, 1.000000000000000000, -0.000000000000000000 ) ) ;
#3823 = ADVANCED_FACE ( 'NONE', ( #1949 ), #2231, .T. ) ;
#3824 = VECTOR ( 'NONE', #1521, 1000.000000000000000 ) ;
#3825 = CARTESIAN_POINT ( 'NONE',  ( -24.99999999999999289, -6.123233995736764507E-15, 0.000000000000000000 ) ) ;
#3826 = ORIENTED_EDGE ( 'NONE', *, *, #1786, .T. ) ;
#3827 = ORIENTED_EDGE ( 'NONE', *, *, #2996, .F. ) ;
#3828 = DIRECTION ( 'NONE',  ( 0.000000000000000000, 1.000000000000000000, 0.000000000000000000 ) ) ;
#3829 = DIRECTION ( 'NONE',  ( 5.782411586589357639E-16, 0.000000000000000000, 1.000000000000000000 ) ) ;
#3830 = CARTESIAN_POINT ( 'NONE',  ( -14.16898340256974365, 72.99264546796641184, 83.27552488366748662 ) ) ;
#3831 = CARTESIAN_POINT ( 'NONE',  ( 11.99999999999997335, 72.99999999999998579, 80.00000000000000000 ) ) ;
#3832 = FACE_OUTER_BOUND ( 'NONE', #1584, .T. ) ;
#3833 = ORIENTED_EDGE ( 'NONE', *, *, #2537, .T. ) ;
#3834 = ORIENTED_EDGE ( 'NONE', *, *, #3454, .F. ) ;
#3835 = CARTESIAN_POINT ( 'NONE',  ( -9.977669059328983181, 75.00000000001531930, 73.32786959883556221 ) ) ;
#3836 = DIRECTION ( 'NONE',  ( 0.000000000000000000, 0.000000000000000000, 1.000000000000000000 ) ) ;
#3837 = CARTESIAN_POINT ( 'NONE',  ( -11.19834602295397019, 65.11948160505932037, 26.62059769517177799 ) ) ;
#3838 = EDGE_CURVE ( 'NONE', #3934, #1073, #2583, .T. ) ;
#3839 = CARTESIAN_POINT ( 'NONE',  ( 16.99999999999996803, 73.98529093593288053, 95.00000000000000000 ) ) ;
#3840 = EDGE_CURVE ( 'NONE', #1979, #1870, #977, .T. ) ;
#3841 = CARTESIAN_POINT ( 'NONE',  ( 0.000000000000000000, 40.00000000000000000, 9.999999999999998224 ) ) ;
#3842 = EDGE_LOOP ( 'NONE', ( #292, #2694, #883, #3668 ) ) ;
#3843 = EDGE_CURVE ( 'NONE', #643, #607, #2515, .T. ) ;
#3844 = CIRCLE ( 'NONE', #9, 5.000000000000004441 ) ;
#3845 = PLANE ( 'NONE',  #1671 ) ;
#3846 = ORIENTED_EDGE ( 'NONE', *, *, #744, .T. ) ;
#3847 = VERTEX_POINT ( 'NONE', #1581 ) ;
#3848 = CARTESIAN_POINT ( 'NONE',  ( -2.249792803062177176E-14, 72.99999999999998579, 9.900000000000002132 ) ) ;
#3849 = DIRECTION ( 'NONE',  ( -0.000000000000000000, 1.000000000000000000, -0.000000000000000000 ) ) ;
#3850 = CARTESIAN_POINT ( 'NONE',  ( 15.32786885245899633, 62.83213604641093042, 14.99999999999999822 ) ) ;
#3851 = LINE ( 'NONE', #1625, #3669 ) ;
#3852 = CARTESIAN_POINT ( 'NONE',  ( 1.068224748220723885, 67.48449285820630905, 31.96920376971564082 ) ) ;
#3853 = VERTEX_POINT ( 'NONE', #3583 ) ;
#3854 = ORIENTED_EDGE ( 'NONE', *, *, #766, .F. ) ;
#3855 = EDGE_CURVE ( 'NONE', #629, #3371, #3529, .T. ) ;
#3856 = CONICAL_SURFACE ( 'NONE', #3659, 18.50000000000000355, 0.7853981633974431720 ) ;
#3857 = CARTESIAN_POINT ( 'NONE',  ( 35.99999999999999289, 3.000000000000000888, 54.50000000000000000 ) ) ;
#3858 = LINE ( 'NONE', #659, #1184 ) ;
#3859 = CARTESIAN_POINT ( 'NONE',  ( 2.867184972913832119, 67.36117444938540189, 28.71431406055758728 ) ) ;
#3860 = CARTESIAN_POINT ( 'NONE',  ( 12.10570927026359911, 73.57861167639951816, 72.06831977764294095 ) ) ;
#3861 = ADVANCED_FACE ( 'NONE', ( #3604 ), #1566, .F. ) ;
#3862 = CARTESIAN_POINT ( 'NONE',  ( 11.94220619767113867, 73.62088422250927522, 71.79359148723355588 ) ) ;
#3863 = CARTESIAN_POINT ( 'NONE',  ( 13.22430440792124351, 65.93120022215778420, 19.61865056279903285 ) ) ;
#3864 = DIRECTION ( 'NONE',  ( 0.000000000000000000, 0.000000000000000000, 1.000000000000000000 ) ) ;
#3865 = CIRCLE ( 'NONE', #1703, 7.500000000000000000 ) ;
#3866 = ORIENTED_EDGE ( 'NONE', *, *, #1758, .F. ) ;
#3867 = CARTESIAN_POINT ( 'NONE',  ( -45.99999999999999289, 0.000000000000000000, 60.00000000000000000 ) ) ;
#3868 = DIRECTION ( 'NONE',  ( 0.000000000000000000, 1.000000000000000000, -0.000000000000000000 ) ) ;
#3869 = CARTESIAN_POINT ( 'NONE',  ( 35.99999999999999289, 3.000000000000000888, 9.999999999999998224 ) ) ;
#3870 = CARTESIAN_POINT ( 'NONE',  ( -14.00000000000002132, 65.32291452420118105, 15.00000000000000000 ) ) ;
#3871 = CARTESIAN_POINT ( 'NONE',  ( -2.312249789818692165E-14, 72.99999999999998579, 20.09999999999999787 ) ) ;
#3872 =( BOUNDED_SURFACE ( )  B_SPLINE_SURFACE ( 3, 2, ( 
 ( #850, #2802, #1202 ),
 ( #225, #1494, #793 ),
 ( #2071, #623, #4106 ),
 ( #2223, #264, #916 ),
 ( #309, #3170, #3149 ),
 ( #3463, #1898, #3798 ),
 ( #1878, #3187, #3778 ),
 ( #2195, #4125, #1534 ) ),
 .UNSPECIFIED., .F., .F., .F. ) 
 B_SPLINE_SURFACE_WITH_KNOTS ( ( 4, 2, 2, 4 ),
 ( 3, 3 ),
 ( 0.004623753317609306454, 0.007889650072156152369, 0.009522598449429575326, 0.01115554682670299828 ),
 ( 0.000000000000000000, 1.000000000000000000 ),
 .UNSPECIFIED. ) 
 GEOMETRIC_REPRESENTATION_ITEM ( )  RATIONAL_B_SPLINE_SURFACE ( (
 ( 1.000000000000000000, 0.8774592630364835832, 1.000000000000000000),
 ( 1.000000000000000000, 0.8790804791831399179, 1.000000000000000000),
 ( 1.000000000000000000, 0.8781899944652131751, 1.000000000000000000),
 ( 1.000000000000000000, 0.8761096491789349683, 1.000000000000000000),
 ( 1.000000000000000000, 0.8753165935257744001, 1.000000000000000000),
 ( 1.000000000000000000, 0.8741416182742608454, 1.000000000000000000),
 ( 1.000000000000000000, 0.8737638201062865040, 1.000000000000000000),
 ( 1.000000000000000000, 0.8737718803117966448, 1.000000000000000000) ) ) 
 REPRESENTATION_ITEM ( '' )  SURFACE ( )  );
#3873 = VERTEX_POINT ( 'NONE', #1603 ) ;
#3874 = EDGE_LOOP ( 'NONE', ( #420, #3304, #1352, #321, #647, #3498 ) ) ;
#3875 = CARTESIAN_POINT ( 'NONE',  ( -19.42932115927006009, 20.53846153846154365, 0.000000000000000000 ) ) ;
#3876 = CARTESIAN_POINT ( 'NONE',  ( -2.822442160337312596E-14, 59.13733208101454153, 80.00000000000000000 ) ) ;
#3877 = ADVANCED_FACE ( 'NONE', ( #1028 ), #2314, .F. ) ;
#3878 = CARTESIAN_POINT ( 'NONE',  ( -0.9624663919927165523, 70.49890369927668132, 28.99838020433893959 ) ) ;
#3879 = ORIENTED_EDGE ( 'NONE', *, *, #751, .T. ) ;
#3880 = ADVANCED_FACE ( 'NONE', ( #2275 ), #651, .T. ) ;
#3881 = DIRECTION ( 'NONE',  ( -1.387778780781443901E-15, 1.000000000000000000, -0.000000000000000000 ) ) ;
#3882 = VECTOR ( 'NONE', #621, 1000.000000000000000 ) ;
#3883 = AXIS2_PLACEMENT_3D ( 'NONE', #3993, #487, #3670 ) ;
#3884 = PLANE ( 'NONE',  #3955 ) ;
#3885 = DIRECTION ( 'NONE',  ( 0.000000000000000000, 1.000000000000000000, 0.000000000000000000 ) ) ;
#3886 = CIRCLE ( 'NONE', #1654, 7.500000000000001776 ) ;
#3887 = ORIENTED_EDGE ( 'NONE', *, *, #4126, .T. ) ;
#3888 = EDGE_LOOP ( 'NONE', ( #3541, #2743 ) ) ;
#3889 = DIRECTION ( 'NONE',  ( 0.000000000000000000, 0.000000000000000000, 1.000000000000000000 ) ) ;
#3890 = EDGE_CURVE ( 'NONE', #3546, #3873, #3999, .T. ) ;
#3891 = FACE_OUTER_BOUND ( 'NONE', #841, .T. ) ;
#3892 = VECTOR ( 'NONE', #1100, 1000.000000000000000 ) ;
#3893 = CARTESIAN_POINT ( 'NONE',  ( -2.312249789818692165E-14, 60.99999999999998579, 15.00000000000000000 ) ) ;
#3894 = ADVANCED_FACE ( 'NONE', ( #1273, #1344 ), #2623, .T. ) ;
#3895 = PLANE ( 'NONE',  #2876 ) ;
#3896 = VERTEX_POINT ( 'NONE', #2543 ) ;
#3897 = ORIENTED_EDGE ( 'NONE', *, *, #1314, .T. ) ;
#3898 = CARTESIAN_POINT ( 'NONE',  ( -11.31900753380450020, 74.97389023646768180, 72.42447752280396855 ) ) ;
#3899 = CYLINDRICAL_SURFACE ( 'NONE', #4016, 12.00000000000000533 ) ;
#3900 = CARTESIAN_POINT ( 'NONE',  ( -4.054714492832893313, 67.20392527582927755, 31.40417528755676102 ) ) ;
#3901 = VERTEX_POINT ( 'NONE', #3235 ) ;
#3902 = CARTESIAN_POINT ( 'NONE',  ( -14.00000000000002309, 72.00000000735485628, 11.00232295219903911 ) ) ;
#3903 = CARTESIAN_POINT ( 'NONE',  ( 11.31588075807103522, 73.77956519497143972, 70.81870651299506392 ) ) ;
#3904 = LINE ( 'NONE', #3270, #3561 ) ;
#3905 = LINE ( 'NONE', #2346, #1595 ) ;
#3906 = EDGE_CURVE ( 'NONE', #2887, #1585, #3931, .T. ) ;
#3907 = EDGE_CURVE ( 'NONE', #1340, #3663, #3674, .T. ) ;
#3908 = FILL_AREA_STYLE_COLOUR ( '', #3181 ) ;
#3909 = VERTEX_POINT ( 'NONE', #1008 ) ;
#3910 = DIRECTION ( 'NONE',  ( 0.000000000000000000, 0.000000000000000000, 1.000000000000000000 ) ) ;
#3911 = DIRECTION ( 'NONE',  ( -2.915825712255602780E-16, 1.000000000000000000, 0.000000000000000000 ) ) ;
#3912 = CARTESIAN_POINT ( 'NONE',  ( 11.29200703698854724, 74.99999999999998579, 10.87393290544202529 ) ) ;
#3913 = DIRECTION ( 'NONE',  ( -1.000000000000000000, -2.915825712255602780E-16, 0.000000000000000000 ) ) ;
#3914 = DIRECTION ( 'NONE',  ( 0.000000000000000000, 0.000000000000000000, -1.000000000000000000 ) ) ;
#3915 = ORIENTED_EDGE ( 'NONE', *, *, #3708, .T. ) ;
#3916 = ORIENTED_EDGE ( 'NONE', *, *, #3907, .F. ) ;
#3917 = CARTESIAN_POINT ( 'NONE',  ( -0.1680892611677891890, 74.99980855604252383, 65.98678233158021555 ) ) ;
#3918 = DIRECTION ( 'NONE',  ( 0.000000000000000000, 0.000000000000000000, -1.000000000000000000 ) ) ;
#3919 = CARTESIAN_POINT ( 'NONE',  ( 7.071901937617719014, 69.28194992735824087, 27.11657941192364518 ) ) ;
#3920 = VERTEX_POINT ( 'NONE', #2852 ) ;
#3921 = DIRECTION ( 'NONE',  ( -0.000000000000000000, 1.242141978321335985E-16, -1.000000000000000000 ) ) ;
#3922 = CYLINDRICAL_SURFACE ( 'NONE', #3355, 2.499999999999995115 ) ;
#3923 = CARTESIAN_POINT ( 'NONE',  ( -4.631323394518112480, 69.98209382624858677, 28.22005609894386780 ) ) ;
#3924 = FILL_AREA_STYLE ('',( #3908 ) ) ;
#3925 = EDGE_LOOP ( 'NONE', ( #2516, #1932, #1005, #3173, #3199, #1416 ) ) ;
#3926 =( LENGTH_UNIT ( ) NAMED_UNIT ( * ) SI_UNIT ( .MILLI., .METRE. ) );
#3927 = CYLINDRICAL_SURFACE ( 'NONE', #2351, 2.999999999999999112 ) ;
#3928 = DIRECTION ( 'NONE',  ( -0.000000000000000000, -0.000000000000000000, 1.000000000000000000 ) ) ;
#3929 = CARTESIAN_POINT ( 'NONE',  ( -12.53137105169481913, 72.70150409980875850, 72.36578771182105640 ) ) ;
#3930 = CARTESIAN_POINT ( 'NONE',  ( -9.642820490292475455, 73.65366600937989006, 68.33354178108476162 ) ) ;
#3931 = CIRCLE ( 'NONE', #4063, 10.00000000000000178 ) ;
#3932 = APPLICATION_CONTEXT ( 'automotive_design' ) ;
#3933 = VERTEX_POINT ( 'NONE', #1561 ) ;
#3934 = VERTEX_POINT ( 'NONE', #3195 ) ;
#3935 = CARTESIAN_POINT ( 'NONE',  ( -11.99999999891697122, 75.00000000025578117, 78.83246563446142829 ) ) ;
#3936 = CARTESIAN_POINT ( 'NONE',  ( 35.99999999999999289, 12.00000000000000000, 2.499999999999998668 ) ) ;
#3937 = CARTESIAN_POINT ( 'NONE',  ( 1.008019579427254175, 67.48628095974106600, 31.97275101234520989 ) ) ;
#3938 = ORIENTED_EDGE ( 'NONE', *, *, #3548, .T. ) ;
#3939 = EDGE_CURVE ( 'NONE', #265, #2137, #1295, .T. ) ;
#3940 = CARTESIAN_POINT ( 'NONE',  ( 16.99999999999996803, 73.98529093593288053, 95.00000000000000000 ) ) ;
#3941 = DIRECTION ( 'NONE',  ( 0.000000000000000000, 0.000000000000000000, -1.000000000000000000 ) ) ;
#3942 = CARTESIAN_POINT ( 'NONE',  ( 13.39858086262716697, 73.24266846739567427, 74.96207453064114645 ) ) ;
#3943 = LINE ( 'NONE', #2970, #334 ) ;
#3944 = CARTESIAN_POINT ( 'NONE',  ( -2.822442160337312596E-14, 59.13733208101454153, 80.00000000000000000 ) ) ;
#3945 = CARTESIAN_POINT ( 'NONE',  ( 17.96192500641006973, 17.00000000000000355, 0.000000000000000000 ) ) ;
#3946 = VECTOR ( 'NONE', #3570, 1000.000000000000000 ) ;
#3947 = VERTEX_POINT ( 'NONE', #3850 ) ;
#3948 =( NAMED_UNIT ( * ) PLANE_ANGLE_UNIT ( ) SI_UNIT ( $, .RADIAN. ) );
#3949 = EDGE_CURVE ( 'NONE', #3783, #629, #967, .T. ) ;
#3950 = CARTESIAN_POINT ( 'NONE',  ( 14.75403912466074274, 71.73948944280226669, 74.26154752444223561 ) ) ;
#3951 = CARTESIAN_POINT ( 'NONE',  ( 13.99999999999997691, 74.29289321877456587, 14.14530775117821548 ) ) ;
#3952 = CARTESIAN_POINT ( 'NONE',  ( -9.833438629901417372, 74.31103392725111689, 69.42487638145881590 ) ) ;
#3953 = ORIENTED_EDGE ( 'NONE', *, *, #85, .T. ) ;
#3954 = VERTEX_POINT ( 'NONE', #1669 ) ;
#3955 = AXIS2_PLACEMENT_3D ( 'NONE', #1637, #2634, #55 ) ;
#3956 = CARTESIAN_POINT ( 'NONE',  ( 11.67912530713048369, 74.04425071690403115, 71.76686619179866966 ) ) ;
#3957 = CARTESIAN_POINT ( 'NONE',  ( -2.759985173580797608E-14, 60.99999999999998579, 74.90000000000000568 ) ) ;
#3958 = ORIENTED_EDGE ( 'NONE', *, *, #2815, .T. ) ;
#3959 = FACE_OUTER_BOUND ( 'NONE', #1839, .T. ) ;
#3960 = CARTESIAN_POINT ( 'NONE',  ( -2.685143679112946380, 59.81920816089203186, 13.36831647150048852 ) ) ;
#3961 = CARTESIAN_POINT ( 'NONE',  ( 12.96395107474869235, 73.35794222400996034, 73.77378246266317774 ) ) ;
#3962 = CARTESIAN_POINT ( 'NONE',  ( -2.880758674582424346E-14, 74.99999999999998579, 80.00000000000000000 ) ) ;
#3963 = CARTESIAN_POINT ( 'NONE',  ( -35.99999999999997868, 12.00000000000000000, 30.00000000000001066 ) ) ;
#3964 = ADVANCED_FACE ( 'NONE', ( #81 ), #4159, .F. ) ;
#3965 = DIRECTION ( 'NONE',  ( 1.000000000000000000, -0.000000000000000000, -0.000000000000000000 ) ) ;
#3966 = CARTESIAN_POINT ( 'NONE',  ( 0.000000000000000000, 0.000000000000000000, 0.000000000000000000 ) ) ;
#3967 = LINE ( 'NONE', #1810, #399 ) ;
#3968 = CARTESIAN_POINT ( 'NONE',  ( 13.99999999999997513, 72.04963674989971878, 11.80192644887830333 ) ) ;
#3969 = CARTESIAN_POINT ( 'NONE',  ( -2.656192023130218072, 74.90535394167753225, 65.74479054274434020 ) ) ;
#3970 = ORIENTED_EDGE ( 'NONE', *, *, #888, .F. ) ;
#3971 = ORIENTED_EDGE ( 'NONE', *, *, #3451, .T. ) ;
#3972 = CARTESIAN_POINT ( 'NONE',  ( -22.96192500641007328, 17.00000000000000355, 60.00000000000000000 ) ) ;
#3973 = CARTESIAN_POINT ( 'NONE',  ( 0.6442873507321145166, 57.48855571056455460, 78.10208857327343424 ) ) ;
#3974 = DIRECTION ( 'NONE',  ( 0.000000000000000000, 0.000000000000000000, -1.000000000000000000 ) ) ;
#3975 = VERTEX_POINT ( 'NONE', #1620 ) ;
#3976 = EDGE_CURVE ( 'NONE', #84, #1762, #707, .T. ) ;
#3977 = EDGE_CURVE ( 'NONE', #1774, #413, #2850, .T. ) ;
#3978 = CARTESIAN_POINT ( 'NONE',  ( 10.99999999999996625, 74.99999999999998579, 0.000000000000000000 ) ) ;
#3979 = CARTESIAN_POINT ( 'NONE',  ( -0.4252259303134915958, 59.99654951302679962, 11.58985674520411280 ) ) ;
#3980 = FACE_BOUND ( 'NONE', #247, .T. ) ;
#3981 = AXIS2_PLACEMENT_3D ( 'NONE', #642, #2489, #1573 ) ;
#3982 = ADVANCED_FACE ( 'NONE', ( #1926 ), #2868, .F. ) ;
#3983 = CARTESIAN_POINT ( 'NONE',  ( -0.1624623856111871434, 75.00000000000000000, 65.95068410090188138 ) ) ;
#3984 = DIRECTION ( 'NONE',  ( -0.000000000000000000, 1.000000000000000000, -0.000000000000000000 ) ) ;
#3985 = LINE ( 'NONE', #164, #2562 ) ;
#3986 = CARTESIAN_POINT ( 'NONE',  ( 1.599085268867137533, 57.42776887446244416, 81.22920075153584207 ) ) ;
#3987 = EDGE_CURVE ( 'NONE', #603, #1104, #36, .T. ) ;
#3988 = FACE_OUTER_BOUND ( 'NONE', #278, .T. ) ;
#3989 = AXIS2_PLACEMENT_3D ( 'NONE', #1826, #2064, #3032 ) ;
#3990 = EDGE_LOOP ( 'NONE', ( #1315, #1457, #269, #2084 ) ) ;
#3991 = ORIENTED_EDGE ( 'NONE', *, *, #2419, .T. ) ;
#3992 = CIRCLE ( 'NONE', #2714, 4.500000000000033751 ) ;
#3993 = CARTESIAN_POINT ( 'NONE',  ( 0.000000000000000000, 40.00000000000000000, 9.999999999999994671 ) ) ;
#3994 = CARTESIAN_POINT ( 'NONE',  ( 1.999999999999972689, 57.38533865071369178, 79.86946205232500517 ) ) ;
#3995 = DIRECTION ( 'NONE',  ( -0.000000000000000000, 1.242141978321335985E-16, -1.000000000000000000 ) ) ;
#3996 = ORIENTED_EDGE ( 'NONE', *, *, #2652, .F. ) ;
#3997 = ORIENTED_EDGE ( 'NONE', *, *, #1459, .T. ) ;
#3998 = CARTESIAN_POINT ( 'NONE',  ( 15.48540066283242922, 71.39020162627554100, 77.09306330878430913 ) ) ;
#3999 = CIRCLE ( 'NONE', #2653, 10.00000000000000178 ) ;
#4000 = CIRCLE ( 'NONE', #3800, 5.099999999999993427 ) ;
#4001 = EDGE_CURVE ( 'NONE', #2155, #2138, #3051, .T. ) ;
#4002 = CARTESIAN_POINT ( 'NONE',  ( 4.898587196589413815E-16, 36.00000000000000711, 15.00000000000000000 ) ) ;
#4003 = CARTESIAN_POINT ( 'NONE',  ( 5.960881395563018437, 66.84729670642560961, 30.66446781235826435 ) ) ;
#4004 = DIRECTION ( 'NONE',  ( 0.000000000000000000, 1.000000000000000000, 0.000000000000000000 ) ) ;
#4005 = EDGE_CURVE ( 'NONE', #1052, #1385, #3465, .T. ) ;
#4006 = DIRECTION ( 'NONE',  ( -0.000000000000000000, -1.000000000000000000, -0.000000000000000000 ) ) ;
#4007 = CARTESIAN_POINT ( 'NONE',  ( 13.99999999999998046, 65.32291452420120947, 14.99999999999999822 ) ) ;
#4008 = FACE_OUTER_BOUND ( 'NONE', #3244, .T. ) ;
#4009 = EDGE_LOOP ( 'NONE', ( #1666, #2723, #2711, #583 ) ) ;
#4010 = CARTESIAN_POINT ( 'NONE',  ( 14.15521959005929631, 73.03280764515146473, 80.00000000000000000 ) ) ;
#4011 = AXIS2_PLACEMENT_3D ( 'NONE', #3596, #1939, #3224 ) ;
#4012 = CIRCLE ( 'NONE', #2198, 4.500000000000033751 ) ;
#4013 = ORIENTED_EDGE ( 'NONE', *, *, #3438, .T. ) ;
#4014 = ORIENTED_EDGE ( 'NONE', *, *, #2960, .T. ) ;
#4015 = EDGE_CURVE ( 'NONE', #1741, #2145, #3865, .T. ) ;
#4016 = AXIS2_PLACEMENT_3D ( 'NONE', #2921, #3265, #2550 ) ;
#4017 = CARTESIAN_POINT ( 'NONE',  ( -11.93793770834985324, 74.87086351602275158, 73.43678983943405569 ) ) ;
#4018 = DIRECTION ( 'NONE',  ( 1.000000000000000000, 0.000000000000000000, 0.000000000000000000 ) ) ;
#4019 = DIRECTION ( 'NONE',  ( -0.000000000000000000, 1.000000000000000000, -0.000000000000000000 ) ) ;
#4020 = EDGE_LOOP ( 'NONE', ( #781, #3364, #4070, #1069 ) ) ;
#4021 = CARTESIAN_POINT ( 'NONE',  ( 13.63033422482125800, 72.23684210526313620, 71.63339973465940602 ) ) ;
#4022 = AXIS2_PLACEMENT_3D ( 'NONE', #2605, #3984, #1079 ) ;
#4023 = CARTESIAN_POINT ( 'NONE',  ( -13.62507331218383300, 74.61619473478910436, 80.68144106419144634 ) ) ;
#4024 = VECTOR ( 'NONE', #2801, 1000.000000000000000 ) ;
#4025 = FACE_BOUND ( 'NONE', #3695, .T. ) ;
#4026 = AXIS2_PLACEMENT_3D ( 'NONE', #3795, #242, #4085 ) ;
#4027 = CARTESIAN_POINT ( 'NONE',  ( -1.506020673171411417, 57.43532241516307835, 78.67753592015066033 ) ) ;
#4028 = CARTESIAN_POINT ( 'NONE',  ( -1.045198720434650008, 75.00000000882775453, 66.01778328692741127 ) ) ;
#4029 = DIRECTION ( 'NONE',  ( 0.000000000000000000, 0.000000000000000000, 1.000000000000000000 ) ) ;
#4030 = ADVANCED_FACE ( 'NONE', ( #4111 ), #1249, .F. ) ;
#4031 = EDGE_CURVE ( 'NONE', #3628, #375, #2257, .T. ) ;
#4032 = AXIS2_PLACEMENT_3D ( 'NONE', #3172, #895, #605 ) ;
#4033 = CARTESIAN_POINT ( 'NONE',  ( -35.99999999999999289, 12.00000000000000000, 60.00000000000000000 ) ) ;
#4034 = EDGE_LOOP ( 'NONE', ( #490, #3488, #1370, #1025 ) ) ;
#4035 = ORIENTED_EDGE ( 'NONE', *, *, #3245, .T. ) ;
#4036 = CARTESIAN_POINT ( 'NONE',  ( 6.437538417553057002, 74.40448270444011314, 66.43997867958009351 ) ) ;
#4037 = PLANE ( 'NONE',  #1043 ) ;
#4038 = CARTESIAN_POINT ( 'NONE',  ( -36.00000000000000711, -6.071532165918824830E-15, 45.49999999999997868 ) ) ;
#4039 = CIRCLE ( 'NONE', #2363, 5.099999999999993427 ) ;
#4040 = ORIENTED_EDGE ( 'NONE', *, *, #418, .T. ) ;
#4041 = VERTEX_POINT ( 'NONE', #314 ) ;
#4042 = DIRECTION ( 'NONE',  ( -1.000000000000000000, 0.000000000000000000, 0.000000000000000000 ) ) ;
#4043 = CARTESIAN_POINT ( 'NONE',  ( -4.339173330919940952, 74.85474930974359609, 66.27969854440740960 ) ) ;
#4044 = CARTESIAN_POINT ( 'NONE',  ( -36.00000000000000711, -6.071532165918824830E-15, 54.49999999999997158 ) ) ;
#4045 = B_SPLINE_CURVE_WITH_KNOTS ( 'NONE', 3,
 ( #372, #2642, #2332, #3646, #758, #692, #3323, #713, #1989, #2313, #1418, #2999, #2936, #1085 ),
 .UNSPECIFIED., .F., .F.,
 ( 4, 2, 2, 2, 2, 2, 4 ),
 ( 0.009387747881021816371, 0.009778599294319052435, 0.01016945070761629023, 0.01056030212091352630, 0.01095115353421076410, 0.01173285636080523622, 0.01251455918739971009 ),
 .UNSPECIFIED. ) ;
#4046 = CARTESIAN_POINT ( 'NONE',  ( 0.000000000000000000, 39.99999999999998579, 93.99999999999998579 ) ) ;
#4047 = CARTESIAN_POINT ( 'NONE',  ( 0.000000000000000000, 44.00000000000000000, 15.00000000000000000 ) ) ;
#4048 = FACE_OUTER_BOUND ( 'NONE', #1045, .T. ) ;
#4049 = CARTESIAN_POINT ( 'NONE',  ( 15.32786885181016956, 62.83213604684650733, 16.15121375899538947 ) ) ;
#4050 = AXIS2_PLACEMENT_3D ( 'NONE', #687, #2348, #730 ) ;
#4051 = CARTESIAN_POINT ( 'NONE',  ( 11.54055258254748040, 74.99999999999998579, 83.34636393369085283 ) ) ;
#4052 = VERTEX_POINT ( 'NONE', #584 ) ;
#4053 = ORIENTED_EDGE ( 'NONE', *, *, #1746, .F. ) ;
#4054 = CARTESIAN_POINT ( 'NONE',  ( 1.336938153555501607, 74.98067808633346942, 65.79414972003367268 ) ) ;
#4055 = DIRECTION ( 'NONE',  ( 0.000000000000000000, 0.000000000000000000, 1.000000000000000000 ) ) ;
#4056 = CARTESIAN_POINT ( 'NONE',  ( 7.654267626969152971, 74.15426345508932116, 66.13287884508524428 ) ) ;
#4057 = DIRECTION ( 'NONE',  ( -0.000000000000000000, 1.000000000000000000, -0.000000000000000000 ) ) ;
#4058 = VERTEX_POINT ( 'NONE', #2541 ) ;
#4059 = CARTESIAN_POINT ( 'NONE',  ( -35.99999999999999289, -2.915825712255602879E-15, 10.00000000000000178 ) ) ;
#4060 = CARTESIAN_POINT ( 'NONE',  ( -1.144610973762982598, 74.99094200996115944, 65.94653271345271150 ) ) ;
#4061 = FACE_OUTER_BOUND ( 'NONE', #4098, .T. ) ;
#4062 = CARTESIAN_POINT ( 'NONE',  ( -13.74459904573297031, 63.82308008310519654, 22.60564631050181816 ) ) ;
#4063 = AXIS2_PLACEMENT_3D ( 'NONE', #3176, #296, #946 ) ;
#4064 = EDGE_CURVE ( 'NONE', #3216, #2767, #2046, .T. ) ;
#4065 = DIRECTION ( 'NONE',  ( 0.000000000000000000, 0.000000000000000000, 1.000000000000000000 ) ) ;
#4066 = CARTESIAN_POINT ( 'NONE',  ( -0.3295582309582650304, 74.99884038602077396, 65.90288125217837489 ) ) ;
#4067 = CARTESIAN_POINT ( 'NONE',  ( -6.169402259806226141, 74.99999999999998579, 68.50104427610547475 ) ) ;
#4068 = AXIS2_PLACEMENT_3D ( 'NONE', #515, #1773, #3423 ) ;
#4069 = CARTESIAN_POINT ( 'NONE',  ( -18.50000000000000355, 39.99999999999998579, 95.00000000000000000 ) ) ;
#4070 = ORIENTED_EDGE ( 'NONE', *, *, #731, .F. ) ;
#4071 = B_SPLINE_CURVE_WITH_KNOTS ( 'NONE', 3,
 ( #3813, #1175, #3435, #4101 ),
 .UNSPECIFIED., .F., .F.,
 ( 4, 4 ),
 ( 0.000000000000000000, 0.0009621049470340669197 ),
 .UNSPECIFIED. ) ;
#4072 = CARTESIAN_POINT ( 'NONE',  ( 5.201746641826983542, 74.80565646493067788, 66.56654535098141423 ) ) ;
#4073 = AXIS2_PLACEMENT_3D ( 'NONE', #3072, #2673, #139 ) ;
#4074 = VECTOR ( 'NONE', #3182, 1000.000000000000000 ) ;
#4075 = CARTESIAN_POINT ( 'NONE',  ( 2.957488671988186102, 59.78015555643023760, 14.15031760854857090 ) ) ;
#4076 = CARTESIAN_POINT ( 'NONE',  ( 2.143131898507867854E-15, 22.50000000000000000, 35.00000000000000000 ) ) ;
#4077 = CARTESIAN_POINT ( 'NONE',  ( -15.23431792141276553, 62.89570500744417814, 17.16054417583711000 ) ) ;
#4078 = DIRECTION ( 'NONE',  ( 0.000000000000000000, 0.000000000000000000, 1.000000000000000000 ) ) ;
#4079 = ORIENTED_EDGE ( 'NONE', *, *, #1959, .F. ) ;
#4080 = ORIENTED_EDGE ( 'NONE', *, *, #3454, .T. ) ;
#4081 = VECTOR ( 'NONE', #2403, 1000.000000000000000 ) ;
#4082 = CARTESIAN_POINT ( 'NONE',  ( -8.651956790746915260, 74.33310536941064584, 68.19522124364553406 ) ) ;
#4083 = CARTESIAN_POINT ( 'NONE',  ( -2.312249789818692481E-14, 72.99999999999998579, 15.00000000000000000 ) ) ;
#4084 = CARTESIAN_POINT ( 'NONE',  ( -10.14505470544933807, 65.56351870054496089, 27.75527031263266053 ) ) ;
#4085 = DIRECTION ( 'NONE',  ( -1.000000000000000000, 0.000000000000000000, 0.000000000000000000 ) ) ;
#4086 = CYLINDRICAL_SURFACE ( 'NONE', #1729, 17.49999999999999645 ) ;
#4087 = CARTESIAN_POINT ( 'NONE',  ( -10.53873186090277514, 75.00000000000000000, 71.21173285403287423 ) ) ;
#4088 = EDGE_LOOP ( 'NONE', ( #2774, #3082, #3065, #2494, #2185, #3971, #3260, #2793 ) ) ;
#4089 = VECTOR ( 'NONE', #712, 1000.000000000000000 ) ;
#4090 = CARTESIAN_POINT ( 'NONE',  ( 13.51438479466099629, 74.85955524711869202, 83.34231033188169135 ) ) ;
#4091 = ORIENTED_EDGE ( 'NONE', *, *, #744, .F. ) ;
#4092 = ORIENTED_EDGE ( 'NONE', *, *, #3128, .F. ) ;
#4093 = CARTESIAN_POINT ( 'NONE',  ( 3.293689616935608466, 74.85121563496868191, 65.42218581378124043 ) ) ;
#4094 = FACE_BOUND ( 'NONE', #2125, .T. ) ;
#4095 = CARTESIAN_POINT ( 'NONE',  ( 4.716327843844675627, 74.68763029259513075, 65.45630549359101735 ) ) ;
#4096 = CARTESIAN_POINT ( 'NONE',  ( -12.64986498772024248, 64.41963989303368976, 24.61527522449845407 ) ) ;
#4097 = CARTESIAN_POINT ( 'NONE',  ( 45.99999999999999289, 12.00000000000000000, 60.00000000000000000 ) ) ;
#4098 = EDGE_LOOP ( 'NONE', ( #2291, #1613, #3153, #23 ) ) ;
#4099 = EDGE_LOOP ( 'NONE', ( #2280, #1946, #2481, #2328 ) ) ;
#4100 = CARTESIAN_POINT ( 'NONE',  ( -7.506071511249606587, 74.51427701262666403, 67.47683921415979569 ) ) ;
#4101 = CARTESIAN_POINT ( 'NONE',  ( 12.39902543155343295, 73.50173401901810166, 72.63190249495720252 ) ) ;
#4102 = CARTESIAN_POINT ( 'NONE',  ( -15.32786885166433599, 62.83213604694440590, 16.14995378958025185 ) ) ;
#4103 = EDGE_CURVE ( 'NONE', #2460, #1124, #307, .T. ) ;
#4104 = DIRECTION ( 'NONE',  ( 0.000000000000000000, 1.000000000000000000, -0.000000000000000000 ) ) ;
#4105 = CARTESIAN_POINT ( 'NONE',  ( -2.000000000000020872, 57.38533865071372020, 79.86771979474971772 ) ) ;
#4106 = CARTESIAN_POINT ( 'NONE',  ( 13.38564897019105082, 73.24613336588872414, 74.92338574859728340 ) ) ;
#4107 = DIRECTION ( 'NONE',  ( -0.000000000000000000, -0.000000000000000000, -1.000000000000000000 ) ) ;
#4108 = DIRECTION ( 'NONE',  ( -0.000000000000000000, 0.000000000000000000, 1.000000000000000000 ) ) ;
#4109 = CIRCLE ( 'NONE', #1194, 12.00000000000000178 ) ;
#4110 = ORIENTED_EDGE ( 'NONE', *, *, #1475, .T. ) ;
#4111 = FACE_OUTER_BOUND ( 'NONE', #1933, .T. ) ;
#4112 = EDGE_CURVE ( 'NONE', #1056, #1537, #1499, .T. ) ;
#4113 = CARTESIAN_POINT ( 'NONE',  ( 10.16404780748505310, 73.49667253302177983, 67.47615509508128184 ) ) ;
#4114 = DIRECTION ( 'NONE',  ( -2.915825712255602780E-16, 1.000000000000000000, 0.000000000000000000 ) ) ;
#4115 = CARTESIAN_POINT ( 'NONE',  ( 9.169196219360904010, 73.78245498246172929, 66.82989034780847248 ) ) ;
#4116 = EDGE_LOOP ( 'NONE', ( #787, #122, #350, #3442, #4130, #3581, #2908, #779 ) ) ;
#4117 = VERTEX_POINT ( 'NONE', #3848 ) ;
#4118 = CARTESIAN_POINT ( 'NONE',  ( -1.498852823671883217, 74.98384983408863036, 65.94940911378984083 ) ) ;
#4119 = DIRECTION ( 'NONE',  ( -2.915825712255602780E-16, 1.000000000000000000, 0.000000000000000000 ) ) ;
#4120 = CARTESIAN_POINT ( 'NONE',  ( -14.00000000000002309, 65.32291452478366978, 15.94702076788718337 ) ) ;
#4121 = EDGE_CURVE ( 'NONE', #3389, #896, #2192, .T. ) ;
#4122 = B_SPLINE_CURVE_WITH_KNOTS ( 'NONE', 3,
 ( #1134, #3333, #2088, #450, #2365, #2430, #3719, #807, #1721, #201, #1092, #824, #2715, #1153, #3012 ),
 .UNSPECIFIED., .F., .F.,
 ( 4, 1, 1, 2, 2, 1, 2, 2, 4 ),
 ( 0.000000000000000000, 0.1249999999999959477, 0.1874999999999943101, 0.2187499999999935330, 0.2499999999999927836, 0.3749999999999933942, 0.4374999999999943379, 0.4999999999999953371, 1.000000000000000000 ),
 .UNSPECIFIED. ) ;
#4123 = LINE ( 'NONE', #3121, #3357 ) ;
#4124 = CYLINDRICAL_SURFACE ( 'NONE', #3981, 2.499999999999995115 ) ;
#4125 = CARTESIAN_POINT ( 'NONE',  ( 13.62507331217980777, 74.61619473478457110, 80.00000000000000000 ) ) ;
#4126 = EDGE_CURVE ( 'NONE', #1143, #398, #2588, .T. ) ;
#4127 = FACE_OUTER_BOUND ( 'NONE', #2625, .T. ) ;
#4128 = PRODUCT_DEFINITION_FORMATION_WITH_SPECIFIED_SOURCE ( 'ä»', '', #1572, .NOT_KNOWN. ) ;
#4129 = DIRECTION ( 'NONE',  ( -0.000000000000000000, 1.000000000000000000, -0.000000000000000000 ) ) ;
#4130 = ORIENTED_EDGE ( 'NONE', *, *, #2972, .F. ) ;
#4131 = ORIENTED_EDGE ( 'NONE', *, *, #2996, .T. ) ;
#4132 = CARTESIAN_POINT ( 'NONE',  ( 11.33796680513942512, 71.99999999999998579, 95.00000000000000000 ) ) ;
#4133 = DIRECTION ( 'NONE',  ( -1.000000000000000000, 0.000000000000000000, 0.000000000000000000 ) ) ;
#4134 = DIRECTION ( 'NONE',  ( 0.000000000000000000, 0.000000000000000000, -1.000000000000000000 ) ) ;
#4135 = LINE ( 'NONE', #3134, #3485 ) ;
#4136 = EDGE_CURVE ( 'NONE', #2285, #3853, #573, .T. ) ;
#4137 = ORIENTED_EDGE ( 'NONE', *, *, #2818, .F. ) ;
#4138 = ORIENTED_EDGE ( 'NONE', *, *, #3530, .F. ) ;
#4139 = ADVANCED_FACE ( 'NONE', ( #78 ), #3664, .T. ) ;
#4140 = CYLINDRICAL_SURFACE ( 'NONE', #3067, 7.500000000000001776 ) ;
#4141 = ADVANCED_FACE ( 'NONE', ( #1417 ), #3321, .F. ) ;
#4142 = AXIS2_PLACEMENT_3D ( 'NONE', #2734, #3353, #2022 ) ;
#4143 = CARTESIAN_POINT ( 'NONE',  ( -12.34626967922095275, 64.62964557396476550, 21.68890419795565450 ) ) ;
#4144 = AXIS2_PLACEMENT_3D ( 'NONE', #1027, #80, #1645 ) ;
#4145 = CARTESIAN_POINT ( 'NONE',  ( -36.00000000000000711, -6.071532165918824830E-15, 49.99999999999997158 ) ) ;
#4146 = DIRECTION ( 'NONE',  ( 0.000000000000000000, 0.000000000000000000, -1.000000000000000000 ) ) ;
#4147 = ORIENTED_EDGE ( 'NONE', *, *, #155, .F. ) ;
#4148 = VECTOR ( 'NONE', #2772, 1000.000000000000000 ) ;
#4149 = LINE ( 'NONE', #2885, #606 ) ;
#4150 = EDGE_CURVE ( 'NONE', #1234, #2052, #1237, .T. ) ;
#4151 = ORIENTED_EDGE ( 'NONE', *, *, #15, .F. ) ;
#4152 = DIRECTION ( 'NONE',  ( -1.000000000000000000, 4.625929269271486900E-15, 0.000000000000000000 ) ) ;
#4153 = CARTESIAN_POINT ( 'NONE',  ( 35.99999999999999289, -6.071532165918824830E-15, 45.49999999999999289 ) ) ;
#4154 = CIRCLE ( 'NONE', #3701, 30.50000000000000000 ) ;
#4155 = CARTESIAN_POINT ( 'NONE',  ( -2.822442160337312596E-14, 72.99999999999998579, 85.09999999999999432 ) ) ;
#4156 = CARTESIAN_POINT ( 'NONE',  ( -36.00000000000000711, 3.000000000000000888, 10.00000000000002132 ) ) ;
#4157 = CARTESIAN_POINT ( 'NONE',  ( -10.77634173868660028, 65.30327305235913116, 27.10141844476853379 ) ) ;
#4158 = CYLINDRICAL_SURFACE ( 'NONE', #21, 27.50000000000000000 ) ;
#4159 =( BOUNDED_SURFACE ( )  B_SPLINE_SURFACE ( 3, 2, ( 
 ( #3281, #3929, #395 ),
 ( #1990, #2643, #3626 ),
 ( #1048, #333, #1947 ),
 ( #922, #3192, #2909 ),
 ( #3154, #1558, #14 ),
 ( #3231, #2830, #1862 ),
 ( #1293, #3559, #1600 ),
 ( #2581, #39, #352 ) ),
 .UNSPECIFIED., .F., .F., .T. ) 
 B_SPLINE_SURFACE_WITH_KNOTS ( ( 4, 2, 2, 4 ),
 ( 3, 3 ),
 ( 0.000000000000000000, 0.004382125011144504326, 0.006573187516716756489, 0.008764250022289008651 ),
 ( 0.2926170331298990068, 1.000000000000000000 ),
 .UNSPECIFIED. ) 
 GEOMETRIC_REPRESENTATION_ITEM ( )  RATIONAL_B_SPLINE_SURFACE ( (
 ( 0.9247511080137158501, 0.8714208616268768193, 1.000000000000000000),
 ( 0.9288821265662945414, 0.8784796075043677099, 1.000000000000000000),
 ( 0.9322453318803023414, 0.8842263770584743998, 1.000000000000000000),
 ( 0.9357547662351387574, 0.8902230108109574491, 1.000000000000000000),
 ( 0.9366675968365067995, 0.8917827809166212205, 1.000000000000000000),
 ( 0.9378809966073180515, 0.8938561389809696056, 1.000000000000000000),
 ( 0.9381904031965127011, 0.8943848275981103324, 1.000000000000000000),
 ( 0.9381905697867154448, 0.8943851122537931353, 1.000000000000000000) ) ) 
 REPRESENTATION_ITEM ( '' )  SURFACE ( )  );
#4160 = EDGE_LOOP ( 'NONE', ( #2384, #3124, #1102, #3533 ) ) ;
ENDSEC;
END-ISO-10303-21;
