ISO-10303-21;
HEADER;
FILE_DESCRIPTION (( 'STEP AP214' ),
    '1' );
FILE_NAME ('·§Με.STEP',
    '2026-08-13T02:37:29',
    ( '' ),
    ( '' ),
    'SwSTEP 2.0',
    'SolidWorks 2025',
    '' );
FILE_SCHEMA (( 'AUTOMOTIVE_DESIGN' ));
ENDSEC;

DATA;
#1 = DIRECTION ( 'NONE',  ( -0.000000000000000000, -0.000000000000000000, 1.000000000000000000 ) ) ;
#2 = ADVANCED_FACE ( 'NONE', ( #1046 ), #796, .F. ) ;
#3 = DIRECTION ( 'NONE',  ( 1.000000000000000000, 0.000000000000000000, 0.000000000000000000 ) ) ;
#4 = CARTESIAN_POINT ( 'NONE',  ( -65.00000000000000000, 50.00000000000000000, -12.42640687119286191 ) ) ;
#5 = DIRECTION ( 'NONE',  ( 0.000000000000000000, 0.000000000000000000, 1.000000000000000000 ) ) ;
#6 = EDGE_CURVE ( 'NONE', #1821, #2242, #1755, .T. ) ;
#7 = LINE ( 'NONE', #288, #1288 ) ;
#8 = VERTEX_POINT ( 'NONE', #2859 ) ;
#9 = VERTEX_POINT ( 'NONE', #2652 ) ;
#10 = CARTESIAN_POINT ( 'NONE',  ( -67.67766952966351823, 32.32233047033668072, 55.00000000000000000 ) ) ;
#11 = EDGE_LOOP ( 'NONE', ( #268, #255, #405, #462 ) ) ;
#12 = EDGE_CURVE ( 'NONE', #440, #595, #1226, .T. ) ;
#13 = ORIENTED_EDGE ( 'NONE', *, *, #466, .F. ) ;
#14 = CARTESIAN_POINT ( 'NONE',  ( -50.00000000000000000, 50.00000000000000000, 55.00000000000000000 ) ) ;
#15 = CARTESIAN_POINT ( 'NONE',  ( 25.00000000000000000, 8.000000000000000000, 25.00000000000000000 ) ) ;
#16 = EDGE_CURVE ( 'NONE', #2296, #1385, #167, .T. ) ;
#17 = CARTESIAN_POINT ( 'NONE',  ( 24.99999999999992539, 8.000000000000000000, 35.00000000000000000 ) ) ;
#18 = AXIS2_PLACEMENT_3D ( 'NONE', #719, #1869, #450 ) ;
#19 = CARTESIAN_POINT ( 'NONE',  ( -3.115690443129136789, 68.03493741503167769, -29.84835579177805087 ) ) ;
#20 = AXIS2_PLACEMENT_3D ( 'NONE', #2725, #1365, #1860 ) ;
#21 = AXIS2_PLACEMENT_3D ( 'NONE', #720, #1851, #2957 ) ;
#22 = CARTESIAN_POINT ( 'NONE',  ( -15.90742088903178342, 72.93504083703044216, 25.44777175324967544 ) ) ;
#23 = EDGE_CURVE ( 'NONE', #2344, #2427, #1577, .T. ) ;
#24 = ORIENTED_EDGE ( 'NONE', *, *, #1356, .F. ) ;
#25 = AXIS2_PLACEMENT_3D ( 'NONE', #1001, #176, #1241 ) ;
#26 = CARTESIAN_POINT ( 'NONE',  ( -50.00000000000000000, 50.00000000000000000, -26.99999999999999645 ) ) ;
#27 = EDGE_CURVE ( 'NONE', #972, #3237, #173, .T. ) ;
#28 = EDGE_LOOP ( 'NONE', ( #995, #1778, #3101 ) ) ;
#29 = ORIENTED_EDGE ( 'NONE', *, *, #849, .T. ) ;
#30 = CIRCLE ( 'NONE', #2621, 13.50000000000001243 ) ;
#31 = EDGE_CURVE ( 'NONE', #2392, #2985, #916, .T. ) ;
#32 = DIRECTION ( 'NONE',  ( -1.000000000000000000, 0.000000000000000000, 0.000000000000000000 ) ) ;
#33 = EDGE_LOOP ( 'NONE', ( #1948, #74, #3451, #3185 ) ) ;
#34 = VERTEX_POINT ( 'NONE', #750 ) ;
#35 = PRESENTATION_STYLE_ASSIGNMENT (( #1714 ) ) ;
#36 = AXIS2_PLACEMENT_3D ( 'NONE', #3616, #262, #2737 ) ;
#37 = CIRCLE ( 'NONE', #1747, 7.999999999999992895 ) ;
#38 = FILL_AREA_STYLE ('',( #178 ) ) ;
#39 = AXIS2_PLACEMENT_3D ( 'NONE', #552, #2804, #77 ) ;
#40 = AXIS2_PLACEMENT_3D ( 'NONE', #3157, #1526, #2928 ) ;
#41 = DIRECTION ( 'NONE',  ( 1.000000000000000000, 0.000000000000000000, 0.000000000000000000 ) ) ;
#42 = CARTESIAN_POINT ( 'NONE',  ( -14.86977055529848180, 70.47917037648832661, -26.06776241438622321 ) ) ;
#43 = EDGE_CURVE ( 'NONE', #2250, #1127, #1894, .T. ) ;
#44 = VECTOR ( 'NONE', #2291, 1000.000000000000000 ) ;
#45 = AXIS2_PLACEMENT_3D ( 'NONE', #3599, #1313, #786 ) ;
#46 = CARTESIAN_POINT ( 'NONE',  ( -16.12740923199436338, 70.33899374182423969, 25.30866830150214142 ) ) ;
#47 = AXIS2_PLACEMENT_3D ( 'NONE', #182, #1023, #1319 ) ;
#48 = CARTESIAN_POINT ( 'NONE',  ( -50.00000000000000000, 33.00000000000000000, -30.00000000000000000 ) ) ;
#49 = ADVANCED_FACE ( 'NONE', ( #3068 ), #252, .F. ) ;
#50 = AXIS2_PLACEMENT_3D ( 'NONE', #2835, #1388, #3370 ) ;
#51 =( NAMED_UNIT ( * ) PLANE_ANGLE_UNIT ( ) SI_UNIT ( $, .RADIAN. ) );
#52 = ORIENTED_EDGE ( 'NONE', *, *, #16, .F. ) ;
#53 = DIRECTION ( 'NONE',  ( 0.000000000000000000, 0.000000000000000000, -1.000000000000000000 ) ) ;
#54 = EDGE_LOOP ( 'NONE', ( #1433, #3082, #2828, #2079 ) ) ;
#55 = ADVANCED_FACE ( 'NONE', ( #3047 ), #227, .T. ) ;
#56 = DIRECTION ( 'NONE',  ( 0.000000000000000000, 0.000000000000000000, -1.000000000000000000 ) ) ;
#57 = ORIENTED_EDGE ( 'NONE', *, *, #1171, .F. ) ;
#58 = EDGE_LOOP ( 'NONE', ( #1429, #3369, #29, #1081 ) ) ;
#59 = ORIENTED_EDGE ( 'NONE', *, *, #2418, .F. ) ;
#60 = FACE_OUTER_BOUND ( 'NONE', #2352, .T. ) ;
#61 = CARTESIAN_POINT ( 'NONE',  ( 0.000000000000000000, 8.000000000000000000, -20.50000000000000000 ) ) ;
#62 = FACE_OUTER_BOUND ( 'NONE', #2869, .T. ) ;
#63 = CARTESIAN_POINT ( 'NONE',  ( -9.541994602994501307, 71.20393198235258581, -28.45208155002057993 ) ) ;
#64 = DIRECTION ( 'NONE',  ( 1.000000000000000000, 0.000000000000000000, 0.000000000000000000 ) ) ;
#65 = ORIENTED_EDGE ( 'NONE', *, *, #1496, .F. ) ;
#66 = EDGE_CURVE ( 'NONE', #440, #855, #2505, .T. ) ;
#67 = FACE_OUTER_BOUND ( 'NONE', #1711, .T. ) ;
#68 = ORIENTED_EDGE ( 'NONE', *, *, #365, .F. ) ;
#69 = CARTESIAN_POINT ( 'NONE',  ( 25.00000000000000000, 8.000000000000000000, -25.00000000000000000 ) ) ;
#70 = EDGE_CURVE ( 'NONE', #278, #3237, #628, .T. ) ;
#71 = VERTEX_POINT ( 'NONE', #501 ) ;
#72 = CARTESIAN_POINT ( 'NONE',  ( -38.81140422757173525, 72.35654992706164990, 55.00000000000000000 ) ) ;
#73 = VERTEX_POINT ( 'NONE', #1070 ) ;
#74 = ORIENTED_EDGE ( 'NONE', *, *, #827, .T. ) ;
#75 = VERTEX_POINT ( 'NONE', #1282 ) ;
#76 = CARTESIAN_POINT ( 'NONE',  ( 0.000000000000000000, 47.00000000000001421, -12.50000000000000000 ) ) ;
#77 = DIRECTION ( 'NONE',  ( 1.000000000000000000, 0.000000000000000000, 0.000000000000000000 ) ) ;
#78 = CARTESIAN_POINT ( 'NONE',  ( 25.00000000000000000, 0.000000000000000000, -19.99999999999999645 ) ) ;
#79 = ADVANCED_FACE ( 'NONE', ( #470 ), #1299, .F. ) ;
#80 = DIRECTION ( 'NONE',  ( -0.000000000000000000, -0.000000000000000000, -1.000000000000000000 ) ) ;
#81 = CARTESIAN_POINT ( 'NONE',  ( -10.26123084543917230, 71.47056893803846833, -28.20109904922474797 ) ) ;
#82 = CARTESIAN_POINT ( 'NONE',  ( -17.24878723728206964, 70.00000000000000000, 24.54545454545454675 ) ) ;
#83 = AXIS2_PLACEMENT_3D ( 'NONE', #2661, #139, #2381 ) ;
#84 = EDGE_LOOP ( 'NONE', ( #3215, #1896, #2592, #2829 ) ) ;
#85 = DIRECTION ( 'NONE',  ( -0.000000000000000000, -0.000000000000000000, -1.000000000000000000 ) ) ;
#86 = EDGE_CURVE ( 'NONE', #2168, #3063, #2572, .T. ) ;
#87 = EDGE_LOOP ( 'NONE', ( #2371, #1485, #1236, #671 ) ) ;
#88 = DIRECTION ( 'NONE',  ( -0.000000000000000000, -1.000000000000000000, -0.000000000000000000 ) ) ;
#89 = ORIENTED_EDGE ( 'NONE', *, *, #2407, .F. ) ;
#90 = PRESENTATION_LAYER_ASSIGNMENT (  '', '', ( #2145 ) ) ;
#91 = DIRECTION ( 'NONE',  ( 0.000000000000000000, 0.000000000000000000, -1.000000000000000000 ) ) ;
#92 = ORIENTED_EDGE ( 'NONE', *, *, #1434, .F. ) ;
#93 = ORIENTED_EDGE ( 'NONE', *, *, #3008, .F. ) ;
#94 = ORIENTED_EDGE ( 'NONE', *, *, #3411, .T. ) ;
#95 = CARTESIAN_POINT ( 'NONE',  ( -50.00000000000000000, 50.00000000000000000, -39.00000000000000000 ) ) ;
#96 = AXIS2_PLACEMENT_3D ( 'NONE', #2384, #1871, #1576 ) ;
#97 = ADVANCED_FACE ( 'NONE', ( #2417 ), #736, .T. ) ;
#98 = DIRECTION ( 'NONE',  ( -0.000000000000000000, -1.000000000000000000, -0.000000000000000000 ) ) ;
#99 = CIRCLE ( 'NONE', #2688, 7.999999999999996447 ) ;
#100 = DIRECTION ( 'NONE',  ( -0.000000000000000000, -0.000000000000000000, -1.000000000000000000 ) ) ;
#101 = CARTESIAN_POINT ( 'NONE',  ( -18.97366596101027980, 70.00000000000000000, 27.00000000000000000 ) ) ;
#102 = AXIS2_PLACEMENT_3D ( 'NONE', #2298, #118, #2356 ) ;
#103 = DIRECTION ( 'NONE',  ( -0.000000000000000000, -0.000000000000000000, 1.000000000000000000 ) ) ;
#104 = AXIS2_PLACEMENT_3D ( 'NONE', #496, #715, #3609 ) ;
#105 = VERTEX_POINT ( 'NONE', #2718 ) ;
#106 = DIRECTION ( 'NONE',  ( 0.000000000000000000, 0.000000000000000000, -1.000000000000000000 ) ) ;
#107 = CARTESIAN_POINT ( 'NONE',  ( -50.00000000000000000, 50.00000000000000000, 45.00000000000000000 ) ) ;
#108 = ORIENTED_EDGE ( 'NONE', *, *, #483, .T. ) ;
#109 = DIRECTION ( 'NONE',  ( 0.000000000000000000, 1.000000000000000000, 0.000000000000000000 ) ) ;
#110 = ORIENTED_EDGE ( 'NONE', *, *, #1823, .F. ) ;
#111 = VECTOR ( 'NONE', #3332, 1000.000000000000000 ) ;
#112 = DIRECTION ( 'NONE',  ( 0.000000000000000000, 0.000000000000000000, -1.000000000000000000 ) ) ;
#113 = VERTEX_POINT ( 'NONE', #1626 ) ;
#114 = ORIENTED_EDGE ( 'NONE', *, *, #2209, .F. ) ;
#115 = ORIENTED_EDGE ( 'NONE', *, *, #3287, .T. ) ;
#116 = EDGE_CURVE ( 'NONE', #2813, #367, #1635, .T. ) ;
#117 = CARTESIAN_POINT ( 'NONE',  ( -50.00000000000000000, 50.00000000000000000, 47.00000000000000000 ) ) ;
#118 = DIRECTION ( 'NONE',  ( -0.000000000000000000, -0.000000000000000000, -1.000000000000000000 ) ) ;
#119 = CARTESIAN_POINT ( 'NONE',  ( -50.00000000000000000, 67.00000000000000000, -30.00000000000000000 ) ) ;
#120 = EDGE_CURVE ( 'NONE', #3665, #651, #3304, .T. ) ;
#121 = CARTESIAN_POINT ( 'NONE',  ( -13.50494213445173131, 69.57049094014328716, 28.56138397984870991 ) ) ;
#122 = DIRECTION ( 'NONE',  ( -1.000000000000000000, -0.000000000000000000, -0.000000000000000000 ) ) ;
#123 = CARTESIAN_POINT ( 'NONE',  ( -1.484464938250777299, 67.69628233480932522, 29.97246889588181062 ) ) ;
#124 = DIRECTION ( 'NONE',  ( 0.000000000000000000, 0.000000000000000000, 1.000000000000000000 ) ) ;
#125 = FACE_BOUND ( 'NONE', #2949, .T. ) ;
#126 = DIRECTION ( 'NONE',  ( -0.000000000000000000, -1.000000000000000000, -0.000000000000000000 ) ) ;
#127 = EDGE_LOOP ( 'NONE', ( #3605, #2126, #1180, #3364 ) ) ;
#128 = DIRECTION ( 'NONE',  ( 0.000000000000000000, 0.000000000000000000, -1.000000000000000000 ) ) ;
#129 = CARTESIAN_POINT ( 'NONE',  ( 0.000000000000000000, 77.00000000000000000, 0.000000000000000000 ) ) ;
#130 = ORIENTED_EDGE ( 'NONE', *, *, #622, .T. ) ;
#131 = ORIENTED_EDGE ( 'NONE', *, *, #2325, .T. ) ;
#132 = VERTEX_POINT ( 'NONE', #3561 ) ;
#133 = DIRECTION ( 'NONE',  ( 1.000000000000000000, 0.000000000000000000, 0.000000000000000000 ) ) ;
#134 = DIRECTION ( 'NONE',  ( -0.000000000000000000, -0.000000000000000000, 1.000000000000000000 ) ) ;
#135 = EDGE_CURVE ( 'NONE', #638, #2311, #283, .T. ) ;
#136 = CARTESIAN_POINT ( 'NONE',  ( -35.72233047033592612, 67.67766952966384508, 47.00000000000000000 ) ) ;
#137 = CARTESIAN_POINT ( 'NONE',  ( -2.948478576267209661, 68.37658179337492470, 29.86389607441076066 ) ) ;
#138 = FILL_AREA_STYLE_COLOUR ( '', #1498 ) ;
#139 = DIRECTION ( 'NONE',  ( 0.000000000000000000, 1.000000000000000000, -0.000000000000000000 ) ) ;
#140 = FACE_BOUND ( 'NONE', #1210, .T. ) ;
#141 = DIRECTION ( 'NONE',  ( 0.000000000000000000, 0.000000000000000000, 1.000000000000000000 ) ) ;
#142 = CARTESIAN_POINT ( 'NONE',  ( -33.00000000000000000, 50.00000000000000000, 47.00000000000000000 ) ) ;
#143 = AXIS2_PLACEMENT_3D ( 'NONE', #1274, #975, #2115 ) ;
#144 = CIRCLE ( 'NONE', #3630, 3.400000000000000355 ) ;
#145 = EDGE_CURVE ( 'NONE', #187, #1052, #989, .T. ) ;
#146 = LINE ( 'NONE', #1269, #398 ) ;
#147 = VECTOR ( 'NONE', #1554, 1000.000000000000000 ) ;
#148 = ORIENTED_EDGE ( 'NONE', *, *, #3455, .T. ) ;
#149 = VERTEX_POINT ( 'NONE', #1003 ) ;
#150 = ORIENTED_EDGE ( 'NONE', *, *, #3035, .F. ) ;
#151 = DIRECTION ( 'NONE',  ( -0.000000000000000000, 1.000000000000000000, -0.000000000000000000 ) ) ;
#152 = CIRCLE ( 'NONE', #3457, 7.999999999999996447 ) ;
#153 = CARTESIAN_POINT ( 'NONE',  ( -15.86535421215716823, 69.84686710388191955, -27.97503648601562887 ) ) ;
#154 = DIRECTION ( 'NONE',  ( -1.000000000000000000, 0.000000000000000000, 0.000000000000000000 ) ) ;
#155 = AXIS2_PLACEMENT_3D ( 'NONE', #531, #1741, #2866 ) ;
#156 = CARTESIAN_POINT ( 'NONE',  ( -0.7427709421794802536, 67.34839025230520804, -30.00000000000000355 ) ) ;
#157 = CARTESIAN_POINT ( 'NONE',  ( -27.64345007293820444, 61.18859577242798053, 55.00000000000000000 ) ) ;
#158 = AXIS2_PLACEMENT_3D ( 'NONE', #2109, #1287, #432 ) ;
#159 = DIRECTION ( 'NONE',  ( 1.000000000000000000, 0.000000000000000000, 0.000000000000000000 ) ) ;
#160 = DIRECTION ( 'NONE',  ( 1.000000000000000000, 0.000000000000000000, 0.000000000000000000 ) ) ;
#161 = EDGE_CURVE ( 'NONE', #3174, #875, #482, .T. ) ;
#162 = LINE ( 'NONE', #707, #2561 ) ;
#163 = LINE ( 'NONE', #1042, #573 ) ;
#164 = ADVANCED_FACE ( 'NONE', ( #3034, #1035, #755, #524 ), #2401, .F. ) ;
#165 = VECTOR ( 'NONE', #174, 1000.000000000000000 ) ;
#166 = DIRECTION ( 'NONE',  ( 1.387778780781447648E-16, 0.000000000000000000, 1.000000000000000000 ) ) ;
#167 = CIRCLE ( 'NONE', #1873, 8.000000000000007105 ) ;
#168 = ORIENTED_EDGE ( 'NONE', *, *, #538, .F. ) ;
#169 = ORIENTED_EDGE ( 'NONE', *, *, #2786, .T. ) ;
#170 = ORIENTED_EDGE ( 'NONE', *, *, #1074, .F. ) ;
#171 = DIRECTION ( 'NONE',  ( -1.000000000000000000, 0.000000000000000000, 0.000000000000000000 ) ) ;
#172 = CIRCLE ( 'NONE', #2639, 9.999999999999998224 ) ;
#173 = LINE ( 'NONE', #3005, #451 ) ;
#174 = DIRECTION ( 'NONE',  ( -1.000000000000000000, -0.000000000000000000, -0.000000000000000000 ) ) ;
#175 = EDGE_CURVE ( 'NONE', #3424, #2290, #3178, .T. ) ;
#176 = DIRECTION ( 'NONE',  ( 1.000000000000000000, 0.000000000000000000, -0.000000000000000000 ) ) ;
#177 = CARTESIAN_POINT ( 'NONE',  ( -16.57578083979813499, 73.00000000000001421, 25.01839523343540961 ) ) ;
#178 = FILL_AREA_STYLE_COLOUR ( '', #3105 ) ;
#179 = CARTESIAN_POINT ( 'NONE',  ( -1.632911432077236658, 67.34814116740059831, 29.98485789272132607 ) ) ;
#180 = CARTESIAN_POINT ( 'NONE',  ( 0.000000000000000000, 80.00000000000000000, 0.000000000000000000 ) ) ;
#181 = CARTESIAN_POINT ( 'NONE',  ( -24.60000000000000497, 50.00000000000000000, -39.00000000000000000 ) ) ;
#182 = CARTESIAN_POINT ( 'NONE',  ( -50.00000000000000000, 50.00000000000000000, 55.00000000000000000 ) ) ;
#183 = EDGE_CURVE ( 'NONE', #3554, #637, #2680, .T. ) ;
#184 = ADVANCED_FACE ( 'NONE', ( #1055 ), #2974, .T. ) ;
#185 = CARTESIAN_POINT ( 'NONE',  ( -10.21964383238542950, 71.45556402052275757, -28.21621921581351344 ) ) ;
#186 = EDGE_CURVE ( 'NONE', #3000, #2326, #2514, .T. ) ;
#187 = VERTEX_POINT ( 'NONE', #232 ) ;
#188 = VERTEX_POINT ( 'NONE', #448 ) ;
#189 = CARTESIAN_POINT ( 'NONE',  ( 25.00000000000000000, 8.000000000000000000, 25.00000000000000000 ) ) ;
#190 = CARTESIAN_POINT ( 'NONE',  ( -50.00000000000000000, 65.00000000000000000, -20.00000000000000000 ) ) ;
#191 = PLANE ( 'NONE',  #2278 ) ;
#192 = LINE ( 'NONE', #3074, #2040 ) ;
#193 = DIRECTION ( 'NONE',  ( 0.000000000000000000, 0.000000000000000000, -1.000000000000000000 ) ) ;
#194 = ADVANCED_FACE ( 'NONE', ( #1572 ), #2702, .F. ) ;
#195 = CARTESIAN_POINT ( 'NONE',  ( -35.00000000000000000, 50.00000000000000000, 45.00000000000000000 ) ) ;
#196 = CARTESIAN_POINT ( 'NONE',  ( -50.00000000000000000, 67.00000000000000000, -27.00000000000000000 ) ) ;
#197 = DIRECTION ( 'NONE',  ( -0.000000000000000000, -0.000000000000000000, -1.000000000000000000 ) ) ;
#198 = CARTESIAN_POINT ( 'NONE',  ( -50.00000000000000000, 50.00000000000000000, -37.00000000000000000 ) ) ;
#199 = PRODUCT_DEFINITION_SHAPE ( 'NONE', 'NONE',  #2062 ) ;
#200 = CARTESIAN_POINT ( 'NONE',  ( -7.337052674857093670, 70.33862883748585659, -29.12803674414944766 ) ) ;
#201 = VERTEX_POINT ( 'NONE', #2491 ) ;
#202 = ORIENTED_EDGE ( 'NONE', *, *, #3308, .T. ) ;
#203 = CIRCLE ( 'NONE', #901, 3.400000000000000355 ) ;
#204 = ORIENTED_EDGE ( 'NONE', *, *, #2252, .T. ) ;
#205 = LINE ( 'NONE', #1050, #3448 ) ;
#206 = TOROIDAL_SURFACE ( 'NONE', #662, 27.00000000000000000, 3.000000000000000000 ) ;
#207 = STYLED_ITEM ( 'NONE', ( #1446 ), #1907 ) ;
#208 = CARTESIAN_POINT ( 'NONE',  ( -17.42551968501174997, 69.96405728021774451, -27.51933890265886617 ) ) ;
#209 = DIRECTION ( 'NONE',  ( -0.000000000000000000, -1.000000000000000000, -0.000000000000000000 ) ) ;
#210 = VECTOR ( 'NONE', #100, 1000.000000000000000 ) ;
#211 = DIRECTION ( 'NONE',  ( -0.000000000000000000, -1.000000000000000000, -0.000000000000000000 ) ) ;
#212 = DIRECTION ( 'NONE',  ( -1.000000000000000000, 0.000000000000000000, 0.000000000000000000 ) ) ;
#213 = UNCERTAINTY_MEASURE_WITH_UNIT (LENGTH_MEASURE( 1.000000000000000082E-05 ), #3521, 'distance_accuracy_value', 'NONE');
#214 = LINE ( 'NONE', #3633, #3516 ) ;
#215 = CARTESIAN_POINT ( 'NONE',  ( -32.32233047033613360, 32.32233047033648177, 55.00000000000000000 ) ) ;
#216 = CARTESIAN_POINT ( 'NONE',  ( 24.99999999999998579, 8.000000000000000000, -35.00000000000000000 ) ) ;
#217 = CIRCLE ( 'NONE', #1276, 2.999999999999999112 ) ;
#218 = ADVANCED_FACE ( 'NONE', ( #3089 ), #2263, .T. ) ;
#219 = VECTOR ( 'NONE', #134, 1000.000000000000000 ) ;
#220 = CARTESIAN_POINT ( 'NONE',  ( -25.00000000000000711, 8.000000000000000000, 35.00000000000000000 ) ) ;
#221 = ORIENTED_EDGE ( 'NONE', *, *, #775, .F. ) ;
#222 = ORIENTED_EDGE ( 'NONE', *, *, #3221, .F. ) ;
#223 = AXIS2_PLACEMENT_3D ( 'NONE', #291, #1950, #2525 ) ;
#224 = ORIENTED_EDGE ( 'NONE', *, *, #832, .F. ) ;
#225 = DIRECTION ( 'NONE',  ( -0.000000000000000000, -0.000000000000000000, -1.000000000000000000 ) ) ;
#226 = VECTOR ( 'NONE', #2220, 1000.000000000000000 ) ;
#227 = CYLINDRICAL_SURFACE ( 'NONE', #574, 8.000000000000000000 ) ;
#228 = LINE ( 'NONE', #3316, #1341 ) ;
#229 = FACE_OUTER_BOUND ( 'NONE', #2729, .T. ) ;
#230 = CARTESIAN_POINT ( 'NONE',  ( -0.3668739911409582555, 67.17207904919055750, 29.99999999999998934 ) ) ;
#231 = CIRCLE ( 'NONE', #50, 5.000000000000004441 ) ;
#232 = CARTESIAN_POINT ( 'NONE',  ( -35.50000000000000711, 50.00000000000000000, -39.00000000000000000 ) ) ;
#233 = CARTESIAN_POINT ( 'NONE',  ( -32.32233047033593465, 67.67766952966384508, 55.00000000000000000 ) ) ;
#234 = FACE_BOUND ( 'NONE', #463, .T. ) ;
#235 = CARTESIAN_POINT ( 'NONE',  ( -28.92233047033593607, 67.67766952966384508, 55.00000000000000000 ) ) ;
#236 = DIRECTION ( 'NONE',  ( 0.000000000000000000, 0.000000000000000000, -1.000000000000000000 ) ) ;
#237 = ORIENTED_EDGE ( 'NONE', *, *, #3176, .F. ) ;
#238 = EDGE_LOOP ( 'NONE', ( #3492, #581, #674, #2279 ) ) ;
#239 = CARTESIAN_POINT ( 'NONE',  ( -67.67766952966351823, 32.32233047033668072, 55.00000000000000000 ) ) ;
#240 = ORIENTED_EDGE ( 'NONE', *, *, #43, .F. ) ;
#241 = ORIENTED_EDGE ( 'NONE', *, *, #1997, .T. ) ;
#242 = CYLINDRICAL_SURFACE ( 'NONE', #748, 30.00000000000000000 ) ;
#243 = DIRECTION ( 'NONE',  ( -0.000000000000000000, -1.000000000000000000, 0.000000000000000000 ) ) ;
#244 = CARTESIAN_POINT ( 'NONE',  ( -27.64345007293813694, 38.81140422757215447, 55.00000000000000000 ) ) ;
#245 = CARTESIAN_POINT ( 'NONE',  ( 0.000000000000000000, 0.000000000000000000, -13.50000000000001243 ) ) ;
#246 = LINE ( 'NONE', #1958, #3164 ) ;
#247 = DIRECTION ( 'NONE',  ( -0.000000000000000000, -0.000000000000000000, -1.000000000000000000 ) ) ;
#248 = EDGE_CURVE ( 'NONE', #369, #2348, #332, .T. ) ;
#249 = PLANE ( 'NONE',  #2519 ) ;
#250 = ORIENTED_EDGE ( 'NONE', *, *, #1967, .T. ) ;
#251 = DIRECTION ( 'NONE',  ( 0.000000000000000000, 0.000000000000000000, 1.000000000000000000 ) ) ;
#252 = CYLINDRICAL_SURFACE ( 'NONE', #2873, 12.50000000000000000 ) ;
#253 = LINE ( 'NONE', #1915, #2100 ) ;
#254 = ORIENTED_EDGE ( 'NONE', *, *, #1212, .T. ) ;
#255 = ORIENTED_EDGE ( 'NONE', *, *, #1983, .F. ) ;
#256 = TOROIDAL_SURFACE ( 'NONE', #20, 16.99999999999999645, 2.000000000000000000 ) ;
#257 =( LENGTH_UNIT ( ) NAMED_UNIT ( * ) SI_UNIT ( .MILLI., .METRE. ) );
#258 = CARTESIAN_POINT ( 'NONE',  ( -6.418476861114185460E-15, 67.00000000000000000, 30.00000000000000000 ) ) ;
#259 = DIRECTION ( 'NONE',  ( -0.000000000000000000, -0.000000000000000000, 1.000000000000000000 ) ) ;
#260 = VECTOR ( 'NONE', #3207, 1000.000000000000000 ) ;
#261 = FACE_BOUND ( 'NONE', #3418, .T. ) ;
#262 = DIRECTION ( 'NONE',  ( 0.000000000000000000, 1.000000000000000000, 0.000000000000000000 ) ) ;
#263 = LINE ( 'NONE', #1413, #725 ) ;
#264 = EDGE_CURVE ( 'NONE', #934, #2182, #1097, .T. ) ;
#265 = AXIS2_PLACEMENT_3D ( 'NONE', #1836, #2921, #2958 ) ;
#266 = DIRECTION ( 'NONE',  ( 0.000000000000000000, 0.000000000000000000, 1.000000000000000000 ) ) ;
#267 = AXIS2_PLACEMENT_3D ( 'NONE', #1898, #1391, #3354 ) ;
#268 = ORIENTED_EDGE ( 'NONE', *, *, #2743, .T. ) ;
#269 = EDGE_CURVE ( 'NONE', #71, #8, #2541, .T. ) ;
#270 = VERTEX_POINT ( 'NONE', #1974 ) ;
#271 = AXIS2_PLACEMENT_3D ( 'NONE', #1516, #1494, #899 ) ;
#272 = DIRECTION ( 'NONE',  ( -0.000000000000000000, -0.000000000000000000, -1.000000000000000000 ) ) ;
#273 = EDGE_CURVE ( 'NONE', #3296, #3152, #2210, .T. ) ;
#274 = FACE_BOUND ( 'NONE', #1770, .T. ) ;
#275 =( GEOMETRIC_REPRESENTATION_CONTEXT ( 3 ) GLOBAL_UNCERTAINTY_ASSIGNED_CONTEXT ( ( #3320 ) ) GLOBAL_UNIT_ASSIGNED_CONTEXT ( ( #1440, #826, #1955 ) ) REPRESENTATION_CONTEXT ( 'NONE', 'WORKASPACE' ) );
#276 = ORIENTED_EDGE ( 'NONE', *, *, #1496, .T. ) ;
#277 = EDGE_LOOP ( 'NONE', ( #115, #797, #1617, #3591 ) ) ;
#278 = VERTEX_POINT ( 'NONE', #1371 ) ;
#279 = CARTESIAN_POINT ( 'NONE',  ( 0.000000000000000000, 27.00000000000000000, 0.000000000000000000 ) ) ;
#280 = AXIS2_PLACEMENT_3D ( 'NONE', #2005, #2909, #3439 ) ;
#281 = CARTESIAN_POINT ( 'NONE',  ( 0.000000000000000000, 1.000000000000000888, 0.000000000000000000 ) ) ;
#282 = AXIS2_PLACEMENT_3D ( 'NONE', #345, #2306, #381 ) ;
#283 = CIRCLE ( 'NONE', #45, 7.999999999999992895 ) ;
#284 = CARTESIAN_POINT ( 'NONE',  ( -40.57190958417937310, 38.33333333333332860, 20.00000000000000000 ) ) ;
#285 = DIRECTION ( 'NONE',  ( 0.000000000000000000, -1.000000000000000000, 0.000000000000000000 ) ) ;
#286 = CARTESIAN_POINT ( 'NONE',  ( 0.000000000000000000, 80.00000000000000000, 27.00000000000000000 ) ) ;
#287 = EDGE_CURVE ( 'NONE', #1743, #2795, #882, .T. ) ;
#288 = CARTESIAN_POINT ( 'NONE',  ( -80.00000000000000000, 50.00000000000000000, -39.00000000000000000 ) ) ;
#289 = ORIENTED_EDGE ( 'NONE', *, *, #3391, .F. ) ;
#290 = ORIENTED_EDGE ( 'NONE', *, *, #1092, .F. ) ;
#291 = CARTESIAN_POINT ( 'NONE',  ( -50.00000000000000000, 50.00000000000000000, -47.00000000000000000 ) ) ;
#292 = ORIENTED_EDGE ( 'NONE', *, *, #1891, .T. ) ;
#293 = EDGE_LOOP ( 'NONE', ( #3425, #2887, #1489, #649 ) ) ;
#294 = CARTESIAN_POINT ( 'NONE',  ( 25.00000000000000000, 0.000000000000000000, -25.00000000000000000 ) ) ;
#295 = CARTESIAN_POINT ( 'NONE',  ( 17.49999999999999645, 33.00000000000000000, -27.00000000000000000 ) ) ;
#296 = DIRECTION ( 'NONE',  ( 1.000000000000000000, 0.000000000000000000, 0.000000000000000000 ) ) ;
#297 = CARTESIAN_POINT ( 'NONE',  ( -12.10094842770365098, 70.32638149647866044, -27.45733963408929412 ) ) ;
#298 = ADVANCED_FACE ( 'NONE', ( #1166 ), #2806, .T. ) ;
#299 = DIRECTION ( 'NONE',  ( -1.000000000000000000, 0.000000000000000000, 0.000000000000000000 ) ) ;
#300 = B_SPLINE_CURVE_WITH_KNOTS ( 'NONE', 3,
 ( #2171, #3557, #208, #153, #3273, #766, #1351, #1278, #3594, #2429, #1621, #1844, #2395, #1586 ),
 .UNSPECIFIED., .F., .F.,
 ( 4, 2, 2, 2, 2, 2, 4 ),
 ( 0.000000000000000000, 0.002444330057316673310, 0.004888660114633346619, 0.007332990171950019495, 0.009777320229266693238, 0.01466598034390003899, 0.01955464045853338648 ),
 .UNSPECIFIED. ) ;
#301 = EDGE_LOOP ( 'NONE', ( #52, #93 ) ) ;
#302 = FACE_BOUND ( 'NONE', #3610, .T. ) ;
#303 = ORIENTED_EDGE ( 'NONE', *, *, #3507, .T. ) ;
#304 = ORIENTED_EDGE ( 'NONE', *, *, #1587, .F. ) ;
#305 = FACE_BOUND ( 'NONE', #1215, .T. ) ;
#306 = ORIENTED_EDGE ( 'NONE', *, *, #2036, .T. ) ;
#307 = EDGE_LOOP ( 'NONE', ( #1474, #1307, #1161, #2834 ) ) ;
#308 = ORIENTED_EDGE ( 'NONE', *, *, #2492, .T. ) ;
#309 = ADVANCED_FACE ( 'NONE', ( #1700 ), #1422, .T. ) ;
#310 = DIRECTION ( 'NONE',  ( -0.000000000000000000, -1.000000000000000000, -0.000000000000000000 ) ) ;
#311 = DIRECTION ( 'NONE',  ( -0.000000000000000000, 0.000000000000000000, 1.000000000000000000 ) ) ;
#312 = CARTESIAN_POINT ( 'NONE',  ( -50.00000000000000000, 50.00000000000000000, 47.00000000000000000 ) ) ;
#313 = AXIS2_PLACEMENT_3D ( 'NONE', #1396, #3376, #774 ) ;
#314 = CARTESIAN_POINT ( 'NONE',  ( -13.83610583607602962, 72.56052944702170748, -26.63052554681316764 ) ) ;
#315 = AXIS2_PLACEMENT_3D ( 'NONE', #14, #2856, #2510 ) ;
#316 = CIRCLE ( 'NONE', #2972, 3.399999999999986144 ) ;
#317 = DIRECTION ( 'NONE',  ( 0.000000000000000000, 0.000000000000000000, 1.000000000000000000 ) ) ;
#318 = VERTEX_POINT ( 'NONE', #2283 ) ;
#319 = DIRECTION ( 'NONE',  ( -1.000000000000000000, 0.000000000000000000, 0.000000000000000000 ) ) ;
#320 = ORIENTED_EDGE ( 'NONE', *, *, #2788, .T. ) ;
#321 = DIRECTION ( 'NONE',  ( 0.000000000000000000, 0.000000000000000000, 1.000000000000000000 ) ) ;
#322 = EDGE_CURVE ( 'NONE', #2046, #3400, #2329, .T. ) ;
#323 = EDGE_LOOP ( 'NONE', ( #3512, #1826, #668, #1178 ) ) ;
#324 = CIRCLE ( 'NONE', #1975, 18.99999999999997513 ) ;
#325 = AXIS2_PLACEMENT_3D ( 'NONE', #1902, #2808, #790 ) ;
#326 = CARTESIAN_POINT ( 'NONE',  ( -74.54545454545454675, 42.41576232195848206, -39.00000000000000000 ) ) ;
#327 = EDGE_LOOP ( 'NONE', ( #131, #1235 ) ) ;
#328 = ORIENTED_EDGE ( 'NONE', *, *, #3537, .T. ) ;
#329 = EDGE_LOOP ( 'NONE', ( #917, #3535, #2065, #1709 ) ) ;
#330 = FACE_OUTER_BOUND ( 'NONE', #497, .T. ) ;
#331 = CIRCLE ( 'NONE', #2151, 12.50000000000000000 ) ;
#332 = CIRCLE ( 'NONE', #2692, 3.399999999999993250 ) ;
#333 = DIRECTION ( 'NONE',  ( -0.000000000000000000, -1.000000000000000000, -0.000000000000000000 ) ) ;
#334 = ADVANCED_FACE ( 'NONE', ( #1646 ), #3645, .F. ) ;
#335 = AXIS2_PLACEMENT_3D ( 'NONE', #3053, #243, #2229 ) ;
#336 = AXIS2_PLACEMENT_3D ( 'NONE', #2330, #1158, #2591 ) ;
#337 =( LENGTH_UNIT ( ) NAMED_UNIT ( * ) SI_UNIT ( .MILLI., .METRE. ) );
#338 = CARTESIAN_POINT ( 'NONE',  ( -10.49619406327274440, 69.10196599124981276, -29.14864485256448390 ) ) ;
#339 = AXIS2_PLACEMENT_3D ( 'NONE', #3566, #438, #166 ) ;
#340 = EDGE_CURVE ( 'NONE', #1491, #972, #920, .T. ) ;
#341 = DIRECTION ( 'NONE',  ( 1.000000000000000000, 1.161117700779681071E-16, -0.000000000000000000 ) ) ;
#342 = VECTOR ( 'NONE', #474, 1000.000000000000000 ) ;
#343 = FILL_AREA_STYLE ('',( #138 ) ) ;
#344 = ORIENTED_EDGE ( 'NONE', *, *, #12, .T. ) ;
#345 = CARTESIAN_POINT ( 'NONE',  ( 0.000000000000000000, 80.00000000000000000, 0.000000000000000000 ) ) ;
#346 = EDGE_LOOP ( 'NONE', ( #2026, #3460, #852, #2353 ) ) ;
#347 = EDGE_CURVE ( 'NONE', #1052, #187, #456, .T. ) ;
#348 = DIRECTION ( 'NONE',  ( -0.000000000000000000, -1.000000000000000000, -0.000000000000000000 ) ) ;
#349 = ORIENTED_EDGE ( 'NONE', *, *, #3530, .T. ) ;
#350 = ORIENTED_EDGE ( 'NONE', *, *, #1483, .F. ) ;
#351 = ORIENTED_EDGE ( 'NONE', *, *, #601, .T. ) ;
#352 = DIRECTION ( 'NONE',  ( -0.000000000000000000, 1.000000000000000000, -0.000000000000000000 ) ) ;
#353 = APPLICATION_PROTOCOL_DEFINITION ( 'draft international standard', 'automotive_design', 1998, #434 ) ;
#354 = LINE ( 'NONE', #1479, #2805 ) ;
#355 = UNCERTAINTY_MEASURE_WITH_UNIT (LENGTH_MEASURE( 1.000000000000000082E-05 ), #337, 'distance_accuracy_value', 'NONE');
#356 = CARTESIAN_POINT ( 'NONE',  ( -35.72233047033592612, 67.67766952966384508, 55.00000000000000000 ) ) ;
#357 = CARTESIAN_POINT ( 'NONE',  ( -0.8170490767044493730, 67.17419534793435787, -30.00000000000000355 ) ) ;
#358 = EDGE_CURVE ( 'NONE', #2742, #875, #37, .T. ) ;
#359 = DIRECTION ( 'NONE',  ( -1.000000000000000000, 0.000000000000000000, 0.000000000000000000 ) ) ;
#360 = ORIENTED_EDGE ( 'NONE', *, *, #2775, .F. ) ;
#361 = CARTESIAN_POINT ( 'NONE',  ( 0.000000000000000000, 0.000000000000000000, 0.000000000000000000 ) ) ;
#362 = ORIENTED_EDGE ( 'NONE', *, *, #1625, .F. ) ;
#363 = CARTESIAN_POINT ( 'NONE',  ( -50.00000000000000000, 50.00000000000000000, 55.00000000000000000 ) ) ;
#364 = ORIENTED_EDGE ( 'NONE', *, *, #1530, .T. ) ;
#365 = EDGE_CURVE ( 'NONE', #3140, #2168, #2986, .T. ) ;
#366 = CARTESIAN_POINT ( 'NONE',  ( 0.000000000000000000, 0.000000000000000000, -18.00000000000000000 ) ) ;
#367 = VERTEX_POINT ( 'NONE', #61 ) ;
#368 = VERTEX_POINT ( 'NONE', #1774 ) ;
#369 = VERTEX_POINT ( 'NONE', #3187 ) ;
#370 = DIRECTION ( 'NONE',  ( -0.000000000000000000, 0.000000000000000000, 1.000000000000000000 ) ) ;
#371 = DIRECTION ( 'NONE',  ( 1.000000000000000000, 0.000000000000000000, 0.000000000000000000 ) ) ;
#372 = CARTESIAN_POINT ( 'NONE',  ( -50.00000000000000000, 50.00000000000000000, 55.00000000000000000 ) ) ;
#373 = CARTESIAN_POINT ( 'NONE',  ( -13.80734780116303106, 72.55380965150494887, 26.64556273401819908 ) ) ;
#374 = CARTESIAN_POINT ( 'NONE',  ( -12.10094842770372203, 70.32638149648172998, 27.45733963409002243 ) ) ;
#375 = AXIS2_PLACEMENT_3D ( 'NONE', #3280, #962, #3502 ) ;
#376 = CARTESIAN_POINT ( 'NONE',  ( 1.530808498934191521E-15, 1.000000000000000888, 12.50000000000000000 ) ) ;
#377 = AXIS2_PLACEMENT_3D ( 'NONE', #1912, #3046, #514 ) ;
#378 = DIRECTION ( 'NONE',  ( 0.000000000000000000, 0.000000000000000000, 1.000000000000000000 ) ) ;
#379 = VECTOR ( 'NONE', #2663, 1000.000000000000227 ) ;
#380 = ORIENTED_EDGE ( 'NONE', *, *, #3342, .T. ) ;
#381 = DIRECTION ( 'NONE',  ( 0.000000000000000000, 0.000000000000000000, 1.000000000000000000 ) ) ;
#382 = ADVANCED_FACE ( 'NONE', ( #2101 ), #3498, .T. ) ;
#383 = ORIENTED_EDGE ( 'NONE', *, *, #1008, .T. ) ;
#384 = DIRECTION ( 'NONE',  ( 0.000000000000000000, 1.000000000000000000, 0.000000000000000000 ) ) ;
#385 = ORIENTED_EDGE ( 'NONE', *, *, #1768, .T. ) ;
#386 = ORIENTED_EDGE ( 'NONE', *, *, #611, .F. ) ;
#387 = ORIENTED_EDGE ( 'NONE', *, *, #2181, .F. ) ;
#388 = DIRECTION ( 'NONE',  ( 0.000000000000000000, 0.000000000000000000, 1.000000000000000000 ) ) ;
#389 = DIRECTION ( 'NONE',  ( -0.000000000000000000, -0.000000000000000000, -1.000000000000000000 ) ) ;
#390 = AXIS2_PLACEMENT_3D ( 'NONE', #3581, #3375, #3077 ) ;
#391 = CARTESIAN_POINT ( 'NONE',  ( -25.45454545454545325, 57.58423767804152504, -39.00000000000000000 ) ) ;
#392 = DIRECTION ( 'NONE',  ( 1.000000000000000000, 0.000000000000000000, 0.000000000000000000 ) ) ;
#393 = AXIS2_PLACEMENT_3D ( 'NONE', #1185, #2898, #371 ) ;
#394 = CARTESIAN_POINT ( 'NONE',  ( -3.265632518512646564E-46, 67.00000000000000000, 30.00000000000000355 ) ) ;
#395 = ORIENTED_EDGE ( 'NONE', *, *, #1798, .T. ) ;
#396 = LINE ( 'NONE', #1020, #1439 ) ;
#397 = CARTESIAN_POINT ( 'NONE',  ( -32.32233047033613360, 32.32233047033648177, 55.00000000000000000 ) ) ;
#398 = VECTOR ( 'NONE', #2165, 1000.000000000000000 ) ;
#399 = CARTESIAN_POINT ( 'NONE',  ( -50.00000000000000000, 33.00000000000000000, 27.00000000000000000 ) ) ;
#400 = CIRCLE ( 'NONE', #2757, 18.99999999999997513 ) ;
#401 = ORIENTED_EDGE ( 'NONE', *, *, #2731, .T. ) ;
#402 = CIRCLE ( 'NONE', #2936, 5.000000000000004441 ) ;
#403 = EDGE_CURVE ( 'NONE', #1061, #3290, #2042, .T. ) ;
#404 = DIRECTION ( 'NONE',  ( 1.000000000000000000, 0.000000000000000000, 0.000000000000000000 ) ) ;
#405 = ORIENTED_EDGE ( 'NONE', *, *, #2685, .F. ) ;
#406 = ORIENTED_EDGE ( 'NONE', *, *, #1192, .F. ) ;
#407 = ORIENTED_EDGE ( 'NONE', *, *, #2294, .F. ) ;
#408 = CARTESIAN_POINT ( 'NONE',  ( -50.00000000000000000, 50.00000000000000000, -39.00000000000000000 ) ) ;
#409 = LINE ( 'NONE', #1199, #507 ) ;
#410 = CARTESIAN_POINT ( 'NONE',  ( -54.77272727272728758, 35.77955435367213255, -39.00000000000000000 ) ) ;
#411 = LINE ( 'NONE', #1242, #2511 ) ;
#412 = EDGE_CURVE ( 'NONE', #530, #1512, #1866, .T. ) ;
#413 = DIRECTION ( 'NONE',  ( -0.9480297097551912966, -0.3181818181818183988, -0.000000000000000000 ) ) ;
#414 = DIRECTION ( 'NONE',  ( 0.000000000000000000, 1.000000000000000000, 0.000000000000000000 ) ) ;
#415 = CARTESIAN_POINT ( 'NONE',  ( -50.00000000000000000, 50.00000000000000000, -20.00000000000000355 ) ) ;
#416 = EDGE_CURVE ( 'NONE', #595, #2250, #409, .T. ) ;
#417 = LINE ( 'NONE', #990, #342 ) ;
#418 = EDGE_LOOP ( 'NONE', ( #169, #240, #697, #2852 ) ) ;
#419 = CARTESIAN_POINT ( 'NONE',  ( -35.50000000000000711, 50.00000000000000000, -30.00000000000000000 ) ) ;
#420 = EDGE_LOOP ( 'NONE', ( #621, #1419, #303, #585 ) ) ;
#421 = VERTEX_POINT ( 'NONE', #78 ) ;
#422 = VERTEX_POINT ( 'NONE', #624 ) ;
#423 = CARTESIAN_POINT ( 'NONE',  ( 0.000000000000000000, 79.00000000000001421, 0.000000000000000000 ) ) ;
#424 = CARTESIAN_POINT ( 'NONE',  ( 3.673940397442059178E-15, 77.00000000000000000, 30.00000000000000000 ) ) ;
#425 = ADVANCED_FACE ( 'NONE', ( #2882 ), #641, .F. ) ;
#426 = DIRECTION ( 'NONE',  ( -0.000000000000000000, -0.000000000000000000, -1.000000000000000000 ) ) ;
#427 = DIRECTION ( 'NONE',  ( 0.000000000000000000, 0.000000000000000000, -1.000000000000000000 ) ) ;
#428 = DIRECTION ( 'NONE',  ( -0.000000000000000000, -1.000000000000000000, -0.000000000000000000 ) ) ;
#429 = DIRECTION ( 'NONE',  ( 1.000000000000000000, 0.000000000000000000, -0.000000000000000000 ) ) ;
#430 = EDGE_CURVE ( 'NONE', #838, #2573, #354, .T. ) ;
#431 = DIRECTION ( 'NONE',  ( 0.000000000000000000, 0.000000000000000000, 1.000000000000000000 ) ) ;
#432 = DIRECTION ( 'NONE',  ( 0.000000000000000000, 0.000000000000000000, -1.000000000000000000 ) ) ;
#433 = EDGE_CURVE ( 'NONE', #1271, #3171, #1922, .T. ) ;
#434 = APPLICATION_CONTEXT ( 'automotive_design' ) ;
#435 = DIRECTION ( 'NONE',  ( -0.000000000000000000, -0.000000000000000000, 1.000000000000000000 ) ) ;
#436 = VECTOR ( 'NONE', #3240, 1000.000000000000000 ) ;
#437 = EDGE_CURVE ( 'NONE', #113, #2237, #1982, .T. ) ;
#438 = DIRECTION ( 'NONE',  ( -1.000000000000000000, 0.000000000000000000, 1.387778780781447648E-16 ) ) ;
#439 = CIRCLE ( 'NONE', #3392, 15.00000000000000000 ) ;
#440 = VERTEX_POINT ( 'NONE', #2616 ) ;
#441 = VERTEX_POINT ( 'NONE', #2642 ) ;
#442 = ORIENTED_EDGE ( 'NONE', *, *, #688, .F. ) ;
#443 = CARTESIAN_POINT ( 'NONE',  ( -50.00000000000000000, 50.00000000000000000, 55.00000000000000000 ) ) ;
#444 = AXIS2_PLACEMENT_3D ( 'NONE', #657, #1845, #3189 ) ;
#445 = CARTESIAN_POINT ( 'NONE',  ( -28.92233047033613857, 32.32233047033648177, 55.00000000000000000 ) ) ;
#446 = CARTESIAN_POINT ( 'NONE',  ( 25.00000000000000000, 8.000000000000000000, -25.00000000000000000 ) ) ;
#447 = EDGE_CURVE ( 'NONE', #3171, #1271, #2449, .T. ) ;
#448 = CARTESIAN_POINT ( 'NONE',  ( -75.00000000000001421, 50.00000000000000000, 47.00000000000000000 ) ) ;
#449 = CIRCLE ( 'NONE', #2687, 2.999999999999995559 ) ;
#450 = DIRECTION ( 'NONE',  ( -1.000000000000000000, 0.000000000000000000, 0.000000000000000000 ) ) ;
#451 = VECTOR ( 'NONE', #3084, 1000.000000000000000 ) ;
#452 = CARTESIAN_POINT ( 'NONE',  ( -50.00000000000000000, 50.00000000000000000, -32.00000000000000000 ) ) ;
#453 = DIRECTION ( 'NONE',  ( 0.000000000000000000, 0.000000000000000000, -1.000000000000000000 ) ) ;
#454 = TOROIDAL_SURFACE ( 'NONE', #2925, 16.99999999999999645, 2.000000000000000000 ) ;
#455 = EDGE_CURVE ( 'NONE', #1821, #593, #958, .T. ) ;
#456 = CIRCLE ( 'NONE', #102, 14.49999999999999822 ) ;
#457 = CARTESIAN_POINT ( 'NONE',  ( -25.00000000000000711, 8.000000000000000000, 25.00000000000000000 ) ) ;
#458 = CIRCLE ( 'NONE', #1927, 2.000000000000001776 ) ;
#459 = CARTESIAN_POINT ( 'NONE',  ( -16.57578636655890847, 73.00000000000002842, -25.01839134962381550 ) ) ;
#460 = AXIS2_PLACEMENT_3D ( 'NONE', #475, #694, #1597 ) ;
#461 = ORIENTED_EDGE ( 'NONE', *, *, #437, .T. ) ;
#462 = ORIENTED_EDGE ( 'NONE', *, *, #3584, .T. ) ;
#463 = EDGE_LOOP ( 'NONE', ( #1601, #3555 ) ) ;
#464 = FACE_OUTER_BOUND ( 'NONE', #1916, .T. ) ;
#465 = CIRCLE ( 'NONE', #3181, 18.00000000000000000 ) ;
#466 = EDGE_CURVE ( 'NONE', #1512, #2723, #3203, .T. ) ;
#467 = DIRECTION ( 'NONE',  ( -1.224646799147353207E-16, 1.000000000000000000, 0.000000000000000000 ) ) ;
#468 = CARTESIAN_POINT ( 'NONE',  ( -50.00000000000000000, 50.00000000000000000, -47.00000000000000000 ) ) ;
#469 = FACE_OUTER_BOUND ( 'NONE', #711, .T. ) ;
#470 = FACE_OUTER_BOUND ( 'NONE', #2711, .T. ) ;
#471 = CARTESIAN_POINT ( 'NONE',  ( -1.561017760872122739, 67.52298305554832325, 29.96951309229362082 ) ) ;
#472 = DIRECTION ( 'NONE',  ( -0.000000000000000000, 0.000000000000000000, 1.000000000000000000 ) ) ;
#473 = DIRECTION ( 'NONE',  ( -1.000000000000000000, 0.000000000000000000, 0.000000000000000000 ) ) ;
#474 = DIRECTION ( 'NONE',  ( -0.000000000000000000, -0.000000000000000000, 1.000000000000000000 ) ) ;
#475 = CARTESIAN_POINT ( 'NONE',  ( -25.00000000000002132, 8.000000000000000000, -24.99999999999999289 ) ) ;
#476 = ORIENTED_EDGE ( 'NONE', *, *, #3348, .T. ) ;
#477 = VERTEX_POINT ( 'NONE', #1221 ) ;
#478 = CARTESIAN_POINT ( 'NONE',  ( -50.00000000000000000, 50.00000000000000000, 55.00000000000000711 ) ) ;
#479 = CARTESIAN_POINT ( 'NONE',  ( 25.00000000000000000, 8.000000000000000000, 19.99999999999999645 ) ) ;
#480 = ORIENTED_EDGE ( 'NONE', *, *, #86, .F. ) ;
#481 = CARTESIAN_POINT ( 'NONE',  ( -74.54545454545454675, 57.58423767804152504, -39.00000000000000000 ) ) ;
#482 = LINE ( 'NONE', #1868, #3653 ) ;
#483 = EDGE_CURVE ( 'NONE', #132, #1746, #1809, .T. ) ;
#484 = CARTESIAN_POINT ( 'NONE',  ( -50.00000000000000000, 50.00000000000000000, 47.00000000000000000 ) ) ;
#485 = CARTESIAN_POINT ( 'NONE',  ( -67.67766952966331928, 67.67766952966405825, 55.00000000000000000 ) ) ;
#486 = DIRECTION ( 'NONE',  ( -0.000000000000000000, -0.000000000000000000, -1.000000000000000000 ) ) ;
#487 = FACE_OUTER_BOUND ( 'NONE', #1670, .T. ) ;
#488 = EDGE_CURVE ( 'NONE', #3329, #3440, #2858, .T. ) ;
#489 = CARTESIAN_POINT ( 'NONE',  ( -58.00000000000000711, 50.00000000000000000, 55.00000000000000711 ) ) ;
#490 = ORIENTED_EDGE ( 'NONE', *, *, #2269, .T. ) ;
#491 = CIRCLE ( 'NONE', #1673, 20.50000000000000000 ) ;
#492 = ORIENTED_EDGE ( 'NONE', *, *, #3501, .T. ) ;
#493 = DIRECTION ( 'NONE',  ( -0.000000000000000000, -0.000000000000000000, 1.000000000000000000 ) ) ;
#494 = EDGE_CURVE ( 'NONE', #2370, #3140, #565, .T. ) ;
#495 = CIRCLE ( 'NONE', #665, 25.00000000000000000 ) ;
#496 = CARTESIAN_POINT ( 'NONE',  ( 25.00000000000000000, 8.000000000000000000, -25.00000000000000000 ) ) ;
#497 = EDGE_LOOP ( 'NONE', ( #1728, #3553, #1426, #619 ) ) ;
#498 = DIRECTION ( 'NONE',  ( 0.9480297097551912966, -0.3181818181818183988, 0.000000000000000000 ) ) ;
#499 = VECTOR ( 'NONE', #3486, 1000.000000000000000 ) ;
#500 = CYLINDRICAL_SURFACE ( 'NONE', #1861, 30.00000000000000000 ) ;
#501 = CARTESIAN_POINT ( 'NONE',  ( -25.00000000000000711, 8.000000000000000000, 35.00000000000000000 ) ) ;
#502 = CIRCLE ( 'NONE', #576, 25.00000000000000000 ) ;
#503 = LINE ( 'NONE', #1629, #667 ) ;
#504 = DIRECTION ( 'NONE',  ( -0.000000000000000000, -1.000000000000000000, -0.000000000000000000 ) ) ;
#505 = CARTESIAN_POINT ( 'NONE',  ( -50.00000000000000000, 50.00000000000000000, 32.00000000000000000 ) ) ;
#506 = AXIS2_PLACEMENT_3D ( 'NONE', #2684, #664, #3248 ) ;
#507 = VECTOR ( 'NONE', #3163, 1000.000000000000000 ) ;
#508 = VECTOR ( 'NONE', #3650, 1000.000000000000000 ) ;
#509 = CARTESIAN_POINT ( 'NONE',  ( -25.45454545454545325, 42.41576232195848206, -39.00000000000000000 ) ) ;
#510 = EDGE_LOOP ( 'NONE', ( #746, #2777, #2275, #1407, #2333, #1432, #2947, #839, #1466, #3217, #386 ) ) ;
#511 = VERTEX_POINT ( 'NONE', #2375 ) ;
#512 = AXIS2_PLACEMENT_3D ( 'NONE', #1674, #1710, #1086 ) ;
#513 = VERTEX_POINT ( 'NONE', #2968 ) ;
#514 = DIRECTION ( 'NONE',  ( 1.000000000000000000, 0.000000000000000000, 0.000000000000000000 ) ) ;
#515 = ADVANCED_FACE ( 'NONE', ( #1830 ), #3355, .F. ) ;
#516 = CIRCLE ( 'NONE', #1931, 25.00000000000000000 ) ;
#517 = DIRECTION ( 'NONE',  ( -0.000000000000000000, -0.000000000000000000, -1.000000000000000000 ) ) ;
#518 = FACE_OUTER_BOUND ( 'NONE', #1251, .T. ) ;
#519 = ORIENTED_EDGE ( 'NONE', *, *, #430, .T. ) ;
#520 = CIRCLE ( 'NONE', #2934, 10.00000000000000178 ) ;
#521 = FACE_OUTER_BOUND ( 'NONE', #1238, .T. ) ;
#522 = LINE ( 'NONE', #808, #3107 ) ;
#523 = PRESENTATION_LAYER_ASSIGNMENT (  '', '', ( #3241 ) ) ;
#524 = FACE_OUTER_BOUND ( 'NONE', #3138, .T. ) ;
#525 = DIRECTION ( 'NONE',  ( -1.000000000000000000, 0.000000000000000000, 0.000000000000000000 ) ) ;
#526 = DIRECTION ( 'NONE',  ( 1.000000000000000000, 0.000000000000000000, -0.000000000000000000 ) ) ;
#527 = CARTESIAN_POINT ( 'NONE',  ( -72.00000000000001421, 50.00000000000000000, -39.00000000000000000 ) ) ;
#528 = EDGE_CURVE ( 'NONE', #1061, #855, #300, .T. ) ;
#529 = ORIENTED_EDGE ( 'NONE', *, *, #813, .F. ) ;
#530 = VERTEX_POINT ( 'NONE', #3295 ) ;
#531 = CARTESIAN_POINT ( 'NONE',  ( 0.000000000000000000, 30.00000000000000000, 0.000000000000000000 ) ) ;
#532 = CARTESIAN_POINT ( 'NONE',  ( -50.00000000000000000, 67.00000000000000000, 30.00000000000000000 ) ) ;
#533 = LINE ( 'NONE', #2184, #625 ) ;
#534 = VERTEX_POINT ( 'NONE', #1015 ) ;
#535 = DIRECTION ( 'NONE',  ( -0.000000000000000000, 0.000000000000000000, 1.000000000000000000 ) ) ;
#536 = DIRECTION ( 'NONE',  ( -0.000000000000000000, -0.000000000000000000, 1.000000000000000000 ) ) ;
#537 = SURFACE_STYLE_USAGE ( .BOTH. , #865 ) ;
#538 = EDGE_CURVE ( 'NONE', #2273, #3368, #1051, .T. ) ;
#539 = CARTESIAN_POINT ( 'NONE',  ( -74.54545454545454675, 42.41576232195848206, -39.00000000000000000 ) ) ;
#540 = CARTESIAN_POINT ( 'NONE',  ( -74.54545454545454675, 42.41576232195848206, -39.00000000000000000 ) ) ;
#541 = DIRECTION ( 'NONE',  ( -0.000000000000000000, -1.000000000000000000, -0.000000000000000000 ) ) ;
#542 = CARTESIAN_POINT ( 'NONE',  ( -32.32233047033593465, 67.67766952966384508, 55.00000000000000000 ) ) ;
#543 = VERTEX_POINT ( 'NONE', #2469 ) ;
#544 = ORIENTED_EDGE ( 'NONE', *, *, #2409, .F. ) ;
#545 = DIRECTION ( 'NONE',  ( 1.000000000000000000, 0.000000000000000000, 0.000000000000000000 ) ) ;
#546 = CYLINDRICAL_SURFACE ( 'NONE', #2751, 2.999999999999999112 ) ;
#547 = VERTEX_POINT ( 'NONE', #751 ) ;
#548 = ORIENTED_EDGE ( 'NONE', *, *, #322, .T. ) ;
#549 = EDGE_LOOP ( 'NONE', ( #1911, #672, #1111, #2411, #202, #1890, #2816, #3122, #1162, #1363, #1331 ) ) ;
#550 = AXIS2_PLACEMENT_3D ( 'NONE', #423, #352, #3186 ) ;
#551 = DIRECTION ( 'NONE',  ( 0.000000000000000000, 0.000000000000000000, 1.000000000000000000 ) ) ;
#552 = CARTESIAN_POINT ( 'NONE',  ( 0.000000000000000000, 0.000000000000000000, 0.000000000000000000 ) ) ;
#553 = DIRECTION ( 'NONE',  ( -0.000000000000000000, -0.000000000000000000, -1.000000000000000000 ) ) ;
#554 = AXIS2_PLACEMENT_3D ( 'NONE', #233, #1648, #1886 ) ;
#555 = ADVANCED_FACE ( 'NONE', ( #2952 ), #2867, .F. ) ;
#556 = DIRECTION ( 'NONE',  ( -0.000000000000000000, -1.000000000000000000, -0.000000000000000000 ) ) ;
#557 = EDGE_CURVE ( 'NONE', #1540, #2058, #228, .T. ) ;
#558 = MECHANICAL_DESIGN_GEOMETRIC_PRESENTATION_REPRESENTATION (  '', ( #2145 ), #2439 ) ;
#559 = CARTESIAN_POINT ( 'NONE',  ( -67.67766952966351823, 32.32233047033668072, 55.00000000000000000 ) ) ;
#560 = DIRECTION ( 'NONE',  ( 0.000000000000000000, 0.000000000000000000, -1.000000000000000000 ) ) ;
#561 = CIRCLE ( 'NONE', #2324, 8.000000000000007105 ) ;
#562 = EDGE_LOOP ( 'NONE', ( #890, #2114 ) ) ;
#563 = ORIENTED_EDGE ( 'NONE', *, *, #3636, .F. ) ;
#564 = CARTESIAN_POINT ( 'NONE',  ( -35.50000000000000711, 50.00000000000000000, -32.00000000000000000 ) ) ;
#565 = CIRCLE ( 'NONE', #1686, 17.50000000000000000 ) ;
#566 = ORIENTED_EDGE ( 'NONE', *, *, #2202, .F. ) ;
#567 = ORIENTED_EDGE ( 'NONE', *, *, #924, .T. ) ;
#568 = ORIENTED_EDGE ( 'NONE', *, *, #2533, .F. ) ;
#569 = DIRECTION ( 'NONE',  ( 0.000000000000000000, 1.000000000000000000, 0.000000000000000000 ) ) ;
#570 = ADVANCED_FACE ( 'NONE', ( #1895 ), #3027, .F. ) ;
#571 = AXIS2_PLACEMENT_3D ( 'NONE', #1875, #3587, #992 ) ;
#572 = DIRECTION ( 'NONE',  ( -1.000000000000000000, 0.000000000000000000, 0.000000000000000000 ) ) ;
#573 = VECTOR ( 'NONE', #126, 1000.000000000000000 ) ;
#574 = AXIS2_PLACEMENT_3D ( 'NONE', #3622, #517, #2152 ) ;
#575 = LINE ( 'NONE', #3387, #2617 ) ;
#576 = AXIS2_PLACEMENT_3D ( 'NONE', #2472, #535, #2730 ) ;
#577 = CARTESIAN_POINT ( 'NONE',  ( -12.41310275832419485, 72.17357722600925740, -27.31424590622435034 ) ) ;
#578 = CARTESIAN_POINT ( 'NONE',  ( -11.28735393002986420, 69.23528446887299026, 29.01060447701615530 ) ) ;
#579 = EDGE_LOOP ( 'NONE', ( #2555, #110, #639, #387, #586 ) ) ;
#580 = LINE ( 'NONE', #814, #226 ) ;
#581 = ORIENTED_EDGE ( 'NONE', *, *, #1547, .F. ) ;
#582 = ORIENTED_EDGE ( 'NONE', *, *, #669, .T. ) ;
#583 = PLANE ( 'NONE',  #512 ) ;
#584 = ORIENTED_EDGE ( 'NONE', *, *, #3002, .F. ) ;
#585 = ORIENTED_EDGE ( 'NONE', *, *, #822, .F. ) ;
#586 = ORIENTED_EDGE ( 'NONE', *, *, #3013, .F. ) ;
#587 = DIRECTION ( 'NONE',  ( 1.161117700779681071E-16, -1.000000000000000000, 0.000000000000000000 ) ) ;
#588 = DIRECTION ( 'NONE',  ( -0.000000000000000000, -0.000000000000000000, -1.000000000000000000 ) ) ;
#589 = DIRECTION ( 'NONE',  ( 1.000000000000000000, 0.000000000000000000, -0.000000000000000000 ) ) ;
#590 = CARTESIAN_POINT ( 'NONE',  ( -1.632911432072020830, 67.34814116740653844, -29.98485789272027446 ) ) ;
#591 = FACE_OUTER_BOUND ( 'NONE', #2762, .T. ) ;
#592 = LINE ( 'NONE', #2270, #3453 ) ;
#593 = VERTEX_POINT ( 'NONE', #445 ) ;
#594 = DIRECTION ( 'NONE',  ( 0.000000000000000000, 0.000000000000000000, -1.000000000000000000 ) ) ;
#595 = VERTEX_POINT ( 'NONE', #424 ) ;
#596 = LINE ( 'NONE', #650, #1400 ) ;
#597 = ORIENTED_EDGE ( 'NONE', *, *, #1625, .T. ) ;
#598 = ORIENTED_EDGE ( 'NONE', *, *, #2648, .F. ) ;
#599 = EDGE_LOOP ( 'NONE', ( #1173, #529, #2932, #385 ) ) ;
#600 = CARTESIAN_POINT ( 'NONE',  ( 0.000000000000000000, 39.00000000000000711, 0.000000000000000000 ) ) ;
#601 = EDGE_CURVE ( 'NONE', #691, #855, #2131, .T. ) ;
#602 = DIRECTION ( 'NONE',  ( -0.8181818181818182323, 0.000000000000000000, 0.5749595745760691656 ) ) ;
#603 = CIRCLE ( 'NONE', #1847, 14.49999999999999822 ) ;
#604 = EDGE_CURVE ( 'NONE', #3140, #2370, #2044, .T. ) ;
#605 = CARTESIAN_POINT ( 'NONE',  ( -35.72233047033612507, 32.32233047033648177, 47.00000000000000000 ) ) ;
#606 = AXIS2_PLACEMENT_3D ( 'NONE', #505, #1888, #1073 ) ;
#607 = CARTESIAN_POINT ( 'NONE',  ( -17.49816297789798369, 69.96752041885696372, -27.49627446433860456 ) ) ;
#608 = CIRCLE ( 'NONE', #2677, 8.000000000000007105 ) ;
#609 = CARTESIAN_POINT ( 'NONE',  ( -9.541994602990166996, 71.20393198235260002, 28.45208155002191575 ) ) ;
#610 = DIRECTION ( 'NONE',  ( 0.000000000000000000, 0.000000000000000000, 1.000000000000000000 ) ) ;
#611 = EDGE_CURVE ( 'NONE', #2573, #3194, #985, .T. ) ;
#612 = TOROIDAL_SURFACE ( 'NONE', #3339, 17.00000000000000711, 3.000000000000000000 ) ;
#613 = CYLINDRICAL_SURFACE ( 'NONE', #3336, 3.399999999999986144 ) ;
#614 = EDGE_LOOP ( 'NONE', ( #1502, #24, #2577, #2724, #2350, #1751 ) ) ;
#615 = CARTESIAN_POINT ( 'NONE',  ( 0.000000000000000000, 47.00000000000001421, 0.000000000000000000 ) ) ;
#616 = ORIENTED_EDGE ( 'NONE', *, *, #832, .T. ) ;
#617 = ORIENTED_EDGE ( 'NONE', *, *, #2823, .T. ) ;
#618 = CARTESIAN_POINT ( 'NONE',  ( -18.97366596101027980, 73.00000000000001421, 27.00000000000000000 ) ) ;
#619 = ORIENTED_EDGE ( 'NONE', *, *, #699, .F. ) ;
#620 = ORIENTED_EDGE ( 'NONE', *, *, #3028, .F. ) ;
#621 = ORIENTED_EDGE ( 'NONE', *, *, #3537, .F. ) ;
#622 = EDGE_CURVE ( 'NONE', #653, #1698, #1000, .T. ) ;
#623 = DIRECTION ( 'NONE',  ( -1.000000000000000000, 0.000000000000000000, 0.000000000000000000 ) ) ;
#624 = CARTESIAN_POINT ( 'NONE',  ( -41.99999999999999289, 50.00000000000000000, -20.00000000000000355 ) ) ;
#625 = VECTOR ( 'NONE', #2831, 1000.000000000000000 ) ;
#626 = CARTESIAN_POINT ( 'NONE',  ( -1.484464938245974475, 67.69628233480929680, -29.97246889588216590 ) ) ;
#627 = CIRCLE ( 'NONE', #2698, 5.000000000000004441 ) ;
#628 = CIRCLE ( 'NONE', #2640, 5.000000000000004441 ) ;
#629 = LINE ( 'NONE', #2824, #2733 ) ;
#630 = AXIS2_PLACEMENT_3D ( 'NONE', #3558, #1068, #3275 ) ;
#631 = AXIS2_PLACEMENT_3D ( 'NONE', #3452, #1191, #53 ) ;
#632 = DIRECTION ( 'NONE',  ( -0.000000000000000000, -1.000000000000000000, -0.000000000000000000 ) ) ;
#633 = VERTEX_POINT ( 'NONE', #1066 ) ;
#634 = FACE_OUTER_BOUND ( 'NONE', #1252, .T. ) ;
#635 = ORIENTED_EDGE ( 'NONE', *, *, #2609, .F. ) ;
#636 = CARTESIAN_POINT ( 'NONE',  ( -67.67766952966351823, 32.32233047033668072, 47.00000000000000000 ) ) ;
#637 = VERTEX_POINT ( 'NONE', #732 ) ;
#638 = VERTEX_POINT ( 'NONE', #1863 ) ;
#639 = ORIENTED_EDGE ( 'NONE', *, *, #483, .F. ) ;
#640 = DIRECTION ( 'NONE',  ( -0.000000000000000000, 0.000000000000000000, -1.000000000000000000 ) ) ;
#641 = CYLINDRICAL_SURFACE ( 'NONE', #739, 18.00000000000000000 ) ;
#642 = DIRECTION ( 'NONE',  ( -0.000000000000000000, -0.000000000000000000, 1.000000000000000000 ) ) ;
#643 = CARTESIAN_POINT ( 'NONE',  ( -18.24145256568417039, 70.00000000000000000, -27.25727356233520737 ) ) ;
#644 = EDGE_CURVE ( 'NONE', #1491, #278, #3242, .T. ) ;
#645 = CARTESIAN_POINT ( 'NONE',  ( -38.68629150101524772, 36.00000000000000711, -20.00000000000000000 ) ) ;
#646 = CARTESIAN_POINT ( 'NONE',  ( -65.00000000000000000, 50.00000000000000000, 45.00000000000000000 ) ) ;
#647 = EDGE_CURVE ( 'NONE', #187, #543, #458, .T. ) ;
#648 = CARTESIAN_POINT ( 'NONE',  ( -72.35654992706142252, 61.18859577242875503, 55.00000000000000000 ) ) ;
#649 = ORIENTED_EDGE ( 'NONE', *, *, #538, .T. ) ;
#650 = CARTESIAN_POINT ( 'NONE',  ( -25.00000000000000711, 8.000000000000000000, 20.00000000000000355 ) ) ;
#651 = VERTEX_POINT ( 'NONE', #1546 ) ;
#652 = VERTEX_POINT ( 'NONE', #3099 ) ;
#653 = VERTEX_POINT ( 'NONE', #1404 ) ;
#654 = DIRECTION ( 'NONE',  ( -1.000000000000000000, 0.000000000000000000, 0.000000000000000000 ) ) ;
#655 = ADVANCED_FACE ( 'NONE', ( #1108 ), #3644, .T. ) ;
#656 = DIRECTION ( 'NONE',  ( -0.9480297097551912966, 0.3181818181818183988, 0.000000000000000000 ) ) ;
#657 = CARTESIAN_POINT ( 'NONE',  ( -67.67766952966331928, 67.67766952966405825, 55.00000000000000000 ) ) ;
#658 = CYLINDRICAL_SURFACE ( 'NONE', #854, 10.00000000000000000 ) ;
#659 = DIRECTION ( 'NONE',  ( -1.000000000000000000, 0.000000000000000000, 0.000000000000000000 ) ) ;
#660 = EDGE_CURVE ( 'NONE', #955, #511, #858, .T. ) ;
#661 = CARTESIAN_POINT ( 'NONE',  ( -32.32233047033593465, 67.67766952966384508, 55.00000000000000000 ) ) ;
#662 = AXIS2_PLACEMENT_3D ( 'NONE', #1893, #3556, #1602 ) ;
#663 = EDGE_CURVE ( 'NONE', #1472, #1379, #2538, .T. ) ;
#664 = DIRECTION ( 'NONE',  ( 1.161117700779681071E-16, -1.000000000000000000, 0.000000000000000000 ) ) ;
#665 = AXIS2_PLACEMENT_3D ( 'NONE', #3600, #472, #1592 ) ;
#666 = DIRECTION ( 'NONE',  ( 0.000000000000000000, 0.000000000000000000, 1.000000000000000000 ) ) ;
#667 = VECTOR ( 'NONE', #3016, 1000.000000000000114 ) ;
#668 = ORIENTED_EDGE ( 'NONE', *, *, #622, .F. ) ;
#669 = EDGE_CURVE ( 'NONE', #837, #691, #2631, .T. ) ;
#670 = CARTESIAN_POINT ( 'NONE',  ( -25.00000000000000711, 0.000000000000000000, 25.00000000000000000 ) ) ;
#671 = ORIENTED_EDGE ( 'NONE', *, *, #1926, .F. ) ;
#672 = ORIENTED_EDGE ( 'NONE', *, *, #1192, .T. ) ;
#673 = EDGE_CURVE ( 'NONE', #1765, #2095, #2455, .T. ) ;
#674 = ORIENTED_EDGE ( 'NONE', *, *, #2342, .T. ) ;
#675 = DIRECTION ( 'NONE',  ( -1.000000000000000000, 0.000000000000000000, 0.000000000000000000 ) ) ;
#676 = AXIS2_PLACEMENT_3D ( 'NONE', #2016, #251, #545 ) ;
#677 = CARTESIAN_POINT ( 'NONE',  ( -50.00000000000000000, 50.00000000000000000, 5.355339059327363316 ) ) ;
#678 = ADVANCED_FACE ( 'NONE', ( #2226, #2486 ), #3663, .F. ) ;
#679 = AXIS2_PLACEMENT_3D ( 'NONE', #446, #1519, #1571 ) ;
#680 = LINE ( 'NONE', #3318, #1149 ) ;
#681 = CARTESIAN_POINT ( 'NONE',  ( -12.73711253930609999, 72.26725348141722804, 27.16474150143429256 ) ) ;
#682 = SURFACE_STYLE_USAGE ( .BOTH. , #851 ) ;
#683 = CARTESIAN_POINT ( 'NONE',  ( -50.00000000000000000, 50.00000000000000000, -37.00000000000000000 ) ) ;
#684 = CIRCLE ( 'NONE', #3590, 7.999999999999992895 ) ;
#685 = DIRECTION ( 'NONE',  ( 0.000000000000000000, 0.000000000000000000, 1.000000000000000000 ) ) ;
#686 = CARTESIAN_POINT ( 'NONE',  ( 34.99999999999999289, 0.000000000000000000, 24.99999999999993605 ) ) ;
#687 = CIRCLE ( 'NONE', #1929, 12.50000000000000000 ) ;
#688 = EDGE_CURVE ( 'NONE', #729, #3174, #684, .T. ) ;
#689 = CARTESIAN_POINT ( 'NONE',  ( -35.72233047033612507, 32.32233047033648177, 55.00000000000000000 ) ) ;
#690 = AXIS2_PLACEMENT_3D ( 'NONE', #1766, #109, #1486 ) ;
#691 = VERTEX_POINT ( 'NONE', #3085 ) ;
#692 = AXIS2_PLACEMENT_3D ( 'NONE', #1353, #1622, #1897 ) ;
#693 = EDGE_CURVE ( 'NONE', #3100, #3003, #533, .T. ) ;
#694 = DIRECTION ( 'NONE',  ( 0.000000000000000000, 1.000000000000000000, -0.000000000000000000 ) ) ;
#695 = ORIENTED_EDGE ( 'NONE', *, *, #2743, .F. ) ;
#696 = ORIENTED_EDGE ( 'NONE', *, *, #3525, .F. ) ;
#697 = ORIENTED_EDGE ( 'NONE', *, *, #3437, .F. ) ;
#698 = CARTESIAN_POINT ( 'NONE',  ( -74.54545454545454675, 42.41576232195848206, -39.00000000000000000 ) ) ;
#699 = EDGE_CURVE ( 'NONE', #2370, #834, #253, .T. ) ;
#700 = DIRECTION ( 'NONE',  ( -0.000000000000000000, -1.000000000000000000, -0.000000000000000000 ) ) ;
#701 = LINE ( 'NONE', #391, #210 ) ;
#702 = ADVANCED_FACE ( 'NONE', ( #518 ), #546, .T. ) ;
#703 = CARTESIAN_POINT ( 'NONE',  ( 0.000000000000000000, 67.00000000000000000, -30.00000000000000355 ) ) ;
#704 = DIRECTION ( 'NONE',  ( 0.000000000000000000, 0.000000000000000000, -1.000000000000000000 ) ) ;
#705 = CARTESIAN_POINT ( 'NONE',  ( -25.00000000000000711, 0.000000000000000000, 35.00000000000000000 ) ) ;
#706 = CARTESIAN_POINT ( 'NONE',  ( -75.39999999999999147, 50.00000000000000000, -47.00000000000000000 ) ) ;
#707 = CARTESIAN_POINT ( 'NONE',  ( -35.00000000000000000, 50.00000000000000000, -12.42640687119286191 ) ) ;
#708 = ADVANCED_FACE ( 'NONE', ( #2257, #1642, #3401, #3120, #305, #274 ), #583, .F. ) ;
#709 = DIRECTION ( 'NONE',  ( -0.000000000000000000, -0.000000000000000000, 1.000000000000000000 ) ) ;
#710 = FACE_OUTER_BOUND ( 'NONE', #1654, .T. ) ;
#711 = EDGE_LOOP ( 'NONE', ( #2984, #1966, #1189, #2482, #3478 ) ) ;
#712 = EDGE_LOOP ( 'NONE', ( #3289, #3098, #3087, #695, #1657 ) ) ;
#713 = ORIENTED_EDGE ( 'NONE', *, *, #1557, .T. ) ;
#714 = DIRECTION ( 'NONE',  ( -0.000000000000000000, -0.000000000000000000, -1.000000000000000000 ) ) ;
#715 = DIRECTION ( 'NONE',  ( -0.000000000000000000, -1.000000000000000000, -0.000000000000000000 ) ) ;
#716 = CARTESIAN_POINT ( 'NONE',  ( -35.00000000000001421, 0.000000000000000000, -24.99999999999993605 ) ) ;
#717 = CARTESIAN_POINT ( 'NONE',  ( -18.20154764623770305, 70.00000000000000000, 27.27129472197912463 ) ) ;
#718 = CARTESIAN_POINT ( 'NONE',  ( -50.00000000000000000, 50.00000000000000000, 30.00000000000000000 ) ) ;
#719 = CARTESIAN_POINT ( 'NONE',  ( -72.00000000000001421, 50.00000000000000000, -47.00000000000000000 ) ) ;
#720 = CARTESIAN_POINT ( 'NONE',  ( -64.50000000000000000, 50.00000000000000000, -37.00000000000000000 ) ) ;
#721 = CYLINDRICAL_SURFACE ( 'NONE', #96, 3.399999999999993250 ) ;
#722 = DIRECTION ( 'NONE',  ( 1.000000000000000000, 0.000000000000000000, 0.000000000000000000 ) ) ;
#723 = VECTOR ( 'NONE', #2313, 1000.000000000000000 ) ;
#724 = EDGE_CURVE ( 'NONE', #1233, #2293, #2201, .T. ) ;
#725 = VECTOR ( 'NONE', #2234, 1000.000000000000000 ) ;
#726 = DIRECTION ( 'NONE',  ( -0.000000000000000000, 0.000000000000000000, 1.000000000000000000 ) ) ;
#727 = ORIENTED_EDGE ( 'NONE', *, *, #3366, .F. ) ;
#728 = EDGE_LOOP ( 'NONE', ( #1156, #3081, #799, #2064 ) ) ;
#729 = VERTEX_POINT ( 'NONE', #2553 ) ;
#730 = DIRECTION ( 'NONE',  ( -1.000000000000000000, 0.000000000000000000, 0.000000000000000000 ) ) ;
#731 = CIRCLE ( 'NONE', #1028, 15.00000000000000000 ) ;
#732 = CARTESIAN_POINT ( 'NONE',  ( -27.64345007293820444, 61.18859577242798053, 47.00000000000000000 ) ) ;
#733 = PLANE ( 'NONE',  #2758 ) ;
#734 = AXIS2_PLACEMENT_3D ( 'NONE', #3571, #1641, #1382 ) ;
#735 = CARTESIAN_POINT ( 'NONE',  ( -50.00000000000000000, 50.00000000000000000, 5.355339059327363316 ) ) ;
#736 = PLANE ( 'NONE',  #2513 ) ;
#737 = AXIS2_PLACEMENT_3D ( 'NONE', #1007, #2363, #1263 ) ;
#738 = LINE ( 'NONE', #2403, #2907 ) ;
#739 = AXIS2_PLACEMENT_3D ( 'NONE', #3465, #333, #2581 ) ;
#740 = CARTESIAN_POINT ( 'NONE',  ( 0.000000000000000000, 39.00000000000000711, -12.50000000000000000 ) ) ;
#741 = VECTOR ( 'NONE', #1179, 1000.000000000000000 ) ;
#742 = DIRECTION ( 'NONE',  ( 0.000000000000000000, 0.000000000000000000, 1.000000000000000000 ) ) ;
#743 = AXIS2_PLACEMENT_3D ( 'NONE', #2043, #348, #91 ) ;
#744 = DIRECTION ( 'NONE',  ( -0.000000000000000000, -0.000000000000000000, -1.000000000000000000 ) ) ;
#745 = CIRCLE ( 'NONE', #926, 17.50000000000000000 ) ;
#746 = ORIENTED_EDGE ( 'NONE', *, *, #1608, .F. ) ;
#747 = ORIENTED_EDGE ( 'NONE', *, *, #433, .F. ) ;
#748 = AXIS2_PLACEMENT_3D ( 'NONE', #2489, #3627, #1089 ) ;
#749 = CYLINDRICAL_SURFACE ( 'NONE', #1666, 8.000000000000007105 ) ;
#750 = CARTESIAN_POINT ( 'NONE',  ( -17.24878723728206964, 73.00000000000001421, 24.54545454545454319 ) ) ;
#751 = CARTESIAN_POINT ( 'NONE',  ( 25.00000000000000000, 8.000000000000000000, -30.00000000000000711 ) ) ;
#752 = ORIENTED_EDGE ( 'NONE', *, *, #1099, .T. ) ;
#753 = LINE ( 'NONE', #3010, #2463 ) ;
#754 = CYLINDRICAL_SURFACE ( 'NONE', #3051, 7.999999999999992895 ) ;
#755 = FACE_BOUND ( 'NONE', #805, .T. ) ;
#756 = CYLINDRICAL_SURFACE ( 'NONE', #963, 5.000000000000004441 ) ;
#757 = DIRECTION ( 'NONE',  ( 0.000000000000000000, 0.000000000000000000, 1.000000000000000000 ) ) ;
#758 = LINE ( 'NONE', #1924, #3104 ) ;
#759 = DIRECTION ( 'NONE',  ( -0.000000000000000000, 1.000000000000000000, -0.000000000000000000 ) ) ;
#760 = CARTESIAN_POINT ( 'NONE',  ( -17.24878723728207675, 73.00000000000001421, -24.54545454545453964 ) ) ;
#761 = DIRECTION ( 'NONE',  ( 0.000000000000000000, 0.000000000000000000, -1.000000000000000000 ) ) ;
#762 = ORIENTED_EDGE ( 'NONE', *, *, #1333, .F. ) ;
#763 = ADVANCED_FACE ( 'NONE', ( #782 ), #2765, .T. ) ;
#764 = VERTEX_POINT ( 'NONE', #1124 ) ;
#765 = CARTESIAN_POINT ( 'NONE',  ( -35.72233047033613218, 32.32233047033648177, 55.00000000000000000 ) ) ;
#766 = CARTESIAN_POINT ( 'NONE',  ( -13.50494213445173486, 69.57049094014328716, -28.56138397984869570 ) ) ;
#767 = ORIENTED_EDGE ( 'NONE', *, *, #2225, .F. ) ;
#768 = ORIENTED_EDGE ( 'NONE', *, *, #2088, .T. ) ;
#769 = CARTESIAN_POINT ( 'NONE',  ( -38.81140422757173525, 72.35654992706164990, 47.00000000000000000 ) ) ;
#770 = DIRECTION ( 'NONE',  ( 1.000000000000000000, 0.000000000000000000, -0.000000000000000000 ) ) ;
#771 = ADVANCED_FACE ( 'NONE', ( #3623 ), #803, .F. ) ;
#772 = CARTESIAN_POINT ( 'NONE',  ( -41.99999999999999289, 50.00000000000000000, 55.00000000000000711 ) ) ;
#773 = FACE_BOUND ( 'NONE', #1399, .T. ) ;
#774 = DIRECTION ( 'NONE',  ( 1.000000000000000000, 0.000000000000000000, 0.000000000000000000 ) ) ;
#775 = EDGE_CURVE ( 'NONE', #318, #34, #3234, .T. ) ;
#776 = CARTESIAN_POINT ( 'NONE',  ( 2.204364238465235428E-15, 79.00000000000001421, 18.00000000000000000 ) ) ;
#777 = EDGE_LOOP ( 'NONE', ( #276, #3403, #762, #2691 ) ) ;
#778 = CIRCLE ( 'NONE', #83, 17.50000000000000000 ) ;
#779 = ORIENTED_EDGE ( 'NONE', *, *, #2170, .F. ) ;
#780 = CYLINDRICAL_SURFACE ( 'NONE', #377, 15.00000000000000000 ) ;
#781 = AXIS2_PLACEMENT_3D ( 'NONE', #2897, #370, #2080 ) ;
#782 = FACE_OUTER_BOUND ( 'NONE', #3253, .T. ) ;
#783 = ORIENTED_EDGE ( 'NONE', *, *, #412, .T. ) ;
#784 = CARTESIAN_POINT ( 'NONE',  ( -54.77272727272728048, 64.22044564632786035, -39.00000000000000000 ) ) ;
#785 = CARTESIAN_POINT ( 'NONE',  ( -68.60000000000002274, 50.00000000000000000, -39.00000000000000000 ) ) ;
#786 = DIRECTION ( 'NONE',  ( -1.000000000000000000, 0.000000000000000000, 0.000000000000000000 ) ) ;
#787 = ADVANCED_FACE ( 'NONE', ( #1801 ), #1454, .F. ) ;
#788 = AXIS2_PLACEMENT_3D ( 'NONE', #1190, #2303, #610 ) ;
#789 = DIRECTION ( 'NONE',  ( -0.000000000000000000, -0.000000000000000000, -1.000000000000000000 ) ) ;
#790 = DIRECTION ( 'NONE',  ( 1.000000000000000000, 0.000000000000000000, 0.000000000000000000 ) ) ;
#791 = EDGE_CURVE ( 'NONE', #2778, #1067, #2309, .T. ) ;
#792 = FACE_OUTER_BOUND ( 'NONE', #2895, .T. ) ;
#793 = ADVANCED_FACE ( 'NONE', ( #877 ), #1509, .F. ) ;
#794 = VECTOR ( 'NONE', #1716, 1000.000000000000000 ) ;
#795 = CARTESIAN_POINT ( 'NONE',  ( -64.50000000000000000, 50.00000000000000000, -39.00000000000000000 ) ) ;
#796 = CYLINDRICAL_SURFACE ( 'NONE', #3477, 5.000000000000004441 ) ;
#797 = ORIENTED_EDGE ( 'NONE', *, *, #2396, .F. ) ;
#798 = AXIS2_PLACEMENT_3D ( 'NONE', #2448, #2990, #2414 ) ;
#799 = ORIENTED_EDGE ( 'NONE', *, *, #601, .F. ) ;
#800 = CARTESIAN_POINT ( 'NONE',  ( -50.00000000000000000, 50.00000000000000000, -12.42640687119286191 ) ) ;
#801 = EDGE_CURVE ( 'NONE', #3496, #8, #2567, .T. ) ;
#802 = AXIS2_PLACEMENT_3D ( 'NONE', #3250, #1889, #2961 ) ;
#803 = CYLINDRICAL_SURFACE ( 'NONE', #1102, 5.000000000000004441 ) ;
#804 = ORIENTED_EDGE ( 'NONE', *, *, #1547, .T. ) ;
#805 = EDGE_LOOP ( 'NONE', ( #1511, #1456 ) ) ;
#806 = VECTOR ( 'NONE', #1471, 1000.000000000000000 ) ;
#807 = DIRECTION ( 'NONE',  ( 0.000000000000000000, 0.000000000000000000, 1.000000000000000000 ) ) ;
#808 = CARTESIAN_POINT ( 'NONE',  ( -41.99999999999999289, 50.00000000000000000, 55.00000000000000711 ) ) ;
#809 = CARTESIAN_POINT ( 'NONE',  ( -50.00000000000000000, 50.00000000000000000, 55.00000000000000000 ) ) ;
#810 = CARTESIAN_POINT ( 'NONE',  ( -72.00000000000001421, 50.00000000000000000, -39.00000000000000000 ) ) ;
#811 = DIRECTION ( 'NONE',  ( 1.000000000000000000, 0.000000000000000000, 0.000000000000000000 ) ) ;
#812 = DIRECTION ( 'NONE',  ( -1.000000000000000000, 0.000000000000000000, 0.000000000000000000 ) ) ;
#813 = EDGE_CURVE ( 'NONE', #1457, #3665, #3054, .T. ) ;
#814 = CARTESIAN_POINT ( 'NONE',  ( -72.35654992706184885, 38.81140422757211894, 55.00000000000000000 ) ) ;
#815 = ADVANCED_FACE ( 'NONE', ( #2651 ), #1783, .F. ) ;
#816 = VERTEX_POINT ( 'NONE', #893 ) ;
#817 = ORIENTED_EDGE ( 'NONE', *, *, #1956, .F. ) ;
#818 = DIRECTION ( 'NONE',  ( -1.000000000000000000, 0.000000000000000000, 0.000000000000000000 ) ) ;
#819 = DIRECTION ( 'NONE',  ( 1.000000000000000000, 0.000000000000000000, -0.000000000000000000 ) ) ;
#820 = ORIENTED_EDGE ( 'NONE', *, *, #3547, .F. ) ;
#821 = EDGE_LOOP ( 'NONE', ( #2502, #2216, #1986, #2690 ) ) ;
#822 = EDGE_CURVE ( 'NONE', #73, #1476, #2517, .T. ) ;
#823 = EDGE_CURVE ( 'NONE', #915, #2046, #2634, .T. ) ;
#824 = DIRECTION ( 'NONE',  ( -0.000000000000000000, -0.000000000000000000, -1.000000000000000000 ) ) ;
#825 = LINE ( 'NONE', #1941, #508 ) ;
#826 =( NAMED_UNIT ( * ) PLANE_ANGLE_UNIT ( ) SI_UNIT ( $, .RADIAN. ) );
#827 = EDGE_CURVE ( 'NONE', #2527, #2962, #922, .T. ) ;
#828 = SURFACE_SIDE_STYLE ('',( #3445 ) ) ;
#829 = FACE_OUTER_BOUND ( 'NONE', #2987, .T. ) ;
#830 = CARTESIAN_POINT ( 'NONE',  ( 25.00000000000000000, 8.000000000000000000, 19.99999999999999645 ) ) ;
#831 = CARTESIAN_POINT ( 'NONE',  ( -25.00000000000002132, 8.000000000000000000, -24.99999999999999289 ) ) ;
#832 = EDGE_CURVE ( 'NONE', #3383, #3400, #596, .T. ) ;
#833 = EDGE_LOOP ( 'NONE', ( #2307, #2098, #406, #519 ) ) ;
#834 = VERTEX_POINT ( 'NONE', #2295 ) ;
#835 = DIRECTION ( 'NONE',  ( 0.000000000000000000, 0.000000000000000000, -1.000000000000000000 ) ) ;
#836 = AXIS2_PLACEMENT_3D ( 'NONE', #984, #2107, #429 ) ;
#837 = VERTEX_POINT ( 'NONE', #913 ) ;
#838 = VERTEX_POINT ( 'NONE', #72 ) ;
#839 = ORIENTED_EDGE ( 'NONE', *, *, #2070, .F. ) ;
#840 = CIRCLE ( 'NONE', #3033, 15.00000000000000000 ) ;
#841 = CARTESIAN_POINT ( 'NONE',  ( -50.00000000000000000, 50.00000000000000000, 55.00000000000000000 ) ) ;
#842 = TOROIDAL_SURFACE ( 'NONE', #2254, 27.00000000000000000, 3.000000000000000000 ) ;
#843 = ADVANCED_FACE ( 'NONE', ( #3422 ), #2331, .F. ) ;
#844 = DIRECTION ( 'NONE',  ( -1.000000000000000000, 0.000000000000000000, 0.000000000000000000 ) ) ;
#845 = AXIS2_PLACEMENT_3D ( 'NONE', #3165, #2883, #1201 ) ;
#846 = SURFACE_STYLE_USAGE ( .BOTH. , #828 ) ;
#847 = CARTESIAN_POINT ( 'NONE',  ( -17.24878723728207675, 70.00000000000000000, -24.54545454545454675 ) ) ;
#848 = CARTESIAN_POINT ( 'NONE',  ( -12.47165574434870194, 69.41855039671933980, 28.77774315734144395 ) ) ;
#849 = EDGE_CURVE ( 'NONE', #816, #1077, #1748, .T. ) ;
#850 = AXIS2_PLACEMENT_3D ( 'NONE', #800, #1936, #887 ) ;
#851 = SURFACE_SIDE_STYLE ('',( #2844 ) ) ;
#852 = ORIENTED_EDGE ( 'NONE', *, *, #455, .T. ) ;
#853 = DIRECTION ( 'NONE',  ( -0.000000000000000000, -0.000000000000000000, -1.000000000000000000 ) ) ;
#854 = AXIS2_PLACEMENT_3D ( 'NONE', #1017, #3500, #427 ) ;
#855 = VERTEX_POINT ( 'NONE', #1769 ) ;
#856 = ORIENTED_EDGE ( 'NONE', *, *, #2102, .F. ) ;
#857 = DIRECTION ( 'NONE',  ( 0.000000000000000000, 0.000000000000000000, 1.000000000000000000 ) ) ;
#858 = CIRCLE ( 'NONE', #2157, 2.000000000000001776 ) ;
#859 = ORIENTED_EDGE ( 'NONE', *, *, #2123, .T. ) ;
#860 = EDGE_LOOP ( 'NONE', ( #2554, #3292, #2584, #1416 ) ) ;
#861 = EDGE_LOOP ( 'NONE', ( #1688, #2713, #3115, #224 ) ) ;
#862 =( NAMED_UNIT ( * ) PLANE_ANGLE_UNIT ( ) SI_UNIT ( $, .RADIAN. ) );
#863 = EDGE_CURVE ( 'NONE', #875, #633, #2753, .T. ) ;
#864 = AXIS2_PLACEMENT_3D ( 'NONE', #3604, #853, #1651 ) ;
#865 = SURFACE_SIDE_STYLE ('',( #3075 ) ) ;
#866 = DIRECTION ( 'NONE',  ( -0.000000000000000000, 0.000000000000000000, 1.000000000000000000 ) ) ;
#867 = TOROIDAL_SURFACE ( 'NONE', #3596, 17.00000000000000711, 3.000000000000000000 ) ;
#868 = CARTESIAN_POINT ( 'NONE',  ( -16.58315589156996950, 72.99999999737333667, -25.01321257533303566 ) ) ;
#869 = CARTESIAN_POINT ( 'NONE',  ( -7.375993067967560712, 70.35506045757738036, 29.11833010994376991 ) ) ;
#870 = ORIENTED_EDGE ( 'NONE', *, *, #1232, .T. ) ;
#871 = ADVANCED_FACE ( 'NONE', ( #2061 ), #2893, .T. ) ;
#872 = CARTESIAN_POINT ( 'NONE',  ( -61.18859577242814396, 27.64345007293827905, 55.00000000000000000 ) ) ;
#873 = ORIENTED_EDGE ( 'NONE', *, *, #660, .T. ) ;
#874 = LINE ( 'NONE', #1448, #806 ) ;
#875 = VERTEX_POINT ( 'NONE', #1234 ) ;
#876 = EDGE_LOOP ( 'NONE', ( #3160, #3377, #362, #1971 ) ) ;
#877 = FACE_OUTER_BOUND ( 'NONE', #11, .T. ) ;
#878 = ORIENTED_EDGE ( 'NONE', *, *, #3191, .T. ) ;
#879 = ORIENTED_EDGE ( 'NONE', *, *, #888, .T. ) ;
#880 = EDGE_LOOP ( 'NONE', ( #2540, #114, #3664, #2635 ) ) ;
#881 = DIRECTION ( 'NONE',  ( -0.000000000000000000, -0.000000000000000000, 1.000000000000000000 ) ) ;
#882 = LINE ( 'NONE', #244, #3049 ) ;
#883 = FACE_OUTER_BOUND ( 'NONE', #2280, .T. ) ;
#884 = CARTESIAN_POINT ( 'NONE',  ( -10.67207472514384392, 70.10504324556026745, -28.05124096238684572 ) ) ;
#885 = DIRECTION ( 'NONE',  ( 1.000000000000000000, 0.000000000000000000, 0.000000000000000000 ) ) ;
#886 = EDGE_LOOP ( 'NONE', ( #1487, #2199, #2904, #3397 ) ) ;
#887 = DIRECTION ( 'NONE',  ( 1.000000000000000000, 0.000000000000000000, 0.000000000000000000 ) ) ;
#888 = EDGE_CURVE ( 'NONE', #595, #440, #2337, .T. ) ;
#889 = DIRECTION ( 'NONE',  ( -1.000000000000000000, 0.000000000000000000, 0.000000000000000000 ) ) ;
#890 = ORIENTED_EDGE ( 'NONE', *, *, #340, .F. ) ;
#891 = DIRECTION ( 'NONE',  ( 0.000000000000000000, 1.000000000000000000, 0.000000000000000000 ) ) ;
#892 = ORIENTED_EDGE ( 'NONE', *, *, #23, .T. ) ;
#893 = CARTESIAN_POINT ( 'NONE',  ( -58.00000000000000711, 50.00000000000000000, -20.00000000000000355 ) ) ;
#894 = ORIENTED_EDGE ( 'NONE', *, *, #557, .F. ) ;
#895 = EDGE_LOOP ( 'NONE', ( #3071, #1160, #89, #1658 ) ) ;
#896 = ORIENTED_EDGE ( 'NONE', *, *, #2202, .T. ) ;
#897 = DIRECTION ( 'NONE',  ( 0.000000000000000000, 0.000000000000000000, -1.000000000000000000 ) ) ;
#898 = EDGE_CURVE ( 'NONE', #2060, #2296, #2368, .T. ) ;
#899 = DIRECTION ( 'NONE',  ( 0.000000000000000000, 0.000000000000000000, -1.000000000000000000 ) ) ;
#900 = AXIS2_PLACEMENT_3D ( 'NONE', #3484, #133, #1477 ) ;
#901 = AXIS2_PLACEMENT_3D ( 'NONE', #1834, #1591, #1552 ) ;
#902 = CARTESIAN_POINT ( 'NONE',  ( -1.561017760865427650, 67.52298305556058722, -29.96951309230283655 ) ) ;
#903 = ADVANCED_FACE ( 'NONE', ( #3022 ), #1164, .T. ) ;
#904 = AXIS2_PLACEMENT_3D ( 'NONE', #3417, #2105, #1258 ) ;
#905 = CARTESIAN_POINT ( 'NONE',  ( -13.83610583607664601, 72.56052944702170748, 26.63052554681286566 ) ) ;
#906 = EDGE_LOOP ( 'NONE', ( #2667, #3624, #2228, #2523 ) ) ;
#907 = LINE ( 'NONE', #48, #3341 ) ;
#908 = EDGE_CURVE ( 'NONE', #3296, #934, #2689, .T. ) ;
#909 = VERTEX_POINT ( 'NONE', #1044 ) ;
#910 = DIRECTION ( 'NONE',  ( 0.000000000000000000, 1.000000000000000000, 0.000000000000000000 ) ) ;
#911 = ORIENTED_EDGE ( 'NONE', *, *, #2871, .F. ) ;
#912 = CIRCLE ( 'NONE', #1623, 8.000000000000007105 ) ;
#913 = CARTESIAN_POINT ( 'NONE',  ( -5.204170427930448893E-16, 33.00000000000001421, 30.00000000000000000 ) ) ;
#914 = ORIENTED_EDGE ( 'NONE', *, *, #2726, .F. ) ;
#915 = VERTEX_POINT ( 'NONE', #1856 ) ;
#916 = CIRCLE ( 'NONE', #1569, 5.000000000000004441 ) ;
#917 = ORIENTED_EDGE ( 'NONE', *, *, #1761, .T. ) ;
#918 = EDGE_CURVE ( 'NONE', #367, #834, #3533, .T. ) ;
#919 = FACE_OUTER_BOUND ( 'NONE', #1542, .T. ) ;
#920 = CIRCLE ( 'NONE', #1628, 5.000000000000004441 ) ;
#921 = DIRECTION ( 'NONE',  ( 1.000000000000000000, 0.000000000000000000, 0.000000000000000000 ) ) ;
#922 = CIRCLE ( 'NONE', #2989, 2.000000000000001776 ) ;
#923 = CARTESIAN_POINT ( 'NONE',  ( -32.32233047033613360, 32.32233047033648177, 55.00000000000000000 ) ) ;
#924 = EDGE_CURVE ( 'NONE', #2894, #2392, #146, .T. ) ;
#925 = LINE ( 'NONE', #4, #2266 ) ;
#926 = AXIS2_PLACEMENT_3D ( 'NONE', #1121, #2235, #3378 ) ;
#927 = DIRECTION ( 'NONE',  ( -1.387778780781447648E-16, -0.000000000000000000, -1.000000000000000000 ) ) ;
#928 = CIRCLE ( 'NONE', #692, 7.999999999999743316 ) ;
#929 = ORIENTED_EDGE ( 'NONE', *, *, #1366, .F. ) ;
#930 = DIRECTION ( 'NONE',  ( 0.000000000000000000, 0.000000000000000000, -1.000000000000000000 ) ) ;
#931 = ORIENTED_EDGE ( 'NONE', *, *, #2679, .T. ) ;
#932 = FACE_OUTER_BOUND ( 'NONE', #3420, .T. ) ;
#933 = ADVANCED_FACE ( 'NONE', ( #710 ), #988, .F. ) ;
#934 = VERTEX_POINT ( 'NONE', #971 ) ;
#935 = DIRECTION ( 'NONE',  ( -0.000000000000000000, -0.000000000000000000, 1.000000000000000000 ) ) ;
#936 = EDGE_LOOP ( 'NONE', ( #3326, #3044 ) ) ;
#937 = ORIENTED_EDGE ( 'NONE', *, *, #31, .T. ) ;
#938 = ORIENTED_EDGE ( 'NONE', *, *, #1694, .F. ) ;
#939 = DIRECTION ( 'NONE',  ( -0.000000000000000000, -0.000000000000000000, -1.000000000000000000 ) ) ;
#940 = CARTESIAN_POINT ( 'NONE',  ( -25.45454545454545325, 57.58423767804152504, -39.00000000000000000 ) ) ;
#941 = EDGE_CURVE ( 'NONE', #2894, #2450, #1754, .T. ) ;
#942 = EDGE_CURVE ( 'NONE', #972, #1491, #2160, .T. ) ;
#943 = CARTESIAN_POINT ( 'NONE',  ( 0.000000000000000000, 80.00000000000000000, 0.000000000000000000 ) ) ;
#944 = CARTESIAN_POINT ( 'NONE',  ( -6.418476861114185460E-15, 67.00000000000000000, 30.00000000000000000 ) ) ;
#945 = EDGE_CURVE ( 'NONE', #855, #3290, #3166, .T. ) ;
#946 = CARTESIAN_POINT ( 'NONE',  ( -3.263713370575880290, 67.69257645842721161, 29.92419506213457936 ) ) ;
#947 = ORIENTED_EDGE ( 'NONE', *, *, #604, .T. ) ;
#948 = CARTESIAN_POINT ( 'NONE',  ( 0.000000000000000000, 77.00000000000000000, 0.000000000000000000 ) ) ;
#949 = CARTESIAN_POINT ( 'NONE',  ( -75.67766952966306349, 67.67766952966405825, 55.00000000000000000 ) ) ;
#950 = FACE_BOUND ( 'NONE', #3514, .T. ) ;
#951 = ORIENTED_EDGE ( 'NONE', *, *, #2193, .F. ) ;
#952 = EDGE_CURVE ( 'NONE', #3237, #278, #1222, .T. ) ;
#953 = DIRECTION ( 'NONE',  ( -0.000000000000000000, -1.000000000000000000, -0.000000000000000000 ) ) ;
#954 = ORIENTED_EDGE ( 'NONE', *, *, #2209, .T. ) ;
#955 = VERTEX_POINT ( 'NONE', #419 ) ;
#956 = ORIENTED_EDGE ( 'NONE', *, *, #2679, .F. ) ;
#957 = LINE ( 'NONE', #3254, #2607 ) ;
#958 = LINE ( 'NONE', #2657, #219 ) ;
#959 = LINE ( 'NONE', #1775, #2380 ) ;
#960 = CARTESIAN_POINT ( 'NONE',  ( -17.24878723728206964, 73.00000000000001421, 24.54545454545454319 ) ) ;
#961 = DIRECTION ( 'NONE',  ( 0.000000000000000000, 0.000000000000000000, -1.000000000000000000 ) ) ;
#962 = DIRECTION ( 'NONE',  ( -0.000000000000000000, -0.000000000000000000, 1.000000000000000000 ) ) ;
#963 = AXIS2_PLACEMENT_3D ( 'NONE', #3015, #428, #704 ) ;
#964 = CIRCLE ( 'NONE', #3626, 5.000000000000004441 ) ;
#965 = ADVANCED_FACE ( 'NONE', ( #1839 ), #2408, .F. ) ;
#966 = CYLINDRICAL_SURFACE ( 'NONE', #158, 2.999999999999999112 ) ;
#967 = MECHANICAL_DESIGN_GEOMETRIC_PRESENTATION_REPRESENTATION (  '', ( #3573 ), #3276 ) ;
#968 = CARTESIAN_POINT ( 'NONE',  ( -67.67766952966351823, 32.32233047033668072, 55.00000000000000000 ) ) ;
#969 = AXIS2_PLACEMENT_3D ( 'NONE', #2054, #642, #3467 ) ;
#970 = ORIENTED_EDGE ( 'NONE', *, *, #27, .F. ) ;
#971 = CARTESIAN_POINT ( 'NONE',  ( -71.07766952966332497, 67.67766952966405825, 55.00000000000000000 ) ) ;
#972 = VERTEX_POINT ( 'NONE', #1027 ) ;
#973 = ORIENTED_EDGE ( 'NONE', *, *, #27, .T. ) ;
#974 = ORIENTED_EDGE ( 'NONE', *, *, #120, .T. ) ;
#975 = DIRECTION ( 'NONE',  ( 0.000000000000000000, -0.000000000000000000, -1.000000000000000000 ) ) ;
#976 = AXIS2_PLACEMENT_3D ( 'NONE', #1231, #3150, #2504 ) ;
#977 = DIRECTION ( 'NONE',  ( -1.224646799147353454E-16, 0.000000000000000000, -1.000000000000000000 ) ) ;
#978 = VECTOR ( 'NONE', #504, 1000.000000000000000 ) ;
#979 = DIRECTION ( 'NONE',  ( 0.000000000000000000, 1.000000000000000000, 0.000000000000000000 ) ) ;
#980 = CARTESIAN_POINT ( 'NONE',  ( -15.08123311238691677, 69.76526292652594918, 28.18265149265032221 ) ) ;
#981 = AXIS2_PLACEMENT_3D ( 'NONE', #3319, #3260, #1355 ) ;
#982 =( GEOMETRIC_REPRESENTATION_CONTEXT ( 3 ) GLOBAL_UNCERTAINTY_ASSIGNED_CONTEXT ( ( #1315 ) ) GLOBAL_UNIT_ASSIGNED_CONTEXT ( ( #2750, #3031, #1438 ) ) REPRESENTATION_CONTEXT ( 'NONE', 'WORKASPACE' ) );
#983 = LINE ( 'NONE', #2868, #3511 ) ;
#984 = CARTESIAN_POINT ( 'NONE',  ( -24.99999999999994671, 8.000000000000000000, -35.00000000000000000 ) ) ;
#985 = CIRCLE ( 'NONE', #1159, 25.00000000000000000 ) ;
#986 = FACE_BOUND ( 'NONE', #3021, .T. ) ;
#987 = DIRECTION ( 'NONE',  ( 0.9480297097551911856, 0.3181818181818186764, -0.000000000000000000 ) ) ;
#988 = CONICAL_SURFACE ( 'NONE', #3236, 12.50000000000000000, 0.7853981633974536081 ) ;
#989 = CIRCLE ( 'NONE', #3057, 14.49999999999999822 ) ;
#990 = CARTESIAN_POINT ( 'NONE',  ( -50.00000000000000000, 65.00000000000000000, -20.00000000000000000 ) ) ;
#991 = AXIS2_PLACEMENT_3D ( 'NONE', #2603, #88, #2570 ) ;
#992 = DIRECTION ( 'NONE',  ( 0.000000000000000000, 0.000000000000000000, 1.000000000000000000 ) ) ;
#993 = EDGE_CURVE ( 'NONE', #2348, #369, #1459, .T. ) ;
#994 = ORIENTED_EDGE ( 'NONE', *, *, #12, .F. ) ;
#995 = ORIENTED_EDGE ( 'NONE', *, *, #403, .T. ) ;
#996 = EDGE_LOOP ( 'NONE', ( #3133, #1600, #2443, #2741 ) ) ;
#997 = EDGE_LOOP ( 'NONE', ( #2551, #567, #1604, #2671 ) ) ;
#998 = LINE ( 'NONE', #698, #436 ) ;
#999 = DIRECTION ( 'NONE',  ( -0.000000000000000000, -0.000000000000000000, -1.000000000000000000 ) ) ;
#1000 = LINE ( 'NONE', #190, #165 ) ;
#1001 = CARTESIAN_POINT ( 'NONE',  ( -5.204170427930418325E-16, 33.00000000000000000, 27.00000000000000000 ) ) ;
#1002 = DIRECTION ( 'NONE',  ( -1.000000000000000000, 0.000000000000000000, 0.000000000000000000 ) ) ;
#1003 = CARTESIAN_POINT ( 'NONE',  ( -70.00000000000000000, 50.00000000000000000, 27.00000000000000000 ) ) ;
#1004 = EDGE_CURVE ( 'NONE', #75, #513, #2397, .T. ) ;
#1005 = LINE ( 'NONE', #2420, #3268 ) ;
#1006 = FACE_OUTER_BOUND ( 'NONE', #2889, .T. ) ;
#1007 = CARTESIAN_POINT ( 'NONE',  ( 17.49999999999999645, 30.00000000000000000, 0.000000000000000000 ) ) ;
#1008 = EDGE_CURVE ( 'NONE', #2781, #1472, #1989, .T. ) ;
#1009 = DIRECTION ( 'NONE',  ( -0.000000000000000000, 1.000000000000000000, 0.000000000000000000 ) ) ;
#1010 = CARTESIAN_POINT ( 'NONE',  ( -2.948599574023570202, 68.37663765268571581, -29.86388398333928862 ) ) ;
#1011 = VERTEX_POINT ( 'NONE', #2179 ) ;
#1012 = EDGE_LOOP ( 'NONE', ( #1306, #250, #461, #2445 ) ) ;
#1013 = ORIENTED_EDGE ( 'NONE', *, *, #2950, .T. ) ;
#1014 = CARTESIAN_POINT ( 'NONE',  ( -50.00000000000000000, 50.00000000000000000, -30.00000000000000000 ) ) ;
#1015 = CARTESIAN_POINT ( 'NONE',  ( 25.00000000000000000, 8.000000000000000000, -19.99999999999999645 ) ) ;
#1016 = DIRECTION ( 'NONE',  ( 0.3181818181818183988, -0.9480297097551912966, 0.000000000000000000 ) ) ;
#1017 = CARTESIAN_POINT ( 'NONE',  ( 24.99999999999999289, 8.000000000000000000, 25.00000000000000355 ) ) ;
#1018 = CARTESIAN_POINT ( 'NONE',  ( 0.000000000000000000, 8.000000000000000000, 0.000000000000000000 ) ) ;
#1019 = FACE_OUTER_BOUND ( 'NONE', #860, .T. ) ;
#1020 = CARTESIAN_POINT ( 'NONE',  ( 21.07417808142086812, 65.00000000000000000, -20.00000000000000000 ) ) ;
#1021 = PLANE ( 'NONE',  #506 ) ;
#1022 = AXIS2_PLACEMENT_3D ( 'NONE', #559, #2759, #2790 ) ;
#1023 = DIRECTION ( 'NONE',  ( -0.000000000000000000, -0.000000000000000000, -1.000000000000000000 ) ) ;
#1024 = AXIS2_PLACEMENT_3D ( 'NONE', #189, #2200, #2483 ) ;
#1025 = EDGE_CURVE ( 'NONE', #2138, #2536, #687, .T. ) ;
#1026 =( GEOMETRIC_REPRESENTATION_CONTEXT ( 3 ) GLOBAL_UNCERTAINTY_ASSIGNED_CONTEXT ( ( #213 ) ) GLOBAL_UNIT_ASSIGNED_CONTEXT ( ( #3521, #51, #3434 ) ) REPRESENTATION_CONTEXT ( 'NONE', 'WORKASPACE' ) );
#1027 = CARTESIAN_POINT ( 'NONE',  ( 25.00000000000000000, 8.000000000000000000, 30.00000000000000711 ) ) ;
#1028 = AXIS2_PLACEMENT_3D ( 'NONE', #3410, #1168, #2807 ) ;
#1029 = VERTEX_POINT ( 'NONE', #776 ) ;
#1030 = EDGE_LOOP ( 'NONE', ( #970, #2602, #3130, #2670 ) ) ;
#1031 = CARTESIAN_POINT ( 'NONE',  ( -75.39999999999999147, 50.00000000000000000, -47.00000000000000000 ) ) ;
#1032 = CARTESIAN_POINT ( 'NONE',  ( 0.000000000000000000, 47.00000000000001421, 0.000000000000000000 ) ) ;
#1033 = CARTESIAN_POINT ( 'NONE',  ( -50.00000000000000000, 50.00000000000000000, -20.00000000000000355 ) ) ;
#1034 = LINE ( 'NONE', #3300, #2860 ) ;
#1035 = FACE_BOUND ( 'NONE', #1804, .T. ) ;
#1036 = VECTOR ( 'NONE', #1887, 1000.000000000000000 ) ;
#1037 = LINE ( 'NONE', #2159, #1612 ) ;
#1038 = DIRECTION ( 'NONE',  ( 0.000000000000000000, 0.7071067811865512365, 0.7071067811865439090 ) ) ;
#1039 = LINE ( 'NONE', #3601, #3527 ) ;
#1040 = EDGE_CURVE ( 'NONE', #3647, #511, #1043, .T. ) ;
#1041 = AXIS2_PLACEMENT_3D ( 'NONE', #2780, #1695, #835 ) ;
#1042 = CARTESIAN_POINT ( 'NONE',  ( -35.00000000000001421, 8.000000000000000000, -24.99999999999993605 ) ) ;
#1043 = CIRCLE ( 'NONE', #3056, 12.49999999999999645 ) ;
#1044 = CARTESIAN_POINT ( 'NONE',  ( -50.00000000000000000, 33.00000000000000000, -30.00000000000000000 ) ) ;
#1045 = AXIS2_PLACEMENT_3D ( 'NONE', #2164, #1874, #1838 ) ;
#1046 = FACE_OUTER_BOUND ( 'NONE', #997, .T. ) ;
#1047 = ORIENTED_EDGE ( 'NONE', *, *, #2823, .F. ) ;
#1048 = ORIENTED_EDGE ( 'NONE', *, *, #791, .T. ) ;
#1049 = MECHANICAL_DESIGN_GEOMETRIC_PRESENTATION_REPRESENTATION (  '', ( #3241 ), #1640 ) ;
#1050 = CARTESIAN_POINT ( 'NONE',  ( -45.22727272727272663, 64.22044564632786035, -39.00000000000000000 ) ) ;
#1051 = LINE ( 'NONE', #2117, #3108 ) ;
#1052 = VERTEX_POINT ( 'NONE', #795 ) ;
#1053 = CARTESIAN_POINT ( 'NONE',  ( -72.35654992706142252, 61.18859577242875503, 47.00000000000000000 ) ) ;
#1054 = ADVANCED_FACE ( 'NONE', ( #1908 ), #2872, .F. ) ;
#1055 = FACE_OUTER_BOUND ( 'NONE', #2854, .T. ) ;
#1056 = VERTEX_POINT ( 'NONE', #509 ) ;
#1057 = CARTESIAN_POINT ( 'NONE',  ( -50.00000000000000000, 50.00000000000000000, 27.00000000000000000 ) ) ;
#1058 = CARTESIAN_POINT ( 'NONE',  ( -71.07766952966332497, 67.67766952966405825, 47.00000000000000000 ) ) ;
#1059 = CARTESIAN_POINT ( 'NONE',  ( -67.67766952966351823, 32.32233047033668072, 47.00000000000000000 ) ) ;
#1060 = DIRECTION ( 'NONE',  ( 1.161117700779681071E-16, -1.000000000000000000, 0.000000000000000000 ) ) ;
#1061 = VERTEX_POINT ( 'NONE', #1667 ) ;
#1062 = ORIENTED_EDGE ( 'NONE', *, *, #70, .T. ) ;
#1063 = ORIENTED_EDGE ( 'NONE', *, *, #1327, .F. ) ;
#1064 = CARTESIAN_POINT ( 'NONE',  ( -25.45454545454545325, 42.41576232195848206, -39.00000000000000000 ) ) ;
#1065 = ADVANCED_FACE ( 'NONE', ( #1687 ), #1100, .T. ) ;
#1066 = CARTESIAN_POINT ( 'NONE',  ( -61.18859577242814396, 27.64345007293827905, 47.00000000000000000 ) ) ;
#1067 = VERTEX_POINT ( 'NONE', #1930 ) ;
#1068 = DIRECTION ( 'NONE',  ( 0.000000000000000000, 1.000000000000000000, -0.000000000000000000 ) ) ;
#1069 = DIRECTION ( 'NONE',  ( -0.000000000000000000, -0.000000000000000000, -1.000000000000000000 ) ) ;
#1070 = CARTESIAN_POINT ( 'NONE',  ( 3.490243377569956456E-15, 80.00000000000000000, -27.00000000000000000 ) ) ;
#1071 = DIRECTION ( 'NONE',  ( 0.9480297097551911856, -0.3181818181818186764, 0.000000000000000000 ) ) ;
#1072 = CARTESIAN_POINT ( 'NONE',  ( -50.00000000000000000, 50.00000000000000000, 55.00000000000000711 ) ) ;
#1073 = DIRECTION ( 'NONE',  ( 1.000000000000000000, 0.000000000000000000, 0.000000000000000000 ) ) ;
#1074 = EDGE_CURVE ( 'NONE', #1725, #2311, #7, .T. ) ;
#1075 = VECTOR ( 'NONE', #1295, 1000.000000000000000 ) ;
#1076 = DIRECTION ( 'NONE',  ( 1.000000000000000000, 0.000000000000000000, 0.000000000000000000 ) ) ;
#1077 = VERTEX_POINT ( 'NONE', #1414 ) ;
#1078 = ORIENTED_EDGE ( 'NONE', *, *, #494, .F. ) ;
#1079 = EDGE_CURVE ( 'NONE', #729, #2742, #580, .T. ) ;
#1080 = CIRCLE ( 'NONE', #313, 7.999999999999743316 ) ;
#1081 = ORIENTED_EDGE ( 'NONE', *, *, #2533, .T. ) ;
#1082 = FACE_OUTER_BOUND ( 'NONE', #777, .T. ) ;
#1083 = COLOUR_RGB ( '',1.000000000000000000, 1.000000000000000000, 1.000000000000000000 ) ;
#1084 = DIRECTION ( 'NONE',  ( -1.000000000000000000, 0.000000000000000000, 0.000000000000000000 ) ) ;
#1085 = EDGE_CURVE ( 'NONE', #2826, #2334, #3476, .T. ) ;
#1086 = DIRECTION ( 'NONE',  ( 0.000000000000000000, -0.000000000000000000, -1.000000000000000000 ) ) ;
#1087 = ORIENTED_EDGE ( 'NONE', *, *, #2123, .F. ) ;
#1088 = EDGE_LOOP ( 'NONE', ( #395, #1475, #3007, #1708 ) ) ;
#1089 = DIRECTION ( 'NONE',  ( 0.000000000000000000, 0.000000000000000000, -1.000000000000000000 ) ) ;
#1090 = CARTESIAN_POINT ( 'NONE',  ( 3.306546357697853733E-15, 77.00000000000000000, -27.00000000000000000 ) ) ;
#1091 = CARTESIAN_POINT ( 'NONE',  ( -67.67766952966331928, 67.67766952966405825, 47.00000000000000000 ) ) ;
#1092 = EDGE_CURVE ( 'NONE', #3399, #1525, #3111, .T. ) ;
#1093 = DIRECTION ( 'NONE',  ( -0.000000000000000000, -0.000000000000000000, -1.000000000000000000 ) ) ;
#1094 = FACE_BOUND ( 'NONE', #2547, .T. ) ;
#1095 = AXIS2_PLACEMENT_3D ( 'NONE', #3656, #1630, #2460 ) ;
#1096 = DIRECTION ( 'NONE',  ( -0.000000000000000000, -0.000000000000000000, -1.000000000000000000 ) ) ;
#1097 = CIRCLE ( 'NONE', #2627, 3.400000000000000355 ) ;
#1098 = EDGE_CURVE ( 'NONE', #149, #2259, #1517, .T. ) ;
#1099 = EDGE_CURVE ( 'NONE', #1127, #2334, #1689, .T. ) ;
#1100 = CYLINDRICAL_SURFACE ( 'NONE', #3294, 25.00000000000000711 ) ;
#1101 = ORIENTED_EDGE ( 'NONE', *, *, #2282, .T. ) ;
#1102 = AXIS2_PLACEMENT_3D ( 'NONE', #1937, #1656, #56 ) ;
#1103 = EDGE_LOOP ( 'NONE', ( #2008, #2024 ) ) ;
#1104 = DIRECTION ( 'NONE',  ( 0.000000000000000000, 0.000000000000000000, 1.000000000000000000 ) ) ;
#1105 = AXIS2_PLACEMENT_3D ( 'NONE', #1824, #2946, #1291 ) ;
#1106 = AXIS2_PLACEMENT_3D ( 'NONE', #1607, #2120, #212 ) ;
#1107 = EDGE_CURVE ( 'NONE', #2470, #2579, #1987, .T. ) ;
#1108 = FACE_OUTER_BOUND ( 'NONE', #821, .T. ) ;
#1109 = CIRCLE ( 'NONE', #3655, 9.999999999999998224 ) ;
#1110 = EDGE_LOOP ( 'NONE', ( #3001, #2526, #401, #3159 ) ) ;
#1111 = ORIENTED_EDGE ( 'NONE', *, *, #1150, .T. ) ;
#1112 = CIRCLE ( 'NONE', #2276, 7.999999999999992895 ) ;
#1113 = SURFACE_STYLE_FILL_AREA ( #3667 ) ;
#1114 = CARTESIAN_POINT ( 'NONE',  ( -50.00000000000000000, 65.00000000000000000, 20.00000000000000000 ) ) ;
#1115 = DIRECTION ( 'NONE',  ( 1.000000000000000000, 0.000000000000000000, 0.000000000000000000 ) ) ;
#1116 = FILL_AREA_STYLE_COLOUR ( '', #2794 ) ;
#1117 = PLANE ( 'NONE',  #325 ) ;
#1118 = ADVANCED_FACE ( 'NONE', ( #1133 ), #249, .F. ) ;
#1119 = CYLINDRICAL_SURFACE ( 'NONE', #1493, 15.00000000000000000 ) ;
#1120 = EDGE_CURVE ( 'NONE', #3400, #2046, #627, .T. ) ;
#1121 = CARTESIAN_POINT ( 'NONE',  ( 0.000000000000000000, 11.00000000000000000, 0.000000000000000000 ) ) ;
#1122 = ORIENTED_EDGE ( 'NONE', *, *, #1595, .F. ) ;
#1123 = ORIENTED_EDGE ( 'NONE', *, *, #3221, .T. ) ;
#1124 = CARTESIAN_POINT ( 'NONE',  ( -75.67766952966306349, 67.67766952966405825, 47.00000000000000000 ) ) ;
#1125 = ORIENTED_EDGE ( 'NONE', *, *, #1468, .T. ) ;
#1126 = EDGE_LOOP ( 'NONE', ( #768, #3014, #3238, #360 ) ) ;
#1127 = VERTEX_POINT ( 'NONE', #2522 ) ;
#1128 = PRODUCT_DEFINITION_CONTEXT ( 'detailed design', #434, 'design' ) ;
#1129 = EDGE_CURVE ( 'NONE', #3648, #834, #745, .T. ) ;
#1130 = CARTESIAN_POINT ( 'NONE',  ( -16.12740923199594079, 70.33899374182423969, -25.30866830150214142 ) ) ;
#1131 = PLANE ( 'NONE',  #1903 ) ;
#1132 = FACE_OUTER_BOUND ( 'NONE', #3495, .T. ) ;
#1133 = FACE_OUTER_BOUND ( 'NONE', #329, .T. ) ;
#1134 = ORIENTED_EDGE ( 'NONE', *, *, #1232, .F. ) ;
#1135 = ORIENTED_EDGE ( 'NONE', *, *, #1732, .T. ) ;
#1136 = DIRECTION ( 'NONE',  ( -1.000000000000000000, 0.000000000000000000, 0.000000000000000000 ) ) ;
#1137 = AXIS2_PLACEMENT_3D ( 'NONE', #2000, #3447, #299 ) ;
#1138 = ORIENTED_EDGE ( 'NONE', *, *, #2409, .T. ) ;
#1139 = ORIENTED_EDGE ( 'NONE', *, *, #1079, .T. ) ;
#1140 = ORIENTED_EDGE ( 'NONE', *, *, #2731, .F. ) ;
#1141 = AXIS2_PLACEMENT_3D ( 'NONE', #478, #2764, #730 ) ;
#1142 = DIRECTION ( 'NONE',  ( 0.000000000000000000, 0.000000000000000000, 1.000000000000000000 ) ) ;
#1143 = MECHANICAL_DESIGN_GEOMETRIC_PRESENTATION_REPRESENTATION (  '', ( #207 ), #1026 ) ;
#1144 = DIRECTION ( 'NONE',  ( 0.000000000000000000, 0.000000000000000000, 1.000000000000000000 ) ) ;
#1145 = EDGE_CURVE ( 'NONE', #2450, #2894, #2929, .T. ) ;
#1146 = CIRCLE ( 'NONE', #3156, 17.00000000000000711 ) ;
#1147 = CARTESIAN_POINT ( 'NONE',  ( -67.00000000000000000, 50.00000000000000000, 30.00000000000000000 ) ) ;
#1148 = CARTESIAN_POINT ( 'NONE',  ( -35.72233047033593323, 67.67766952966384508, 55.00000000000000000 ) ) ;
#1149 = VECTOR ( 'NONE', #3576, 1000.000000000000000 ) ;
#1150 = EDGE_CURVE ( 'NONE', #3435, #3065, #2049, .T. ) ;
#1151 = CARTESIAN_POINT ( 'NONE',  ( -12.41310275832569410, 72.17357722600927161, 27.31424590622368598 ) ) ;
#1152 = CIRCLE ( 'NONE', #2147, 8.000000000000007105 ) ;
#1153 = ORIENTED_EDGE ( 'NONE', *, *, #993, .F. ) ;
#1154 = DIRECTION ( 'NONE',  ( 1.000000000000000000, 0.000000000000000000, 0.000000000000000000 ) ) ;
#1155 = CIRCLE ( 'NONE', #267, 2.000000000000001776 ) ;
#1156 = ORIENTED_EDGE ( 'NONE', *, *, #3013, .T. ) ;
#1157 = ORIENTED_EDGE ( 'NONE', *, *, #488, .T. ) ;
#1158 = DIRECTION ( 'NONE',  ( 0.000000000000000000, 1.000000000000000000, 0.000000000000000000 ) ) ;
#1159 = AXIS2_PLACEMENT_3D ( 'NONE', #1880, #2747, #3006 ) ;
#1160 = ORIENTED_EDGE ( 'NONE', *, *, #287, .F. ) ;
#1161 = ORIENTED_EDGE ( 'NONE', *, *, #1483, .T. ) ;
#1162 = ORIENTED_EDGE ( 'NONE', *, *, #2853, .T. ) ;
#1163 = SURFACE_SIDE_STYLE ('',( #1113 ) ) ;
#1164 = TOROIDAL_SURFACE ( 'NONE', #571, 27.00000000000000000, 3.000000000000000000 ) ;
#1165 = VECTOR ( 'NONE', #2994, 1000.000000000000000 ) ;
#1166 = FACE_OUTER_BOUND ( 'NONE', #277, .T. ) ;
#1167 = CIRCLE ( 'NONE', #2402, 7.999999999999992895 ) ;
#1168 = DIRECTION ( 'NONE',  ( 0.000000000000000000, 0.000000000000000000, 1.000000000000000000 ) ) ;
#1169 = AXIS2_PLACEMENT_3D ( 'NONE', #1917, #1605, #3052 ) ;
#1170 = CARTESIAN_POINT ( 'NONE',  ( -7.375993067958895644, 70.35506045757736615, -29.11833010994643445 ) ) ;
#1171 = EDGE_CURVE ( 'NONE', #1029, #1011, #2827, .T. ) ;
#1172 = CARTESIAN_POINT ( 'NONE',  ( -11.69638381404042882, 71.95367536187053759, 27.62874870834840380 ) ) ;
#1173 = ORIENTED_EDGE ( 'NONE', *, *, #120, .F. ) ;
#1174 = CARTESIAN_POINT ( 'NONE',  ( 34.99999999999999289, 0.000000000000000000, -25.00000000000000000 ) ) ;
#1175 = CARTESIAN_POINT ( 'NONE',  ( -28.92233047033614213, 32.32233047033648177, 47.00000000000000000 ) ) ;
#1176 = ORIENTED_EDGE ( 'NONE', *, *, #699, .T. ) ;
#1177 = DIRECTION ( 'NONE',  ( 0.000000000000000000, 0.000000000000000000, 1.000000000000000000 ) ) ;
#1178 = ORIENTED_EDGE ( 'NONE', *, *, #1983, .T. ) ;
#1179 = DIRECTION ( 'NONE',  ( -0.000000000000000000, -1.000000000000000000, -0.000000000000000000 ) ) ;
#1180 = ORIENTED_EDGE ( 'NONE', *, *, #2802, .F. ) ;
#1181 = ORIENTED_EDGE ( 'NONE', *, *, #3231, .F. ) ;
#1182 = EDGE_LOOP ( 'NONE', ( #1324, #2945, #2817, #3025 ) ) ;
#1183 = DIRECTION ( 'NONE',  ( -0.000000000000000000, -1.000000000000000000, -0.000000000000000000 ) ) ;
#1184 = ADVANCED_FACE ( 'NONE', ( #634 ), #2571, .F. ) ;
#1185 = CARTESIAN_POINT ( 'NONE',  ( -67.67766952966351823, 32.32233047033668072, 55.00000000000000000 ) ) ;
#1186 = CARTESIAN_POINT ( 'NONE',  ( -64.27766952966351255, 32.32233047033668072, 55.00000000000000000 ) ) ;
#1187 = CARTESIAN_POINT ( 'NONE',  ( -14.20595663183264890, 70.49143004834523651, -26.43806280032810463 ) ) ;
#1188 = CARTESIAN_POINT ( 'NONE',  ( -32.32233047033613360, 32.32233047033648177, 47.00000000000000000 ) ) ;
#1189 = ORIENTED_EDGE ( 'NONE', *, *, #1085, .T. ) ;
#1190 = CARTESIAN_POINT ( 'NONE',  ( 0.000000000000000000, 27.00000000000000000, -20.50000000000000000 ) ) ;
#1191 = DIRECTION ( 'NONE',  ( 0.000000000000000000, 1.000000000000000000, -0.000000000000000000 ) ) ;
#1192 = EDGE_CURVE ( 'NONE', #838, #3435, #516, .T. ) ;
#1193 = ORIENTED_EDGE ( 'NONE', *, *, #2755, .F. ) ;
#1194 = DIRECTION ( 'NONE',  ( 0.3181818181818187319, 0.9480297097551912966, -0.000000000000000000 ) ) ;
#1195 = EDGE_LOOP ( 'NONE', ( #994, #328, #1939, #1326 ) ) ;
#1196 = EDGE_LOOP ( 'NONE', ( #1510, #241, #2253, #1140 ) ) ;
#1197 = ORIENTED_EDGE ( 'NONE', *, *, #663, .T. ) ;
#1198 = LINE ( 'NONE', #2914, #3509 ) ;
#1199 = CARTESIAN_POINT ( 'NONE',  ( 3.673940397442059178E-15, 0.000000000000000000, 30.00000000000000000 ) ) ;
#1200 = TOROIDAL_SURFACE ( 'NONE', #2376, 20.50000000000000000, 3.000000000000000000 ) ;
#1201 = DIRECTION ( 'NONE',  ( -1.000000000000000000, 0.000000000000000000, -0.000000000000000000 ) ) ;
#1202 = CARTESIAN_POINT ( 'NONE',  ( -2.967012155075004820, 68.38515291684622355, -29.86217284021949325 ) ) ;
#1203 = ADVANCED_FACE ( 'NONE', ( #3195 ), #3209, .F. ) ;
#1204 = AXIS2_PLACEMENT_3D ( 'NONE', #452, #124, #1245 ) ;
#1205 = CARTESIAN_POINT ( 'NONE',  ( -13.16160189997768271, 70.43589247781439155, 26.96478246469989060 ) ) ;
#1206 = ORIENTED_EDGE ( 'NONE', *, *, #2706, .F. ) ;
#1207 = DIRECTION ( 'NONE',  ( 0.000000000000000000, 0.000000000000000000, 1.000000000000000000 ) ) ;
#1208 = AXIS2_PLACEMENT_3D ( 'NONE', #196, #1870, #3306 ) ;
#1209 = DIRECTION ( 'NONE',  ( 0.000000000000000000, -1.000000000000000000, 0.000000000000000000 ) ) ;
#1210 = EDGE_LOOP ( 'NONE', ( #2912, #563 ) ) ;
#1211 = ADVANCED_FACE ( 'NONE', ( #2905, #302, #3135, #2846, #950, #2890 ), #3436, .T. ) ;
#1212 = EDGE_CURVE ( 'NONE', #71, #2258, #874, .T. ) ;
#1213 = AXIS2_PLACEMENT_3D ( 'NONE', #2942, #1538, #2647 ) ;
#1214 = DIRECTION ( 'NONE',  ( -0.000000000000000000, 0.000000000000000000, 1.000000000000000000 ) ) ;
#1215 = EDGE_LOOP ( 'NONE', ( #3611, #222 ) ) ;
#1216 = ORIENTED_EDGE ( 'NONE', *, *, #2755, .T. ) ;
#1217 = AXIS2_PLACEMENT_3D ( 'NONE', #677, #1756, #3517 ) ;
#1218 = VERTEX_POINT ( 'NONE', #648 ) ;
#1219 = DIRECTION ( 'NONE',  ( 0.000000000000000000, 0.000000000000000000, 1.000000000000000000 ) ) ;
#1220 = AXIS2_PLACEMENT_3D ( 'NONE', #239, #2798, #1367 ) ;
#1221 = CARTESIAN_POINT ( 'NONE',  ( -54.77272727272728048, 64.22044564632786035, -39.00000000000000000 ) ) ;
#1222 = CIRCLE ( 'NONE', #1105, 5.000000000000004441 ) ;
#1223 = CYLINDRICAL_SURFACE ( 'NONE', #444, 3.400000000000000355 ) ;
#1224 = CARTESIAN_POINT ( 'NONE',  ( -3.686850795607231834, 68.71649895078570580, 29.78182315559602600 ) ) ;
#1225 = VECTOR ( 'NONE', #2999, 1000.000000000000000 ) ;
#1226 = CIRCLE ( 'NONE', #1403, 30.00000000000000000 ) ;
#1227 = CARTESIAN_POINT ( 'NONE',  ( -50.00000000000000000, 50.00000000000000000, 47.00000000000000000 ) ) ;
#1228 = AXIS2_PLACEMENT_3D ( 'NONE', #3124, #824, #1973 ) ;
#1229 = ORIENTED_EDGE ( 'NONE', *, *, #827, .F. ) ;
#1230 = FACE_OUTER_BOUND ( 'NONE', #549, .T. ) ;
#1231 = CARTESIAN_POINT ( 'NONE',  ( -50.00000000000000000, 50.00000000000000000, 30.00000000000000000 ) ) ;
#1232 = EDGE_CURVE ( 'NONE', #3003, #2723, #1815, .T. ) ;
#1233 = VERTEX_POINT ( 'NONE', #1780 ) ;
#1234 = CARTESIAN_POINT ( 'NONE',  ( -75.67766952966350402, 32.32233047033668072, 47.00000000000000000 ) ) ;
#1235 = ORIENTED_EDGE ( 'NONE', *, *, #822, .T. ) ;
#1236 = ORIENTED_EDGE ( 'NONE', *, *, #1719, .F. ) ;
#1237 = ADVANCED_FACE ( 'NONE', ( #2548, #1506 ), #2588, .T. ) ;
#1238 = EDGE_LOOP ( 'NONE', ( #344, #2537, #2610, #582, #351, #1415 ) ) ;
#1239 = CARTESIAN_POINT ( 'NONE',  ( -25.45454545454545325, 42.41576232195848206, -47.00000000000000000 ) ) ;
#1240 = DIRECTION ( 'NONE',  ( -0.000000000000000000, -0.000000000000000000, -1.000000000000000000 ) ) ;
#1241 = DIRECTION ( 'NONE',  ( 0.000000000000000000, 0.000000000000000000, -1.000000000000000000 ) ) ;
#1242 = CARTESIAN_POINT ( 'NONE',  ( -6.938893903907228378E-15, 70.00000000000000000, 27.00000000000000000 ) ) ;
#1243 = PRESENTATION_STYLE_ASSIGNMENT (( #682 ) ) ;
#1244 = CARTESIAN_POINT ( 'NONE',  ( -8.113592374804809992, 68.67753022863772117, 29.51508156036762642 ) ) ;
#1245 = DIRECTION ( 'NONE',  ( 1.000000000000000000, 0.000000000000000000, 0.000000000000000000 ) ) ;
#1246 = CARTESIAN_POINT ( 'NONE',  ( -41.99999999999999289, 50.00000000000000000, -47.00000000000000000 ) ) ;
#1247 = CARTESIAN_POINT ( 'NONE',  ( -25.45454545454545325, 57.58423767804152504, -47.00000000000000000 ) ) ;
#1248 = ORIENTED_EDGE ( 'NONE', *, *, #3303, .T. ) ;
#1249 = ADVANCED_FACE ( 'NONE', ( #932 ), #3491, .F. ) ;
#1250 = CARTESIAN_POINT ( 'NONE',  ( -5.887241061923919716, 69.70966059321004593, -29.45402847640306021 ) ) ;
#1251 = EDGE_LOOP ( 'NONE', ( #2556, #1272, #1750, #2480 ) ) ;
#1252 = EDGE_LOOP ( 'NONE', ( #65, #1653, #3266, #3155 ) ) ;
#1253 = ORIENTED_EDGE ( 'NONE', *, *, #3628, .T. ) ;
#1254 = LINE ( 'NONE', #3462, #3271 ) ;
#1255 = DIRECTION ( 'NONE',  ( 0.000000000000000000, 0.000000000000000000, -1.000000000000000000 ) ) ;
#1256 = DIRECTION ( 'NONE',  ( 1.000000000000000000, 0.000000000000000000, 0.000000000000000000 ) ) ;
#1257 = CARTESIAN_POINT ( 'NONE',  ( 0.000000000000000000, 67.00000000000000000, -30.00000000000000355 ) ) ;
#1258 = DIRECTION ( 'NONE',  ( 1.000000000000000000, 0.000000000000000000, 0.000000000000000000 ) ) ;
#1259 = CARTESIAN_POINT ( 'NONE',  ( -0.8170490766960859519, 67.17419534795935476, 30.00000000000000355 ) ) ;
#1260 = AXIS2_PLACEMENT_3D ( 'NONE', #645, #1425, #359 ) ;
#1261 = DIRECTION ( 'NONE',  ( -0.000000000000000000, -0.000000000000000000, 1.000000000000000000 ) ) ;
#1262 = VECTOR ( 'NONE', #1828, 1000.000000000000000 ) ;
#1263 = DIRECTION ( 'NONE',  ( 0.000000000000000000, 0.000000000000000000, -1.000000000000000000 ) ) ;
#1264 = EDGE_CURVE ( 'NONE', #3201, #3100, #172, .T. ) ;
#1265 = AXIS2_PLACEMENT_3D ( 'NONE', #1286, #1537, #2161 ) ;
#1266 = CYLINDRICAL_SURFACE ( 'NONE', #47, 25.00000000000000711 ) ;
#1267 = AXIS2_PLACEMENT_3D ( 'NONE', #2772, #1662, #1394 ) ;
#1268 = ADVANCED_FACE ( 'NONE', ( #2019 ), #867, .T. ) ;
#1269 = CARTESIAN_POINT ( 'NONE',  ( -25.00000000000002132, 8.000000000000000000, -19.99999999999998934 ) ) ;
#1270 = CIRCLE ( 'NONE', #155, 27.00000000000000000 ) ;
#1271 = VERTEX_POINT ( 'NONE', #2347 ) ;
#1272 = ORIENTED_EDGE ( 'NONE', *, *, #1802, .F. ) ;
#1273 = ORIENTED_EDGE ( 'NONE', *, *, #2865, .T. ) ;
#1274 = CARTESIAN_POINT ( 'NONE',  ( -50.00000000000000000, 50.00000000000000000, 45.00000000000000000 ) ) ;
#1275 = EDGE_CURVE ( 'NONE', #3063, #2168, #1991, .T. ) ;
#1276 = AXIS2_PLACEMENT_3D ( 'NONE', #2473, #1334, #3371 ) ;
#1277 = CARTESIAN_POINT ( 'NONE',  ( -50.00000000000000000, 50.00000000000000000, -39.00000000000000000 ) ) ;
#1278 = CARTESIAN_POINT ( 'NONE',  ( -11.13291135861084591, 69.20983690596187898, -29.03847559234846898 ) ) ;
#1279 = CARTESIAN_POINT ( 'NONE',  ( 0.000000000000000000, 27.00000000000000000, -17.50000000000000000 ) ) ;
#1280 = CARTESIAN_POINT ( 'NONE',  ( -3.192984505846132581, 67.68086680016993739, 29.94230328709416256 ) ) ;
#1281 = AXIS2_PLACEMENT_3D ( 'NONE', #1091, #311, #1115 ) ;
#1282 = CARTESIAN_POINT ( 'NONE',  ( -24.99999999999994671, 8.000000000000000000, -35.00000000000000000 ) ) ;
#1283 = CARTESIAN_POINT ( 'NONE',  ( -54.77272727272728758, 35.77955435367213255, -47.00000000000000000 ) ) ;
#1284 = AXIS2_PLACEMENT_3D ( 'NONE', #326, #1194, #2351 ) ;
#1285 = EDGE_CURVE ( 'NONE', #2650, #201, #400, .T. ) ;
#1286 = CARTESIAN_POINT ( 'NONE',  ( 25.00000000000000000, 0.000000000000000000, -25.00000000000000000 ) ) ;
#1287 = DIRECTION ( 'NONE',  ( 1.000000000000000000, 0.000000000000000000, -0.000000000000000000 ) ) ;
#1288 = VECTOR ( 'NONE', #2761, 1000.000000000000000 ) ;
#1289 = FACE_OUTER_BOUND ( 'NONE', #1841, .T. ) ;
#1290 = CIRCLE ( 'NONE', #1462, 17.00000000000000711 ) ;
#1291 = DIRECTION ( 'NONE',  ( 0.000000000000000000, 0.000000000000000000, -1.000000000000000000 ) ) ;
#1292 = ORIENTED_EDGE ( 'NONE', *, *, #2604, .T. ) ;
#1293 = ORIENTED_EDGE ( 'NONE', *, *, #2855, .F. ) ;
#1294 = ORIENTED_EDGE ( 'NONE', *, *, #3427, .T. ) ;
#1295 = DIRECTION ( 'NONE',  ( -0.000000000000000000, -0.000000000000000000, -1.000000000000000000 ) ) ;
#1296 = CARTESIAN_POINT ( 'NONE',  ( -35.50000000000000711, 50.00000000000000000, -37.00000000000000000 ) ) ;
#1297 = CARTESIAN_POINT ( 'NONE',  ( -38.81140422757172104, 27.64345007293836431, 55.00000000000000000 ) ) ;
#1298 = CARTESIAN_POINT ( 'NONE',  ( 0.000000000000000000, 67.00000000000000000, -30.00000000000000355 ) ) ;
#1299 = CYLINDRICAL_SURFACE ( 'NONE', #2699, 3.400000000000000355 ) ;
#1300 = CARTESIAN_POINT ( 'NONE',  ( -50.00000000000000000, 65.00000000000000000, -20.00000000000000000 ) ) ;
#1301 = DIRECTION ( 'NONE',  ( -0.000000000000000000, 1.000000000000000000, -0.000000000000000000 ) ) ;
#1302 = CARTESIAN_POINT ( 'NONE',  ( 1.653273178848928444E-15, 0.000000000000000000, 13.50000000000001243 ) ) ;
#1303 = CARTESIAN_POINT ( 'NONE',  ( 0.000000000000000000, 65.00000000000000000, 0.000000000000000000 ) ) ;
#1304 = CARTESIAN_POINT ( 'NONE',  ( -13.80737673149645950, 72.55381636406688983, -26.64554755171557687 ) ) ;
#1305 = ORIENTED_EDGE ( 'NONE', *, *, #1434, .T. ) ;
#1306 = ORIENTED_EDGE ( 'NONE', *, *, #1345, .F. ) ;
#1307 = ORIENTED_EDGE ( 'NONE', *, *, #1309, .T. ) ;
#1308 = LINE ( 'NONE', #2714, #1075 ) ;
#1309 = EDGE_CURVE ( 'NONE', #534, #547, #2053, .T. ) ;
#1310 = PLANE ( 'NONE',  #1169 ) ;
#1311 = EDGE_CURVE ( 'NONE', #3661, #2931, #2365, .T. ) ;
#1312 = DIRECTION ( 'NONE',  ( 0.000000000000000000, 0.000000000000000000, 1.000000000000000000 ) ) ;
#1313 = DIRECTION ( 'NONE',  ( 0.000000000000000000, 0.000000000000000000, 1.000000000000000000 ) ) ;
#1314 = DIRECTION ( 'NONE',  ( -0.000000000000000000, 0.000000000000000000, 1.000000000000000000 ) ) ;
#1315 = UNCERTAINTY_MEASURE_WITH_UNIT (LENGTH_MEASURE( 1.000000000000000082E-05 ), #2750, 'distance_accuracy_value', 'NONE');
#1316 = LINE ( 'NONE', #539, #2316 ) ;
#1317 = FACE_OUTER_BOUND ( 'NONE', #87, .T. ) ;
#1318 = CIRCLE ( 'NONE', #3334, 25.00000000000000000 ) ;
#1319 = DIRECTION ( 'NONE',  ( -1.000000000000000000, 0.000000000000000000, 0.000000000000000000 ) ) ;
#1320 = VECTOR ( 'NONE', #714, 1000.000000000000000 ) ;
#1321 = VECTOR ( 'NONE', #106, 1000.000000000000000 ) ;
#1322 = CARTESIAN_POINT ( 'NONE',  ( -11.29807037889425381, 71.82394049340868492, -27.79393175564527141 ) ) ;
#1323 = CIRCLE ( 'NONE', #3279, 2.999999999999999112 ) ;
#1324 = ORIENTED_EDGE ( 'NONE', *, *, #273, .F. ) ;
#1325 = EDGE_LOOP ( 'NONE', ( #2223, #879, #3538, #2845, #1938, #1840 ) ) ;
#1326 = ORIENTED_EDGE ( 'NONE', *, *, #3507, .F. ) ;
#1327 = EDGE_CURVE ( 'NONE', #909, #1881, #2461, .T. ) ;
#1328 = CYLINDRICAL_SURFACE ( 'NONE', #1024, 5.000000000000004441 ) ;
#1329 = EDGE_CURVE ( 'NONE', #3174, #1842, #1112, .T. ) ;
#1330 = DIRECTION ( 'NONE',  ( -1.000000000000000000, -0.000000000000000000, -0.000000000000000000 ) ) ;
#1331 = ORIENTED_EDGE ( 'NONE', *, *, #2802, .T. ) ;
#1332 = DIRECTION ( 'NONE',  ( -0.3181818181818183988, -0.9480297097551912966, 0.000000000000000000 ) ) ;
#1333 = EDGE_CURVE ( 'NONE', #1067, #1011, #465, .T. ) ;
#1334 = DIRECTION ( 'NONE',  ( -1.000000000000000000, 1.734723475976807403E-17, 1.734723475976809251E-17 ) ) ;
#1335 = CARTESIAN_POINT ( 'NONE',  ( -67.67766952966331928, 67.67766952966405825, 55.00000000000000000 ) ) ;
#1336 = CIRCLE ( 'NONE', #2981, 2.999999999999999112 ) ;
#1337 = DIRECTION ( 'NONE',  ( -1.000000000000000000, 0.000000000000000000, 0.000000000000000000 ) ) ;
#1338 = EDGE_CURVE ( 'NONE', #9, #71, #520, .T. ) ;
#1339 = DIRECTION ( 'NONE',  ( 1.000000000000000000, 0.000000000000000000, 0.000000000000000000 ) ) ;
#1340 = TOROIDAL_SURFACE ( 'NONE', #335, 20.50000000000000000, 3.000000000000000000 ) ;
#1341 = VECTOR ( 'NONE', #2675, 999.9999999999998863 ) ;
#1342 = DIRECTION ( 'NONE',  ( 0.000000000000000000, 0.000000000000000000, 1.000000000000000000 ) ) ;
#1343 = ADVANCED_FACE ( 'NONE', ( #2386 ), #2980, .T. ) ;
#1344 = VECTOR ( 'NONE', #3182, 1000.000000000000000 ) ;
#1345 = EDGE_CURVE ( 'NONE', #2312, #368, #1637, .T. ) ;
#1346 = CARTESIAN_POINT ( 'NONE',  ( -67.67766952966331928, 67.67766952966405825, 55.00000000000000000 ) ) ;
#1347 = ORIENTED_EDGE ( 'NONE', *, *, #2788, .F. ) ;
#1348 = EDGE_LOOP ( 'NONE', ( #3382, #150, #820, #2304 ) ) ;
#1349 = CIRCLE ( 'NONE', #1817, 12.50000000000000000 ) ;
#1350 = DIRECTION ( 'NONE',  ( 1.000000000000000000, 0.000000000000000000, 0.000000000000000000 ) ) ;
#1351 = CARTESIAN_POINT ( 'NONE',  ( -12.71379390903300433, 69.45729340929322859, -28.73218676596829013 ) ) ;
#1352 = ORIENTED_EDGE ( 'NONE', *, *, #3041, .T. ) ;
#1353 = CARTESIAN_POINT ( 'NONE',  ( -67.67766952966331928, 67.67766952966405825, 47.00000000000000000 ) ) ;
#1354 = DIRECTION ( 'NONE',  ( -0.000000000000000000, -0.000000000000000000, -1.000000000000000000 ) ) ;
#1355 = DIRECTION ( 'NONE',  ( -1.000000000000000000, 0.000000000000000000, 0.000000000000000000 ) ) ;
#1356 = EDGE_CURVE ( 'NONE', #2290, #2600, #1290, .T. ) ;
#1357 = CARTESIAN_POINT ( 'NONE',  ( -45.22727272727272663, 35.77955435367213255, -47.00000000000000000 ) ) ;
#1358 = CARTESIAN_POINT ( 'NONE',  ( -25.45454545454545325, 57.58423767804152504, -39.00000000000000000 ) ) ;
#1359 = ADVANCED_FACE ( 'NONE', ( #2944 ), #3529, .T. ) ;
#1360 = CARTESIAN_POINT ( 'NONE',  ( 0.000000000000000000, 1.000000000000000888, -12.50000000000000000 ) ) ;
#1361 = EDGE_CURVE ( 'NONE', #1698, #3536, #417, .T. ) ;
#1362 = DIRECTION ( 'NONE',  ( 1.000000000000000000, 0.000000000000000000, 0.000000000000000000 ) ) ;
#1363 = ORIENTED_EDGE ( 'NONE', *, *, #2407, .T. ) ;
#1364 = ORIENTED_EDGE ( 'NONE', *, *, #264, .F. ) ;
#1365 = DIRECTION ( 'NONE',  ( -0.000000000000000000, 0.000000000000000000, 1.000000000000000000 ) ) ;
#1366 = EDGE_CURVE ( 'NONE', #1725, #3267, #1167, .T. ) ;
#1367 = DIRECTION ( 'NONE',  ( -1.000000000000000000, 0.000000000000000000, 0.000000000000000000 ) ) ;
#1368 = ORIENTED_EDGE ( 'NONE', *, *, #3570, .T. ) ;
#1369 = CARTESIAN_POINT ( 'NONE',  ( -25.45454545454545325, 57.58423767804152504, -39.00000000000000000 ) ) ;
#1370 = DIRECTION ( 'NONE',  ( -0.000000000000000000, -0.000000000000000000, -1.000000000000000000 ) ) ;
#1371 = CARTESIAN_POINT ( 'NONE',  ( 25.00000000000000000, 0.000000000000000000, 19.99999999999999645 ) ) ;
#1372 = CARTESIAN_POINT ( 'NONE',  ( -64.27766952966332781, 67.67766952966405825, 55.00000000000000000 ) ) ;
#1373 = LINE ( 'NONE', #2494, #3585 ) ;
#1374 = CYLINDRICAL_SURFACE ( 'NONE', #1022, 7.999999999999992895 ) ;
#1375 = ADVANCED_FACE ( 'NONE', ( #1289 ), #3359, .F. ) ;
#1376 = AXIS2_PLACEMENT_3D ( 'NONE', #95, #939, #654 ) ;
#1377 = CARTESIAN_POINT ( 'NONE',  ( -27.99999999999999645, 50.00000000000000000, -47.00000000000000000 ) ) ;
#1378 = ORIENTED_EDGE ( 'NONE', *, *, #2632, .F. ) ;
#1379 = VERTEX_POINT ( 'NONE', #3249 ) ;
#1380 = VECTOR ( 'NONE', #317, 1000.000000000000000 ) ;
#1381 = ORIENTED_EDGE ( 'NONE', *, *, #3411, .F. ) ;
#1382 = DIRECTION ( 'NONE',  ( -1.000000000000000000, 0.000000000000000000, 0.000000000000000000 ) ) ;
#1383 = PRESENTATION_LAYER_ASSIGNMENT (  '', '', ( #207 ) ) ;
#1384 = CARTESIAN_POINT ( 'NONE',  ( -25.45454545454545325, 57.58423767804152504, -47.00000000000000000 ) ) ;
#1385 = VERTEX_POINT ( 'NONE', #2440 ) ;
#1386 = ORIENTED_EDGE ( 'NONE', *, *, #2970, .F. ) ;
#1387 = ORIENTED_EDGE ( 'NONE', *, *, #663, .F. ) ;
#1388 = DIRECTION ( 'NONE',  ( 0.000000000000000000, 1.000000000000000000, -0.000000000000000000 ) ) ;
#1389 = EDGE_CURVE ( 'NONE', #2242, #2878, #1539, .T. ) ;
#1390 = VECTOR ( 'NONE', #80, 1000.000000000000000 ) ;
#1391 = DIRECTION ( 'NONE',  ( 1.224646799147353207E-16, 1.000000000000000000, -0.000000000000000000 ) ) ;
#1392 = DIRECTION ( 'NONE',  ( 1.000000000000000000, 0.000000000000000000, 0.000000000000000000 ) ) ;
#1393 = VECTOR ( 'NONE', #632, 1000.000000000000000 ) ;
#1394 = DIRECTION ( 'NONE',  ( 0.000000000000000000, 0.000000000000000000, -1.000000000000000000 ) ) ;
#1395 = CARTESIAN_POINT ( 'NONE',  ( -24.60000000000000497, 50.00000000000000000, -47.00000000000000000 ) ) ;
#1396 = CARTESIAN_POINT ( 'NONE',  ( -67.67766952966331928, 67.67766952966405825, 47.00000000000000000 ) ) ;
#1397 = PRESENTATION_LAYER_ASSIGNMENT (  '', '', ( #2564 ) ) ;
#1398 = CARTESIAN_POINT ( 'NONE',  ( -50.00000000000000000, 50.00000000000000000, 55.00000000000000000 ) ) ;
#1399 = EDGE_LOOP ( 'NONE', ( #2549, #1470 ) ) ;
#1400 = VECTOR ( 'NONE', #2277, 1000.000000000000000 ) ;
#1401 = ORIENTED_EDGE ( 'NONE', *, *, #3191, .F. ) ;
#1402 = AXIS2_PLACEMENT_3D ( 'NONE', #2125, #726, #1581 ) ;
#1403 = AXIS2_PLACEMENT_3D ( 'NONE', #129, #2196, #1932 ) ;
#1404 = CARTESIAN_POINT ( 'NONE',  ( 21.07417808142086812, 65.00000000000000000, -20.00000000000000000 ) ) ;
#1405 = AXIS2_PLACEMENT_3D ( 'NONE', #3443, #881, #2819 ) ;
#1406 = VERTEX_POINT ( 'NONE', #142 ) ;
#1407 = ORIENTED_EDGE ( 'NONE', *, *, #1798, .F. ) ;
#1408 = DIRECTION ( 'NONE',  ( 1.000000000000000000, -0.000000000000000000, -1.224646799147353207E-16 ) ) ;
#1409 = DIRECTION ( 'NONE',  ( -0.000000000000000000, 0.000000000000000000, 1.000000000000000000 ) ) ;
#1410 = CARTESIAN_POINT ( 'NONE',  ( -32.32233047033613360, 32.32233047033648177, 47.00000000000000000 ) ) ;
#1411 = DIRECTION ( 'NONE',  ( -0.000000000000000000, 0.000000000000000000, 1.000000000000000000 ) ) ;
#1412 = CARTESIAN_POINT ( 'NONE',  ( -12.86602219547730286, 69.47683768083405198, -28.69581178956308065 ) ) ;
#1413 = CARTESIAN_POINT ( 'NONE',  ( 25.00000000000000000, 8.000000000000000000, -30.00000000000000711 ) ) ;
#1414 = CARTESIAN_POINT ( 'NONE',  ( -58.00000000000000711, 50.00000000000000000, -47.00000000000000000 ) ) ;
#1415 = ORIENTED_EDGE ( 'NONE', *, *, #66, .F. ) ;
#1416 = ORIENTED_EDGE ( 'NONE', *, *, #466, .T. ) ;
#1417 = ADVANCED_FACE ( 'NONE', ( #3565 ), #1266, .T. ) ;
#1418 = DIRECTION ( 'NONE',  ( 0.000000000000000000, 0.000000000000000000, -1.000000000000000000 ) ) ;
#1419 = ORIENTED_EDGE ( 'NONE', *, *, #888, .F. ) ;
#1420 = EDGE_LOOP ( 'NONE', ( #364, #2612, #956, #3481 ) ) ;
#1421 = DIRECTION ( 'NONE',  ( 0.000000000000000000, 1.000000000000000000, 0.000000000000000000 ) ) ;
#1422 = CYLINDRICAL_SURFACE ( 'NONE', #3407, 2.999999999999999112 ) ;
#1423 = FACE_BOUND ( 'NONE', #1785, .T. ) ;
#1424 = CARTESIAN_POINT ( 'NONE',  ( -5.920927312654773900, 69.72454107107087395, -29.44765879958587362 ) ) ;
#1425 = DIRECTION ( 'NONE',  ( -0.000000000000000000, -0.000000000000000000, -1.000000000000000000 ) ) ;
#1426 = ORIENTED_EDGE ( 'NONE', *, *, #1129, .T. ) ;
#1427 = CARTESIAN_POINT ( 'NONE',  ( 2.204364238465235428E-15, 0.000000000000000000, 18.00000000000000000 ) ) ;
#1428 = ORIENTED_EDGE ( 'NONE', *, *, #3274, .T. ) ;
#1429 = ORIENTED_EDGE ( 'NONE', *, *, #3570, .F. ) ;
#1430 = DIRECTION ( 'NONE',  ( -0.000000000000000000, -0.000000000000000000, 1.000000000000000000 ) ) ;
#1431 = CIRCLE ( 'NONE', #1260, 2.999999999999995559 ) ;
#1432 = ORIENTED_EDGE ( 'NONE', *, *, #358, .F. ) ;
#1433 = ORIENTED_EDGE ( 'NONE', *, *, #1264, .T. ) ;
#1434 = EDGE_CURVE ( 'NONE', #1011, #1067, #3540, .T. ) ;
#1435 = EDGE_LOOP ( 'NONE', ( #3313, #407, #1583, #1125 ) ) ;
#1436 = VECTOR ( 'NONE', #151, 1000.000000000000000 ) ;
#1437 = DIRECTION ( 'NONE',  ( -1.224646799147353454E-16, 0.000000000000000000, -1.000000000000000000 ) ) ;
#1438 =( NAMED_UNIT ( * ) SI_UNIT ( $, .STERADIAN. ) SOLID_ANGLE_UNIT ( ) );
#1439 = VECTOR ( 'NONE', #1261, 1000.000000000000000 ) ;
#1440 =( LENGTH_UNIT ( ) NAMED_UNIT ( * ) SI_UNIT ( .MILLI., .METRE. ) );
#1441 = CIRCLE ( 'NONE', #2849, 3.399999999999986144 ) ;
#1442 = CARTESIAN_POINT ( 'NONE',  ( -8.113592374797198303, 68.67753022864167178, -29.51508156036419450 ) ) ;
#1443 = FACE_OUTER_BOUND ( 'NONE', #238, .T. ) ;
#1444 = ORIENTED_EDGE ( 'NONE', *, *, #1732, .F. ) ;
#1445 = FACE_OUTER_BOUND ( 'NONE', #2524, .T. ) ;
#1446 = PRESENTATION_STYLE_ASSIGNMENT (( #1722 ) ) ;
#1447 = ORIENTED_EDGE ( 'NONE', *, *, #16, .T. ) ;
#1448 = CARTESIAN_POINT ( 'NONE',  ( -25.00000000000000711, 8.000000000000000000, 35.00000000000000000 ) ) ;
#1449 = EDGE_CURVE ( 'NONE', #2182, #934, #1758, .T. ) ;
#1450 = AXIS2_PLACEMENT_3D ( 'NONE', #1549, #2379, #1865 ) ;
#1451 = ORIENTED_EDGE ( 'NONE', *, *, #1389, .T. ) ;
#1452 = AXIS2_PLACEMENT_3D ( 'NONE', #2011, #3143, #2230 ) ;
#1453 = PRODUCT_DEFINITION_FORMATION_WITH_SPECIFIED_SOURCE ( 'δ»', '', #1759, .NOT_KNOWN. ) ;
#1454 = CYLINDRICAL_SURFACE ( 'NONE', #3173, 3.399999999999993250 ) ;
#1455 = VECTOR ( 'NONE', #656, 1000.000000000000114 ) ;
#1456 = ORIENTED_EDGE ( 'NONE', *, *, #447, .T. ) ;
#1457 = VERTEX_POINT ( 'NONE', #2686 ) ;
#1458 = ORIENTED_EDGE ( 'NONE', *, *, #1672, .T. ) ;
#1459 = CIRCLE ( 'NONE', #1402, 3.399999999999993250 ) ;
#1460 = AXIS2_PLACEMENT_3D ( 'NONE', #1018, #3614, #193 ) ;
#1461 = CARTESIAN_POINT ( 'NONE',  ( 2.510525938252074481E-15, 27.00000000000000000, 20.50000000000000000 ) ) ;
#1462 = AXIS2_PLACEMENT_3D ( 'NONE', #2423, #742, #1820 ) ;
#1463 = CARTESIAN_POINT ( 'NONE',  ( 34.99999999999999289, 8.000000000000000000, 24.99999999999993605 ) ) ;
#1464 = DIRECTION ( 'NONE',  ( 1.000000000000000000, 0.000000000000000000, 0.000000000000000000 ) ) ;
#1465 = CARTESIAN_POINT ( 'NONE',  ( -14.86977055529996328, 70.47917037648832661, 26.06776241438622321 ) ) ;
#1466 = ORIENTED_EDGE ( 'NONE', *, *, #1478, .F. ) ;
#1467 = DIRECTION ( 'NONE',  ( -1.000000000000000000, 0.000000000000000000, -0.000000000000000000 ) ) ;
#1468 = EDGE_CURVE ( 'NONE', #513, #2326, #163, .T. ) ;
#1469 = LINE ( 'NONE', #2586, #2499 ) ;
#1470 = ORIENTED_EDGE ( 'NONE', *, *, #2299, .T. ) ;
#1471 = DIRECTION ( 'NONE',  ( 1.000000000000000000, 0.000000000000000000, 0.000000000000000000 ) ) ;
#1472 = VERTEX_POINT ( 'NONE', #1247 ) ;
#1473 = CARTESIAN_POINT ( 'NONE',  ( -58.00000000000000711, 50.00000000000000000, 55.00000000000000711 ) ) ;
#1474 = ORIENTED_EDGE ( 'NONE', *, *, #3274, .F. ) ;
#1475 = ORIENTED_EDGE ( 'NONE', *, *, #1107, .F. ) ;
#1476 = VERTEX_POINT ( 'NONE', #286 ) ;
#1477 = DIRECTION ( 'NONE',  ( 0.000000000000000000, 0.000000000000000000, -1.000000000000000000 ) ) ;
#1478 = EDGE_CURVE ( 'NONE', #764, #2569, #1080, .T. ) ;
#1479 = CARTESIAN_POINT ( 'NONE',  ( -38.81140422757173525, 72.35654992706164990, 55.00000000000000000 ) ) ;
#1480 =( NAMED_UNIT ( * ) PLANE_ANGLE_UNIT ( ) SI_UNIT ( $, .RADIAN. ) );
#1481 = CARTESIAN_POINT ( 'NONE',  ( -11.69638381404192273, 71.95367536187052337, -27.62874870834775365 ) ) ;
#1482 = CARTESIAN_POINT ( 'NONE',  ( -12.77174391276190946, 72.27698309001048926, 27.14844813849349237 ) ) ;
#1483 = EDGE_CURVE ( 'NONE', #547, #105, #263, .T. ) ;
#1484 = CARTESIAN_POINT ( 'NONE',  ( -25.00000000000000711, 8.000000000000000000, 25.00000000000000711 ) ) ;
#1485 = ORIENTED_EDGE ( 'NONE', *, *, #647, .T. ) ;
#1486 = DIRECTION ( 'NONE',  ( 0.000000000000000000, -0.000000000000000000, 1.000000000000000000 ) ) ;
#1487 = ORIENTED_EDGE ( 'NONE', *, *, #673, .T. ) ;
#1488 = CARTESIAN_POINT ( 'NONE',  ( 24.99999999999998579, 8.000000000000000000, -25.00000000000000000 ) ) ;
#1489 = ORIENTED_EDGE ( 'NONE', *, *, #3035, .T. ) ;
#1490 = ORIENTED_EDGE ( 'NONE', *, *, #2760, .F. ) ;
#1491 = VERTEX_POINT ( 'NONE', #830 ) ;
#1492 = CARTESIAN_POINT ( 'NONE',  ( 2.510525938252074481E-15, 8.000000000000000000, 20.50000000000000000 ) ) ;
#1493 = AXIS2_PLACEMENT_3D ( 'NONE', #3603, #1684, #3078 ) ;
#1494 = DIRECTION ( 'NONE',  ( 0.000000000000000000, 1.000000000000000000, -0.000000000000000000 ) ) ;
#1495 = AXIS2_PLACEMENT_3D ( 'NONE', #1787, #640, #675 ) ;
#1496 = EDGE_CURVE ( 'NONE', #2778, #1029, #1788, .T. ) ;
#1497 = LINE ( 'NONE', #3258, #499 ) ;
#1498 = COLOUR_RGB ( '',1.000000000000000000, 1.000000000000000000, 1.000000000000000000 ) ;
#1499 = CARTESIAN_POINT ( 'NONE',  ( -11.65743441859518192, 71.94123798618541343, 27.64522133386907399 ) ) ;
#1500 = VECTOR ( 'NONE', #2300, 1000.000000000000000 ) ;
#1501 = CARTESIAN_POINT ( 'NONE',  ( -16.58315589157076886, 72.99999999737333667, 25.01321257533247433 ) ) ;
#1502 = ORIENTED_EDGE ( 'NONE', *, *, #2269, .F. ) ;
#1503 = CARTESIAN_POINT ( 'NONE',  ( -71.07766952966352392, 32.32233047033668072, 55.00000000000000000 ) ) ;
#1504 = CARTESIAN_POINT ( 'NONE',  ( -62.50000000000000000, 50.00000000000000000, -37.00000000000000000 ) ) ;
#1505 = ORIENTED_EDGE ( 'NONE', *, *, #647, .F. ) ;
#1506 = FACE_BOUND ( 'NONE', #1772, .T. ) ;
#1507 = ORIENTED_EDGE ( 'NONE', *, *, #693, .F. ) ;
#1508 = VECTOR ( 'NONE', #987, 1000.000000000000227 ) ;
#1509 = PLANE ( 'NONE',  #280 ) ;
#1510 = ORIENTED_EDGE ( 'NONE', *, *, #1040, .T. ) ;
#1511 = ORIENTED_EDGE ( 'NONE', *, *, #433, .T. ) ;
#1512 = VERTEX_POINT ( 'NONE', #216 ) ;
#1513 = DIRECTION ( 'NONE',  ( 1.000000000000000000, 0.000000000000000000, 0.000000000000000000 ) ) ;
#1514 = AXIS2_PLACEMENT_3D ( 'NONE', #2814, #3367, #32 ) ;
#1515 = ADVANCED_FACE ( 'NONE', ( #3040 ), #1119, .T. ) ;
#1516 = CARTESIAN_POINT ( 'NONE',  ( 24.99999999999998579, 8.000000000000000000, -25.00000000000000000 ) ) ;
#1517 = CIRCLE ( 'NONE', #3356, 20.00000000000000711 ) ;
#1518 = CARTESIAN_POINT ( 'NONE',  ( -33.00000000000000000, 50.00000000000000000, 30.00000000000000000 ) ) ;
#1519 = DIRECTION ( 'NONE',  ( -0.000000000000000000, -1.000000000000000000, -0.000000000000000000 ) ) ;
#1520 = FACE_OUTER_BOUND ( 'NONE', #1012, .T. ) ;
#1521 = COLOUR_RGB ( '',1.000000000000000000, 1.000000000000000000, 1.000000000000000000 ) ;
#1522 = DIRECTION ( 'NONE',  ( 0.000000000000000000, 0.000000000000000000, 1.000000000000000000 ) ) ;
#1523 = CARTESIAN_POINT ( 'NONE',  ( -50.00000000000000000, 50.00000000000000000, -37.00000000000000000 ) ) ;
#1524 = DIRECTION ( 'NONE',  ( -1.000000000000000000, -0.000000000000000000, -0.000000000000000000 ) ) ;
#1525 = VERTEX_POINT ( 'NONE', #235 ) ;
#1526 = DIRECTION ( 'NONE',  ( -0.000000000000000000, -0.000000000000000000, -1.000000000000000000 ) ) ;
#1527 = ORIENTED_EDGE ( 'NONE', *, *, #2712, .F. ) ;
#1528 = ORIENTED_EDGE ( 'NONE', *, *, #1329, .F. ) ;
#1529 = ORIENTED_EDGE ( 'NONE', *, *, #2615, .F. ) ;
#1530 = EDGE_CURVE ( 'NONE', #1379, #1988, #2843, .T. ) ;
#1531 = DIRECTION ( 'NONE',  ( -0.000000000000000000, -1.000000000000000000, -0.000000000000000000 ) ) ;
#1532 = DIRECTION ( 'NONE',  ( -0.000000000000000000, -1.000000000000000000, -0.000000000000000000 ) ) ;
#1533 = CARTESIAN_POINT ( 'NONE',  ( -50.00000000000000000, 50.00000000000000000, 27.00000000000000000 ) ) ;
#1534 = CARTESIAN_POINT ( 'NONE',  ( -9.500342936266820359, 71.18817018622939941, 28.46598337302368265 ) ) ;
#1535 = SURFACE_STYLE_FILL_AREA ( #2017 ) ;
#1536 = CARTESIAN_POINT ( 'NONE',  ( -80.00000000000000000, 50.00000000000000000, -39.00000000000000000 ) ) ;
#1537 = DIRECTION ( 'NONE',  ( 0.000000000000000000, 1.000000000000000000, 0.000000000000000000 ) ) ;
#1538 = DIRECTION ( 'NONE',  ( -0.000000000000000000, 0.000000000000000000, 1.000000000000000000 ) ) ;
#1539 = LINE ( 'NONE', #689, #1692 ) ;
#1540 = VERTEX_POINT ( 'NONE', #1360 ) ;
#1541 = DIRECTION ( 'NONE',  ( -0.000000000000000000, -1.000000000000000000, -0.000000000000000000 ) ) ;
#1542 = EDGE_LOOP ( 'NONE', ( #1564, #1458, #1639, #130, #2172 ) ) ;
#1543 = ORIENTED_EDGE ( 'NONE', *, *, #2028, .T. ) ;
#1544 = ORIENTED_EDGE ( 'NONE', *, *, #898, .F. ) ;
#1545 = DIRECTION ( 'NONE',  ( -0.000000000000000000, 1.000000000000000000, -0.000000000000000000 ) ) ;
#1546 = CARTESIAN_POINT ( 'NONE',  ( -68.60000000000002274, 50.00000000000000000, -47.00000000000000000 ) ) ;
#1547 = EDGE_CURVE ( 'NONE', #368, #2312, #144, .T. ) ;
#1548 = CARTESIAN_POINT ( 'NONE',  ( -27.99999999999999645, 50.00000000000000000, -47.00000000000000000 ) ) ;
#1549 = CARTESIAN_POINT ( 'NONE',  ( 0.000000000000000000, 77.00000000000000000, 27.00000000000000000 ) ) ;
#1550 = CIRCLE ( 'NONE', #2546, 2.999999999999999112 ) ;
#1551 = DIRECTION ( 'NONE',  ( -0.000000000000000000, -0.000000000000000000, -1.000000000000000000 ) ) ;
#1552 = DIRECTION ( 'NONE',  ( 1.000000000000000000, 0.000000000000000000, 0.000000000000000000 ) ) ;
#1553 = AXIS2_PLACEMENT_3D ( 'NONE', #1613, #759, #3018 ) ;
#1554 = DIRECTION ( 'NONE',  ( -0.000000000000000000, -0.000000000000000000, 1.000000000000000000 ) ) ;
#1555 = CARTESIAN_POINT ( 'NONE',  ( -25.45454545454545325, 42.41576232195848206, -39.00000000000000000 ) ) ;
#1556 = AXIS2_PLACEMENT_3D ( 'NONE', #1057, #789, #3321 ) ;
#1557 = EDGE_CURVE ( 'NONE', #2536, #1995, #2518, .T. ) ;
#1558 = DIRECTION ( 'NONE',  ( 1.000000000000000000, 0.000000000000000000, 0.000000000000000000 ) ) ;
#1559 = AXIS2_PLACEMENT_3D ( 'NONE', #3127, #1411, #3 ) ;
#1560 = EDGE_CURVE ( 'NONE', #2826, #3424, #1850, .T. ) ;
#1561 = CARTESIAN_POINT ( 'NONE',  ( -15.89394085014635571, 72.93368558866210094, -25.45637759644914411 ) ) ;
#1562 = EDGE_LOOP ( 'NONE', ( #1273, #1138 ) ) ;
#1563 = ORIENTED_EDGE ( 'NONE', *, *, #2695, .T. ) ;
#1564 = ORIENTED_EDGE ( 'NONE', *, *, #1652, .T. ) ;
#1565 = DIRECTION ( 'NONE',  ( -0.000000000000000000, 0.000000000000000000, 1.000000000000000000 ) ) ;
#1566 = CIRCLE ( 'NONE', #2745, 15.00000000000000000 ) ;
#1567 = ADVANCED_FACE ( 'NONE', ( #2739 ), #1131, .F. ) ;
#1568 = CARTESIAN_POINT ( 'NONE',  ( -6.938893903907228378E-15, 70.00000000000000000, -30.00000000000000000 ) ) ;
#1569 = AXIS2_PLACEMENT_3D ( 'NONE', #3574, #1913, #2727 ) ;
#1570 = CARTESIAN_POINT ( 'NONE',  ( -75.00000000000001421, 50.00000000000000000, 55.00000000000000000 ) ) ;
#1571 = DIRECTION ( 'NONE',  ( 0.000000000000000000, 0.000000000000000000, -1.000000000000000000 ) ) ;
#1572 = FACE_OUTER_BOUND ( 'NONE', #2467, .T. ) ;
#1573 = CARTESIAN_POINT ( 'NONE',  ( -3.421138828918010427E-46, 67.00000000000000000, 30.00000000000000355 ) ) ;
#1574 = LINE ( 'NONE', #3548, #379 ) ;
#1575 = ADVANCED_FACE ( 'NONE', ( #487 ), #1374, .T. ) ;
#1576 = DIRECTION ( 'NONE',  ( 1.000000000000000000, 0.000000000000000000, 0.000000000000000000 ) ) ;
#1577 = CIRCLE ( 'NONE', #1693, 15.00000000000000000 ) ;
#1578 = DIRECTION ( 'NONE',  ( 1.000000000000000000, 0.000000000000000000, 0.000000000000000000 ) ) ;
#1579 = AXIS2_PLACEMENT_3D ( 'NONE', #2998, #2091, #722 ) ;
#1580 = ADVANCED_FACE ( 'NONE', ( #2177 ), #2809, .T. ) ;
#1581 = DIRECTION ( 'NONE',  ( 1.000000000000000000, 0.000000000000000000, 0.000000000000000000 ) ) ;
#1582 = DIRECTION ( 'NONE',  ( 1.000000000000000000, 0.000000000000000000, 0.000000000000000000 ) ) ;
#1583 = ORIENTED_EDGE ( 'NONE', *, *, #1647, .F. ) ;
#1584 = ORIENTED_EDGE ( 'NONE', *, *, #2822, .T. ) ;
#1585 = DIRECTION ( 'NONE',  ( 0.000000000000000000, 0.000000000000000000, -1.000000000000000000 ) ) ;
#1586 = CARTESIAN_POINT ( 'NONE',  ( -6.418476861114185460E-15, 67.00000000000000000, -30.00000000000000000 ) ) ;
#1587 = EDGE_CURVE ( 'NONE', #3290, #34, #2373, .T. ) ;
#1588 = DIRECTION ( 'NONE',  ( 0.000000000000000000, 0.000000000000000000, -1.000000000000000000 ) ) ;
#1589 = CARTESIAN_POINT ( 'NONE',  ( -50.00000000000000000, 50.00000000000000000, 32.00000000000000000 ) ) ;
#1590 = DIRECTION ( 'NONE',  ( 0.000000000000000000, 0.000000000000000000, -1.000000000000000000 ) ) ;
#1591 = DIRECTION ( 'NONE',  ( -0.000000000000000000, 0.000000000000000000, 1.000000000000000000 ) ) ;
#1592 = DIRECTION ( 'NONE',  ( 1.000000000000000000, 0.000000000000000000, 0.000000000000000000 ) ) ;
#1593 = DIRECTION ( 'NONE',  ( -0.000000000000000000, -0.000000000000000000, -1.000000000000000000 ) ) ;
#1594 = CARTESIAN_POINT ( 'NONE',  ( -72.00000000000001421, 50.00000000000000000, -39.00000000000000000 ) ) ;
#1595 = EDGE_CURVE ( 'NONE', #2723, #3000, #1904, .T. ) ;
#1596 = ADVANCED_FACE ( 'NONE', ( #792 ), #1928, .T. ) ;
#1597 = DIRECTION ( 'NONE',  ( 0.000000000000000000, 0.000000000000000000, -1.000000000000000000 ) ) ;
#1598 = EDGE_CURVE ( 'NONE', #1271, #270, #1650, .T. ) ;
#1599 = ORIENTED_EDGE ( 'NONE', *, *, #70, .F. ) ;
#1600 = ORIENTED_EDGE ( 'NONE', *, *, #3584, .F. ) ;
#1601 = ORIENTED_EDGE ( 'NONE', *, *, #1694, .T. ) ;
#1602 = DIRECTION ( 'NONE',  ( 0.000000000000000000, 0.000000000000000000, -1.000000000000000000 ) ) ;
#1603 = DIRECTION ( 'NONE',  ( -1.000000000000000000, 0.000000000000000000, 0.000000000000000000 ) ) ;
#1604 = ORIENTED_EDGE ( 'NONE', *, *, #2604, .F. ) ;
#1605 = DIRECTION ( 'NONE',  ( 1.000000000000000000, 0.000000000000000000, 0.000000000000000000 ) ) ;
#1606 = DIRECTION ( 'NONE',  ( 1.000000000000000000, 0.000000000000000000, 0.000000000000000000 ) ) ;
#1607 = CARTESIAN_POINT ( 'NONE',  ( -72.00000000000001421, 50.00000000000000000, -39.00000000000000000 ) ) ;
#1608 = EDGE_CURVE ( 'NONE', #637, #2573, #3091, .T. ) ;
#1609 = DIRECTION ( 'NONE',  ( 1.000000000000000000, 0.000000000000000000, 0.000000000000000000 ) ) ;
#1610 = CARTESIAN_POINT ( 'NONE',  ( -50.00000000000000000, 65.00000000000000000, -20.00000000000000000 ) ) ;
#1611 = CARTESIAN_POINT ( 'NONE',  ( -17.24878723728207675, 73.00000000000001421, -24.54545454545453964 ) ) ;
#1612 = VECTOR ( 'NONE', #3305, 1000.000000000000000 ) ;
#1613 = CARTESIAN_POINT ( 'NONE',  ( 0.000000000000000000, 73.00000000000001421, 0.000000000000000000 ) ) ;
#1614 = AXIS2_PLACEMENT_3D ( 'NONE', #2428, #493, #2130 ) ;
#1615 = VECTOR ( 'NONE', #1901, 1000.000000000000000 ) ;
#1616 = CARTESIAN_POINT ( 'NONE',  ( 25.00000000000000000, 8.000000000000000000, 25.00000000000000000 ) ) ;
#1617 = ORIENTED_EDGE ( 'NONE', *, *, #1652, .F. ) ;
#1618 = ORIENTED_EDGE ( 'NONE', *, *, #918, .F. ) ;
#1619 = CARTESIAN_POINT ( 'NONE',  ( -24.60000000000000853, 50.00000000000000000, -47.00000000000000000 ) ) ;
#1620 = ADVANCED_FACE ( 'NONE', ( #2214 ), #2599, .T. ) ;
#1621 = CARTESIAN_POINT ( 'NONE',  ( -6.379184486593069359, 68.33537494897171882, -29.70878237931317400 ) ) ;
#1622 = DIRECTION ( 'NONE',  ( -0.000000000000000000, 0.000000000000000000, 1.000000000000000000 ) ) ;
#1623 = AXIS2_PLACEMENT_3D ( 'NONE', #3642, #272, #2585 ) ;
#1624 = CARTESIAN_POINT ( 'NONE',  ( -38.68629150101524772, 39.00000000000000000, 20.00000000000000000 ) ) ;
#1625 = EDGE_CURVE ( 'NONE', #2240, #530, #629, .T. ) ;
#1626 = CARTESIAN_POINT ( 'NONE',  ( -71.07766952966352392, 32.32233047033668072, 55.00000000000000000 ) ) ;
#1627 = CIRCLE ( 'NONE', #36, 5.000000000000004441 ) ;
#1628 = AXIS2_PLACEMENT_3D ( 'NONE', #15, #3408, #3631 ) ;
#1629 = CARTESIAN_POINT ( 'NONE',  ( -74.54545454545454675, 57.58423767804152504, -47.00000000000000000 ) ) ;
#1630 = DIRECTION ( 'NONE',  ( -0.000000000000000000, 0.000000000000000000, 1.000000000000000000 ) ) ;
#1631 = AXIS2_PLACEMENT_3D ( 'NONE', #670, #384, #1727 ) ;
#1632 = DIRECTION ( 'NONE',  ( -0.9480297097551911856, -0.3181818181818186764, 0.000000000000000000 ) ) ;
#1633 = ADVANCED_FACE ( 'NONE', ( #1443 ), #2886, .F. ) ;
#1634 = VECTOR ( 'NONE', #2776, 1000.000000000000000 ) ;
#1635 = CIRCLE ( 'NONE', #1460, 20.50000000000000000 ) ;
#1636 = DIRECTION ( 'NONE',  ( 0.000000000000000000, -1.000000000000000000, 0.000000000000000000 ) ) ;
#1637 = CIRCLE ( 'NONE', #1579, 3.400000000000000355 ) ;
#1638 = ORIENTED_EDGE ( 'NONE', *, *, #908, .F. ) ;
#1639 = ORIENTED_EDGE ( 'NONE', *, *, #2685, .T. ) ;
#1640 =( GEOMETRIC_REPRESENTATION_CONTEXT ( 3 ) GLOBAL_UNCERTAINTY_ASSIGNED_CONTEXT ( ( #1976 ) ) GLOBAL_UNIT_ASSIGNED_CONTEXT ( ( #257, #862, #1996 ) ) REPRESENTATION_CONTEXT ( 'NONE', 'WORKASPACE' ) );
#1641 = DIRECTION ( 'NONE',  ( 0.000000000000000000, 0.000000000000000000, 1.000000000000000000 ) ) ;
#1642 = FACE_OUTER_BOUND ( 'NONE', #3506, .T. ) ;
#1643 = EDGE_LOOP ( 'NONE', ( #490, #168, #1858, #727 ) ) ;
#1644 = FACE_OUTER_BOUND ( 'NONE', #2112, .T. ) ;
#1645 = DIRECTION ( 'NONE',  ( -1.734723475976806848E-16, 1.000000000000000000, -0.000000000000000000 ) ) ;
#1646 = FACE_OUTER_BOUND ( 'NONE', #880, .T. ) ;
#1647 = EDGE_CURVE ( 'NONE', #513, #9, #3192, .T. ) ;
#1648 = DIRECTION ( 'NONE',  ( -0.000000000000000000, -0.000000000000000000, -1.000000000000000000 ) ) ;
#1649 = LINE ( 'NONE', #2176, #2093 ) ;
#1650 = LINE ( 'NONE', #2774, #3151 ) ;
#1651 = DIRECTION ( 'NONE',  ( 1.000000000000000000, 0.000000000000000000, 0.000000000000000000 ) ) ;
#1652 = EDGE_CURVE ( 'NONE', #1233, #1876, #1431, .T. ) ;
#1653 = ORIENTED_EDGE ( 'NONE', *, *, #1715, .T. ) ;
#1654 = EDGE_LOOP ( 'NONE', ( #2851, #292, #1386, #894 ) ) ;
#1655 = FACE_BOUND ( 'NONE', #301, .T. ) ;
#1656 = DIRECTION ( 'NONE',  ( -0.000000000000000000, -1.000000000000000000, -0.000000000000000000 ) ) ;
#1657 = ORIENTED_EDGE ( 'NONE', *, *, #1311, .F. ) ;
#1658 = ORIENTED_EDGE ( 'NONE', *, *, #1107, .T. ) ;
#1659 = CARTESIAN_POINT ( 'NONE',  ( -50.00000000000000000, 50.00000000000000000, -12.42640687119286191 ) ) ;
#1660 = FACE_OUTER_BOUND ( 'NONE', #3619, .T. ) ;
#1661 = CARTESIAN_POINT ( 'NONE',  ( -32.32233047033593465, 67.67766952966384508, 47.00000000000000000 ) ) ;
#1662 = DIRECTION ( 'NONE',  ( 0.000000000000000000, -1.000000000000000000, 0.000000000000000000 ) ) ;
#1663 = CARTESIAN_POINT ( 'NONE',  ( -38.68629150101524772, 36.00000000000000711, 20.00000000000000000 ) ) ;
#1664 = EDGE_CURVE ( 'NONE', #2242, #1821, #2496, .T. ) ;
#1665 = DIRECTION ( 'NONE',  ( -0.000000000000000000, 0.000000000000000000, 1.000000000000000000 ) ) ;
#1666 = AXIS2_PLACEMENT_3D ( 'NONE', #3293, #2694, #171 ) ;
#1667 = CARTESIAN_POINT ( 'NONE',  ( -18.97366596101028691, 70.00000000000000000, -26.99999999999999645 ) ) ;
#1668 = ORIENTED_EDGE ( 'NONE', *, *, #1338, .F. ) ;
#1669 = VECTOR ( 'NONE', #413, 1000.000000000000114 ) ;
#1670 = EDGE_LOOP ( 'NONE', ( #1528, #1723, #1677, #59 ) ) ;
#1671 = DIRECTION ( 'NONE',  ( 1.000000000000000000, 0.000000000000000000, 0.000000000000000000 ) ) ;
#1672 = EDGE_CURVE ( 'NONE', #1876, #3199, #2543, .T. ) ;
#1673 = AXIS2_PLACEMENT_3D ( 'NONE', #2248, #1742, #3396 ) ;
#1674 = CARTESIAN_POINT ( 'NONE',  ( 24.99999999999998579, 8.000000000000000000, -25.00000000000000000 ) ) ;
#1675 = EDGE_LOOP ( 'NONE', ( #2149, #767, #2693, #1563 ) ) ;
#1676 = ORIENTED_EDGE ( 'NONE', *, *, #2340, .T. ) ;
#1677 = ORIENTED_EDGE ( 'NONE', *, *, #863, .T. ) ;
#1678 = DIRECTION ( 'NONE',  ( 1.000000000000000000, 0.000000000000000000, 0.000000000000000000 ) ) ;
#1679 = TOROIDAL_SURFACE ( 'NONE', #1559, 16.99999999999999645, 2.000000000000000000 ) ;
#1680 = DIRECTION ( 'NONE',  ( -0.000000000000000000, -0.000000000000000000, -1.000000000000000000 ) ) ;
#1681 = DIRECTION ( 'NONE',  ( -0.000000000000000000, -1.000000000000000000, -0.000000000000000000 ) ) ;
#1682 = DIRECTION ( 'NONE',  ( 0.9480297097551911856, 0.3181818181818186764, -0.000000000000000000 ) ) ;
#1683 = CIRCLE ( 'NONE', #1095, 25.00000000000000000 ) ;
#1684 = DIRECTION ( 'NONE',  ( -0.000000000000000000, -0.000000000000000000, -1.000000000000000000 ) ) ;
#1685 = EDGE_CURVE ( 'NONE', #1061, #132, #2246, .T. ) ;
#1686 = AXIS2_PLACEMENT_3D ( 'NONE', #1810, #1532, #1255 ) ;
#1687 = FACE_OUTER_BOUND ( 'NONE', #833, .T. ) ;
#1688 = ORIENTED_EDGE ( 'NONE', *, *, #3009, .T. ) ;
#1689 = CIRCLE ( 'NONE', #864, 17.00000000000000000 ) ;
#1690 = ADVANCED_FACE ( 'NONE', ( #591 ), #2382, .F. ) ;
#1691 = ORIENTED_EDGE ( 'NONE', *, *, #813, .T. ) ;
#1692 = VECTOR ( 'NONE', #709, 1000.000000000000000 ) ;
#1693 = AXIS2_PLACEMENT_3D ( 'NONE', #1277, #3256, #1862 ) ;
#1694 = EDGE_CURVE ( 'NONE', #3152, #3296, #203, .T. ) ;
#1695 = DIRECTION ( 'NONE',  ( 0.000000000000000000, 1.000000000000000000, 0.000000000000000000 ) ) ;
#1696 = ORIENTED_EDGE ( 'NONE', *, *, #455, .F. ) ;
#1697 = ORIENTED_EDGE ( 'NONE', *, *, #1333, .T. ) ;
#1698 = VERTEX_POINT ( 'NONE', #1300 ) ;
#1699 = CARTESIAN_POINT ( 'NONE',  ( 2.510525938252074481E-15, 11.00000000000000000, 20.50000000000000000 ) ) ;
#1700 = FACE_OUTER_BOUND ( 'NONE', #2471, .T. ) ;
#1701 = ADVANCED_FACE ( 'NONE', ( #2121 ), #2361, .F. ) ;
#1702 = CARTESIAN_POINT ( 'NONE',  ( -58.00000000000000711, 50.00000000000000000, 20.00000000000000355 ) ) ;
#1703 = CARTESIAN_POINT ( 'NONE',  ( -11.74321699500186433, 70.27691944544021396, -27.61230896012644109 ) ) ;
#1704 = CARTESIAN_POINT ( 'NONE',  ( -9.938997904886392121, 69.95718542757259684, 28.31962769875412533 ) ) ;
#1705 = ADVANCED_FACE ( 'NONE', ( #1520 ), #2704, .F. ) ;
#1706 = ORIENTED_EDGE ( 'NONE', *, *, #2969, .F. ) ;
#1707 = DIRECTION ( 'NONE',  ( -0.000000000000000000, -1.000000000000000000, -0.000000000000000000 ) ) ;
#1708 = ORIENTED_EDGE ( 'NONE', *, *, #2418, .T. ) ;
#1709 = ORIENTED_EDGE ( 'NONE', *, *, #269, .T. ) ;
#1710 = DIRECTION ( 'NONE',  ( 0.000000000000000000, -1.000000000000000000, 0.000000000000000000 ) ) ;
#1711 = EDGE_LOOP ( 'NONE', ( #2127, #3196, #2796, #3639, #3183 ) ) ;
#1712 = ORIENTED_EDGE ( 'NONE', *, *, #3020, .T. ) ;
#1713 = ORIENTED_EDGE ( 'NONE', *, *, #3072, .T. ) ;
#1714 = SURFACE_STYLE_USAGE ( .BOTH. , #1163 ) ;
#1715 = EDGE_CURVE ( 'NONE', #2778, #2650, #1005, .T. ) ;
#1716 = DIRECTION ( 'NONE',  ( -0.000000000000000000, -1.000000000000000000, -0.000000000000000000 ) ) ;
#1717 = DIRECTION ( 'NONE',  ( -0.000000000000000000, -1.000000000000000000, -0.000000000000000000 ) ) ;
#1718 = DIRECTION ( 'NONE',  ( 0.000000000000000000, 0.000000000000000000, 1.000000000000000000 ) ) ;
#1719 = EDGE_CURVE ( 'NONE', #2964, #543, #3272, .T. ) ;
#1720 = CARTESIAN_POINT ( 'NONE',  ( -17.49816297789643826, 69.96752041885733320, 27.49627446433715505 ) ) ;
#1721 = EDGE_CURVE ( 'NONE', #477, #652, #2719, .T. ) ;
#1722 = SURFACE_STYLE_USAGE ( .BOTH. , #2825 ) ;
#1723 = ORIENTED_EDGE ( 'NONE', *, *, #161, .T. ) ;
#1724 = DIRECTION ( 'NONE',  ( -0.000000000000000000, -1.000000000000000000, -0.000000000000000000 ) ) ;
#1725 = VERTEX_POINT ( 'NONE', #1536 ) ;
#1726 = CIRCLE ( 'NONE', #781, 25.00000000000000000 ) ;
#1727 = DIRECTION ( 'NONE',  ( 0.000000000000000000, 0.000000000000000000, 1.000000000000000000 ) ) ;
#1728 = ORIENTED_EDGE ( 'NONE', *, *, #494, .T. ) ;
#1729 = EDGE_LOOP ( 'NONE', ( #2018, #3239, #1713, #1990 ) ) ;
#1730 = ORIENTED_EDGE ( 'NONE', *, *, #1275, .T. ) ;
#1731 = CIRCLE ( 'NONE', #3390, 2.000000000000001776 ) ;
#1732 = EDGE_CURVE ( 'NONE', #834, #3648, #778, .T. ) ;
#1733 = SHAPE_DEFINITION_REPRESENTATION ( #199, #2081 ) ;
#1734 = CIRCLE ( 'NONE', #21, 2.000000000000001776 ) ;
#1735 = CARTESIAN_POINT ( 'NONE',  ( -27.99999999999999645, 50.00000000000000000, -39.00000000000000000 ) ) ;
#1736 = VECTOR ( 'NONE', #2700, 1000.000000000000000 ) ;
#1737 = FACE_BOUND ( 'NONE', #2539, .T. ) ;
#1738 = CARTESIAN_POINT ( 'NONE',  ( -12.47165574434985835, 69.41855039672012140, -28.77774315734043498 ) ) ;
#1739 = CARTESIAN_POINT ( 'NONE',  ( -7.749280665660213785, 69.44912301354811746, 29.02340443941943704 ) ) ;
#1740 = ORIENTED_EDGE ( 'NONE', *, *, #3551, .T. ) ;
#1741 = DIRECTION ( 'NONE',  ( -0.000000000000000000, -1.000000000000000000, -0.000000000000000000 ) ) ;
#1742 = DIRECTION ( 'NONE',  ( -0.000000000000000000, -1.000000000000000000, 0.000000000000000000 ) ) ;
#1743 = VERTEX_POINT ( 'NONE', #3261 ) ;
#1744 = DIRECTION ( 'NONE',  ( 0.000000000000000000, -0.000000000000000000, -1.000000000000000000 ) ) ;
#1745 = ADVANCED_FACE ( 'NONE', ( #1019 ), #3523, .F. ) ;
#1746 = VERTEX_POINT ( 'NONE', #3246 ) ;
#1747 = AXIS2_PLACEMENT_3D ( 'NONE', #2029, #2067, #921 ) ;
#1748 = LINE ( 'NONE', #1473, #1344 ) ;
#1749 = VECTOR ( 'NONE', #2153, 1000.000000000000000 ) ;
#1750 = ORIENTED_EDGE ( 'NONE', *, *, #2181, .T. ) ;
#1751 = ORIENTED_EDGE ( 'NONE', *, *, #2088, .F. ) ;
#1752 = ORIENTED_EDGE ( 'NONE', *, *, #340, .T. ) ;
#1753 = DIRECTION ( 'NONE',  ( 0.000000000000000000, 0.000000000000000000, -1.000000000000000000 ) ) ;
#1754 = CIRCLE ( 'NONE', #460, 5.000000000000004441 ) ;
#1755 = CIRCLE ( 'NONE', #3534, 3.399999999999993250 ) ;
#1756 = DIRECTION ( 'NONE',  ( 0.000000000000000000, 0.000000000000000000, -1.000000000000000000 ) ) ;
#1757 = EDGE_CURVE ( 'NONE', #3152, #2182, #738, .T. ) ;
#1758 = CIRCLE ( 'NONE', #2163, 3.400000000000000355 ) ;
#1759 = PRODUCT ( '\X2\96004f53\X0\', '\X2\96004f53\X0\', '', ( #2530 ) ) ;
#1760 = CARTESIAN_POINT ( 'NONE',  ( -3.895785525177090314, 68.28725098160568052, -29.75659564036425664 ) ) ;
#1761 = EDGE_CURVE ( 'NONE', #8, #3201, #2975, .T. ) ;
#1762 = CARTESIAN_POINT ( 'NONE',  ( -15.21971641967341604, 69.78026472368833311, 28.14678905082445581 ) ) ;
#1763 = ORIENTED_EDGE ( 'NONE', *, *, #3366, .T. ) ;
#1764 = PLANE ( 'NONE',  #265 ) ;
#1765 = VERTEX_POINT ( 'NONE', #1283 ) ;
#1766 = CARTESIAN_POINT ( 'NONE',  ( 30.00000000000000000, 80.00000000000000000, 0.000000000000000000 ) ) ;
#1767 = EDGE_LOOP ( 'NONE', ( #2710, #713, #2963, #1347 ) ) ;
#1768 = EDGE_CURVE ( 'NONE', #2818, #651, #3508, .T. ) ;
#1769 = CARTESIAN_POINT ( 'NONE',  ( -6.418476861114185460E-15, 67.00000000000000000, -30.00000000000000000 ) ) ;
#1770 = EDGE_LOOP ( 'NONE', ( #3454, #1771 ) ) ;
#1771 = ORIENTED_EDGE ( 'NONE', *, *, #941, .F. ) ;
#1772 = EDGE_LOOP ( 'NONE', ( #1712, #2113 ) ) ;
#1773 = DIRECTION ( 'NONE',  ( 1.000000000000000000, 0.000000000000000000, 0.000000000000000000 ) ) ;
#1774 = CARTESIAN_POINT ( 'NONE',  ( -64.27766952966351255, 32.32233047033668072, 47.00000000000000000 ) ) ;
#1775 = CARTESIAN_POINT ( 'NONE',  ( -64.27766952966351255, 32.32233047033668072, 55.00000000000000000 ) ) ;
#1776 = CARTESIAN_POINT ( 'NONE',  ( -13.16160189997886931, 70.43589247781440577, -26.96478246469909834 ) ) ;
#1777 = CARTESIAN_POINT ( 'NONE',  ( -17.24878723728206964, 73.00000000000001421, 24.54545454545454319 ) ) ;
#1778 = ORIENTED_EDGE ( 'NONE', *, *, #945, .F. ) ;
#1779 = DIRECTION ( 'NONE',  ( 0.000000000000000000, -0.000000000000000000, -1.000000000000000000 ) ) ;
#1780 = CARTESIAN_POINT ( 'NONE',  ( -40.57190958417937310, 38.33333333333332860, -20.00000000000000000 ) ) ;
#1781 = EDGE_LOOP ( 'NONE', ( #57, #1216, #1048, #92 ) ) ;
#1782 = EDGE_CURVE ( 'NONE', #2795, #637, #1318, .T. ) ;
#1783 = PLANE ( 'NONE',  #1284 ) ;
#1784 = EDGE_LOOP ( 'NONE', ( #870, #13, #2748, #1352 ) ) ;
#1785 = EDGE_LOOP ( 'NONE', ( #568, #1706 ) ) ;
#1786 = VERTEX_POINT ( 'NONE', #195 ) ;
#1787 = CARTESIAN_POINT ( 'NONE',  ( -38.68629150101524772, 36.00000000000000711, -20.00000000000000000 ) ) ;
#1788 = CIRCLE ( 'NONE', #3032, 18.00000000000000000 ) ;
#1789 = CARTESIAN_POINT ( 'NONE',  ( -18.97366596101028691, 73.00000000000001421, -26.99999999999999645 ) ) ;
#1790 = VECTOR ( 'NONE', #2951, 1000.000000000000000 ) ;
#1791 = FACE_OUTER_BOUND ( 'NONE', #346, .T. ) ;
#1792 = CYLINDRICAL_SURFACE ( 'NONE', #2387, 12.49999999999999645 ) ;
#1793 = VECTOR ( 'NONE', #3499, 1000.000000000000000 ) ;
#1794 = CARTESIAN_POINT ( 'NONE',  ( -6.219420600599843141, 69.01119870066132478, 29.39190711366101283 ) ) ;
#1795 = CARTESIAN_POINT ( 'NONE',  ( -50.00000000000000000, 50.00000000000000000, 32.00000000000000000 ) ) ;
#1796 = CARTESIAN_POINT ( 'NONE',  ( -75.67766952966350402, 32.32233047033668072, 55.00000000000000000 ) ) ;
#1797 = DIRECTION ( 'NONE',  ( 0.000000000000000000, 0.000000000000000000, 1.000000000000000000 ) ) ;
#1798 = EDGE_CURVE ( 'NONE', #633, #2579, #2247, .T. ) ;
#1799 = ORIENTED_EDGE ( 'NONE', *, *, #1598, .F. ) ;
#1800 = VECTOR ( 'NONE', #3145, 1000.000000000000000 ) ;
#1801 = FACE_OUTER_BOUND ( 'NONE', #2874, .T. ) ;
#1802 = EDGE_CURVE ( 'NONE', #2369, #855, #1037, .T. ) ;
#1803 = EDGE_LOOP ( 'NONE', ( #1529, #3474 ) ) ;
#1804 = EDGE_LOOP ( 'NONE', ( #1691, #859 ) ) ;
#1805 = AXIS2_PLACEMENT_3D ( 'NONE', #1735, #1240, #2937 ) ;
#1806 = ORIENTED_EDGE ( 'NONE', *, *, #3391, .T. ) ;
#1807 = LINE ( 'NONE', #3202, #1790 ) ;
#1808 = ADVANCED_FACE ( 'NONE', ( #1885 ), #756, .F. ) ;
#1809 = CIRCLE ( 'NONE', #3651, 20.00000000000000711 ) ;
#1810 = CARTESIAN_POINT ( 'NONE',  ( 0.000000000000000000, 27.00000000000000000, 0.000000000000000000 ) ) ;
#1811 = AXIS2_PLACEMENT_3D ( 'NONE', #3637, #3324, #560 ) ;
#1812 = DIRECTION ( 'NONE',  ( -0.000000000000000000, -0.000000000000000000, -1.000000000000000000 ) ) ;
#1813 = CARTESIAN_POINT ( 'NONE',  ( -12.37666557572442372, 72.16283612966918781, 27.33079195795715322 ) ) ;
#1814 = EDGE_CURVE ( 'NONE', #367, #2813, #491, .T. ) ;
#1815 = CIRCLE ( 'NONE', #631, 10.00000000000000178 ) ;
#1816 = CARTESIAN_POINT ( 'NONE',  ( -6.513020043921234681, 68.36227053556838484, 29.69621233982256214 ) ) ;
#1817 = AXIS2_PLACEMENT_3D ( 'NONE', #600, #587, #1678 ) ;
#1818 = DIRECTION ( 'NONE',  ( 1.000000000000000000, 0.000000000000000000, 0.000000000000000000 ) ) ;
#1819 = DIRECTION ( 'NONE',  ( -1.000000000000000000, 0.000000000000000000, 0.000000000000000000 ) ) ;
#1820 = DIRECTION ( 'NONE',  ( 1.000000000000000000, 0.000000000000000000, 0.000000000000000000 ) ) ;
#1821 = VERTEX_POINT ( 'NONE', #1175 ) ;
#1822 = EDGE_CURVE ( 'NONE', #75, #3000, #983, .T. ) ;
#1823 = EDGE_CURVE ( 'NONE', #1746, #1881, #3632, .T. ) ;
#1824 = CARTESIAN_POINT ( 'NONE',  ( 25.00000000000000000, 0.000000000000000000, 25.00000000000000000 ) ) ;
#1825 = ORIENTED_EDGE ( 'NONE', *, *, #2294, .T. ) ;
#1826 = ORIENTED_EDGE ( 'NONE', *, *, #1361, .F. ) ;
#1827 = ORIENTED_EDGE ( 'NONE', *, *, #1040, .F. ) ;
#1828 = DIRECTION ( 'NONE',  ( -0.000000000000000000, -0.000000000000000000, 1.000000000000000000 ) ) ;
#1829 = DIRECTION ( 'NONE',  ( -1.000000000000000000, 0.000000000000000000, 0.000000000000000000 ) ) ;
#1830 = FACE_OUTER_BOUND ( 'NONE', #2009, .T. ) ;
#1831 = DIRECTION ( 'NONE',  ( -1.000000000000000000, 0.000000000000000000, 0.000000000000000000 ) ) ;
#1832 = CARTESIAN_POINT ( 'NONE',  ( -17.42551968501174287, 69.96405728021773029, 27.51933890265886617 ) ) ;
#1833 =( LENGTH_UNIT ( ) NAMED_UNIT ( * ) SI_UNIT ( .MILLI., .METRE. ) );
#1834 = CARTESIAN_POINT ( 'NONE',  ( -67.67766952966331928, 67.67766952966405825, 47.00000000000000000 ) ) ;
#1835 = DIRECTION ( 'NONE',  ( -0.000000000000000000, 0.000000000000000000, 1.000000000000000000 ) ) ;
#1836 = CARTESIAN_POINT ( 'NONE',  ( -38.68629150101524772, 36.00000000000000711, 20.00000000000000000 ) ) ;
#1837 = EDGE_CURVE ( 'NONE', #1512, #75, #1469, .T. ) ;
#1838 = DIRECTION ( 'NONE',  ( 0.000000000000000000, 0.000000000000000000, -1.000000000000000000 ) ) ;
#1839 = FACE_OUTER_BOUND ( 'NONE', #876, .T. ) ;
#1840 = ORIENTED_EDGE ( 'NONE', *, *, #3525, .T. ) ;
#1841 = EDGE_LOOP ( 'NONE', ( #1505, #1857, #2239, #2328 ) ) ;
#1842 = VERTEX_POINT ( 'NONE', #872 ) ;
#1843 = CYLINDRICAL_SURFACE ( 'NONE', #3572, 18.00000000000000000 ) ;
#1844 = CARTESIAN_POINT ( 'NONE',  ( -3.192984505846135690, 67.68086680016995160, -29.94230328709415900 ) ) ;
#1845 = DIRECTION ( 'NONE',  ( -0.000000000000000000, -0.000000000000000000, 1.000000000000000000 ) ) ;
#1846 = DIRECTION ( 'NONE',  ( 0.000000000000000000, 0.000000000000000000, 1.000000000000000000 ) ) ;
#1847 = AXIS2_PLACEMENT_3D ( 'NONE', #1014, #2744, #1350 ) ;
#1848 = DIRECTION ( 'NONE',  ( 0.000000000000000000, 1.000000000000000000, 0.000000000000000000 ) ) ;
#1849 = CARTESIAN_POINT ( 'NONE',  ( -0.7427709421630632747, 67.34839025233256393, 30.00000000000000355 ) ) ;
#1850 = CIRCLE ( 'NONE', #606, 15.00000000000000000 ) ;
#1851 = DIRECTION ( 'NONE',  ( 0.000000000000000000, -1.000000000000000000, 0.000000000000000000 ) ) ;
#1852 = FACE_OUTER_BOUND ( 'NONE', #293, .T. ) ;
#1853 = TOROIDAL_SURFACE ( 'NONE', #1204, 14.49999999999999467, 2.000000000000000000 ) ;
#1854 = DIRECTION ( 'NONE',  ( 0.000000000000000000, 1.000000000000000000, 0.000000000000000000 ) ) ;
#1855 = CIRCLE ( 'NONE', #1968, 8.000000000000007105 ) ;
#1856 = CARTESIAN_POINT ( 'NONE',  ( -25.00000000000000711, 8.000000000000000000, 30.00000000000001421 ) ) ;
#1857 = ORIENTED_EDGE ( 'NONE', *, *, #347, .F. ) ;
#1858 = ORIENTED_EDGE ( 'NONE', *, *, #2305, .F. ) ;
#1859 = ORIENTED_EDGE ( 'NONE', *, *, #1264, .F. ) ;
#1860 = DIRECTION ( 'NONE',  ( 1.000000000000000000, 0.000000000000000000, 0.000000000000000000 ) ) ;
#1861 = AXIS2_PLACEMENT_3D ( 'NONE', #2431, #211, #2207 ) ;
#1862 = DIRECTION ( 'NONE',  ( 1.000000000000000000, 0.000000000000000000, 0.000000000000000000 ) ) ;
#1863 = CARTESIAN_POINT ( 'NONE',  ( -74.54545454545454675, 57.58423767804152504, -47.00000000000000000 ) ) ;
#1864 = DIRECTION ( 'NONE',  ( -1.000000000000000000, 0.000000000000000000, 0.000000000000000000 ) ) ;
#1865 = DIRECTION ( 'NONE',  ( 0.000000000000000000, 0.000000000000000000, 1.000000000000000000 ) ) ;
#1866 = CIRCLE ( 'NONE', #271, 10.00000000000000178 ) ;
#1867 = EDGE_CURVE ( 'NONE', #2060, #441, #608, .T. ) ;
#1868 = CARTESIAN_POINT ( 'NONE',  ( -75.67766952966350402, 32.32233047033668072, 55.00000000000000000 ) ) ;
#1869 = DIRECTION ( 'NONE',  ( -0.000000000000000000, -0.000000000000000000, -1.000000000000000000 ) ) ;
#1870 = DIRECTION ( 'NONE',  ( 1.000000000000000000, -0.000000000000000000, 0.000000000000000000 ) ) ;
#1871 = DIRECTION ( 'NONE',  ( -0.000000000000000000, -0.000000000000000000, 1.000000000000000000 ) ) ;
#1872 = AXIS2_PLACEMENT_3D ( 'NONE', #1346, #2039, #3175 ) ;
#1873 = AXIS2_PLACEMENT_3D ( 'NONE', #2374, #999, #1829 ) ;
#1874 = DIRECTION ( 'NONE',  ( -0.000000000000000000, -1.000000000000000000, -0.000000000000000000 ) ) ;
#1875 = CARTESIAN_POINT ( 'NONE',  ( 0.000000000000000000, 77.00000000000000000, 0.000000000000000000 ) ) ;
#1876 = VERTEX_POINT ( 'NONE', #3245 ) ;
#1877 = ORIENTED_EDGE ( 'NONE', *, *, #2877, .T. ) ;
#1878 = DIRECTION ( 'NONE',  ( -0.000000000000000000, -1.000000000000000000, -0.000000000000000000 ) ) ;
#1879 = ADVANCED_FACE ( 'NONE', ( #1132 ), #613, .F. ) ;
#1880 = CARTESIAN_POINT ( 'NONE',  ( -50.00000000000000000, 50.00000000000000000, 47.00000000000000000 ) ) ;
#1881 = VERTEX_POINT ( 'NONE', #2085 ) ;
#1882 = CARTESIAN_POINT ( 'NONE',  ( -25.00000000000000711, 8.000000000000000000, 25.00000000000000000 ) ) ;
#1883 = CARTESIAN_POINT ( 'NONE',  ( -6.938893903907228378E-15, 70.00000000000000000, 30.00000000000000000 ) ) ;
#1884 = DIRECTION ( 'NONE',  ( 0.000000000000000000, 1.000000000000000000, -0.000000000000000000 ) ) ;
#1885 = FACE_OUTER_BOUND ( 'NONE', #2072, .T. ) ;
#1886 = DIRECTION ( 'NONE',  ( -1.000000000000000000, 0.000000000000000000, 0.000000000000000000 ) ) ;
#1887 = DIRECTION ( 'NONE',  ( -1.000000000000000000, -0.000000000000000000, -0.000000000000000000 ) ) ;
#1888 = DIRECTION ( 'NONE',  ( 0.000000000000000000, 0.000000000000000000, 1.000000000000000000 ) ) ;
#1889 = DIRECTION ( 'NONE',  ( -1.000000000000000000, 0.000000000000000000, 0.000000000000000000 ) ) ;
#1890 = ORIENTED_EDGE ( 'NONE', *, *, #2632, .T. ) ;
#1891 = EDGE_CURVE ( 'NONE', #1995, #3066, #592, .T. ) ;
#1892 = EDGE_LOOP ( 'NONE', ( #1229, #1490, #1584, #1527 ) ) ;
#1893 = CARTESIAN_POINT ( 'NONE',  ( 0.000000000000000000, 33.00000000000000000, 0.000000000000000000 ) ) ;
#1894 = LINE ( 'NONE', #532, #3641 ) ;
#1895 = FACE_OUTER_BOUND ( 'NONE', #307, .T. ) ;
#1896 = ORIENTED_EDGE ( 'NONE', *, *, #1468, .F. ) ;
#1897 = DIRECTION ( 'NONE',  ( 1.000000000000000000, 0.000000000000000000, 0.000000000000000000 ) ) ;
#1898 = CARTESIAN_POINT ( 'NONE',  ( -64.50000000000000000, 50.00000000000000000, -32.00000000000000000 ) ) ;
#1899 = DIRECTION ( 'NONE',  ( -0.000000000000000000, -0.000000000000000000, -1.000000000000000000 ) ) ;
#1900 = UNCERTAINTY_MEASURE_WITH_UNIT (LENGTH_MEASURE( 1.000000000000000082E-05 ), #1833, 'distance_accuracy_value', 'NONE');
#1901 = DIRECTION ( 'NONE',  ( -0.000000000000000000, -0.000000000000000000, -1.000000000000000000 ) ) ;
#1902 = CARTESIAN_POINT ( 'NONE',  ( 0.000000000000000000, 0.000000000000000000, 47.00000000000000000 ) ) ;
#1903 = AXIS2_PLACEMENT_3D ( 'NONE', #3658, #1960, #1632 ) ;
#1904 = LINE ( 'NONE', #2192, #2023 ) ;
#1905 = AXIS2_PLACEMENT_3D ( 'NONE', #841, #3405, #623 ) ;
#1906 = AXIS2_PLACEMENT_3D ( 'NONE', #180, #1301, #1522 ) ;
#1907 = ADVANCED_FACE ( 'NONE', ( #3224 ), #3282, .F. ) ;
#1908 = FACE_OUTER_BOUND ( 'NONE', #2891, .T. ) ;
#1909 = CIRCLE ( 'NONE', #3219, 17.00000000000000000 ) ;
#1910 = ORIENTED_EDGE ( 'NONE', *, *, #2006, .F. ) ;
#1911 = ORIENTED_EDGE ( 'NONE', *, *, #2014, .T. ) ;
#1912 = CARTESIAN_POINT ( 'NONE',  ( -50.00000000000000000, 50.00000000000000000, -20.00000000000000000 ) ) ;
#1913 = DIRECTION ( 'NONE',  ( 0.000000000000000000, 1.000000000000000000, -0.000000000000000000 ) ) ;
#1914 = AXIS2_PLACEMENT_3D ( 'NONE', #2346, #2797, #3172 ) ;
#1915 = CARTESIAN_POINT ( 'NONE',  ( 0.000000000000000000, 0.000000000000000000, -17.50000000000000000 ) ) ;
#1916 = EDGE_LOOP ( 'NONE', ( #204, #3123, #3216, #1951 ) ) ;
#1917 = CARTESIAN_POINT ( 'NONE',  ( -35.00000000000001421, 8.000000000000000000, -24.99999999999993250 ) ) ;
#1918 = CIRCLE ( 'NONE', #1921, 3.399999999999996803 ) ;
#1919 = CARTESIAN_POINT ( 'NONE',  ( -27.64345007293820444, 61.18859577242798053, 55.00000000000000000 ) ) ;
#1920 = CARTESIAN_POINT ( 'NONE',  ( -67.00000000000000000, 50.00000000000000000, 32.00000000000000000 ) ) ;
#1921 = AXIS2_PLACEMENT_3D ( 'NONE', #215, #3358, #1339 ) ;
#1922 = CIRCLE ( 'NONE', #3586, 3.399999999999993250 ) ;
#1923 = DIRECTION ( 'NONE',  ( -0.000000000000000000, 1.000000000000000000, 0.000000000000000000 ) ) ;
#1924 = CARTESIAN_POINT ( 'NONE',  ( -50.00000000000000000, 33.00000000000000000, 30.00000000000000000 ) ) ;
#1925 = CIRCLE ( 'NONE', #3232, 3.399999999999996803 ) ;
#1926 = EDGE_CURVE ( 'NONE', #1052, #2964, #1734, .T. ) ;
#1927 = AXIS2_PLACEMENT_3D ( 'NONE', #1296, #467, #1603 ) ;
#1928 = CYLINDRICAL_SURFACE ( 'NONE', #3388, 7.999999999999992895 ) ;
#1929 = AXIS2_PLACEMENT_3D ( 'NONE', #3618, #1060, #1946 ) ;
#1930 = CARTESIAN_POINT ( 'NONE',  ( 0.000000000000000000, 65.00000000000000000, -18.00000000000000000 ) ) ;
#1931 = AXIS2_PLACEMENT_3D ( 'NONE', #363, #3475, #1154 ) ;
#1932 = DIRECTION ( 'NONE',  ( 0.000000000000000000, 0.000000000000000000, 1.000000000000000000 ) ) ;
#1933 = ORIENTED_EDGE ( 'NONE', *, *, #3608, .T. ) ;
#1934 = ORIENTED_EDGE ( 'NONE', *, *, #2287, .F. ) ;
#1935 = ORIENTED_EDGE ( 'NONE', *, *, #403, .F. ) ;
#1936 = DIRECTION ( 'NONE',  ( 0.000000000000000000, 0.000000000000000000, 1.000000000000000000 ) ) ;
#1937 = CARTESIAN_POINT ( 'NONE',  ( -25.00000000000000711, 8.000000000000000000, 25.00000000000000711 ) ) ;
#1938 = ORIENTED_EDGE ( 'NONE', *, *, #1587, .T. ) ;
#1939 = ORIENTED_EDGE ( 'NONE', *, *, #2325, .F. ) ;
#1940 = DIRECTION ( 'NONE',  ( 0.000000000000000000, 0.000000000000000000, 1.000000000000000000 ) ) ;
#1941 = CARTESIAN_POINT ( 'NONE',  ( -75.00000000000001421, 50.00000000000000000, 55.00000000000000000 ) ) ;
#1942 = CYLINDRICAL_SURFACE ( 'NONE', #554, 7.999999999999992895 ) ;
#1943 = ADVANCED_FACE ( 'NONE', ( #2705 ), #1853, .F. ) ;
#1944 = CARTESIAN_POINT ( 'NONE',  ( -25.00000000000000711, 8.000000000000000000, 20.00000000000000355 ) ) ;
#1945 = DIRECTION ( 'NONE',  ( 1.000000000000000000, 0.000000000000000000, 0.000000000000000000 ) ) ;
#1946 = DIRECTION ( 'NONE',  ( 1.000000000000000000, 0.000000000000000000, 0.000000000000000000 ) ) ;
#1947 = EDGE_LOOP ( 'NONE', ( #1134, #1507, #1859, #2593, #2366, #3441, #2007, #1122 ) ) ;
#1948 = ORIENTED_EDGE ( 'NONE', *, *, #2299, .F. ) ;
#1949 = DIRECTION ( 'NONE',  ( -1.000000000000000000, 0.000000000000000000, 0.000000000000000000 ) ) ;
#1950 = DIRECTION ( 'NONE',  ( 0.000000000000000000, 0.000000000000000000, 1.000000000000000000 ) ) ;
#1951 = ORIENTED_EDGE ( 'NONE', *, *, #1361, .T. ) ;
#1952 = ORIENTED_EDGE ( 'NONE', *, *, #1757, .T. ) ;
#1953 = ORIENTED_EDGE ( 'NONE', *, *, #2648, .T. ) ;
#1954 = CARTESIAN_POINT ( 'NONE',  ( -38.81140422757172104, 27.64345007293836431, 47.00000000000000000 ) ) ;
#1955 =( NAMED_UNIT ( * ) SI_UNIT ( $, .STERADIAN. ) SOLID_ANGLE_UNIT ( ) );
#1956 = EDGE_CURVE ( 'NONE', #2653, #1765, #1574, .T. ) ;
#1957 = DIRECTION ( 'NONE',  ( 0.000000000000000000, 0.000000000000000000, -1.000000000000000000 ) ) ;
#1958 = CARTESIAN_POINT ( 'NONE',  ( -25.45454545454545325, 42.41576232195848206, -47.00000000000000000 ) ) ;
#1959 = ADVANCED_FACE ( 'NONE', ( #1006 ), #3036, .F. ) ;
#1960 = DIRECTION ( 'NONE',  ( -0.3181818181818187319, 0.9480297097551912966, 0.000000000000000000 ) ) ;
#1961 = ADVANCED_FACE ( 'NONE', ( #2345 ), #842, .T. ) ;
#1962 = AXIS2_PLACEMENT_3D ( 'NONE', #1188, #3169, #885 ) ;
#1963 = CIRCLE ( 'NONE', #734, 12.49999999999999645 ) ;
#1964 = DIRECTION ( 'NONE',  ( 0.000000000000000000, 1.000000000000000000, -0.000000000000000000 ) ) ;
#1965 = EDGE_LOOP ( 'NONE', ( #3312, #752, #2281, #1763, #1933 ) ) ;
#1966 = ORIENTED_EDGE ( 'NONE', *, *, #1560, .F. ) ;
#1967 = EDGE_CURVE ( 'NONE', #2312, #113, #2646, .T. ) ;
#1968 = AXIS2_PLACEMENT_3D ( 'NONE', #2754, #2459, #525 ) ;
#1969 = DIRECTION ( 'NONE',  ( 0.000000000000000000, -1.000000000000000000, 0.000000000000000000 ) ) ;
#1970 = ORIENTED_EDGE ( 'NONE', *, *, #1449, .F. ) ;
#1971 = ORIENTED_EDGE ( 'NONE', *, *, #2771, .T. ) ;
#1972 = ORIENTED_EDGE ( 'NONE', *, *, #2102, .T. ) ;
#1973 = DIRECTION ( 'NONE',  ( -1.000000000000000000, 0.000000000000000000, 0.000000000000000000 ) ) ;
#1974 = CARTESIAN_POINT ( 'NONE',  ( -31.39999999999998437, 50.00000000000000000, -47.00000000000000000 ) ) ;
#1975 = AXIS2_PLACEMENT_3D ( 'NONE', #3449, #2323, #378 ) ;
#1976 = UNCERTAINTY_MEASURE_WITH_UNIT (LENGTH_MEASURE( 1.000000000000000082E-05 ), #257, 'distance_accuracy_value', 'NONE');
#1977 = LINE ( 'NONE', #2839, #1390 ) ;
#1978 = ADVANCED_FACE ( 'NONE', ( #2421, #986, #3247, #2362, #140, #1230 ), #3503, .T. ) ;
#1979 = CARTESIAN_POINT ( 'NONE',  ( -16.72218089632706040, 70.20353366549821317, -24.91551576182152061 ) ) ;
#1980 = CIRCLE ( 'NONE', #3466, 33.00000000000000000 ) ;
#1981 = CARTESIAN_POINT ( 'NONE',  ( -10.26123084544063602, 71.47056893803846833, 28.20109904922416533 ) ) ;
#1982 = CIRCLE ( 'NONE', #393, 3.400000000000000355 ) ;
#1983 = EDGE_CURVE ( 'NONE', #653, #3029, #396, .T. ) ;
#1984 = VECTOR ( 'NONE', #1430, 1000.000000000000000 ) ;
#1985 = DIRECTION ( 'NONE',  ( 8.659560562354979697E-17, -0.7071067811865439090, 0.7071067811865512365 ) ) ;
#1986 = ORIENTED_EDGE ( 'NONE', *, *, #1478, .T. ) ;
#1987 = LINE ( 'NONE', #2251, #1634 ) ;
#1988 = VERTEX_POINT ( 'NONE', #3489 ) ;
#1989 = CIRCLE ( 'NONE', #3177, 7.999999999999986677 ) ;
#1990 = ORIENTED_EDGE ( 'NONE', *, *, #2458, .T. ) ;
#1991 = CIRCLE ( 'NONE', #3061, 20.50000000000000000 ) ;
#1992 = DIRECTION ( 'NONE',  ( -0.000000000000000000, 0.000000000000000000, 1.000000000000000000 ) ) ;
#1993 = CIRCLE ( 'NONE', #1405, 3.399999999999996803 ) ;
#1994 = ORIENTED_EDGE ( 'NONE', *, *, #801, .T. ) ;
#1995 = VERTEX_POINT ( 'NONE', #376 ) ;
#1996 =( NAMED_UNIT ( * ) SI_UNIT ( $, .STERADIAN. ) SOLID_ANGLE_UNIT ( ) );
#1997 = EDGE_CURVE ( 'NONE', #511, #543, #2089, .T. ) ;
#1998 = CARTESIAN_POINT ( 'NONE',  ( -6.418476861114185460E-15, 67.00000000000000000, 30.00000000000000000 ) ) ;
#1999 = CARTESIAN_POINT ( 'NONE',  ( -11.28735393002757448, 69.23528446887139864, -29.01060447701819101 ) ) ;
#2000 = CARTESIAN_POINT ( 'NONE',  ( -50.00000000000000000, 50.00000000000000000, 30.00000000000000000 ) ) ;
#2001 = EDGE_LOOP ( 'NONE', ( #856, #2076, #2487, #1447 ) ) ;
#2002 = CARTESIAN_POINT ( 'NONE',  ( 0.000000000000000000, 80.00000000000000000, 0.000000000000000000 ) ) ;
#2003 = ADVANCED_FACE ( 'NONE', ( #2404 ), #2140, .F. ) ;
#2004 = ORIENTED_EDGE ( 'NONE', *, *, #775, .T. ) ;
#2005 = CARTESIAN_POINT ( 'NONE',  ( 21.07417808142086812, 65.00000000000000000, -20.00000000000000000 ) ) ;
#2006 = EDGE_CURVE ( 'NONE', #1457, #2818, #3226, .T. ) ;
#2007 = ORIENTED_EDGE ( 'NONE', *, *, #186, .F. ) ;
#2008 = ORIENTED_EDGE ( 'NONE', *, *, #3168, .T. ) ;
#2009 = EDGE_LOOP ( 'NONE', ( #2004, #304, #1935, #289 ) ) ;
#2010 = CYLINDRICAL_SURFACE ( 'NONE', #2908, 17.50000000000000000 ) ;
#2011 = CARTESIAN_POINT ( 'NONE',  ( -25.00000000000000711, 0.000000000000000000, 25.00000000000000711 ) ) ;
#2012 = LINE ( 'NONE', #356, #1500 ) ;
#2013 = CARTESIAN_POINT ( 'NONE',  ( -9.938997904892033830, 69.95718542756031866, -28.31962769874941799 ) ) ;
#2014 = EDGE_CURVE ( 'NONE', #3554, #838, #2735, .T. ) ;
#2015 = CARTESIAN_POINT ( 'NONE',  ( -35.00000000000001421, 8.000000000000000000, -24.99999999999993250 ) ) ;
#2016 = CARTESIAN_POINT ( 'NONE',  ( -50.00000000000000000, 50.00000000000000000, 32.00000000000000000 ) ) ;
#2017 = FILL_AREA_STYLE ('',( #3114 ) ) ;
#2018 = ORIENTED_EDGE ( 'NONE', *, *, #2357, .F. ) ;
#2019 = FACE_OUTER_BOUND ( 'NONE', #579, .T. ) ;
#2020 = ORIENTED_EDGE ( 'NONE', *, *, #1285, .F. ) ;
#2021 = CIRCLE ( 'NONE', #3212, 3.399999999999986144 ) ;
#2022 = DIRECTION ( 'NONE',  ( -0.000000000000000000, -1.000000000000000000, -0.000000000000000000 ) ) ;
#2023 = VECTOR ( 'NONE', #3340, 1000.000000000000000 ) ;
#2024 = ORIENTED_EDGE ( 'NONE', *, *, #2562, .T. ) ;
#2025 = EDGE_LOOP ( 'NONE', ( #68, #1078, #3461, #480 ) ) ;
#2026 = ORIENTED_EDGE ( 'NONE', *, *, #1389, .F. ) ;
#2027 = CARTESIAN_POINT ( 'NONE',  ( -74.54545454545454675, 42.41576232195848206, -47.00000000000000000 ) ) ;
#2028 = EDGE_CURVE ( 'NONE', #3424, #2826, #439, .T. ) ;
#2029 = CARTESIAN_POINT ( 'NONE',  ( -67.67766952966351823, 32.32233047033668072, 47.00000000000000000 ) ) ;
#2030 = AXIS2_PLACEMENT_3D ( 'NONE', #2559, #1681, #1957 ) ;
#2031 = CARTESIAN_POINT ( 'NONE',  ( -50.00000000000000000, 70.00000000000000000, 27.00000000000000000 ) ) ;
#2032 = CARTESIAN_POINT ( 'NONE',  ( -6.219420600606052396, 69.01119870062403550, -29.39190711366411435 ) ) ;
#2033 = CARTESIAN_POINT ( 'NONE',  ( -14.20595663183483914, 70.49143004834523651, 26.43806280032662315 ) ) ;
#2034 = EDGE_LOOP ( 'NONE', ( #2948, #1248, #3588, #1799 ) ) ;
#2035 = LINE ( 'NONE', #2888, #1393 ) ;
#2036 = EDGE_CURVE ( 'NONE', #105, #421, #2792, .T. ) ;
#2037 = VECTOR ( 'NONE', #2162, 1000.000000000000000 ) ;
#2038 = AXIS2_PLACEMENT_3D ( 'NONE', #3278, #3578, #2187 ) ;
#2039 = DIRECTION ( 'NONE',  ( -0.000000000000000000, 0.000000000000000000, 1.000000000000000000 ) ) ;
#2040 = VECTOR ( 'NONE', #2717, 1000.000000000000000 ) ;
#2041 = ORIENTED_EDGE ( 'NONE', *, *, #604, .F. ) ;
#2042 = CIRCLE ( 'NONE', #2097, 3.000000000000001776 ) ;
#2043 = CARTESIAN_POINT ( 'NONE',  ( 0.000000000000000000, 27.00000000000000000, 0.000000000000000000 ) ) ;
#2044 = CIRCLE ( 'NONE', #3531, 17.50000000000000000 ) ;
#2045 = EDGE_LOOP ( 'NONE', ( #2911, #1428, #2468, #350 ) ) ;
#2046 = VERTEX_POINT ( 'NONE', #2437 ) ;
#2047 = ORIENTED_EDGE ( 'NONE', *, *, #1598, .T. ) ;
#2048 = CARTESIAN_POINT ( 'NONE',  ( -72.35654992706184885, 38.81140422757211894, 47.00000000000000000 ) ) ;
#2049 = CIRCLE ( 'NONE', #1872, 7.999999999999743316 ) ;
#2050 = AXIS2_PLACEMENT_3D ( 'NONE', #1920, #2456, #3055 ) ;
#2051 = AXIS2_PLACEMENT_3D ( 'NONE', #1033, #2155, #3597 ) ;
#2052 = DIRECTION ( 'NONE',  ( 0.5749595745760691656, 0.000000000000000000, 0.8181818181818181213 ) ) ;
#2053 = CIRCLE ( 'NONE', #2703, 5.000000000000004441 ) ;
#2054 = CARTESIAN_POINT ( 'NONE',  ( -32.32233047033613360, 32.32233047033648177, 55.00000000000000000 ) ) ;
#2055 = CARTESIAN_POINT ( 'NONE',  ( -65.00000000000000000, 50.00000000000000000, 32.00000000000000000 ) ) ;
#2056 = CARTESIAN_POINT ( 'NONE',  ( 21.07417808142086812, 39.00000000000000711, -20.00000000000000000 ) ) ;
#2057 = CARTESIAN_POINT ( 'NONE',  ( -24.99999999999994671, 0.000000000000000000, -35.00000000000000000 ) ) ;
#2058 = VERTEX_POINT ( 'NONE', #245 ) ;
#2059 = DIRECTION ( 'NONE',  ( 0.000000000000000000, 0.000000000000000000, 1.000000000000000000 ) ) ;
#2060 = VERTEX_POINT ( 'NONE', #2493 ) ;
#2061 = FACE_OUTER_BOUND ( 'NONE', #1784, .T. ) ;
#2062 = PRODUCT_DEFINITION ( 'ζ', '', #1453, #1128 ) ;
#2063 = ORIENTED_EDGE ( 'NONE', *, *, #660, .F. ) ;
#2064 = ORIENTED_EDGE ( 'NONE', *, *, #2960, .T. ) ;
#2065 = ORIENTED_EDGE ( 'NONE', *, *, #1212, .F. ) ;
#2066 = FACE_OUTER_BOUND ( 'NONE', #886, .T. ) ;
#2067 = DIRECTION ( 'NONE',  ( -0.000000000000000000, 0.000000000000000000, 1.000000000000000000 ) ) ;
#2068 = LINE ( 'NONE', #3204, #1793 ) ;
#2069 = CARTESIAN_POINT ( 'NONE',  ( -0.7799080587328356406, 67.26129220995676405, -29.99999999999846523 ) ) ;
#2070 = EDGE_CURVE ( 'NONE', #2569, #188, #495, .T. ) ;
#2071 = CARTESIAN_POINT ( 'NONE',  ( -2.967012155070238411, 68.38515291684625197, 29.86217284021984852 ) ) ;
#2072 = EDGE_LOOP ( 'NONE', ( #2426, #2594, #380, #2092 ) ) ;
#2073 = CARTESIAN_POINT ( 'NONE',  ( -50.00000000000000000, 70.00000000000000000, 30.00000000000000000 ) ) ;
#2074 = CARTESIAN_POINT ( 'NONE',  ( 2.143131898507868248E-15, 27.00000000000000000, 17.50000000000000000 ) ) ;
#2075 = DIRECTION ( 'NONE',  ( 1.000000000000000000, 0.000000000000000000, 0.000000000000000000 ) ) ;
#2076 = ORIENTED_EDGE ( 'NONE', *, *, #1867, .F. ) ;
#2077 = ORIENTED_EDGE ( 'NONE', *, *, #3303, .F. ) ;
#2078 = ORIENTED_EDGE ( 'NONE', *, *, #1098, .T. ) ;
#2079 = ORIENTED_EDGE ( 'NONE', *, *, #2566, .T. ) ;
#2080 = DIRECTION ( 'NONE',  ( 1.000000000000000000, 0.000000000000000000, 0.000000000000000000 ) ) ;
#2081 = ADVANCED_BREP_SHAPE_REPRESENTATION ( '\X2\96004f53\X0\', ( #2231, #39 ), #982 ) ;
#2082 = CARTESIAN_POINT ( 'NONE',  ( 24.99999999999998579, 8.000000000000000000, -35.00000000000000000 ) ) ;
#2083 = DIRECTION ( 'NONE',  ( 0.000000000000000000, 0.000000000000000000, 1.000000000000000000 ) ) ;
#2084 = CARTESIAN_POINT ( 'NONE',  ( -15.89392965025669646, 72.93368451757397963, 25.45638479344432881 ) ) ;
#2085 = CARTESIAN_POINT ( 'NONE',  ( -50.00000000000000000, 29.99999999999999289, -26.99999999999999645 ) ) ;
#2086 = AXIS2_PLACEMENT_3D ( 'NONE', #1610, #1923, #3580 ) ;
#2087 = DIRECTION ( 'NONE',  ( 0.000000000000000000, 0.000000000000000000, 1.000000000000000000 ) ) ;
#2088 = EDGE_CURVE ( 'NONE', #3368, #149, #3154, .T. ) ;
#2089 = LINE ( 'NONE', #2624, #1321 ) ;
#2090 = CYLINDRICAL_SURFACE ( 'NONE', #3228, 3.399999999999993250 ) ;
#2091 = DIRECTION ( 'NONE',  ( -0.000000000000000000, 0.000000000000000000, 1.000000000000000000 ) ) ;
#2092 = ORIENTED_EDGE ( 'NONE', *, *, #31, .F. ) ;
#2093 = VECTOR ( 'NONE', #2756, 1000.000000000000000 ) ;
#2094 = CARTESIAN_POINT ( 'NONE',  ( -14.50971273391566108, 72.71087227649486806, -26.26999719185738513 ) ) ;
#2095 = VERTEX_POINT ( 'NONE', #1357 ) ;
#2096 = ORIENTED_EDGE ( 'NONE', *, *, #86, .T. ) ;
#2097 = AXIS2_PLACEMENT_3D ( 'NONE', #1789, #602, #2052 ) ;
#2098 = ORIENTED_EDGE ( 'NONE', *, *, #3072, .F. ) ;
#2099 = CARTESIAN_POINT ( 'NONE',  ( 21.07417808142086812, 65.00000000000000000, 20.00000000000000000 ) ) ;
#2100 = VECTOR ( 'NONE', #3048, 1000.000000000000000 ) ;
#2101 = FACE_OUTER_BOUND ( 'NONE', #1110, .T. ) ;
#2102 = EDGE_CURVE ( 'NONE', #441, #1385, #2232, .T. ) ;
#2103 = FACE_OUTER_BOUND ( 'NONE', #1182, .T. ) ;
#2104 = CARTESIAN_POINT ( 'NONE',  ( -1.474887552647728750, 67.69098880266162155, 29.96599331698153534 ) ) ;
#2105 = DIRECTION ( 'NONE',  ( 0.000000000000000000, 0.000000000000000000, 1.000000000000000000 ) ) ;
#2106 = AXIS2_PLACEMENT_3D ( 'NONE', #615, #1707, #2327 ) ;
#2107 = DIRECTION ( 'NONE',  ( 0.000000000000000000, 0.000000000000000000, 1.000000000000000000 ) ) ;
#2108 = DIRECTION ( 'NONE',  ( 0.000000000000000000, -0.000000000000000000, -1.000000000000000000 ) ) ;
#2109 = CARTESIAN_POINT ( 'NONE',  ( -50.00000000000000000, 67.00000000000000000, 27.00000000000000000 ) ) ;
#2110 = CARTESIAN_POINT ( 'NONE',  ( 0.000000000000000000, 65.00000000000000000, 0.000000000000000000 ) ) ;
#2111 = CARTESIAN_POINT ( 'NONE',  ( -71.07766952966332497, 67.67766952966405825, 55.00000000000000000 ) ) ;
#2112 = EDGE_LOOP ( 'NONE', ( #1381, #1543, #878, #1013 ) ) ;
#2113 = ORIENTED_EDGE ( 'NONE', *, *, #1285, .T. ) ;
#2114 = ORIENTED_EDGE ( 'NONE', *, *, #942, .F. ) ;
#2115 = DIRECTION ( 'NONE',  ( 1.000000000000000000, 0.000000000000000000, 0.000000000000000000 ) ) ;
#2116 = ADVANCED_FACE ( 'NONE', ( #2515 ), #2188, .T. ) ;
#2117 = CARTESIAN_POINT ( 'NONE',  ( 17.49999999999999645, 30.00000000000000000, 27.00000000000000000 ) ) ;
#2118 = FACE_OUTER_BOUND ( 'NONE', #3252, .T. ) ;
#2119 = CARTESIAN_POINT ( 'NONE',  ( -15.86535421215717179, 69.84686710388191955, 27.97503648601563597 ) ) ;
#2120 = DIRECTION ( 'NONE',  ( -0.000000000000000000, 0.000000000000000000, -1.000000000000000000 ) ) ;
#2121 = FACE_OUTER_BOUND ( 'NONE', #2001, .T. ) ;
#2122 = CARTESIAN_POINT ( 'NONE',  ( -61.18859577242783132, 72.35654992706186306, 47.00000000000000000 ) ) ;
#2123 = EDGE_CURVE ( 'NONE', #3665, #1457, #316, .T. ) ;
#2124 = CARTESIAN_POINT ( 'NONE',  ( 21.07417808142086812, 39.00000000000000711, 20.00000000000000000 ) ) ;
#2125 = CARTESIAN_POINT ( 'NONE',  ( -32.32233047033593465, 67.67766952966384508, 47.00000000000000000 ) ) ;
#2126 = ORIENTED_EDGE ( 'NONE', *, *, #183, .F. ) ;
#2127 = ORIENTED_EDGE ( 'NONE', *, *, #2028, .F. ) ;
#2128 = ORIENTED_EDGE ( 'NONE', *, *, #248, .T. ) ;
#2129 = ADVANCED_FACE ( 'NONE', ( #261, #2476 ), #3615, .F. ) ;
#2130 = DIRECTION ( 'NONE',  ( 1.000000000000000000, 0.000000000000000000, 0.000000000000000000 ) ) ;
#2131 = LINE ( 'NONE', #1568, #1749 ) ;
#2132 = CARTESIAN_POINT ( 'NONE',  ( 24.99999999999999289, 8.000000000000000000, 25.00000000000000355 ) ) ;
#2133 = EDGE_CURVE ( 'NONE', #3267, #2344, #1316, .T. ) ;
#2134 = CYLINDRICAL_SURFACE ( 'NONE', #679, 5.000000000000004441 ) ;
#2135 = VECTOR ( 'NONE', #159, 1000.000000000000000 ) ;
#2136 = CIRCLE ( 'NONE', #143, 15.00000000000000000 ) ;
#2137 = DIRECTION ( 'NONE',  ( -1.000000000000000000, 0.000000000000000000, 0.000000000000000000 ) ) ;
#2138 = VERTEX_POINT ( 'NONE', #740 ) ;
#2139 = CARTESIAN_POINT ( 'NONE',  ( -3.895785525180148312, 68.28725098158737694, 29.75659564036578786 ) ) ;
#2140 = PLANE ( 'NONE',  #3214 ) ;
#2141 = FACE_OUTER_BOUND ( 'NONE', #2848, .T. ) ;
#2142 = PRESENTATION_LAYER_ASSIGNMENT (  '', '', ( #3573 ) ) ;
#2143 = DIRECTION ( 'NONE',  ( 0.000000000000000000, 0.000000000000000000, 1.000000000000000000 ) ) ;
#2144 = EDGE_CURVE ( 'NONE', #1029, #201, #2175, .T. ) ;
#2145 = STYLED_ITEM ( 'NONE', ( #3090 ), #2231 ) ;
#2146 = CARTESIAN_POINT ( 'NONE',  ( -25.00000000000001776, 8.000000000000000000, -25.00000000000000355 ) ) ;
#2147 = AXIS2_PLACEMENT_3D ( 'NONE', #2601, #930, #1949 ) ;
#2148 = ORIENTED_EDGE ( 'NONE', *, *, #430, .F. ) ;
#2149 = ORIENTED_EDGE ( 'NONE', *, *, #1956, .T. ) ;
#2150 = FACE_OUTER_BOUND ( 'NONE', #58, .T. ) ;
#2151 = AXIS2_PLACEMENT_3D ( 'NONE', #3526, #3490, #453 ) ;
#2152 = DIRECTION ( 'NONE',  ( -1.000000000000000000, 0.000000000000000000, 0.000000000000000000 ) ) ;
#2153 = DIRECTION ( 'NONE',  ( -1.734723475976806848E-16, 1.000000000000000000, -0.000000000000000000 ) ) ;
#2154 = ORIENTED_EDGE ( 'NONE', *, *, #918, .T. ) ;
#2155 = DIRECTION ( 'NONE',  ( -0.000000000000000000, -0.000000000000000000, -1.000000000000000000 ) ) ;
#2156 = DIRECTION ( 'NONE',  ( -0.000000000000000000, 0.000000000000000000, 1.000000000000000000 ) ) ;
#2157 = AXIS2_PLACEMENT_3D ( 'NONE', #564, #1969, #1418 ) ;
#2158 = CARTESIAN_POINT ( 'NONE',  ( -25.00000000000001776, 0.000000000000000000, -25.00000000000000355 ) ) ;
#2159 = CARTESIAN_POINT ( 'NONE',  ( -50.00000000000000000, 67.00000000000000000, -30.00000000000000000 ) ) ;
#2160 = CIRCLE ( 'NONE', #2810, 5.000000000000004441 ) ;
#2161 = DIRECTION ( 'NONE',  ( 0.000000000000000000, 0.000000000000000000, 1.000000000000000000 ) ) ;
#2162 = DIRECTION ( 'NONE',  ( -0.000000000000000000, -0.000000000000000000, -1.000000000000000000 ) ) ;
#2163 = AXIS2_PLACEMENT_3D ( 'NONE', #3583, #435, #2649 ) ;
#2164 = CARTESIAN_POINT ( 'NONE',  ( -25.00000000000001776, 8.000000000000000000, -25.00000000000000355 ) ) ;
#2165 = DIRECTION ( 'NONE',  ( -0.000000000000000000, -1.000000000000000000, -0.000000000000000000 ) ) ;
#2166 = CARTESIAN_POINT ( 'NONE',  ( -25.00000000000002132, 8.000000000000000000, -24.99999999999999289 ) ) ;
#2167 = ORIENTED_EDGE ( 'NONE', *, *, #1814, .F. ) ;
#2168 = VERTEX_POINT ( 'NONE', #3337 ) ;
#2169 = CARTESIAN_POINT ( 'NONE',  ( -33.00000000000000000, 50.00000000000000000, 45.00000000000000000 ) ) ;
#2170 = EDGE_CURVE ( 'NONE', #1988, #638, #503, .T. ) ;
#2171 = CARTESIAN_POINT ( 'NONE',  ( -18.97366596101028691, 70.00000000000000000, -26.99999999999999645 ) ) ;
#2172 = ORIENTED_EDGE ( 'NONE', *, *, #3395, .T. ) ;
#2173 = FACE_OUTER_BOUND ( 'NONE', #1435, .T. ) ;
#2174 = DIRECTION ( 'NONE',  ( 0.000000000000000000, 0.000000000000000000, 1.000000000000000000 ) ) ;
#2175 = LINE ( 'NONE', #2720, #2681 ) ;
#2176 = CARTESIAN_POINT ( 'NONE',  ( -70.00000000000000000, 50.00000000000000000, 30.00000000000000000 ) ) ;
#2177 = FACE_OUTER_BOUND ( 'NONE', #2637, .T. ) ;
#2178 = EDGE_LOOP ( 'NONE', ( #476, #1047, #237, #1294 ) ) ;
#2179 = CARTESIAN_POINT ( 'NONE',  ( 2.204364238465235428E-15, 65.00000000000000000, 18.00000000000000000 ) ) ;
#2180 = ORIENTED_EDGE ( 'NONE', *, *, #3019, .T. ) ;
#2181 = EDGE_CURVE ( 'NONE', #2369, #132, #2614, .T. ) ;
#2182 = VERTEX_POINT ( 'NONE', #1372 ) ;
#2183 = CARTESIAN_POINT ( 'NONE',  ( 0.000000000000000000, 0.000000000000000000, 0.000000000000000000 ) ) ;
#2184 = CARTESIAN_POINT ( 'NONE',  ( 34.99999999999999289, 0.000000000000000000, -25.00000000000000000 ) ) ;
#2185 = LINE ( 'NONE', #784, #111 ) ;
#2186 = LINE ( 'NONE', #1883, #2982 ) ;
#2187 = DIRECTION ( 'NONE',  ( 0.000000000000000000, 0.000000000000000000, -1.000000000000000000 ) ) ;
#2188 = CYLINDRICAL_SURFACE ( 'NONE', #2378, 7.999999999999743316 ) ;
#2189 = FACE_BOUND ( 'NONE', #2654, .T. ) ;
#2190 = AXIS2_PLACEMENT_3D ( 'NONE', #443, #1565, #3621 ) ;
#2191 = AXIS2_PLACEMENT_3D ( 'NONE', #3361, #1342, #3062 ) ;
#2192 = CARTESIAN_POINT ( 'NONE',  ( -24.99999999999994671, 0.000000000000000000, -35.00000000000000000 ) ) ;
#2193 = EDGE_CURVE ( 'NONE', #2311, #2653, #2738, .T. ) ;
#2194 = AXIS2_PLACEMENT_3D ( 'NONE', #661, #1835, #160 ) ;
#2195 = DIRECTION ( 'NONE',  ( -0.000000000000000000, -0.000000000000000000, -1.000000000000000000 ) ) ;
#2196 = DIRECTION ( 'NONE',  ( -0.000000000000000000, -1.000000000000000000, -0.000000000000000000 ) ) ;
#2197 = CIRCLE ( 'NONE', #3284, 14.49999999999999822 ) ;
#2198 = VERTEX_POINT ( 'NONE', #2736 ) ;
#2199 = ORIENTED_EDGE ( 'NONE', *, *, #3427, .F. ) ;
#2200 = DIRECTION ( 'NONE',  ( -0.000000000000000000, -1.000000000000000000, -0.000000000000000000 ) ) ;
#2201 = LINE ( 'NONE', #3349, #1984 ) ;
#2202 = EDGE_CURVE ( 'NONE', #441, #2060, #1855, .T. ) ;
#2203 = ORIENTED_EDGE ( 'NONE', *, *, #269, .F. ) ;
#2204 = EDGE_LOOP ( 'NONE', ( #804, #3117 ) ) ;
#2205 = FACE_OUTER_BOUND ( 'NONE', #906, .T. ) ;
#2206 = AXIS2_PLACEMENT_3D ( 'NONE', #1072, #3038, #3634 ) ;
#2207 = DIRECTION ( 'NONE',  ( 0.000000000000000000, 0.000000000000000000, -1.000000000000000000 ) ) ;
#2208 = PRESENTATION_STYLE_ASSIGNMENT (( #537 ) ) ;
#2209 = EDGE_CURVE ( 'NONE', #1540, #1995, #2915, .T. ) ;
#2210 = CIRCLE ( 'NONE', #1281, 3.400000000000000355 ) ;
#2211 = DIRECTION ( 'NONE',  ( -1.000000000000000000, 0.000000000000000000, 0.000000000000000000 ) ) ;
#2212 = DIRECTION ( 'NONE',  ( -1.000000000000000000, 0.000000000000000000, 0.000000000000000000 ) ) ;
#2213 = ADVANCED_FACE ( 'NONE', ( #3654 ), #1942, .T. ) ;
#2214 = FACE_OUTER_BOUND ( 'NONE', #1126, .T. ) ;
#2215 = B_SPLINE_CURVE_WITH_KNOTS ( 'NONE', 3,
 ( #101, #717, #1832, #2119, #980, #121, #2678, #2341, #2701, #2416, #3544, #1280, #3205, #944 ),
 .UNSPECIFIED., .F., .F.,
 ( 4, 2, 2, 2, 2, 2, 4 ),
 ( 0.000000000000000000, 0.002444330057316675478, 0.004888660114633350956, 0.007332990171950025567, 0.009777320229266701912, 0.01466598034390003899, 0.01955464045853337607 ),
 .UNSPECIFIED. ) ;
#2216 = ORIENTED_EDGE ( 'NONE', *, *, #2357, .T. ) ;
#2217 = AXIS2_PLACEMENT_3D ( 'NONE', #542, #2793, #2479 ) ;
#2218 = VECTOR ( 'NONE', #1541, 1000.000000000000000 ) ;
#2219 = AXIS2_PLACEMENT_3D ( 'NONE', #1659, #1940, #3073 ) ;
#2220 = DIRECTION ( 'NONE',  ( -0.000000000000000000, -0.000000000000000000, -1.000000000000000000 ) ) ;
#2221 = AXIS2_PLACEMENT_3D ( 'NONE', #1303, #2959, #2923 ) ;
#2222 = ORIENTED_EDGE ( 'NONE', *, *, #3636, .T. ) ;
#2223 = ORIENTED_EDGE ( 'NONE', *, *, #416, .F. ) ;
#2224 = DIRECTION ( 'NONE',  ( 0.000000000000000000, 0.000000000000000000, -1.000000000000000000 ) ) ;
#2225 = EDGE_CURVE ( 'NONE', #2344, #1765, #214, .T. ) ;
#2226 = FACE_BOUND ( 'NONE', #1562, .T. ) ;
#2227 = ORIENTED_EDGE ( 'NONE', *, *, #2609, .T. ) ;
#2228 = ORIENTED_EDGE ( 'NONE', *, *, #1721, .F. ) ;
#2229 = DIRECTION ( 'NONE',  ( 0.000000000000000000, 0.000000000000000000, -1.000000000000000000 ) ) ;
#2230 = DIRECTION ( 'NONE',  ( 0.000000000000000000, 0.000000000000000000, 1.000000000000000000 ) ) ;
#2231 = MANIFOLD_SOLID_BREP ( '\X2\570689d2\X0\3', #2398 ) ;
#2232 = LINE ( 'NONE', #772, #1615 ) ;
#2233 = FACE_OUTER_BOUND ( 'NONE', #510, .T. ) ;
#2234 = DIRECTION ( 'NONE',  ( -0.000000000000000000, -1.000000000000000000, -0.000000000000000000 ) ) ;
#2235 = DIRECTION ( 'NONE',  ( 0.000000000000000000, 1.000000000000000000, -0.000000000000000000 ) ) ;
#2236 = ORIENTED_EDGE ( 'NONE', *, *, #1721, .T. ) ;
#2237 = VERTEX_POINT ( 'NONE', #1186 ) ;
#2238 = DIRECTION ( 'NONE',  ( 0.000000000000000000, 0.000000000000000000, 1.000000000000000000 ) ) ;
#2239 = ORIENTED_EDGE ( 'NONE', *, *, #1926, .T. ) ;
#2240 = VERTEX_POINT ( 'NONE', #1463 ) ;
#2241 = EDGE_CURVE ( 'NONE', #1127, #2290, #1146, .T. ) ;
#2242 = VERTEX_POINT ( 'NONE', #605 ) ;
#2243 = ADVANCED_FACE ( 'NONE', ( #883 ), #2244, .F. ) ;
#2244 = CYLINDRICAL_SURFACE ( 'NONE', #2030, 5.000000000000004441 ) ;
#2245 = CARTESIAN_POINT ( 'NONE',  ( -13.65441303412542950, 69.58678861310583841, -28.52283524845157103 ) ) ;
#2246 = LINE ( 'NONE', #2286, #2967 ) ;
#2247 = CIRCLE ( 'NONE', #3211, 25.00000000000000000 ) ;
#2248 = CARTESIAN_POINT ( 'NONE',  ( 0.000000000000000000, 8.000000000000000000, 0.000000000000000000 ) ) ;
#2249 = AXIS2_PLACEMENT_3D ( 'NONE', #117, #2393, #1773 ) ;
#2250 = VERTEX_POINT ( 'NONE', #1998 ) ;
#2251 = CARTESIAN_POINT ( 'NONE',  ( -38.81140422757172104, 27.64345007293836431, 55.00000000000000000 ) ) ;
#2252 = EDGE_CURVE ( 'NONE', #3536, #2293, #731, .T. ) ;
#2253 = ORIENTED_EDGE ( 'NONE', *, *, #2935, .T. ) ;
#2254 = AXIS2_PLACEMENT_3D ( 'NONE', #948, #414, #2383 ) ;
#2255 = ORIENTED_EDGE ( 'NONE', *, *, #2133, .T. ) ;
#2256 = AXIS2_PLACEMENT_3D ( 'NONE', #3059, #757, #3076 ) ;
#2257 = FACE_BOUND ( 'NONE', #936, .T. ) ;
#2258 = VERTEX_POINT ( 'NONE', #17 ) ;
#2259 = VERTEX_POINT ( 'NONE', #2031 ) ;
#2260 = ORIENTED_EDGE ( 'NONE', *, *, #2282, .F. ) ;
#2261 = FACE_BOUND ( 'NONE', #1103, .T. ) ;
#2262 = ADVANCED_FACE ( 'NONE', ( #1423, #1737, #3109, #62 ), #2861, .T. ) ;
#2263 = CYLINDRICAL_SURFACE ( 'NONE', #2391, 25.00000000000000711 ) ;
#2264 = CIRCLE ( 'NONE', #3522, 15.00000000000000000 ) ;
#2265 = CARTESIAN_POINT ( 'NONE',  ( -17.24878723728207675, 73.00000000000001421, -24.54545454545454319 ) ) ;
#2266 = VECTOR ( 'NONE', #3430, 1000.000000000000000 ) ;
#2267 = CARTESIAN_POINT ( 'NONE',  ( -12.86602219547653370, 69.47683768083460620, 28.69581178956223155 ) ) ;
#2268 = VECTOR ( 'NONE', #98, 1000.000000000000000 ) ;
#2269 = EDGE_CURVE ( 'NONE', #2600, #3368, #1323, .T. ) ;
#2270 = CARTESIAN_POINT ( 'NONE',  ( 1.530808498934191521E-15, 1.000000000000000888, 12.50000000000000000 ) ) ;
#2271 = ORIENTED_EDGE ( 'NONE', *, *, #1685, .T. ) ;
#2272 = CARTESIAN_POINT ( 'NONE',  ( 0.000000000000000000, 30.00000000000000000, 0.000000000000000000 ) ) ;
#2273 = VERTEX_POINT ( 'NONE', #2582 ) ;
#2274 = AXIS2_PLACEMENT_3D ( 'NONE', #3042, #1636, #236 ) ;
#2275 = ORIENTED_EDGE ( 'NONE', *, *, #3559, .F. ) ;
#2276 = AXIS2_PLACEMENT_3D ( 'NONE', #968, #3550, #1558 ) ;
#2277 = DIRECTION ( 'NONE',  ( -0.000000000000000000, -1.000000000000000000, -0.000000000000000000 ) ) ;
#2278 = AXIS2_PLACEMENT_3D ( 'NONE', #1369, #1332, #498 ) ;
#2279 = ORIENTED_EDGE ( 'NONE', *, *, #2871, .T. ) ;
#2280 = EDGE_LOOP ( 'NONE', ( #1752, #973, #1599, #3139 ) ) ;
#2281 = ORIENTED_EDGE ( 'NONE', *, *, #2319, .T. ) ;
#2282 = EDGE_CURVE ( 'NONE', #2348, #3399, #2012, .T. ) ;
#2283 = CARTESIAN_POINT ( 'NONE',  ( -18.97366596101027980, 70.00000000000000000, 27.00000000000000000 ) ) ;
#2284 = CARTESIAN_POINT ( 'NONE',  ( -50.00000000000000000, 32.99999999999999289, 27.00000000000000000 ) ) ;
#2285 = CARTESIAN_POINT ( 'NONE',  ( -25.00000000000000711, 0.000000000000000000, 20.00000000000000355 ) ) ;
#2286 = CARTESIAN_POINT ( 'NONE',  ( -50.00000000000000000, 70.00000000000000000, -26.99999999999999645 ) ) ;
#2287 = EDGE_CURVE ( 'NONE', #2259, #132, #1977, .T. ) ;
#2288 = CARTESIAN_POINT ( 'NONE',  ( -72.00000000000001421, 50.00000000000000000, -39.00000000000000000 ) ) ;
#2289 =( NAMED_UNIT ( * ) PLANE_ANGLE_UNIT ( ) SI_UNIT ( $, .RADIAN. ) );
#2290 = VERTEX_POINT ( 'NONE', #1147 ) ;
#2291 = DIRECTION ( 'NONE',  ( -0.000000000000000000, -1.000000000000000000, -0.000000000000000000 ) ) ;
#2292 = ADVANCED_FACE ( 'NONE', ( #3373 ), #1679, .F. ) ;
#2293 = VERTEX_POINT ( 'NONE', #284 ) ;
#2294 = EDGE_CURVE ( 'NONE', #9, #3496, #575, .T. ) ;
#2295 = CARTESIAN_POINT ( 'NONE',  ( 0.000000000000000000, 11.00000000000000000, -17.50000000000000000 ) ) ;
#2296 = VERTEX_POINT ( 'NONE', #1702 ) ;
#2297 = ORIENTED_EDGE ( 'NONE', *, *, #1557, .F. ) ;
#2298 = CARTESIAN_POINT ( 'NONE',  ( -50.00000000000000000, 50.00000000000000000, -39.00000000000000000 ) ) ;
#2299 = EDGE_CURVE ( 'NONE', #2527, #1406, #1909, .T. ) ;
#2300 = DIRECTION ( 'NONE',  ( -0.000000000000000000, -0.000000000000000000, 1.000000000000000000 ) ) ;
#2301 = CARTESIAN_POINT ( 'NONE',  ( -7.749280665650710276, 69.44912301357203432, -29.02340443942805592 ) ) ;
#2302 = CARTESIAN_POINT ( 'NONE',  ( -14.53390138512556895, 72.71555837372122255, 26.25644372480290656 ) ) ;
#2303 = DIRECTION ( 'NONE',  ( -1.000000000000000000, 0.000000000000000000, 0.000000000000000000 ) ) ;
#2304 = ORIENTED_EDGE ( 'NONE', *, *, #669, .F. ) ;
#2305 = EDGE_CURVE ( 'NONE', #837, #2273, #3095, .T. ) ;
#2306 = DIRECTION ( 'NONE',  ( -0.000000000000000000, 1.000000000000000000, -0.000000000000000000 ) ) ;
#2307 = ORIENTED_EDGE ( 'NONE', *, *, #611, .T. ) ;
#2308 = CIRCLE ( 'NONE', #900, 2.999999999999999112 ) ;
#2309 = LINE ( 'NONE', #366, #741 ) ;
#2310 = ORIENTED_EDGE ( 'NONE', *, *, #248, .F. ) ;
#2311 = VERTEX_POINT ( 'NONE', #2953 ) ;
#2312 = VERTEX_POINT ( 'NONE', #3243 ) ;
#2313 = DIRECTION ( 'NONE',  ( -0.000000000000000000, -1.000000000000000000, -0.000000000000000000 ) ) ;
#2314 = ADVANCED_FACE ( 'NONE', ( #2103 ), #1223, .F. ) ;
#2315 = DIRECTION ( 'NONE',  ( -1.000000000000000000, 0.000000000000000000, 0.000000000000000000 ) ) ;
#2316 = VECTOR ( 'NONE', #1071, 1000.000000000000227 ) ;
#2317 = CARTESIAN_POINT ( 'NONE',  ( -50.00000000000000000, 50.00000000000000000, 30.00000000000000000 ) ) ;
#2318 = LINE ( 'NONE', #3110, #1800 ) ;
#2319 = EDGE_CURVE ( 'NONE', #2334, #2600, #2501, .T. ) ;
#2320 = AXIS2_PLACEMENT_3D ( 'NONE', #1484, #3471, #1104 ) ;
#2321 = CARTESIAN_POINT ( 'NONE',  ( -14.04891830404354991, 69.63849154491650495, 28.43164647613273388 ) ) ;
#2322 = ORIENTED_EDGE ( 'NONE', *, *, #2865, .F. ) ;
#2323 = DIRECTION ( 'NONE',  ( -0.000000000000000000, -1.000000000000000000, -0.000000000000000000 ) ) ;
#2324 = AXIS2_PLACEMENT_3D ( 'NONE', #415, #197, #473 ) ;
#2325 = EDGE_CURVE ( 'NONE', #1476, #73, #3394, .T. ) ;
#2326 = VERTEX_POINT ( 'NONE', #716 ) ;
#2327 = DIRECTION ( 'NONE',  ( 0.000000000000000000, 0.000000000000000000, -1.000000000000000000 ) ) ;
#2328 = ORIENTED_EDGE ( 'NONE', *, *, #2935, .F. ) ;
#2329 = CIRCLE ( 'NONE', #1452, 5.000000000000004441 ) ;
#2330 = CARTESIAN_POINT ( 'NONE',  ( 0.000000000000000000, 80.00000000000000000, 0.000000000000000000 ) ) ;
#2331 = TOROIDAL_SURFACE ( 'NONE', #743, 20.50000000000000000, 3.000000000000000000 ) ;
#2332 = ORIENTED_EDGE ( 'NONE', *, *, #135, .T. ) ;
#2333 = ORIENTED_EDGE ( 'NONE', *, *, #863, .F. ) ;
#2334 = VERTEX_POINT ( 'NONE', #1518 ) ;
#2335 = EDGE_CURVE ( 'NONE', #3140, #3648, #2068, .T. ) ;
#2336 = LINE ( 'NONE', #2099, #1436 ) ;
#2337 = CIRCLE ( 'NONE', #2991, 30.00000000000000000 ) ;
#2338 = DIRECTION ( 'NONE',  ( -0.000000000000000000, -0.000000000000000000, -1.000000000000000000 ) ) ;
#2339 = DIRECTION ( 'NONE',  ( -0.000000000000000000, -0.000000000000000000, 1.000000000000000000 ) ) ;
#2340 = EDGE_CURVE ( 'NONE', #3329, #1472, #701, .T. ) ;
#2341 = CARTESIAN_POINT ( 'NONE',  ( -11.13291135861084413, 69.20983690596187898, 29.03847559234846187 ) ) ;
#2342 = EDGE_CURVE ( 'NONE', #368, #2237, #959, .T. ) ;
#2343 = CARTESIAN_POINT ( 'NONE',  ( -5.920927312654028718, 69.72454107109540189, 29.44765879958599442 ) ) ;
#2344 = VERTEX_POINT ( 'NONE', #410 ) ;
#2345 = FACE_OUTER_BOUND ( 'NONE', #1195, .T. ) ;
#2346 = CARTESIAN_POINT ( 'NONE',  ( -50.00000000000000000, 50.00000000000000000, -32.00000000000000000 ) ) ;
#2347 = CARTESIAN_POINT ( 'NONE',  ( -31.39999999999999147, 50.00000000000000000, -39.00000000000000000 ) ) ;
#2348 = VERTEX_POINT ( 'NONE', #136 ) ;
#2349 = ADVANCED_FACE ( 'NONE', ( #1791 ), #2643, .F. ) ;
#2350 = ORIENTED_EDGE ( 'NONE', *, *, #1098, .F. ) ;
#2351 = DIRECTION ( 'NONE',  ( -0.9480297097551911856, 0.3181818181818186764, 0.000000000000000000 ) ) ;
#2352 = EDGE_LOOP ( 'NONE', ( #2041, #2766, #2800, #620 ) ) ;
#2353 = ORIENTED_EDGE ( 'NONE', *, *, #3302, .T. ) ;
#2354 = EDGE_LOOP ( 'NONE', ( #566, #1972, #3346, #1544 ) ) ;
#2355 = CARTESIAN_POINT ( 'NONE',  ( -27.64345007293813694, 38.81140422757215447, 47.00000000000000000 ) ) ;
#2356 = DIRECTION ( 'NONE',  ( -1.000000000000000000, 0.000000000000000000, 0.000000000000000000 ) ) ;
#2357 = EDGE_CURVE ( 'NONE', #3065, #764, #1497, .T. ) ;
#2358 = CARTESIAN_POINT ( 'NONE',  ( -38.68629150101524772, 39.00000000000000000, -20.00000000000000000 ) ) ;
#2359 = CARTESIAN_POINT ( 'NONE',  ( -61.18859577242783132, 72.35654992706186306, 55.00000000000000000 ) ) ;
#2360 = ADVANCED_FACE ( 'NONE', ( #2118 ), #2971, .T. ) ;
#2361 = CYLINDRICAL_SURFACE ( 'NONE', #2789, 8.000000000000007105 ) ;
#2362 = FACE_BOUND ( 'NONE', #3179, .T. ) ;
#2363 = DIRECTION ( 'NONE',  ( 0.000000000000000000, -1.000000000000000000, -0.000000000000000000 ) ) ;
#2364 = EDGE_CURVE ( 'NONE', #270, #2832, #1441, .T. ) ;
#2365 = LINE ( 'NONE', #2124, #2574 ) ;
#2366 = ORIENTED_EDGE ( 'NONE', *, *, #801, .F. ) ;
#2367 = ADVANCED_FACE ( 'NONE', ( #3518 ), #612, .T. ) ;
#2368 = LINE ( 'NONE', #489, #3593 ) ;
#2369 = VERTEX_POINT ( 'NONE', #119 ) ;
#2370 = VERTEX_POINT ( 'NONE', #1279 ) ;
#2371 = ORIENTED_EDGE ( 'NONE', *, *, #145, .F. ) ;
#2372 = PLANE ( 'NONE',  #1495 ) ;
#2373 = CIRCLE ( 'NONE', #1553, 30.00000000000000000 ) ;
#2374 = CARTESIAN_POINT ( 'NONE',  ( -50.00000000000000000, 50.00000000000000000, 20.00000000000000355 ) ) ;
#2375 = CARTESIAN_POINT ( 'NONE',  ( -37.50000000000000711, 50.00000000000000000, -32.00000000000000000 ) ) ;
#2376 = AXIS2_PLACEMENT_3D ( 'NONE', #279, #1183, #897 ) ;
#2377 = DIRECTION ( 'NONE',  ( 0.000000000000000000, 0.000000000000000000, 1.000000000000000000 ) ) ;
#2378 = AXIS2_PLACEMENT_3D ( 'NONE', #485, #2785, #2211 ) ;
#2379 = DIRECTION ( 'NONE',  ( -1.000000000000000000, 0.000000000000000000, 0.000000000000000000 ) ) ;
#2380 = VECTOR ( 'NONE', #2339, 1000.000000000000000 ) ;
#2381 = DIRECTION ( 'NONE',  ( 0.000000000000000000, 0.000000000000000000, -1.000000000000000000 ) ) ;
#2382 =( BOUNDED_SURFACE ( )  B_SPLINE_SURFACE ( 3, 2, ( 
 ( #1777, #82, #2563 ),
 ( #1501, #2901, #2841 ),
 ( #22, #46, #1720 ),
 ( #2302, #1465, #2863 ),
 ( #905, #2033, #1762 ),
 ( #1482, #1205, #2321 ),
 ( #1151, #3129, #3469 ),
 ( #1172, #374, #2267 ),
 ( #2622, #3393, #848 ),
 ( #1981, #3112, #578 ),
 ( #609, #1704, #3413 ),
 ( #869, #1739, #1244 ),
 ( #2343, #1794, #1816 ),
 ( #3546, #2139, #2645 ),
 ( #2071, #3488, #946 ),
 ( #123, #471, #179 ),
 ( #1849, #2920, #1259 ),
 ( #2995, #394, #1573 ) ),
 .UNSPECIFIED., .F., .F., .T. ) 
 B_SPLINE_SURFACE_WITH_KNOTS ( ( 4, 2, 2, 2, 2, 2, 2, 2, 4 ),
 ( 3, 3 ),
 ( 0.004532156464474718094, 0.007187158618520661686, 0.009842160772566605278, 0.01116966184958957664, 0.01249716292661254974, 0.01515216508065849246, 0.02046216938875038138, 0.02311717154279632411, 0.02577217369684226683 ),
 ( 0.000000000000000000, 1.000000000000000000 ),
 .UNSPECIFIED. ) 
 GEOMETRIC_REPRESENTATION_ITEM ( )  RATIONAL_B_SPLINE_SURFACE ( (
 ( 1.000000000000000000, 0.7071067811865475727, 1.000000000000000000),
 ( 1.000000000000000000, 0.7319126992086656402, 1.000000000000000000),
 ( 1.000000000000000000, 0.7550686156659237591, 1.000000000000000000),
 ( 1.000000000000000000, 0.7982708444490879129, 1.000000000000000000),
 ( 1.000000000000000000, 0.8183176211333650363, 1.000000000000000000),
 ( 1.000000000000000000, 0.8461220332930614596, 1.000000000000000000),
 ( 1.000000000000000000, 0.8550320688371442213, 1.000000000000000000),
 ( 1.000000000000000000, 0.8719468393462370681, 1.000000000000000000),
 ( 1.000000000000000000, 0.8799655593213919769, 1.000000000000000000),
 ( 1.000000000000000000, 0.9027705619915712409, 1.000000000000000000),
 ( 1.000000000000000000, 0.9163095260957250243, 1.000000000000000000),
 ( 1.000000000000000000, 0.9522778748158058360, 1.000000000000000000),
 ( 1.000000000000000000, 0.9700974571370808430, 1.000000000000000000),
 ( 1.000000000000000000, 0.9880359021595349622, 1.000000000000000000),
 ( 1.000000000000000000, 0.9925353372798215723, 1.000000000000000000),
 ( 1.000000000000000000, 0.9985085912403355302, 1.000000000000000000),
 ( 1.000000000000000000, 0.9999989027631401850, 1.000000000000000000),
 ( 1.000000000000000000, 1.000000000000000000, 1.000000000000000000) ) ) 
 REPRESENTATION_ITEM ( '' )  SURFACE ( )  );
#2383 = DIRECTION ( 'NONE',  ( 0.000000000000000000, 0.000000000000000000, 1.000000000000000000 ) ) ;
#2384 = CARTESIAN_POINT ( 'NONE',  ( -32.32233047033593465, 67.67766952966384508, 55.00000000000000000 ) ) ;
#2385 = CIRCLE ( 'NONE', #788, 2.999999999999999112 ) ;
#2386 = FACE_OUTER_BOUND ( 'NONE', #84, .T. ) ;
#2387 = AXIS2_PLACEMENT_3D ( 'NONE', #735, #2644, #1002 ) ;
#2388 = DIRECTION ( 'NONE',  ( 0.000000000000000000, 1.000000000000000000, -0.000000000000000000 ) ) ;
#2389 = ORIENTED_EDGE ( 'NONE', *, *, #1004, .T. ) ;
#2390 = VERTEX_POINT ( 'NONE', #1570 ) ;
#2391 = AXIS2_PLACEMENT_3D ( 'NONE', #809, #1680, #2837 ) ;
#2392 = VERTEX_POINT ( 'NONE', #3543 ) ;
#2393 = DIRECTION ( 'NONE',  ( -0.000000000000000000, 0.000000000000000000, 1.000000000000000000 ) ) ;
#2394 = AXIS2_PLACEMENT_3D ( 'NONE', #2507, #2238, #819 ) ;
#2395 = CARTESIAN_POINT ( 'NONE',  ( -1.593734738838349152, 67.33978516485626642, -29.99999999999999645 ) ) ;
#2396 = EDGE_CURVE ( 'NONE', #1876, #3661, #2618, .T. ) ;
#2397 = CIRCLE ( 'NONE', #2457, 9.999999999999998224 ) ;
#2398 = CLOSED_SHELL ( 'NONE', ( #2641, #1054, #2292, #2943, #1943, #3131, #1961, #1184, #933, #3255, #2892, #1879, #2590, #3080, #2314, #1705, #3118, #1575, #2360, #655, #1596, #49, #1620, #2633, #2, #771, #2243, #3472, #2521, #2902, #3456, #3023, #2432, #382, #425, #3542, #708, #1211, #871, #1745, #1343, #2520, #2484, #1118, #3463, #965, #570, #2836, #1249, #1808, #1237, #3188, #1580, #678, #97, #2003, #2979, #298, #2917, #2129, #793, #3161, #2669, #3058, #1203, #3602, #815, #2815, #1567, #184, #2451, #1515, #2474, #164, #2262, #2213, #1065, #2116, #218, #763, #2662, #55, #1417, #3360, #1978, #2349, #1633, #79, #787, #194, #1907, #1701, #2847, #334, #1959, #2367, #3197, #1359, #1690, #2830, #515, #309, #3432, #1268, #702, #903, #1375, #555, #3662, #2885, #3646, #843 ) ) ;
#2399 = DIRECTION ( 'NONE',  ( 1.000000000000000000, 0.000000000000000000, 0.000000000000000000 ) ) ;
#2400 = CARTESIAN_POINT ( 'NONE',  ( -45.22727272727272663, 64.22044564632786035, -39.00000000000000000 ) ) ;
#2401 = PLANE ( 'NONE',  #1106 ) ;
#2402 = AXIS2_PLACEMENT_3D ( 'NONE', #1594, #666, #3230 ) ;
#2403 = CARTESIAN_POINT ( 'NONE',  ( -64.27766952966332781, 67.67766952966405825, 55.00000000000000000 ) ) ;
#2404 = FACE_OUTER_BOUND ( 'NONE', #3589, .T. ) ;
#2405 = CARTESIAN_POINT ( 'NONE',  ( 0.000000000000000000, 30.00000000000000000, -20.50000000000000000 ) ) ;
#2406 = CARTESIAN_POINT ( 'NONE',  ( -50.00000000000000000, 33.00000000000000000, -27.00000000000000000 ) ) ;
#2407 = EDGE_CURVE ( 'NONE', #2470, #1743, #152, .T. ) ;
#2408 = PLANE ( 'NONE',  #339 ) ;
#2409 = EDGE_CURVE ( 'NONE', #2198, #955, #2197, .T. ) ;
#2410 = ORIENTED_EDGE ( 'NONE', *, *, #3455, .F. ) ;
#2411 = ORIENTED_EDGE ( 'NONE', *, *, #3134, .T. ) ;
#2412 = ORIENTED_EDGE ( 'NONE', *, *, #3308, .F. ) ;
#2413 = CYLINDRICAL_SURFACE ( 'NONE', #1141, 8.000000000000007105 ) ;
#2414 = DIRECTION ( 'NONE',  ( 0.000000000000000000, 0.000000000000000000, -1.000000000000000000 ) ) ;
#2415 = DIRECTION ( 'NONE',  ( 0.000000000000000000, 0.000000000000000000, -1.000000000000000000 ) ) ;
#2416 = CARTESIAN_POINT ( 'NONE',  ( -7.966455063137945380, 68.64928814517656974, 29.53334704473644123 ) ) ;
#2417 = FACE_OUTER_BOUND ( 'NONE', #1965, .T. ) ;
#2418 = EDGE_CURVE ( 'NONE', #1842, #633, #680, .T. ) ;
#2419 = ORIENTED_EDGE ( 'NONE', *, *, #2287, .T. ) ;
#2420 = CARTESIAN_POINT ( 'NONE',  ( 2.326828918379968209E-15, 80.00000000000000000, -18.99999999999997513 ) ) ;
#2421 = FACE_BOUND ( 'NONE', #3438, .T. ) ;
#2422 = FACE_OUTER_BOUND ( 'NONE', #2481, .T. ) ;
#2423 = CARTESIAN_POINT ( 'NONE',  ( -50.00000000000000000, 50.00000000000000000, 30.00000000000000000 ) ) ;
#2424 = EDGE_CURVE ( 'NONE', #188, #2742, #502, .T. ) ;
#2425 = CARTESIAN_POINT ( 'NONE',  ( -1.475047185136020511, 67.69186537262100956, -29.97282171934940109 ) ) ;
#2426 = ORIENTED_EDGE ( 'NONE', *, *, #924, .F. ) ;
#2427 = VERTEX_POINT ( 'NONE', #2768 ) ;
#2428 = CARTESIAN_POINT ( 'NONE',  ( -67.67766952966351823, 32.32233047033668072, 55.00000000000000000 ) ) ;
#2429 = CARTESIAN_POINT ( 'NONE',  ( -7.966455063137950710, 68.64928814517661237, -29.53334704473643768 ) ) ;
#2430 = CARTESIAN_POINT ( 'NONE',  ( 1.530808498934191521E-15, 39.00000000000000711, 12.50000000000000000 ) ) ;
#2431 = CARTESIAN_POINT ( 'NONE',  ( 0.000000000000000000, 0.000000000000000000, 0.000000000000000000 ) ) ;
#2432 = ADVANCED_FACE ( 'NONE', ( #1644 ), #3299, .T. ) ;
#2433 = AXIS2_PLACEMENT_3D ( 'NONE', #683, #2087, #3225 ) ;
#2434 = VECTOR ( 'NONE', #225, 1000.000000000000000 ) ;
#2435 = DIRECTION ( 'NONE',  ( -0.000000000000000000, -0.000000000000000000, 1.000000000000000000 ) ) ;
#2436 = DIRECTION ( 'NONE',  ( -0.000000000000000000, 0.000000000000000000, 1.000000000000000000 ) ) ;
#2437 = CARTESIAN_POINT ( 'NONE',  ( -25.00000000000000711, 0.000000000000000000, 30.00000000000001421 ) ) ;
#2438 = LINE ( 'NONE', #2477, #1036 ) ;
#2439 =( GEOMETRIC_REPRESENTATION_CONTEXT ( 3 ) GLOBAL_UNCERTAINTY_ASSIGNED_CONTEXT ( ( #355 ) ) GLOBAL_UNIT_ASSIGNED_CONTEXT ( ( #337, #1480, #3144 ) ) REPRESENTATION_CONTEXT ( 'NONE', 'WORKASPACE' ) );
#2440 = CARTESIAN_POINT ( 'NONE',  ( -41.99999999999999289, 50.00000000000000000, 20.00000000000000355 ) ) ;
#2441 = PRODUCT_RELATED_PRODUCT_CATEGORY ( 'part', '', ( #1759 ) ) ;
#2442 = CARTESIAN_POINT ( 'NONE',  ( -12.37670693721445225, 72.16284833124819897, -27.33077318544771828 ) ) ;
#2443 = ORIENTED_EDGE ( 'NONE', *, *, #1672, .F. ) ;
#2444 = EDGE_LOOP ( 'NONE', ( #170, #3620, #349, #2332 ) ) ;
#2445 = ORIENTED_EDGE ( 'NONE', *, *, #2342, .F. ) ;
#2446 = DIRECTION ( 'NONE',  ( -0.000000000000000000, -0.000000000000000000, -1.000000000000000000 ) ) ;
#2447 = AXIS2_PLACEMENT_3D ( 'NONE', #3560, #1846, #392 ) ;
#2448 = CARTESIAN_POINT ( 'NONE',  ( 0.000000000000000000, 73.00000000000001421, 0.000000000000000000 ) ) ;
#2449 = CIRCLE ( 'NONE', #1805, 3.399999999999993250 ) ;
#2450 = VERTEX_POINT ( 'NONE', #2716 ) ;
#2451 = ADVANCED_FACE ( 'NONE', ( #3030 ), #191, .F. ) ;
#2452 = ORIENTED_EDGE ( 'NONE', *, *, #2340, .F. ) ;
#2453 = CYLINDRICAL_SURFACE ( 'NONE', #3416, 10.00000000000000533 ) ;
#2454 = CARTESIAN_POINT ( 'NONE',  ( -72.00000000000001421, 50.00000000000000000, -39.00000000000000000 ) ) ;
#2455 = CIRCLE ( 'NONE', #223, 15.00000000000000000 ) ;
#2456 = DIRECTION ( 'NONE',  ( 1.224646799147353207E-16, 1.000000000000000000, -0.000000000000000000 ) ) ;
#2457 = AXIS2_PLACEMENT_3D ( 'NONE', #2146, #3288, #2465 ) ;
#2458 = EDGE_CURVE ( 'NONE', #3194, #764, #928, .T. ) ;
#2459 = DIRECTION ( 'NONE',  ( 0.000000000000000000, 0.000000000000000000, -1.000000000000000000 ) ) ;
#2460 = DIRECTION ( 'NONE',  ( 1.000000000000000000, 0.000000000000000000, 0.000000000000000000 ) ) ;
#2461 = CIRCLE ( 'NONE', #2875, 2.999999999999999112 ) ;
#2462 = EDGE_CURVE ( 'NONE', #2258, #2240, #1109, .T. ) ;
#2463 = VECTOR ( 'NONE', #209, 1000.000000000000000 ) ;
#2464 = CARTESIAN_POINT ( 'NONE',  ( 1.530808498934191521E-15, 47.00000000000001421, 12.50000000000000000 ) ) ;
#2465 = DIRECTION ( 'NONE',  ( 0.000000000000000000, 0.000000000000000000, 1.000000000000000000 ) ) ;
#2466 = ORIENTED_EDGE ( 'NONE', *, *, #3437, .T. ) ;
#2467 = EDGE_LOOP ( 'NONE', ( #2077, #747, #2047, #3666 ) ) ;
#2468 = ORIENTED_EDGE ( 'NONE', *, *, #2036, .F. ) ;
#2469 = CARTESIAN_POINT ( 'NONE',  ( -37.50000000000000711, 50.00000000000000000, -37.00000000000000000 ) ) ;
#2470 = VERTEX_POINT ( 'NONE', #1297 ) ;
#2471 = EDGE_LOOP ( 'NONE', ( #2503, #3097, #1063, #3024 ) ) ;
#2472 = CARTESIAN_POINT ( 'NONE',  ( -50.00000000000000000, 50.00000000000000000, 47.00000000000000000 ) ) ;
#2473 = CARTESIAN_POINT ( 'NONE',  ( -4.683753385137382113E-16, 33.00000000000000000, -27.00000000000000000 ) ) ;
#2474 = ADVANCED_FACE ( 'NONE', ( #2205 ), #733, .F. ) ;
#2475 = DIRECTION ( 'NONE',  ( -0.000000000000000000, -0.000000000000000000, -1.000000000000000000 ) ) ;
#2476 = FACE_OUTER_BOUND ( 'NONE', #323, .T. ) ;
#2477 = CARTESIAN_POINT ( 'NONE',  ( -50.00000000000000000, 65.00000000000000000, 20.00000000000000000 ) ) ;
#2478 = DIRECTION ( 'NONE',  ( -0.000000000000000000, 1.000000000000000000, -0.000000000000000000 ) ) ;
#2479 = DIRECTION ( 'NONE',  ( 1.000000000000000000, 0.000000000000000000, 0.000000000000000000 ) ) ;
#2480 = ORIENTED_EDGE ( 'NONE', *, *, #1685, .F. ) ;
#2481 = EDGE_LOOP ( 'NONE', ( #1153, #1101, #2509, #1206 ) ) ;
#2482 = ORIENTED_EDGE ( 'NONE', *, *, #1099, .F. ) ;
#2483 = DIRECTION ( 'NONE',  ( 0.000000000000000000, 0.000000000000000000, -1.000000000000000000 ) ) ;
#2484 = ADVANCED_FACE ( 'NONE', ( #229 ), #2453, .T. ) ;
#2485 = DIRECTION ( 'NONE',  ( 0.000000000000000000, 0.000000000000000000, -1.000000000000000000 ) ) ;
#2486 = FACE_OUTER_BOUND ( 'NONE', #728, .T. ) ;
#2487 = ORIENTED_EDGE ( 'NONE', *, *, #898, .T. ) ;
#2488 = ORIENTED_EDGE ( 'NONE', *, *, #1120, .T. ) ;
#2489 = CARTESIAN_POINT ( 'NONE',  ( 0.000000000000000000, 0.000000000000000000, 0.000000000000000000 ) ) ;
#2490 = FACE_OUTER_BOUND ( 'NONE', #1325, .T. ) ;
#2491 = CARTESIAN_POINT ( 'NONE',  ( 0.000000000000000000, 80.00000000000000000, 18.99999999999997513 ) ) ;
#2492 = EDGE_CURVE ( 'NONE', #3066, #2058, #3479, .T. ) ;
#2493 = CARTESIAN_POINT ( 'NONE',  ( -58.00000000000000711, 50.00000000000000000, 55.00000000000000711 ) ) ;
#2494 = CARTESIAN_POINT ( 'NONE',  ( 0.000000000000000000, 30.00000000000000000, -27.00000000000000000 ) ) ;
#2495 = CIRCLE ( 'NONE', #2249, 17.00000000000000000 ) ;
#2496 = CIRCLE ( 'NONE', #1962, 3.399999999999993250 ) ;
#2497 = CARTESIAN_POINT ( 'NONE',  ( -32.32233047033593465, 67.67766952966384508, 47.00000000000000000 ) ) ;
#2498 = EDGE_CURVE ( 'NONE', #477, #1988, #2185, .T. ) ;
#2499 = VECTOR ( 'NONE', #122, 1000.000000000000000 ) ;
#2500 = DIRECTION ( 'NONE',  ( 0.000000000000000000, 0.000000000000000000, -1.000000000000000000 ) ) ;
#2501 = CIRCLE ( 'NONE', #3577, 17.00000000000000000 ) ;
#2502 = ORIENTED_EDGE ( 'NONE', *, *, #3134, .F. ) ;
#2503 = ORIENTED_EDGE ( 'NONE', *, *, #3547, .T. ) ;
#2504 = DIRECTION ( 'NONE',  ( -1.000000000000000000, 0.000000000000000000, 0.000000000000000000 ) ) ;
#2505 = LINE ( 'NONE', #3643, #2218 ) ;
#2506 = CIRCLE ( 'NONE', #1914, 12.49999999999999645 ) ;
#2507 = CARTESIAN_POINT ( 'NONE',  ( -50.00000000000000000, 50.00000000000000000, -30.00000000000000000 ) ) ;
#2508 = VERTEX_POINT ( 'NONE', #2992 ) ;
#2509 = ORIENTED_EDGE ( 'NONE', *, *, #1092, .T. ) ;
#2510 = DIRECTION ( 'NONE',  ( 1.000000000000000000, 0.000000000000000000, 0.000000000000000000 ) ) ;
#2511 = VECTOR ( 'NONE', #2919, 1000.000000000000000 ) ;
#2512 = FACE_OUTER_BOUND ( 'NONE', #2444, .T. ) ;
#2513 = AXIS2_PLACEMENT_3D ( 'NONE', #718, #2174, #770 ) ;
#2514 = CIRCLE ( 'NONE', #2864, 9.999999999999998224 ) ;
#2515 = FACE_OUTER_BOUND ( 'NONE', #1729, .T. ) ;
#2516 = CYLINDRICAL_SURFACE ( 'NONE', #2206, 8.000000000000007105 ) ;
#2517 = CIRCLE ( 'NONE', #336, 27.00000000000000000 ) ;
#2518 = LINE ( 'NONE', #2464, #3568 ) ;
#2519 = AXIS2_PLACEMENT_3D ( 'NONE', #220, #2500, #3116 ) ;
#2520 = ADVANCED_FACE ( 'NONE', ( #2173 ), #1310, .F. ) ;
#2521 = ADVANCED_FACE ( 'NONE', ( #521 ), #242, .T. ) ;
#2522 = CARTESIAN_POINT ( 'NONE',  ( -50.00000000000000000, 67.00000000000000000, 30.00000000000000000 ) ) ;
#2523 = ORIENTED_EDGE ( 'NONE', *, *, #2498, .T. ) ;
#2524 = EDGE_LOOP ( 'NONE', ( #2630, #94, #3210, #1401 ) ) ;
#2525 = DIRECTION ( 'NONE',  ( 1.000000000000000000, 0.000000000000000000, 0.000000000000000000 ) ) ;
#2526 = ORIENTED_EDGE ( 'NONE', *, *, #3002, .T. ) ;
#2527 = VERTEX_POINT ( 'NONE', #3353 ) ;
#2528 = ORIENTED_EDGE ( 'NONE', *, *, #1129, .F. ) ;
#2529 = FACE_OUTER_BOUND ( 'NONE', #1088, .T. ) ;
#2530 = PRODUCT_CONTEXT ( 'NONE', #2955, 'mechanical' ) ;
#2531 = DIRECTION ( 'NONE',  ( 0.000000000000000000, -1.000000000000000000, 0.000000000000000000 ) ) ;
#2532 = CARTESIAN_POINT ( 'NONE',  ( -11.33786885852009085, 71.83710079329242149, -27.77771483147767739 ) ) ;
#2533 = EDGE_CURVE ( 'NONE', #1077, #3088, #3301, .T. ) ;
#2534 = CARTESIAN_POINT ( 'NONE',  ( 0.000000000000000000, 79.00000000000001421, 0.000000000000000000 ) ) ;
#2535 = CARTESIAN_POINT ( 'NONE',  ( -50.00000000000000000, 50.00000000000000000, 27.00000000000000000 ) ) ;
#2536 = VERTEX_POINT ( 'NONE', #2430 ) ;
#2537 = ORIENTED_EDGE ( 'NONE', *, *, #416, .T. ) ;
#2538 = LINE ( 'NONE', #1384, #3409 ) ;
#2539 = EDGE_LOOP ( 'NONE', ( #3352, #1181 ) ) ;
#2540 = ORIENTED_EDGE ( 'NONE', *, *, #1891, .F. ) ;
#2541 = LINE ( 'NONE', #3106, #794 ) ;
#2542 = CARTESIAN_POINT ( 'NONE',  ( -4.080643420472219063, 67.86347977865904113, -29.87849581730033677 ) ) ;
#2543 = LINE ( 'NONE', #2056, #3450 ) ;
#2544 = AXIS2_PLACEMENT_3D ( 'NONE', #3431, #103, #64 ) ;
#2545 =( NAMED_UNIT ( * ) SI_UNIT ( $, .STERADIAN. ) SOLID_ANGLE_UNIT ( ) );
#2546 = AXIS2_PLACEMENT_3D ( 'NONE', #1699, #1408, #1437 ) ;
#2547 = EDGE_LOOP ( 'NONE', ( #2128, #3158 ) ) ;
#2548 = FACE_OUTER_BOUND ( 'NONE', #327, .T. ) ;
#2549 = ORIENTED_EDGE ( 'NONE', *, *, #2760, .T. ) ;
#2550 = AXIS2_PLACEMENT_3D ( 'NONE', #2976, #2941, #3262 ) ;
#2551 = ORIENTED_EDGE ( 'NONE', *, *, #1145, .T. ) ;
#2552 = AXIS2_PLACEMENT_3D ( 'NONE', #943, #979, #2377 ) ;
#2553 = CARTESIAN_POINT ( 'NONE',  ( -72.35654992706184885, 38.81140422757211894, 55.00000000000000000 ) ) ;
#2554 = ORIENTED_EDGE ( 'NONE', *, *, #1595, .T. ) ;
#2555 = ORIENTED_EDGE ( 'NONE', *, *, #1327, .T. ) ;
#2556 = ORIENTED_EDGE ( 'NONE', *, *, #528, .T. ) ;
#2557 = CARTESIAN_POINT ( 'NONE',  ( 2.326828918379968209E-15, 80.00000000000000000, -18.99999999999997513 ) ) ;
#2558 = TOROIDAL_SURFACE ( 'NONE', #676, 16.99999999999999645, 2.000000000000000000 ) ;
#2559 = CARTESIAN_POINT ( 'NONE',  ( 25.00000000000000000, 8.000000000000000000, 25.00000000000000000 ) ) ;
#2560 = CARTESIAN_POINT ( 'NONE',  ( -18.97366596101028691, 70.00000000000000000, -26.99999999999999645 ) ) ;
#2561 = VECTOR ( 'NONE', #141, 1000.000000000000000 ) ;
#2562 = EDGE_CURVE ( 'NONE', #422, #816, #3180, .T. ) ;
#2563 = CARTESIAN_POINT ( 'NONE',  ( -18.97366596101027980, 70.00000000000000000, 27.00000000000000000 ) ) ;
#2564 = STYLED_ITEM ( 'NONE', ( #2208 ), #194 ) ;
#2565 = CYLINDRICAL_SURFACE ( 'NONE', #850, 15.00000000000000000 ) ;
#2566 = EDGE_CURVE ( 'NONE', #2258, #3201, #753, .T. ) ;
#2567 = CIRCLE ( 'NONE', #1631, 10.00000000000000178 ) ;
#2568 = DIRECTION ( 'NONE',  ( -0.000000000000000000, -1.000000000000000000, -0.000000000000000000 ) ) ;
#2569 = VERTEX_POINT ( 'NONE', #1053 ) ;
#2570 = DIRECTION ( 'NONE',  ( 0.000000000000000000, 0.000000000000000000, -1.000000000000000000 ) ) ;
#2571 = CONICAL_SURFACE ( 'NONE', #282, 18.99999999999997513, 0.7853981633974431720 ) ;
#2572 = CIRCLE ( 'NONE', #2038, 20.50000000000000000 ) ;
#2573 = VERTEX_POINT ( 'NONE', #769 ) ;
#2574 = VECTOR ( 'NONE', #3505, 1000.000000000000000 ) ;
#2575 = CARTESIAN_POINT ( 'NONE',  ( -25.00000000000000711, 8.000000000000000000, 30.00000000000001421 ) ) ;
#2576 = AXIS2_PLACEMENT_3D ( 'NONE', #468, #2415, #1864 ) ;
#2577 = ORIENTED_EDGE ( 'NONE', *, *, #2241, .F. ) ;
#2578 = ORIENTED_EDGE ( 'NONE', *, *, #2970, .T. ) ;
#2579 = VERTEX_POINT ( 'NONE', #1954 ) ;
#2580 = CARTESIAN_POINT ( 'NONE',  ( 0.000000000000000000, 0.000000000000000000, 0.000000000000000000 ) ) ;
#2581 = DIRECTION ( 'NONE',  ( 0.000000000000000000, 0.000000000000000000, -1.000000000000000000 ) ) ;
#2582 = CARTESIAN_POINT ( 'NONE',  ( -5.204170427930418325E-16, 30.00000000000000000, 27.00000000000000000 ) ) ;
#2583 = CARTESIAN_POINT ( 'NONE',  ( -15.90742088903292917, 72.93504083703044216, -25.44777175324900753 ) ) ;
#2584 = ORIENTED_EDGE ( 'NONE', *, *, #1837, .F. ) ;
#2585 = DIRECTION ( 'NONE',  ( -1.000000000000000000, 0.000000000000000000, 0.000000000000000000 ) ) ;
#2586 = CARTESIAN_POINT ( 'NONE',  ( -24.99999999999994671, 8.000000000000000000, -35.00000000000000000 ) ) ;
#2587 = ORIENTED_EDGE ( 'NONE', *, *, #1449, .T. ) ;
#2588 = PLANE ( 'NONE',  #690 ) ;
#2589 = ORIENTED_EDGE ( 'NONE', *, *, #3315, .F. ) ;
#2590 = ADVANCED_FACE ( 'NONE', ( #3649 ), #3141, .F. ) ;
#2591 = DIRECTION ( 'NONE',  ( 0.000000000000000000, 0.000000000000000000, 1.000000000000000000 ) ) ;
#2592 = ORIENTED_EDGE ( 'NONE', *, *, #1004, .F. ) ;
#2593 = ORIENTED_EDGE ( 'NONE', *, *, #1761, .F. ) ;
#2594 = ORIENTED_EDGE ( 'NONE', *, *, #941, .T. ) ;
#2595 = LINE ( 'NONE', #76, #723 ) ;
#2596 = CARTESIAN_POINT ( 'NONE',  ( -27.99999999999999645, 50.00000000000000000, -39.00000000000000000 ) ) ;
#2597 = DIRECTION ( 'NONE',  ( 0.000000000000000000, 0.000000000000000000, 1.000000000000000000 ) ) ;
#2598 = CARTESIAN_POINT ( 'NONE',  ( -15.98729152367512540, 69.85777918651885443, -27.94104404859031376 ) ) ;
#2599 = CYLINDRICAL_SURFACE ( 'NONE', #1137, 20.00000000000000355 ) ;
#2600 = VERTEX_POINT ( 'NONE', #3426 ) ;
#2601 = CARTESIAN_POINT ( 'NONE',  ( -50.00000000000000000, 50.00000000000000000, -47.00000000000000000 ) ) ;
#2602 = ORIENTED_EDGE ( 'NONE', *, *, #942, .T. ) ;
#2603 = CARTESIAN_POINT ( 'NONE',  ( -25.00000000000000711, 8.000000000000000000, 25.00000000000000711 ) ) ;
#2604 = EDGE_CURVE ( 'NONE', #2985, #2392, #231, .T. ) ;
#2605 = ORIENTED_EDGE ( 'NONE', *, *, #116, .F. ) ;
#2606 = AXIS2_PLACEMENT_3D ( 'NONE', #2497, #3635, #1945 ) ;
#2607 = VECTOR ( 'NONE', #1531, 1000.000000000000000 ) ;
#2608 = DIRECTION ( 'NONE',  ( 0.5749595745760691656, 0.000000000000000000, -0.8181818181818181213 ) ) ;
#2609 = EDGE_CURVE ( 'NONE', #1525, #3399, #1993, .T. ) ;
#2610 = ORIENTED_EDGE ( 'NONE', *, *, #3608, .F. ) ;
#2611 = ORIENTED_EDGE ( 'NONE', *, *, #1366, .T. ) ;
#2612 = ORIENTED_EDGE ( 'NONE', *, *, #2498, .F. ) ;
#2613 = CYLINDRICAL_SURFACE ( 'NONE', #1376, 15.00000000000000000 ) ;
#2614 = CIRCLE ( 'NONE', #1208, 2.999999999999999112 ) ;
#2615 = EDGE_CURVE ( 'NONE', #547, #534, #402, .T. ) ;
#2616 = CARTESIAN_POINT ( 'NONE',  ( 0.000000000000000000, 77.00000000000000000, -30.00000000000000000 ) ) ;
#2617 = VECTOR ( 'NONE', #1717, 1000.000000000000000 ) ;
#2618 = LINE ( 'NONE', #2358, #1736 ) ;
#2619 = CARTESIAN_POINT ( 'NONE',  ( -11.29802019982865424, 71.82392389283991463, 27.79395219321708410 ) ) ;
#2620 = EDGE_CURVE ( 'NONE', #2536, #2138, #1349, .T. ) ;
#2621 = AXIS2_PLACEMENT_3D ( 'NONE', #361, #3433, #2224 ) ;
#2622 = CARTESIAN_POINT ( 'NONE',  ( -11.33786885851935189, 71.83710079329242149, 27.77771483147796161 ) ) ;
#2623 = ORIENTED_EDGE ( 'NONE', *, *, #1608, .T. ) ;
#2624 = CARTESIAN_POINT ( 'NONE',  ( -37.50000000000000711, 50.00000000000000000, 5.355339059327363316 ) ) ;
#2625 = CYLINDRICAL_SURFACE ( 'NONE', #976, 20.00000000000000355 ) ;
#2626 = TOROIDAL_SURFACE ( 'NONE', #3344, 14.49999999999999467, 2.000000000000000000 ) ;
#2627 = AXIS2_PLACEMENT_3D ( 'NONE', #3386, #259, #3372 ) ;
#2628 = ORIENTED_EDGE ( 'NONE', *, *, #2462, .T. ) ;
#2629 = CARTESIAN_POINT ( 'NONE',  ( 24.99999999999998579, 0.000000000000000000, -25.00000000000000000 ) ) ;
#2630 = ORIENTED_EDGE ( 'NONE', *, *, #1560, .T. ) ;
#2631 = CIRCLE ( 'NONE', #1041, 30.00000000000000000 ) ;
#2632 = EDGE_CURVE ( 'NONE', #2390, #729, #3149, .T. ) ;
#2633 = ADVANCED_FACE ( 'NONE', ( #330 ), #2010, .T. ) ;
#2634 = LINE ( 'NONE', #2575, #2696 ) ;
#2635 = ORIENTED_EDGE ( 'NONE', *, *, #2492, .F. ) ;
#2636 = ORIENTED_EDGE ( 'NONE', *, *, #437, .F. ) ;
#2637 = EDGE_LOOP ( 'NONE', ( #3470, #947, #1176, #1135 ) ) ;
#2638 = CARTESIAN_POINT ( 'NONE',  ( -27.99999999999999645, 50.00000000000000000, -47.00000000000000000 ) ) ;
#2639 = AXIS2_PLACEMENT_3D ( 'NONE', #2870, #891, #2059 ) ;
#2640 = AXIS2_PLACEMENT_3D ( 'NONE', #2924, #1884, #1590 ) ;
#2641 = ADVANCED_FACE ( 'NONE', ( #60 ), #1200, .F. ) ;
#2642 = CARTESIAN_POINT ( 'NONE',  ( -41.99999999999999289, 50.00000000000000000, 55.00000000000000711 ) ) ;
#2643 = CYLINDRICAL_SURFACE ( 'NONE', #969, 3.399999999999993250 ) ;
#2644 = DIRECTION ( 'NONE',  ( 0.000000000000000000, 0.000000000000000000, -1.000000000000000000 ) ) ;
#2645 = CARTESIAN_POINT ( 'NONE',  ( -4.080643420472608973, 67.86347977864919301, 29.87849581730393922 ) ) ;
#2646 = LINE ( 'NONE', #1503, #147 ) ;
#2647 = DIRECTION ( 'NONE',  ( 1.000000000000000000, 0.000000000000000000, 0.000000000000000000 ) ) ;
#2648 = EDGE_CURVE ( 'NONE', #2813, #3648, #1550, .T. ) ;
#2649 = DIRECTION ( 'NONE',  ( 1.000000000000000000, 0.000000000000000000, 0.000000000000000000 ) ) ;
#2650 = VERTEX_POINT ( 'NONE', #2557 ) ;
#2651 = FACE_OUTER_BOUND ( 'NONE', #1675, .T. ) ;
#2652 = CARTESIAN_POINT ( 'NONE',  ( -35.00000000000001421, 8.000000000000000000, 25.00000000000000000 ) ) ;
#2653 = VERTEX_POINT ( 'NONE', #2027 ) ;
#2654 = EDGE_LOOP ( 'NONE', ( #3200, #2833 ) ) ;
#2655 = ORIENTED_EDGE ( 'NONE', *, *, #1837, .T. ) ;
#2656 = CARTESIAN_POINT ( 'NONE',  ( -50.00000000000000000, 29.99999999999999289, 30.00000000000000000 ) ) ;
#2657 = CARTESIAN_POINT ( 'NONE',  ( -28.92233047033614213, 32.32233047033648177, 55.00000000000000000 ) ) ;
#2658 = DIRECTION ( 'NONE',  ( -0.000000000000000000, 0.000000000000000000, 1.000000000000000000 ) ) ;
#2659 = CARTESIAN_POINT ( 'NONE',  ( -5.887145528580735920, 69.70961878307812754, 29.45404818639319799 ) ) ;
#2660 = CARTESIAN_POINT ( 'NONE',  ( -50.00000000000000000, 50.00000000000000000, 55.00000000000000711 ) ) ;
#2661 = CARTESIAN_POINT ( 'NONE',  ( 0.000000000000000000, 11.00000000000000000, 0.000000000000000000 ) ) ;
#2662 = ADVANCED_FACE ( 'NONE', ( #2529 ), #3162, .T. ) ;
#2663 = DIRECTION ( 'NONE',  ( 0.9480297097551911856, -0.3181818181818186764, 0.000000000000000000 ) ) ;
#2664 = FACE_OUTER_BOUND ( 'NONE', #996, .T. ) ;
#2665 = EDGE_CURVE ( 'NONE', #421, #105, #964, .T. ) ;
#2666 = DIRECTION ( 'NONE',  ( -1.000000000000000000, 0.000000000000000000, 0.000000000000000000 ) ) ;
#2667 = ORIENTED_EDGE ( 'NONE', *, *, #2170, .T. ) ;
#2668 = CARTESIAN_POINT ( 'NONE',  ( 0.000000000000000000, 1.000000000000000888, 0.000000000000000000 ) ) ;
#2669 = ADVANCED_FACE ( 'NONE', ( #2261, #919 ), #2372, .F. ) ;
#2670 = ORIENTED_EDGE ( 'NONE', *, *, #952, .F. ) ;
#2671 = ORIENTED_EDGE ( 'NONE', *, *, #3342, .F. ) ;
#2672 = DIRECTION ( 'NONE',  ( -1.000000000000000000, 0.000000000000000000, 0.000000000000000000 ) ) ;
#2673 = CIRCLE ( 'NONE', #2190, 25.00000000000000000 ) ;
#2674 = AXIS2_PLACEMENT_3D ( 'NONE', #3323, #3309, #3617 ) ;
#2675 = DIRECTION ( 'NONE',  ( 0.000000000000000000, -0.7071067811865439090, -0.7071067811865512365 ) ) ;
#2676 = DIRECTION ( 'NONE',  ( 1.000000000000000000, 0.000000000000000000, 0.000000000000000000 ) ) ;
#2677 = AXIS2_PLACEMENT_3D ( 'NONE', #2660, #961, #889 ) ;
#2678 = CARTESIAN_POINT ( 'NONE',  ( -12.71379390903300610, 69.45729340929324280, 28.73218676596829724 ) ) ;
#2679 = EDGE_CURVE ( 'NONE', #3440, #477, #840, .T. ) ;
#2680 = LINE ( 'NONE', #157, #3298 ) ;
#2681 = VECTOR ( 'NONE', #1038, 1000.000000000000000 ) ;
#2682 = DIRECTION ( 'NONE',  ( -0.000000000000000000, -0.000000000000000000, 1.000000000000000000 ) ) ;
#2683 = CARTESIAN_POINT ( 'NONE',  ( -50.00000000000000000, 50.00000000000000000, 55.00000000000000000 ) ) ;
#2684 = CARTESIAN_POINT ( 'NONE',  ( 21.07417808142086812, 39.00000000000000711, -20.00000000000000000 ) ) ;
#2685 = EDGE_CURVE ( 'NONE', #3199, #653, #1254, .T. ) ;
#2686 = CARTESIAN_POINT ( 'NONE',  ( -75.39999999999999147, 50.00000000000000000, -39.00000000000000000 ) ) ;
#2687 = AXIS2_PLACEMENT_3D ( 'NONE', #1663, #486, #2212 ) ;
#2688 = AXIS2_PLACEMENT_3D ( 'NONE', #3629, #2156, #2769 ) ;
#2689 = LINE ( 'NONE', #2111, #1225 ) ;
#2690 = ORIENTED_EDGE ( 'NONE', *, *, #2877, .F. ) ;
#2691 = ORIENTED_EDGE ( 'NONE', *, *, #791, .F. ) ;
#2692 = AXIS2_PLACEMENT_3D ( 'NONE', #1661, #1409, #2784 ) ;
#2693 = ORIENTED_EDGE ( 'NONE', *, *, #2133, .F. ) ;
#2694 = DIRECTION ( 'NONE',  ( -0.000000000000000000, -0.000000000000000000, -1.000000000000000000 ) ) ;
#2695 = EDGE_CURVE ( 'NONE', #3267, #2653, #998, .T. ) ;
#2696 = VECTOR ( 'NONE', #2022, 1000.000000000000000 ) ;
#2697 = DIRECTION ( 'NONE',  ( 0.000000000000000000, 0.000000000000000000, -1.000000000000000000 ) ) ;
#2698 = AXIS2_PLACEMENT_3D ( 'NONE', #3079, #2740, #266 ) ;
#2699 = AXIS2_PLACEMENT_3D ( 'NONE', #1335, #2435, #3012 ) ;
#2700 = DIRECTION ( 'NONE',  ( -0.000000000000000000, -0.000000000000000000, 1.000000000000000000 ) ) ;
#2701 = CARTESIAN_POINT ( 'NONE',  ( -10.34196738561081474, 69.07536773909204442, 29.17424662958454817 ) ) ;
#2702 = CYLINDRICAL_SURFACE ( 'NONE', #3229, 3.399999999999993250 ) ;
#2703 = AXIS2_PLACEMENT_3D ( 'NONE', #69, #910, #1177 ) ;
#2704 = CYLINDRICAL_SURFACE ( 'NONE', #375, 3.400000000000000355 ) ;
#2705 = FACE_OUTER_BOUND ( 'NONE', #2842, .T. ) ;
#2706 = EDGE_CURVE ( 'NONE', #369, #1525, #3515, .T. ) ;
#2707 = DIRECTION ( 'NONE',  ( -0.000000000000000000, -0.000000000000000000, -1.000000000000000000 ) ) ;
#2708 = DIRECTION ( 'NONE',  ( 0.000000000000000000, 0.000000000000000000, -1.000000000000000000 ) ) ;
#2709 = CARTESIAN_POINT ( 'NONE',  ( -11.65748165251796920, 71.94125308115881978, -27.64520137465609295 ) ) ;
#2710 = ORIENTED_EDGE ( 'NONE', *, *, #2620, .F. ) ;
#2711 = EDGE_LOOP ( 'NONE', ( #1638, #938, #1952, #2587 ) ) ;
#2712 = EDGE_CURVE ( 'NONE', #2962, #1786, #2136, .T. ) ;
#2713 = ORIENTED_EDGE ( 'NONE', *, *, #823, .T. ) ;
#2714 = CARTESIAN_POINT ( 'NONE',  ( -72.35654992706142252, 61.18859577242875503, 55.00000000000000000 ) ) ;
#2715 = DIRECTION ( 'NONE',  ( 1.000000000000000000, 0.000000000000000000, 0.000000000000000000 ) ) ;
#2716 = CARTESIAN_POINT ( 'NONE',  ( -25.00000000000002132, 8.000000000000000000, -30.00000000000000000 ) ) ;
#2717 = DIRECTION ( 'NONE',  ( -0.000000000000000000, -0.000000000000000000, 1.000000000000000000 ) ) ;
#2718 = CARTESIAN_POINT ( 'NONE',  ( 25.00000000000000000, 0.000000000000000000, -30.00000000000000711 ) ) ;
#2719 = LINE ( 'NONE', #2940, #1669 ) ;
#2720 = CARTESIAN_POINT ( 'NONE',  ( 0.000000000000000000, 80.00000000000000000, 18.99999999999997513 ) ) ;
#2721 = FACE_BOUND ( 'NONE', #3045, .T. ) ;
#2722 = CARTESIAN_POINT ( 'NONE',  ( -6.418476861114185460E-15, 67.00000000000000000, -30.00000000000000000 ) ) ;
#2723 = VERTEX_POINT ( 'NONE', #2933 ) ;
#2724 = ORIENTED_EDGE ( 'NONE', *, *, #2786, .F. ) ;
#2725 = CARTESIAN_POINT ( 'NONE',  ( -50.00000000000000000, 50.00000000000000000, 45.00000000000000000 ) ) ;
#2726 = EDGE_CURVE ( 'NONE', #2832, #270, #2021, .T. ) ;
#2727 = DIRECTION ( 'NONE',  ( 0.000000000000000000, 0.000000000000000000, -1.000000000000000000 ) ) ;
#2728 = DIRECTION ( 'NONE',  ( 0.000000000000000000, 0.000000000000000000, 1.000000000000000000 ) ) ;
#2729 = EDGE_LOOP ( 'NONE', ( #1994, #2203, #1668, #1825 ) ) ;
#2730 = DIRECTION ( 'NONE',  ( 1.000000000000000000, 0.000000000000000000, 0.000000000000000000 ) ) ;
#2731 = EDGE_CURVE ( 'NONE', #3647, #2964, #1807, .T. ) ;
#2732 = DIRECTION ( 'NONE',  ( 1.224646799147354686E-16, 0.000000000000000000, -1.000000000000000000 ) ) ;
#2733 = VECTOR ( 'NONE', #927, 1000.000000000000000 ) ;
#2734 = DIRECTION ( 'NONE',  ( -0.000000000000000000, -0.000000000000000000, -1.000000000000000000 ) ) ;
#2735 = CIRCLE ( 'NONE', #2194, 7.999999999999992895 ) ;
#2736 = CARTESIAN_POINT ( 'NONE',  ( -64.50000000000000000, 50.00000000000000000, -30.00000000000000000 ) ) ;
#2737 = DIRECTION ( 'NONE',  ( 0.000000000000000000, 0.000000000000000000, 1.000000000000000000 ) ) ;
#2738 = CIRCLE ( 'NONE', #2256, 7.999999999999992895 ) ;
#2739 = FACE_OUTER_BOUND ( 'NONE', #2178, .T. ) ;
#2740 = DIRECTION ( 'NONE',  ( 0.000000000000000000, 1.000000000000000000, 0.000000000000000000 ) ) ;
#2741 = ORIENTED_EDGE ( 'NONE', *, *, #2396, .T. ) ;
#2742 = VERTEX_POINT ( 'NONE', #2048 ) ;
#2743 = EDGE_CURVE ( 'NONE', #2931, #3029, #2336, .T. ) ;
#2744 = DIRECTION ( 'NONE',  ( 0.000000000000000000, 0.000000000000000000, 1.000000000000000000 ) ) ;
#2745 = AXIS2_PLACEMENT_3D ( 'NONE', #2862, #1718, #1464 ) ;
#2746 = DIRECTION ( 'NONE',  ( -0.000000000000000000, -1.000000000000000000, -0.000000000000000000 ) ) ;
#2747 = DIRECTION ( 'NONE',  ( -0.000000000000000000, 0.000000000000000000, 1.000000000000000000 ) ) ;
#2748 = ORIENTED_EDGE ( 'NONE', *, *, #412, .F. ) ;
#2749 = DIRECTION ( 'NONE',  ( 0.9480297097551912966, 0.3181818181818183988, 0.000000000000000000 ) ) ;
#2750 =( LENGTH_UNIT ( ) NAMED_UNIT ( * ) SI_UNIT ( .MILLI., .METRE. ) );
#2751 = AXIS2_PLACEMENT_3D ( 'NONE', #3328, #1136, #857 ) ;
#2752 = DIRECTION ( 'NONE',  ( 0.000000000000000000, 0.000000000000000000, 1.000000000000000000 ) ) ;
#2753 = CIRCLE ( 'NONE', #3412, 7.999999999999992895 ) ;
#2754 = CARTESIAN_POINT ( 'NONE',  ( -50.00000000000000000, 50.00000000000000000, 55.00000000000000711 ) ) ;
#2755 = EDGE_CURVE ( 'NONE', #1029, #2778, #2966, .T. ) ;
#2756 = DIRECTION ( 'NONE',  ( -0.000000000000000000, -0.000000000000000000, -1.000000000000000000 ) ) ;
#2757 = AXIS2_PLACEMENT_3D ( 'NONE', #2002, #1724, #321 ) ;
#2758 = AXIS2_PLACEMENT_3D ( 'NONE', #481, #1016, #2749 ) ;
#2759 = DIRECTION ( 'NONE',  ( -0.000000000000000000, -0.000000000000000000, -1.000000000000000000 ) ) ;
#2760 = EDGE_CURVE ( 'NONE', #1406, #2527, #2495, .T. ) ;
#2761 = DIRECTION ( 'NONE',  ( -0.000000000000000000, -0.000000000000000000, -1.000000000000000000 ) ) ;
#2762 = EDGE_LOOP ( 'NONE', ( #2466, #696, #221 ) ) ;
#2763 = ORIENTED_EDGE ( 'NONE', *, *, #135, .F. ) ;
#2764 = DIRECTION ( 'NONE',  ( -0.000000000000000000, -0.000000000000000000, -1.000000000000000000 ) ) ;
#2765 = CYLINDRICAL_SURFACE ( 'NONE', #1220, 7.999999999999992895 ) ;
#2766 = ORIENTED_EDGE ( 'NONE', *, *, #365, .T. ) ;
#2767 = ORIENTED_EDGE ( 'NONE', *, *, #1530, .F. ) ;
#2768 = CARTESIAN_POINT ( 'NONE',  ( -45.22727272727272663, 35.77955435367213255, -39.00000000000000000 ) ) ;
#2769 = DIRECTION ( 'NONE',  ( 1.000000000000000000, 0.000000000000000000, 0.000000000000000000 ) ) ;
#2770 = DIRECTION ( 'NONE',  ( 0.000000000000000000, 0.000000000000000000, -1.000000000000000000 ) ) ;
#2771 = EDGE_CURVE ( 'NONE', #2240, #3100, #957, .T. ) ;
#2772 = CARTESIAN_POINT ( 'NONE',  ( 0.000000000000000000, 1.000000000000000888, 0.000000000000000000 ) ) ;
#2773 = CARTESIAN_POINT ( 'NONE',  ( -50.00000000000000000, 29.99999999999999289, 27.00000000000000000 ) ) ;
#2774 = CARTESIAN_POINT ( 'NONE',  ( -31.39999999999999147, 50.00000000000000000, -47.00000000000000000 ) ) ;
#2775 = EDGE_CURVE ( 'NONE', #3368, #1881, #3218, .T. ) ;
#2776 = DIRECTION ( 'NONE',  ( -0.000000000000000000, -0.000000000000000000, -1.000000000000000000 ) ) ;
#2777 = ORIENTED_EDGE ( 'NONE', *, *, #1782, .F. ) ;
#2778 = VERTEX_POINT ( 'NONE', #2881 ) ;
#2779 = FACE_OUTER_BOUND ( 'NONE', #712, .T. ) ;
#2780 = CARTESIAN_POINT ( 'NONE',  ( 0.000000000000000000, 33.00000000000000000, 0.000000000000000000 ) ) ;
#2781 = VERTEX_POINT ( 'NONE', #1239 ) ;
#2782 = DIRECTION ( 'NONE',  ( 0.000000000000000000, 1.000000000000000000, 0.000000000000000000 ) ) ;
#2783 = CARTESIAN_POINT ( 'NONE',  ( -62.50000000000000000, 50.00000000000000000, -32.00000000000000000 ) ) ;
#2784 = DIRECTION ( 'NONE',  ( 1.000000000000000000, 0.000000000000000000, 0.000000000000000000 ) ) ;
#2785 = DIRECTION ( 'NONE',  ( -0.000000000000000000, -0.000000000000000000, -1.000000000000000000 ) ) ;
#2786 = EDGE_CURVE ( 'NONE', #2259, #1127, #2308, .T. ) ;
#2787 = CARTESIAN_POINT ( 'NONE',  ( 0.000000000000000000, 70.00000000000000000, 0.000000000000000000 ) ) ;
#2788 = EDGE_CURVE ( 'NONE', #2138, #1540, #2595, .T. ) ;
#2789 = AXIS2_PLACEMENT_3D ( 'NONE', #2956, #3206, #659 ) ;
#2790 = DIRECTION ( 'NONE',  ( -1.000000000000000000, 0.000000000000000000, 0.000000000000000000 ) ) ;
#2791 = EDGE_CURVE ( 'NONE', #2326, #3496, #1198, .T. ) ;
#2792 = CIRCLE ( 'NONE', #1265, 5.000000000000004441 ) ;
#2793 = DIRECTION ( 'NONE',  ( -0.000000000000000000, -0.000000000000000000, 1.000000000000000000 ) ) ;
#2794 = COLOUR_RGB ( '',1.000000000000000000, 1.000000000000000000, 1.000000000000000000 ) ;
#2795 = VERTEX_POINT ( 'NONE', #2355 ) ;
#2796 = ORIENTED_EDGE ( 'NONE', *, *, #1356, .T. ) ;
#2797 = DIRECTION ( 'NONE',  ( -0.000000000000000000, -0.000000000000000000, -1.000000000000000000 ) ) ;
#2798 = DIRECTION ( 'NONE',  ( -0.000000000000000000, -0.000000000000000000, -1.000000000000000000 ) ) ;
#2799 = ORIENTED_EDGE ( 'NONE', *, *, #358, .T. ) ;
#2800 = ORIENTED_EDGE ( 'NONE', *, *, #1275, .F. ) ;
#2801 = ORIENTED_EDGE ( 'NONE', *, *, #1647, .T. ) ;
#2802 = EDGE_CURVE ( 'NONE', #1743, #3554, #1726, .T. ) ;
#2803 = CIRCLE ( 'NONE', #390, 3.399999999999986144 ) ;
#2804 = DIRECTION ( 'NONE',  ( 0.000000000000000000, 0.000000000000000000, 1.000000000000000000 ) ) ;
#2805 = VECTOR ( 'NONE', #2338, 1000.000000000000000 ) ;
#2806 = CYLINDRICAL_SURFACE ( 'NONE', #3170, 2.999999999999995559 ) ;
#2807 = DIRECTION ( 'NONE',  ( 1.000000000000000000, 0.000000000000000000, 0.000000000000000000 ) ) ;
#2808 = DIRECTION ( 'NONE',  ( -0.000000000000000000, 0.000000000000000000, 1.000000000000000000 ) ) ;
#2809 = CYLINDRICAL_SURFACE ( 'NONE', #2674, 17.50000000000000000 ) ;
#2810 = AXIS2_PLACEMENT_3D ( 'NONE', #1616, #2388, #128 ) ;
#2811 = DIRECTION ( 'NONE',  ( -0.000000000000000000, -0.000000000000000000, -1.000000000000000000 ) ) ;
#2812 = ORIENTED_EDGE ( 'NONE', *, *, #2969, .T. ) ;
#2813 = VERTEX_POINT ( 'NONE', #1492 ) ;
#2814 = CARTESIAN_POINT ( 'NONE',  ( -67.67766952966331928, 67.67766952966405825, 55.00000000000000000 ) ) ;
#2815 = ADVANCED_FACE ( 'NONE', ( #2066 ), #2613, .T. ) ;
#2816 = ORIENTED_EDGE ( 'NONE', *, *, #688, .T. ) ;
#2817 = ORIENTED_EDGE ( 'NONE', *, *, #264, .T. ) ;
#2818 = VERTEX_POINT ( 'NONE', #1031 ) ;
#2819 = DIRECTION ( 'NONE',  ( 1.000000000000000000, 0.000000000000000000, 0.000000000000000000 ) ) ;
#2820 = DIRECTION ( 'NONE',  ( -0.000000000000000000, 0.000000000000000000, 1.000000000000000000 ) ) ;
#2821 = FACE_OUTER_BOUND ( 'NONE', #28, .T. ) ;
#2822 = EDGE_CURVE ( 'NONE', #1406, #1786, #1731, .T. ) ;
#2823 = EDGE_CURVE ( 'NONE', #1056, #2781, #3026, .T. ) ;
#2824 = CARTESIAN_POINT ( 'NONE',  ( 34.99999999999999289, 8.000000000000000000, -25.00000000000000000 ) ) ;
#2825 = SURFACE_SIDE_STYLE ('',( #1535 ) ) ;
#2826 = VERTEX_POINT ( 'NONE', #2965 ) ;
#2827 = LINE ( 'NONE', #1427, #44 ) ;
#2828 = ORIENTED_EDGE ( 'NONE', *, *, #2462, .F. ) ;
#2829 = ORIENTED_EDGE ( 'NONE', *, *, #1822, .T. ) ;
#2830 = ADVANCED_FACE ( 'NONE', ( #3592 ), #206, .T. ) ;
#2831 = DIRECTION ( 'NONE',  ( -1.387778780781447648E-16, -0.000000000000000000, -1.000000000000000000 ) ) ;
#2832 = VERTEX_POINT ( 'NONE', #1619 ) ;
#2833 = ORIENTED_EDGE ( 'NONE', *, *, #1664, .T. ) ;
#2834 = ORIENTED_EDGE ( 'NONE', *, *, #2665, .F. ) ;
#2835 = CARTESIAN_POINT ( 'NONE',  ( -25.00000000000002132, 0.000000000000000000, -24.99999999999999289 ) ) ;
#2836 = ADVANCED_FACE ( 'NONE', ( #3327 ), #1328, .F. ) ;
#2837 = DIRECTION ( 'NONE',  ( -1.000000000000000000, 0.000000000000000000, 0.000000000000000000 ) ) ;
#2838 = B_SPLINE_CURVE_WITH_KNOTS ( 'NONE', 3,
 ( #960, #177, #2084, #3223, #373, #681, #1813, #1499, #2619, #2939, #1534, #3520, #2659, #1224, #137, #3487, #2104, #3244, #230, #258 ),
 .UNSPECIFIED., .F., .F.,
 ( 4, 2, 2, 2, 2, 2, 2, 2, 2, 4 ),
 ( 0.000000000000000000, 0.002431352866065507844, 0.004862705732131011351, 0.006078382165163764839, 0.007294058598196519194, 0.009725411464262022701, 0.01458811719639301757, 0.01701947006245851240, 0.01823514649549127370, 0.01945082292852402805 ),
 .UNSPECIFIED. ) ;
#2839 = CARTESIAN_POINT ( 'NONE',  ( -50.00000000000000000, 70.00000000000000000, 30.00000000000000000 ) ) ;
#2840 = CARTESIAN_POINT ( 'NONE',  ( -12.80967456844538077, 70.40604312100232676, -27.13398799789180416 ) ) ;
#2841 = CARTESIAN_POINT ( 'NONE',  ( -18.24145256568486317, 70.00000000000000000, 27.25727356233496934 ) ) ;
#2842 = EDGE_LOOP ( 'NONE', ( #544, #1740, #584, #2063 ) ) ;
#2843 = CIRCLE ( 'NONE', #2191, 15.00000000000000000 ) ;
#2844 = SURFACE_STYLE_FILL_AREA ( #343 ) ;
#2845 = ORIENTED_EDGE ( 'NONE', *, *, #945, .T. ) ;
#2846 = FACE_OUTER_BOUND ( 'NONE', #1947, .T. ) ;
#2847 = ADVANCED_FACE ( 'NONE', ( #2150 ), #2413, .F. ) ;
#2848 = EDGE_LOOP ( 'NONE', ( #3251, #1451, #2222, #1696 ) ) ;
#2849 = AXIS2_PLACEMENT_3D ( 'NONE', #1548, #2918, #1831 ) ;
#2850 = DIRECTION ( 'NONE',  ( 0.8181818181818182323, 0.000000000000000000, 0.5749595745760691656 ) ) ;
#2851 = ORIENTED_EDGE ( 'NONE', *, *, #3146, .F. ) ;
#2852 = ORIENTED_EDGE ( 'NONE', *, *, #3501, .F. ) ;
#2853 = EDGE_CURVE ( 'NONE', #1842, #2470, #2673, .T. ) ;
#2854 = EDGE_LOOP ( 'NONE', ( #383, #2452, #2410, #617 ) ) ;
#2855 = EDGE_CURVE ( 'NONE', #3440, #1379, #205, .T. ) ;
#2856 = DIRECTION ( 'NONE',  ( -0.000000000000000000, 0.000000000000000000, 1.000000000000000000 ) ) ;
#2857 = CIRCLE ( 'NONE', #2320, 5.000000000000004441 ) ;
#2858 = LINE ( 'NONE', #940, #1455 ) ;
#2859 = CARTESIAN_POINT ( 'NONE',  ( -25.00000000000000711, 0.000000000000000000, 35.00000000000000000 ) ) ;
#2860 = VECTOR ( 'NONE', #1069, 1000.000000000000000 ) ;
#2861 = PLANE ( 'NONE',  #845 ) ;
#2862 = CARTESIAN_POINT ( 'NONE',  ( -50.00000000000000000, 50.00000000000000000, -20.00000000000000000 ) ) ;
#2863 = CARTESIAN_POINT ( 'NONE',  ( -15.98729152367664774, 69.85777918651848495, 27.94104404859175617 ) ) ;
#2864 = AXIS2_PLACEMENT_3D ( 'NONE', #2158, #1848, #2752 ) ;
#2865 = EDGE_CURVE ( 'NONE', #955, #2198, #603, .T. ) ;
#2866 = DIRECTION ( 'NONE',  ( 0.000000000000000000, 0.000000000000000000, -1.000000000000000000 ) ) ;
#2867 = TOROIDAL_SURFACE ( 'NONE', #3473, 14.49999999999999467, 2.000000000000000000 ) ;
#2868 = CARTESIAN_POINT ( 'NONE',  ( -24.99999999999994671, 8.000000000000000000, -35.00000000000000000 ) ) ;
#2869 = EDGE_LOOP ( 'NONE', ( #2763, #779, #2767, #1387, #2926, #2879, #3567, #817, #951 ) ) ;
#2870 = CARTESIAN_POINT ( 'NONE',  ( 24.99999999999999289, 0.000000000000000000, 25.00000000000000355 ) ) ;
#2871 = EDGE_CURVE ( 'NONE', #2237, #113, #3093, .T. ) ;
#2872 = TOROIDAL_SURFACE ( 'NONE', #1811, 20.50000000000000000, 3.000000000000000000 ) ;
#2873 = AXIS2_PLACEMENT_3D ( 'NONE', #1032, #2746, #2485 ) ;
#2874 = EDGE_LOOP ( 'NONE', ( #2260, #2310, #3148, #2227 ) ) ;
#2875 = AXIS2_PLACEMENT_3D ( 'NONE', #2406, #1524, #1797 ) ;
#2876 = CARTESIAN_POINT ( 'NONE',  ( -67.00000000000000000, 50.00000000000000000, 45.00000000000000000 ) ) ;
#2877 = EDGE_CURVE ( 'NONE', #1218, #2569, #1308, .T. ) ;
#2878 = VERTEX_POINT ( 'NONE', #765 ) ;
#2879 = ORIENTED_EDGE ( 'NONE', *, *, #3348, .F. ) ;
#2880 = ORIENTED_EDGE ( 'NONE', *, *, #2695, .F. ) ;
#2881 = CARTESIAN_POINT ( 'NONE',  ( 0.000000000000000000, 79.00000000000001421, -18.00000000000000000 ) ) ;
#2882 = FACE_OUTER_BOUND ( 'NONE', #1781, .T. ) ;
#2883 = DIRECTION ( 'NONE',  ( 0.000000000000000000, 0.000000000000000000, -1.000000000000000000 ) ) ;
#2884 = CARTESIAN_POINT ( 'NONE',  ( -14.53390138512443919, 72.71555837372122255, -26.25644372480357447 ) ) ;
#2885 = ADVANCED_FACE ( 'NONE', ( #3347 ), #256, .F. ) ;
#2886 = CYLINDRICAL_SURFACE ( 'NONE', #2544, 3.400000000000000355 ) ;
#2887 = ORIENTED_EDGE ( 'NONE', *, *, #3374, .T. ) ;
#2888 = CARTESIAN_POINT ( 'NONE',  ( 34.99999999999999289, 8.000000000000000000, -25.00000000000000000 ) ) ;
#2889 = EDGE_LOOP ( 'NONE', ( #3494, #1193, #3269, #2020 ) ) ;
#2890 = FACE_BOUND ( 'NONE', #3414, .T. ) ;
#2891 = EDGE_LOOP ( 'NONE', ( #2605, #1953, #1444, #1618 ) ) ;
#2892 = ADVANCED_FACE ( 'NONE', ( #3607 ), #749, .F. ) ;
#2893 = CYLINDRICAL_SURFACE ( 'NONE', #3297, 10.00000000000000178 ) ;
#2894 = VERTEX_POINT ( 'NONE', #3270 ) ;
#2895 = EDGE_LOOP ( 'NONE', ( #929, #3102, #3119, #2880 ) ) ;
#2896 = EDGE_LOOP ( 'NONE', ( #2589, #2078, #2419, #108 ) ) ;
#2897 = CARTESIAN_POINT ( 'NONE',  ( -50.00000000000000000, 50.00000000000000000, 55.00000000000000000 ) ) ;
#2898 = DIRECTION ( 'NONE',  ( -0.000000000000000000, -0.000000000000000000, 1.000000000000000000 ) ) ;
#2899 = CARTESIAN_POINT ( 'NONE',  ( -50.00000000000000000, 50.00000000000000000, -30.00000000000000000 ) ) ;
#2900 = DIRECTION ( 'NONE',  ( 0.000000000000000000, 0.000000000000000000, -1.000000000000000000 ) ) ;
#2901 = CARTESIAN_POINT ( 'NONE',  ( -16.72218089633204130, 70.20353366549801422, 24.91551576182718719 ) ) ;
#2902 = ADVANCED_FACE ( 'NONE', ( #1082 ), #1843, .F. ) ;
#2903 = CARTESIAN_POINT ( 'NONE',  ( -25.00000000000002132, 0.000000000000000000, -30.00000000000000000 ) ) ;
#2904 = ORIENTED_EDGE ( 'NONE', *, *, #23, .F. ) ;
#2905 = FACE_BOUND ( 'NONE', #3070, .T. ) ;
#2906 = EDGE_LOOP ( 'NONE', ( #1197, #1293, #3363, #1676 ) ) ;
#2907 = VECTOR ( 'NONE', #2682, 1000.000000000000000 ) ;
#2908 = AXIS2_PLACEMENT_3D ( 'NONE', #2580, #310, #1753 ) ;
#2909 = DIRECTION ( 'NONE',  ( 1.000000000000000000, 0.000000000000000000, 0.000000000000000000 ) ) ;
#2910 = AXIS2_PLACEMENT_3D ( 'NONE', #2683, #431, #3563 ) ;
#2911 = ORIENTED_EDGE ( 'NONE', *, *, #2615, .T. ) ;
#2912 = ORIENTED_EDGE ( 'NONE', *, *, #3302, .F. ) ;
#2913 = EDGE_LOOP ( 'NONE', ( #3330, #914 ) ) ;
#2914 = CARTESIAN_POINT ( 'NONE',  ( -35.00000000000001421, 0.000000000000000000, -24.99999999999993250 ) ) ;
#2915 = CIRCLE ( 'NONE', #1267, 12.50000000000000000 ) ;
#2916 = CARTESIAN_POINT ( 'NONE',  ( -50.00000000000000000, 50.00000000000000000, -26.99999999999999645 ) ) ;
#2917 = ADVANCED_FACE ( 'NONE', ( #464 ), #780, .F. ) ;
#2918 = DIRECTION ( 'NONE',  ( -0.000000000000000000, -0.000000000000000000, -1.000000000000000000 ) ) ;
#2919 = DIRECTION ( 'NONE',  ( 1.000000000000000000, -0.000000000000000000, -0.000000000000000000 ) ) ;
#2920 = CARTESIAN_POINT ( 'NONE',  ( -0.7799080587263157449, 67.26129220997005120, 29.99999999999846167 ) ) ;
#2921 = DIRECTION ( 'NONE',  ( -0.000000000000000000, 0.000000000000000000, -1.000000000000000000 ) ) ;
#2922 = CIRCLE ( 'NONE', #1450, 2.999999999999999112 ) ;
#2923 = DIRECTION ( 'NONE',  ( 0.000000000000000000, 0.000000000000000000, 1.000000000000000000 ) ) ;
#2924 = CARTESIAN_POINT ( 'NONE',  ( 25.00000000000000000, 0.000000000000000000, 25.00000000000000000 ) ) ;
#2925 = AXIS2_PLACEMENT_3D ( 'NONE', #1589, #1312, #1606 ) ;
#2926 = ORIENTED_EDGE ( 'NONE', *, *, #1008, .F. ) ;
#2927 = AXIS2_PLACEMENT_3D ( 'NONE', #618, #2850, #2608 ) ;
#2928 = DIRECTION ( 'NONE',  ( -1.000000000000000000, 0.000000000000000000, 0.000000000000000000 ) ) ;
#2929 = CIRCLE ( 'NONE', #3652, 5.000000000000004441 ) ;
#2930 = ORIENTED_EDGE ( 'NONE', *, *, #3628, .F. ) ;
#2931 = VERTEX_POINT ( 'NONE', #3004 ) ;
#2932 = ORIENTED_EDGE ( 'NONE', *, *, #2006, .T. ) ;
#2933 = CARTESIAN_POINT ( 'NONE',  ( 24.99999999999998579, 0.000000000000000000, -35.00000000000000000 ) ) ;
#2934 = AXIS2_PLACEMENT_3D ( 'NONE', #457, #1854, #3264 ) ;
#2935 = EDGE_CURVE ( 'NONE', #543, #2964, #1963, .T. ) ;
#2936 = AXIS2_PLACEMENT_3D ( 'NONE', #3385, #569, #551 ) ;
#2937 = DIRECTION ( 'NONE',  ( -1.000000000000000000, 0.000000000000000000, 0.000000000000000000 ) ) ;
#2938 = DIRECTION ( 'NONE',  ( 0.000000000000000000, 0.000000000000000000, 1.000000000000000000 ) ) ;
#2939 = CARTESIAN_POINT ( 'NONE',  ( -10.21958477957797662, 71.45554276883871125, 28.21624076221547739 ) ) ;
#2940 = CARTESIAN_POINT ( 'NONE',  ( -74.54545454545454675, 57.58423767804152504, -39.00000000000000000 ) ) ;
#2941 = DIRECTION ( 'NONE',  ( -0.000000000000000000, -0.000000000000000000, -1.000000000000000000 ) ) ;
#2942 = CARTESIAN_POINT ( 'NONE',  ( -67.67766952966331928, 67.67766952966405825, 55.00000000000000000 ) ) ;
#2943 = ADVANCED_FACE ( 'NONE', ( #67 ), #2558, .F. ) ;
#2944 = FACE_OUTER_BOUND ( 'NONE', #1643, .T. ) ;
#2945 = ORIENTED_EDGE ( 'NONE', *, *, #908, .T. ) ;
#2946 = DIRECTION ( 'NONE',  ( 0.000000000000000000, 1.000000000000000000, -0.000000000000000000 ) ) ;
#2947 = ORIENTED_EDGE ( 'NONE', *, *, #2424, .F. ) ;
#2948 = ORIENTED_EDGE ( 'NONE', *, *, #447, .F. ) ;
#2949 = EDGE_LOOP ( 'NONE', ( #1730, #2096 ) ) ;
#2950 = EDGE_CURVE ( 'NONE', #1786, #2962, #2264, .T. ) ;
#2951 = DIRECTION ( 'NONE',  ( 0.000000000000000000, 0.000000000000000000, -1.000000000000000000 ) ) ;
#2952 = FACE_OUTER_BOUND ( 'NONE', #3421, .T. ) ;
#2953 = CARTESIAN_POINT ( 'NONE',  ( -80.00000000000000000, 50.00000000000000000, -47.00000000000000000 ) ) ;
#2954 = FACE_OUTER_BOUND ( 'NONE', #54, .T. ) ;
#2955 = APPLICATION_CONTEXT ( 'automotive_design' ) ;
#2956 = CARTESIAN_POINT ( 'NONE',  ( -50.00000000000000000, 50.00000000000000000, 55.00000000000000711 ) ) ;
#2957 = DIRECTION ( 'NONE',  ( 0.000000000000000000, 0.000000000000000000, -1.000000000000000000 ) ) ;
#2958 = DIRECTION ( 'NONE',  ( -1.000000000000000000, 0.000000000000000000, 0.000000000000000000 ) ) ;
#2959 = DIRECTION ( 'NONE',  ( -0.000000000000000000, 1.000000000000000000, 0.000000000000000000 ) ) ;
#2960 = EDGE_CURVE ( 'NONE', #691, #909, #907, .T. ) ;
#2961 = DIRECTION ( 'NONE',  ( 0.000000000000000000, 0.000000000000000000, 1.000000000000000000 ) ) ;
#2962 = VERTEX_POINT ( 'NONE', #646 ) ;
#2963 = ORIENTED_EDGE ( 'NONE', *, *, #3146, .T. ) ;
#2964 = VERTEX_POINT ( 'NONE', #1504 ) ;
#2965 = CARTESIAN_POINT ( 'NONE',  ( -35.00000000000000000, 50.00000000000000000, 32.00000000000000000 ) ) ;
#2966 = CIRCLE ( 'NONE', #550, 18.00000000000000000 ) ;
#2967 = VECTOR ( 'NONE', #3147, 1000.000000000000000 ) ;
#2968 = CARTESIAN_POINT ( 'NONE',  ( -35.00000000000001421, 8.000000000000000000, -24.99999999999993605 ) ) ;
#2969 = EDGE_CURVE ( 'NONE', #3088, #1077, #1152, .T. ) ;
#2970 = EDGE_CURVE ( 'NONE', #2058, #3066, #30, .T. ) ;
#2971 = CYLINDRICAL_SURFACE ( 'NONE', #3039, 25.00000000000000711 ) ;
#2972 = AXIS2_PLACEMENT_3D ( 'NONE', #810, #3037, #1337 ) ;
#2973 = FACE_OUTER_BOUND ( 'NONE', #1196, .T. ) ;
#2974 = CYLINDRICAL_SURFACE ( 'NONE', #981, 7.999999999999986677 ) ;
#2975 = LINE ( 'NONE', #705, #2135 ) ;
#2976 = CARTESIAN_POINT ( 'NONE',  ( -72.00000000000001421, 50.00000000000000000, -47.00000000000000000 ) ) ;
#2977 = DIRECTION ( 'NONE',  ( -0.000000000000000000, -0.000000000000000000, 1.000000000000000000 ) ) ;
#2978 = CIRCLE ( 'NONE', #3043, 17.00000000000000711 ) ;
#2979 = ADVANCED_FACE ( 'NONE', ( #3083 ), #2625, .T. ) ;
#2980 = CYLINDRICAL_SURFACE ( 'NONE', #1045, 9.999999999999998224 ) ;
#2981 = AXIS2_PLACEMENT_3D ( 'NONE', #1090, #3613, #2732 ) ;
#2982 = VECTOR ( 'NONE', #1645, 1000.000000000000000 ) ;
#2983 = CARTESIAN_POINT ( 'NONE',  ( -3.686965649221114916, 68.71655144555495554, -29.78180878496057105 ) ) ;
#2984 = ORIENTED_EDGE ( 'NONE', *, *, #175, .F. ) ;
#2985 = VERTEX_POINT ( 'NONE', #2903 ) ;
#2986 = CIRCLE ( 'NONE', #3528, 2.999999999999999112 ) ;
#2987 = EDGE_LOOP ( 'NONE', ( #3569, #1368, #2812, #3086 ) ) ;
#2988 = DIRECTION ( 'NONE',  ( 0.000000000000000000, 0.000000000000000000, -1.000000000000000000 ) ) ;
#2989 = AXIS2_PLACEMENT_3D ( 'NONE', #2876, #3458, #3137 ) ;
#2990 = DIRECTION ( 'NONE',  ( 0.000000000000000000, -1.000000000000000000, 0.000000000000000000 ) ) ;
#2991 = AXIS2_PLACEMENT_3D ( 'NONE', #3493, #953, #3235 ) ;
#2992 = CARTESIAN_POINT ( 'NONE',  ( -5.204170427930425228E-16, 30.00000000000000000, -27.00000000000000000 ) ) ;
#2993 = CARTESIAN_POINT ( 'NONE',  ( 2.143131898507868248E-15, 11.00000000000000000, 17.50000000000000000 ) ) ;
#2994 = DIRECTION ( 'NONE',  ( -0.000000000000000000, -0.000000000000000000, -1.000000000000000000 ) ) ;
#2995 = CARTESIAN_POINT ( 'NONE',  ( -3.110126208107281924E-46, 67.00000000000000000, 30.00000000000000355 ) ) ;
#2996 = FILL_AREA_STYLE ('',( #1116 ) ) ;
#2997 = LINE ( 'NONE', #1555, #1508 ) ;
#2998 = CARTESIAN_POINT ( 'NONE',  ( -67.67766952966351823, 32.32233047033668072, 47.00000000000000000 ) ) ;
#2999 = DIRECTION ( 'NONE',  ( -0.000000000000000000, -0.000000000000000000, 1.000000000000000000 ) ) ;
#3000 = VERTEX_POINT ( 'NONE', #2057 ) ;
#3001 = ORIENTED_EDGE ( 'NONE', *, *, #1997, .F. ) ;
#3002 = EDGE_CURVE ( 'NONE', #511, #3647, #2506, .T. ) ;
#3003 = VERTEX_POINT ( 'NONE', #1174 ) ;
#3004 = CARTESIAN_POINT ( 'NONE',  ( 21.07417808142086812, 39.00000000000000711, 20.00000000000000000 ) ) ;
#3005 = CARTESIAN_POINT ( 'NONE',  ( 25.00000000000000000, 8.000000000000000000, 30.00000000000000711 ) ) ;
#3006 = DIRECTION ( 'NONE',  ( 1.000000000000000000, 0.000000000000000000, 0.000000000000000000 ) ) ;
#3007 = ORIENTED_EDGE ( 'NONE', *, *, #2853, .F. ) ;
#3008 = EDGE_CURVE ( 'NONE', #1385, #2296, #912, .T. ) ;
#3009 = EDGE_CURVE ( 'NONE', #3383, #915, #2857, .T. ) ;
#3010 = CARTESIAN_POINT ( 'NONE',  ( 24.99999999999992539, 8.000000000000000000, 35.00000000000000000 ) ) ;
#3011 = CARTESIAN_POINT ( 'NONE',  ( -32.32233047033613360, 32.32233047033648177, 55.00000000000000000 ) ) ;
#3012 = DIRECTION ( 'NONE',  ( 1.000000000000000000, 0.000000000000000000, 0.000000000000000000 ) ) ;
#3013 = EDGE_CURVE ( 'NONE', #909, #2369, #2978, .T. ) ;
#3014 = ORIENTED_EDGE ( 'NONE', *, *, #3315, .T. ) ;
#3015 = CARTESIAN_POINT ( 'NONE',  ( -25.00000000000002132, 8.000000000000000000, -24.99999999999999289 ) ) ;
#3016 = DIRECTION ( 'NONE',  ( -0.9480297097551912966, -0.3181818181818183988, -0.000000000000000000 ) ) ;
#3017 = LINE ( 'NONE', #1395, #2037 ) ;
#3018 = DIRECTION ( 'NONE',  ( 0.000000000000000000, 0.000000000000000000, -1.000000000000000000 ) ) ;
#3019 = EDGE_CURVE ( 'NONE', #652, #1725, #3519, .T. ) ;
#3020 = EDGE_CURVE ( 'NONE', #201, #2650, #324, .T. ) ;
#3021 = EDGE_LOOP ( 'NONE', ( #635, #290 ) ) ;
#3022 = FACE_OUTER_BOUND ( 'NONE', #420, .T. ) ;
#3023 = ADVANCED_FACE ( 'NONE', ( #1445 ), #2565, .T. ) ;
#3024 = ORIENTED_EDGE ( 'NONE', *, *, #2960, .F. ) ;
#3025 = ORIENTED_EDGE ( 'NONE', *, *, #1757, .F. ) ;
#3026 = LINE ( 'NONE', #1064, #2434 ) ;
#3027 = CYLINDRICAL_SURFACE ( 'NONE', #104, 5.000000000000004441 ) ;
#3028 = EDGE_CURVE ( 'NONE', #2370, #3063, #2385, .T. ) ;
#3029 = VERTEX_POINT ( 'NONE', #3067 ) ;
#3030 = FACE_OUTER_BOUND ( 'NONE', #2906, .T. ) ;
#3031 =( NAMED_UNIT ( * ) PLANE_ANGLE_UNIT ( ) SI_UNIT ( $, .RADIAN. ) );
#3032 = AXIS2_PLACEMENT_3D ( 'NONE', #2534, #2478, #5 ) ;
#3033 = AXIS2_PLACEMENT_3D ( 'NONE', #408, #1219, #1513 ) ;
#3034 = FACE_BOUND ( 'NONE', #3625, .T. ) ;
#3035 = EDGE_CURVE ( 'NONE', #2508, #2273, #1270, .T. ) ;
#3036 = CONICAL_SURFACE ( 'NONE', #1906, 18.99999999999997513, 0.7853981633974431720 ) ;
#3037 = DIRECTION ( 'NONE',  ( -0.000000000000000000, -0.000000000000000000, -1.000000000000000000 ) ) ;
#3038 = DIRECTION ( 'NONE',  ( -0.000000000000000000, -0.000000000000000000, -1.000000000000000000 ) ) ;
#3039 = AXIS2_PLACEMENT_3D ( 'NONE', #372, #426, #154 ) ;
#3040 = FACE_OUTER_BOUND ( 'NONE', #1420, .T. ) ;
#3041 = EDGE_CURVE ( 'NONE', #530, #3003, #2035, .T. ) ;
#3042 = CARTESIAN_POINT ( 'NONE',  ( -33.00000000000000000, 50.00000000000000000, 32.00000000000000000 ) ) ;
#3043 = AXIS2_PLACEMENT_3D ( 'NONE', #3365, #85, #3193 ) ;
#3044 = ORIENTED_EDGE ( 'NONE', *, *, #116, .T. ) ;
#3045 = EDGE_LOOP ( 'NONE', ( #3325, #3384 ) ) ;
#3046 = DIRECTION ( 'NONE',  ( -0.000000000000000000, -0.000000000000000000, 1.000000000000000000 ) ) ;
#3047 = FACE_OUTER_BOUND ( 'NONE', #895, .T. ) ;
#3048 = DIRECTION ( 'NONE',  ( -0.000000000000000000, -1.000000000000000000, -0.000000000000000000 ) ) ;
#3049 = VECTOR ( 'NONE', #553, 1000.000000000000000 ) ;
#3050 = ORIENTED_EDGE ( 'NONE', *, *, #145, .T. ) ;
#3051 = AXIS2_PLACEMENT_3D ( 'NONE', #2454, #1354, #3598 ) ;
#3052 = DIRECTION ( 'NONE',  ( 0.000000000000000000, 0.000000000000000000, -1.000000000000000000 ) ) ;
#3053 = CARTESIAN_POINT ( 'NONE',  ( 0.000000000000000000, 11.00000000000000000, 0.000000000000000000 ) ) ;
#3054 = CIRCLE ( 'NONE', #40, 3.399999999999986144 ) ;
#3055 = DIRECTION ( 'NONE',  ( -1.000000000000000000, 0.000000000000000000, 0.000000000000000000 ) ) ;
#3056 = AXIS2_PLACEMENT_3D ( 'NONE', #3096, #2195, #1362 ) ;
#3057 = AXIS2_PLACEMENT_3D ( 'NONE', #3545, #1899, #2137 ) ;
#3058 = ADVANCED_FACE ( 'NONE', ( #1655, #2779 ), #1764, .T. ) ;
#3059 = CARTESIAN_POINT ( 'NONE',  ( -72.00000000000001421, 50.00000000000000000, -47.00000000000000000 ) ) ;
#3060 = CARTESIAN_POINT ( 'NONE',  ( 25.00000000000000000, 0.000000000000000000, 30.00000000000000711 ) ) ;
#3061 = AXIS2_PLACEMENT_3D ( 'NONE', #2272, #3419, #594 ) ;
#3062 = DIRECTION ( 'NONE',  ( 1.000000000000000000, 0.000000000000000000, 0.000000000000000000 ) ) ;
#3063 = VERTEX_POINT ( 'NONE', #2405 ) ;
#3064 = DIRECTION ( 'NONE',  ( -0.000000000000000000, -0.000000000000000000, -1.000000000000000000 ) ) ;
#3065 = VERTEX_POINT ( 'NONE', #949 ) ;
#3066 = VERTEX_POINT ( 'NONE', #1302 ) ;
#3067 = CARTESIAN_POINT ( 'NONE',  ( 21.07417808142086812, 65.00000000000000000, 20.00000000000000000 ) ) ;
#3068 = FACE_OUTER_BOUND ( 'NONE', #1767, .T. ) ;
#3069 = DIRECTION ( 'NONE',  ( 1.000000000000000000, 0.000000000000000000, 0.000000000000000000 ) ) ;
#3070 = EDGE_LOOP ( 'NONE', ( #2578, #308 ) ) ;
#3071 = ORIENTED_EDGE ( 'NONE', *, *, #3559, .T. ) ;
#3072 = EDGE_CURVE ( 'NONE', #3435, #3194, #3227, .T. ) ;
#3073 = DIRECTION ( 'NONE',  ( 1.000000000000000000, 0.000000000000000000, 0.000000000000000000 ) ) ;
#3074 = CARTESIAN_POINT ( 'NONE',  ( 21.07417808142086812, 39.00000000000000711, -20.00000000000000000 ) ) ;
#3075 = SURFACE_STYLE_FILL_AREA ( #38 ) ;
#3076 = DIRECTION ( 'NONE',  ( -1.000000000000000000, 0.000000000000000000, 0.000000000000000000 ) ) ;
#3077 = DIRECTION ( 'NONE',  ( -1.000000000000000000, 0.000000000000000000, 0.000000000000000000 ) ) ;
#3078 = DIRECTION ( 'NONE',  ( -1.000000000000000000, 0.000000000000000000, 0.000000000000000000 ) ) ;
#3079 = CARTESIAN_POINT ( 'NONE',  ( -25.00000000000000711, 0.000000000000000000, 25.00000000000000711 ) ) ;
#3080 = ADVANCED_FACE ( 'NONE', ( #2422 ), #721, .F. ) ;
#3081 = ORIENTED_EDGE ( 'NONE', *, *, #1802, .T. ) ;
#3082 = ORIENTED_EDGE ( 'NONE', *, *, #2771, .F. ) ;
#3083 = FACE_OUTER_BOUND ( 'NONE', #2896, .T. ) ;
#3084 = DIRECTION ( 'NONE',  ( -0.000000000000000000, -1.000000000000000000, -0.000000000000000000 ) ) ;
#3085 = CARTESIAN_POINT ( 'NONE',  ( -5.204170427930448893E-16, 33.00000000000001421, -30.00000000000000000 ) ) ;
#3086 = ORIENTED_EDGE ( 'NONE', *, *, #849, .F. ) ;
#3087 = ORIENTED_EDGE ( 'NONE', *, *, #3281, .F. ) ;
#3088 = VERTEX_POINT ( 'NONE', #1246 ) ;
#3089 = FACE_OUTER_BOUND ( 'NONE', #3402, .T. ) ;
#3090 = PRESENTATION_STYLE_ASSIGNMENT (( #846 ) ) ;
#3091 = CIRCLE ( 'NONE', #2606, 7.999999999999992895 ) ;
#3092 = CARTESIAN_POINT ( 'NONE',  ( 24.99999999999992539, 0.000000000000000000, 35.00000000000000000 ) ) ;
#3093 = CIRCLE ( 'NONE', #1614, 3.400000000000000355 ) ;
#3094 = DIRECTION ( 'NONE',  ( 1.000000000000000000, 0.000000000000000000, 0.000000000000000000 ) ) ;
#3095 = CIRCLE ( 'NONE', #25, 2.999999999999999112 ) ;
#3096 = CARTESIAN_POINT ( 'NONE',  ( -50.00000000000000000, 50.00000000000000000, -32.00000000000000000 ) ) ;
#3097 = ORIENTED_EDGE ( 'NONE', *, *, #3374, .F. ) ;
#3098 = ORIENTED_EDGE ( 'NONE', *, *, #2252, .F. ) ;
#3099 = CARTESIAN_POINT ( 'NONE',  ( -74.54545454545454675, 57.58423767804152504, -39.00000000000000000 ) ) ;
#3100 = VERTEX_POINT ( 'NONE', #686 ) ;
#3101 = ORIENTED_EDGE ( 'NONE', *, *, #528, .F. ) ;
#3102 = ORIENTED_EDGE ( 'NONE', *, *, #1074, .T. ) ;
#3103 = FILL_AREA_STYLE_COLOUR ( '', #1521 ) ;
#3104 = VECTOR ( 'NONE', #526, 1000.000000000000000 ) ;
#3105 = COLOUR_RGB ( '',1.000000000000000000, 1.000000000000000000, 1.000000000000000000 ) ;
#3106 = CARTESIAN_POINT ( 'NONE',  ( -25.00000000000000711, 8.000000000000000000, 35.00000000000000000 ) ) ;
#3107 = VECTOR ( 'NONE', #1370, 1000.000000000000000 ) ;
#3108 = VECTOR ( 'NONE', #1330, 1000.000000000000000 ) ;
#3109 = FACE_BOUND ( 'NONE', #2913, .T. ) ;
#3110 = CARTESIAN_POINT ( 'NONE',  ( -45.22727272727272663, 35.77955435367213255, -39.00000000000000000 ) ) ;
#3111 = CIRCLE ( 'NONE', #2217, 3.399999999999996803 ) ;
#3112 = CARTESIAN_POINT ( 'NONE',  ( -10.67207472514557764, 70.10504324556636391, 28.05124096238826681 ) ) ;
#3113 = AXIS2_PLACEMENT_3D ( 'NONE', #2629, #1209, #1744 ) ;
#3114 = FILL_AREA_STYLE_COLOUR ( '', #1083 ) ;
#3115 = ORIENTED_EDGE ( 'NONE', *, *, #1120, .F. ) ;
#3116 = DIRECTION ( 'NONE',  ( -1.000000000000000000, 0.000000000000000000, -0.000000000000000000 ) ) ;
#3117 = ORIENTED_EDGE ( 'NONE', *, *, #1345, .T. ) ;
#3118 = ADVANCED_FACE ( 'NONE', ( #2141 ), #2090, .F. ) ;
#3119 = ORIENTED_EDGE ( 'NONE', *, *, #2193, .T. ) ;
#3120 = FACE_BOUND ( 'NONE', #562, .T. ) ;
#3121 = ORIENTED_EDGE ( 'NONE', *, *, #2014, .F. ) ;
#3122 = ORIENTED_EDGE ( 'NONE', *, *, #1329, .T. ) ;
#3123 = ORIENTED_EDGE ( 'NONE', *, *, #724, .F. ) ;
#3124 = CARTESIAN_POINT ( 'NONE',  ( -27.99999999999999645, 50.00000000000000000, -47.00000000000000000 ) ) ;
#3125 =( BOUNDED_SURFACE ( )  B_SPLINE_SURFACE ( 3, 2, ( 
 ( #2560, #847, #2265 ),
 ( #643, #1979, #868 ),
 ( #607, #1130, #2583 ),
 ( #2598, #42, #2884 ),
 ( #3468, #1187, #314 ),
 ( #3167, #1776, #3190 ),
 ( #2245, #2840, #577 ),
 ( #1412, #297, #1481 ),
 ( #1738, #1703, #2532 ),
 ( #1999, #884, #81 ),
 ( #338, #2013, #63 ),
 ( #1442, #2301, #1170 ),
 ( #3389, #2032, #1424 ),
 ( #2542, #1760, #3446 ),
 ( #3128, #19, #1202 ),
 ( #590, #902, #626 ),
 ( #357, #2069, #156 ),
 ( #703, #1257, #1298 ) ),
 .UNSPECIFIED., .F., .F., .T. ) 
 B_SPLINE_SURFACE_WITH_KNOTS ( ( 4, 2, 2, 2, 2, 2, 2, 2, 4 ),
 ( 3, 3 ),
 ( 0.004532156464474725900, 0.007187158618520671227, 0.009842160772566617422, 0.01116966184958959052, 0.01249716292661256362, 0.01515216508065850808, 0.02046216938875039873, 0.02311717154279634492, 0.02577217369684229112 ),
 ( 0.000000000000000000, 1.000000000000000000 ),
 .UNSPECIFIED. ) 
 GEOMETRIC_REPRESENTATION_ITEM ( )  RATIONAL_B_SPLINE_SURFACE ( (
 ( 1.000000000000000000, 0.7071067811865475727, 1.000000000000000000),
 ( 1.000000000000000000, 0.7319126992086659733, 1.000000000000000000),
 ( 1.000000000000000000, 0.7550686156659237591, 1.000000000000000000),
 ( 1.000000000000000000, 0.7982708444490879129, 1.000000000000000000),
 ( 1.000000000000000000, 0.8183176211331675276, 1.000000000000000000),
 ( 1.000000000000000000, 0.8461220332931598254, 1.000000000000000000),
 ( 1.000000000000000000, 0.8550320688373169720, 1.000000000000000000),
 ( 1.000000000000000000, 0.8719468393460645395, 1.000000000000000000),
 ( 1.000000000000000000, 0.8799655593215388594, 1.000000000000000000),
 ( 1.000000000000000000, 0.9027705619912771429, 1.000000000000000000),
 ( 1.000000000000000000, 0.9163095260954328136, 1.000000000000000000),
 ( 1.000000000000000000, 0.9522778748163908125, 1.000000000000000000),
 ( 1.000000000000000000, 0.9700974571370808430, 1.000000000000000000),
 ( 1.000000000000000000, 0.9880359021595349622, 1.000000000000000000),
 ( 1.000000000000000000, 0.9925353372797722784, 1.000000000000000000),
 ( 1.000000000000000000, 0.9985085912403848241, 1.000000000000000000),
 ( 1.000000000000000000, 0.9999989027631032146, 1.000000000000000000),
 ( 1.000000000000000000, 1.000000000000000000, 1.000000000000000000) ) ) 
 REPRESENTATION_ITEM ( '' )  SURFACE ( )  );
#3126 = CARTESIAN_POINT ( 'NONE',  ( -27.99999999999999645, 50.00000000000000000, -47.00000000000000000 ) ) ;
#3127 = CARTESIAN_POINT ( 'NONE',  ( -50.00000000000000000, 50.00000000000000000, 45.00000000000000000 ) ) ;
#3128 = CARTESIAN_POINT ( 'NONE',  ( -3.263713370581056594, 67.69257645842122884, -29.92419506213563452 ) ) ;
#3129 = CARTESIAN_POINT ( 'NONE',  ( -12.80967456844545715, 70.40604312099927142, 27.13398799789098703 ) ) ;
#3130 = ORIENTED_EDGE ( 'NONE', *, *, #644, .T. ) ;
#3131 = ADVANCED_FACE ( 'NONE', ( #1317 ), #2626, .F. ) ;
#3132 = CARTESIAN_POINT ( 'NONE',  ( -72.00000000000001421, 50.00000000000000000, -47.00000000000000000 ) ) ;
#3133 = ORIENTED_EDGE ( 'NONE', *, *, #1311, .T. ) ;
#3134 = EDGE_CURVE ( 'NONE', #3065, #1218, #3406, .T. ) ;
#3135 = FACE_BOUND ( 'NONE', #3482, .T. ) ;
#3136 = ORIENTED_EDGE ( 'NONE', *, *, #1338, .T. ) ;
#3137 = DIRECTION ( 'NONE',  ( -1.000000000000000000, 0.000000000000000000, 0.000000000000000000 ) ) ;
#3138 = EDGE_LOOP ( 'NONE', ( #2180, #2611, #2255, #892, #3423, #148, #1157, #931, #2236 ) ) ;
#3139 = ORIENTED_EDGE ( 'NONE', *, *, #644, .F. ) ;
#3140 = VERTEX_POINT ( 'NONE', #2074 ) ;
#3141 = CYLINDRICAL_SURFACE ( 'NONE', #1228, 3.399999999999993250 ) ;
#3142 = APPLICATION_PROTOCOL_DEFINITION ( 'draft international standard', 'automotive_design', 1998, #2955 ) ;
#3143 = DIRECTION ( 'NONE',  ( 0.000000000000000000, 1.000000000000000000, 0.000000000000000000 ) ) ;
#3144 =( NAMED_UNIT ( * ) SI_UNIT ( $, .STERADIAN. ) SOLID_ANGLE_UNIT ( ) );
#3145 = DIRECTION ( 'NONE',  ( -0.000000000000000000, -0.000000000000000000, -1.000000000000000000 ) ) ;
#3146 = EDGE_CURVE ( 'NONE', #1995, #1540, #331, .T. ) ;
#3147 = DIRECTION ( 'NONE',  ( -1.000000000000000000, 0.000000000000000000, 0.000000000000000000 ) ) ;
#3148 = ORIENTED_EDGE ( 'NONE', *, *, #2706, .T. ) ;
#3149 = CIRCLE ( 'NONE', #315, 25.00000000000000000 ) ;
#3150 = DIRECTION ( 'NONE',  ( -0.000000000000000000, -0.000000000000000000, -1.000000000000000000 ) ) ;
#3151 = VECTOR ( 'NONE', #247, 1000.000000000000000 ) ;
#3152 = VERTEX_POINT ( 'NONE', #3208 ) ;
#3153 = DIRECTION ( 'NONE',  ( 0.000000000000000000, 0.000000000000000000, 1.000000000000000000 ) ) ;
#3154 = CIRCLE ( 'NONE', #1556, 20.00000000000000711 ) ;
#3155 = ORIENTED_EDGE ( 'NONE', *, *, #2144, .F. ) ;
#3156 = AXIS2_PLACEMENT_3D ( 'NONE', #3357, #2597, #41 ) ;
#3157 = CARTESIAN_POINT ( 'NONE',  ( -72.00000000000001421, 50.00000000000000000, -39.00000000000000000 ) ) ;
#3158 = ORIENTED_EDGE ( 'NONE', *, *, #993, .T. ) ;
#3159 = ORIENTED_EDGE ( 'NONE', *, *, #1719, .T. ) ;
#3160 = ORIENTED_EDGE ( 'NONE', *, *, #693, .T. ) ;
#3161 = ADVANCED_FACE ( 'NONE', ( #2721, #2664 ), #1021, .F. ) ;
#3162 = CYLINDRICAL_SURFACE ( 'NONE', #1905, 25.00000000000000711 ) ;
#3163 = DIRECTION ( 'NONE',  ( -0.000000000000000000, -1.000000000000000000, -0.000000000000000000 ) ) ;
#3164 = VECTOR ( 'NONE', #1682, 1000.000000000000227 ) ;
#3165 = CARTESIAN_POINT ( 'NONE',  ( -50.00000000000000000, 50.00000000000000000, -47.00000000000000000 ) ) ;
#3166 = B_SPLINE_CURVE_WITH_KNOTS ( 'NONE', 3,
 ( #2722, #3532, #2425, #1010, #2983, #1250, #200, #3265, #185, #1322, #2709, #2442, #3310, #1304, #2094, #1561, #459, #760 ),
 .UNSPECIFIED., .F., .F.,
 ( 4, 2, 2, 2, 2, 2, 2, 2, 4 ),
 ( -3.464665824297225467E-05, 0.002407947304260345776, 0.004850541266763662256, 0.009735729191770297816, 0.01217832315427361776, 0.01339962013552527600, 0.01462091711677693251, 0.01706351107928024552, 0.01950610504178356200 ),
 .UNSPECIFIED. ) ;
#3167 = CARTESIAN_POINT ( 'NONE',  ( -14.04891830404394071, 69.63849154491650495, -28.43164647613273033 ) ) ;
#3168 = EDGE_CURVE ( 'NONE', #816, #422, #561, .T. ) ;
#3169 = DIRECTION ( 'NONE',  ( -0.000000000000000000, 0.000000000000000000, 1.000000000000000000 ) ) ;
#3170 = AXIS2_PLACEMENT_3D ( 'NONE', #3428, #1, #1392 ) ;
#3171 = VERTEX_POINT ( 'NONE', #181 ) ;
#3172 = DIRECTION ( 'NONE',  ( 1.000000000000000000, 0.000000000000000000, 0.000000000000000000 ) ) ;
#3173 = AXIS2_PLACEMENT_3D ( 'NONE', #3213, #935, #404 ) ;
#3174 = VERTEX_POINT ( 'NONE', #1796 ) ;
#3175 = DIRECTION ( 'NONE',  ( 1.000000000000000000, 0.000000000000000000, 0.000000000000000000 ) ) ;
#3176 = EDGE_CURVE ( 'NONE', #2427, #1056, #2997, .T. ) ;
#3177 = AXIS2_PLACEMENT_3D ( 'NONE', #1377, #3343, #3362 ) ;
#3178 = CIRCLE ( 'NONE', #2050, 2.000000000000001776 ) ;
#3179 = EDGE_LOOP ( 'NONE', ( #911, #2636 ) ) ;
#3180 = CIRCLE ( 'NONE', #2051, 8.000000000000007105 ) ;
#3181 = AXIS2_PLACEMENT_3D ( 'NONE', #2110, #1009, #2143 ) ;
#3182 = DIRECTION ( 'NONE',  ( -0.000000000000000000, -0.000000000000000000, -1.000000000000000000 ) ) ;
#3183 = ORIENTED_EDGE ( 'NONE', *, *, #1085, .F. ) ;
#3184 = ORIENTED_EDGE ( 'NONE', *, *, #1079, .F. ) ;
#3185 = ORIENTED_EDGE ( 'NONE', *, *, #2822, .F. ) ;
#3186 = DIRECTION ( 'NONE',  ( 0.000000000000000000, 0.000000000000000000, 1.000000000000000000 ) ) ;
#3187 = CARTESIAN_POINT ( 'NONE',  ( -28.92233047033593962, 67.67766952966384508, 47.00000000000000000 ) ) ;
#3188 = ADVANCED_FACE ( 'NONE', ( #125, #1852 ), #3283, .T. ) ;
#3189 = DIRECTION ( 'NONE',  ( 1.000000000000000000, 0.000000000000000000, 0.000000000000000000 ) ) ;
#3190 = CARTESIAN_POINT ( 'NONE',  ( -12.77174391276222742, 72.27698309001048926, -27.14844813849333960 ) ) ;
#3191 = EDGE_CURVE ( 'NONE', #2826, #1786, #162, .T. ) ;
#3192 = LINE ( 'NONE', #2015, #1380 ) ;
#3193 = DIRECTION ( 'NONE',  ( 1.000000000000000000, 0.000000000000000000, 0.000000000000000000 ) ) ;
#3194 = VERTEX_POINT ( 'NONE', #2122 ) ;
#3195 = FACE_OUTER_BOUND ( 'NONE', #3606, .T. ) ;
#3196 = ORIENTED_EDGE ( 'NONE', *, *, #175, .T. ) ;
#3197 = ADVANCED_FACE ( 'NONE', ( #3504 ), #966, .T. ) ;
#3198 = DIRECTION ( 'NONE',  ( -0.000000000000000000, -1.000000000000000000, -0.000000000000000000 ) ) ;
#3199 = VERTEX_POINT ( 'NONE', #3549 ) ;
#3200 = ORIENTED_EDGE ( 'NONE', *, *, #6, .T. ) ;
#3201 = VERTEX_POINT ( 'NONE', #3092 ) ;
#3202 = CARTESIAN_POINT ( 'NONE',  ( -62.50000000000000000, 50.00000000000000000, 5.355339059327363316 ) ) ;
#3203 = LINE ( 'NONE', #2082, #2268 ) ;
#3204 = CARTESIAN_POINT ( 'NONE',  ( 2.143131898507868248E-15, 0.000000000000000000, 17.50000000000000000 ) ) ;
#3205 = CARTESIAN_POINT ( 'NONE',  ( -1.593734738824634789, 67.33978516492055633, 30.00000000000000000 ) ) ;
#3206 = DIRECTION ( 'NONE',  ( -0.000000000000000000, -0.000000000000000000, -1.000000000000000000 ) ) ;
#3207 = DIRECTION ( 'NONE',  ( -0.000000000000000000, -0.000000000000000000, -1.000000000000000000 ) ) ;
#3208 = CARTESIAN_POINT ( 'NONE',  ( -64.27766952966332781, 67.67766952966405825, 47.00000000000000000 ) ) ;
#3209 = CYLINDRICAL_SURFACE ( 'NONE', #2106, 12.50000000000000000 ) ;
#3210 = ORIENTED_EDGE ( 'NONE', *, *, #2712, .T. ) ;
#3211 = AXIS2_PLACEMENT_3D ( 'NONE', #484, #2436, #3579 ) ;
#3212 = AXIS2_PLACEMENT_3D ( 'NONE', #2638, #3497, #2672 ) ;
#3213 = CARTESIAN_POINT ( 'NONE',  ( -32.32233047033593465, 67.67766952966384508, 55.00000000000000000 ) ) ;
#3214 = AXIS2_PLACEMENT_3D ( 'NONE', #2073, #3524, #2108 ) ;
#3215 = ORIENTED_EDGE ( 'NONE', *, *, #186, .T. ) ;
#3216 = ORIENTED_EDGE ( 'NONE', *, *, #3395, .F. ) ;
#3217 = ORIENTED_EDGE ( 'NONE', *, *, #2458, .F. ) ;
#3218 = LINE ( 'NONE', #2656, #1320 ) ;
#3219 = AXIS2_PLACEMENT_3D ( 'NONE', #312, #2820, #296 ) ;
#3220 = DIRECTION ( 'NONE',  ( 1.000000000000000000, 0.000000000000000000, 0.000000000000000000 ) ) ;
#3221 = EDGE_CURVE ( 'NONE', #915, #3383, #1627, .T. ) ;
#3222 = DIRECTION ( 'NONE',  ( 1.000000000000000000, 0.000000000000000000, 0.000000000000000000 ) ) ;
#3223 = CARTESIAN_POINT ( 'NONE',  ( -14.50968983147833669, 72.71086785825843890, 26.27001003946338642 ) ) ;
#3224 = FACE_OUTER_BOUND ( 'NONE', #599, .T. ) ;
#3225 = DIRECTION ( 'NONE',  ( -1.000000000000000000, 0.000000000000000000, 0.000000000000000000 ) ) ;
#3226 = LINE ( 'NONE', #706, #260 ) ;
#3227 = LINE ( 'NONE', #3263, #3464 ) ;
#3228 = AXIS2_PLACEMENT_3D ( 'NONE', #397, #2977, #3564 ) ;
#3229 = AXIS2_PLACEMENT_3D ( 'NONE', #3126, #588, #844 ) ;
#3230 = DIRECTION ( 'NONE',  ( -1.000000000000000000, 0.000000000000000000, 0.000000000000000000 ) ) ;
#3231 = EDGE_CURVE ( 'NONE', #651, #2818, #2803, .T. ) ;
#3232 = AXIS2_PLACEMENT_3D ( 'NONE', #3011, #536, #3333 ) ;
#3233 = EDGE_LOOP ( 'NONE', ( #1970, #1364 ) ) ;
#3234 = CIRCLE ( 'NONE', #2927, 3.000000000000001776 ) ;
#3235 = DIRECTION ( 'NONE',  ( 0.000000000000000000, 0.000000000000000000, 1.000000000000000000 ) ) ;
#3236 = AXIS2_PLACEMENT_3D ( 'NONE', #2668, #3510, #3552 ) ;
#3237 = VERTEX_POINT ( 'NONE', #3060 ) ;
#3238 = ORIENTED_EDGE ( 'NONE', *, *, #1823, .T. ) ;
#3239 = ORIENTED_EDGE ( 'NONE', *, *, #1150, .F. ) ;
#3240 = DIRECTION ( 'NONE',  ( -0.000000000000000000, -0.000000000000000000, -1.000000000000000000 ) ) ;
#3241 = STYLED_ITEM ( 'NONE', ( #35 ), #2590 ) ;
#3242 = LINE ( 'NONE', #479, #3291 ) ;
#3243 = CARTESIAN_POINT ( 'NONE',  ( -71.07766952966352392, 32.32233047033668072, 47.00000000000000000 ) ) ;
#3244 = CARTESIAN_POINT ( 'NONE',  ( -0.7376935257013046421, 67.34600903622542489, 29.99319684575947775 ) ) ;
#3245 = CARTESIAN_POINT ( 'NONE',  ( -38.68629150101524772, 39.00000000000000000, -20.00000000000000000 ) ) ;
#3246 = CARTESIAN_POINT ( 'NONE',  ( -70.00000000000000000, 50.00000000000000000, -26.99999999999999645 ) ) ;
#3247 = FACE_BOUND ( 'NONE', #3233, .T. ) ;
#3248 = DIRECTION ( 'NONE',  ( 1.000000000000000000, 1.161117700779681071E-16, 0.000000000000000000 ) ) ;
#3249 = CARTESIAN_POINT ( 'NONE',  ( -45.22727272727272663, 64.22044564632786035, -47.00000000000000000 ) ) ;
#3250 = CARTESIAN_POINT ( 'NONE',  ( 0.000000000000000000, 11.00000000000000000, -20.50000000000000000 ) ) ;
#3251 = ORIENTED_EDGE ( 'NONE', *, *, #1664, .F. ) ;
#3252 = EDGE_LOOP ( 'NONE', ( #1378, #1253, #3317, #3184 ) ) ;
#3253 = EDGE_LOOP ( 'NONE', ( #3513, #442, #1139, #2799 ) ) ;
#3254 = CARTESIAN_POINT ( 'NONE',  ( 34.99999999999999289, 8.000000000000000000, 24.99999999999993605 ) ) ;
#3255 = ADVANCED_FACE ( 'NONE', ( #829 ), #2516, .F. ) ;
#3256 = DIRECTION ( 'NONE',  ( 0.000000000000000000, 0.000000000000000000, 1.000000000000000000 ) ) ;
#3257 = DIRECTION ( 'NONE',  ( -0.000000000000000000, -1.000000000000000000, -0.000000000000000000 ) ) ;
#3258 = CARTESIAN_POINT ( 'NONE',  ( -75.67766952966306349, 67.67766952966405825, 55.00000000000000000 ) ) ;
#3259 = FACE_OUTER_BOUND ( 'NONE', #2045, .T. ) ;
#3260 = DIRECTION ( 'NONE',  ( -0.000000000000000000, -0.000000000000000000, -1.000000000000000000 ) ) ;
#3261 = CARTESIAN_POINT ( 'NONE',  ( -27.64345007293813694, 38.81140422757215447, 55.00000000000000000 ) ) ;
#3262 = DIRECTION ( 'NONE',  ( -1.000000000000000000, 0.000000000000000000, 0.000000000000000000 ) ) ;
#3263 = CARTESIAN_POINT ( 'NONE',  ( -61.18859577242783132, 72.35654992706186306, 55.00000000000000000 ) ) ;
#3264 = DIRECTION ( 'NONE',  ( 0.000000000000000000, 0.000000000000000000, 1.000000000000000000 ) ) ;
#3265 = CARTESIAN_POINT ( 'NONE',  ( -9.500407956194571568, 71.18819471601715065, -28.46596152067257535 ) ) ;
#3266 = ORIENTED_EDGE ( 'NONE', *, *, #3020, .F. ) ;
#3267 = VERTEX_POINT ( 'NONE', #540 ) ;
#3268 = VECTOR ( 'NONE', #3562, 1000.000000000000000 ) ;
#3269 = ORIENTED_EDGE ( 'NONE', *, *, #2144, .T. ) ;
#3270 = CARTESIAN_POINT ( 'NONE',  ( -25.00000000000002132, 8.000000000000000000, -19.99999999999998934 ) ) ;
#3271 = VECTOR ( 'NONE', #1545, 1000.000000000000000 ) ;
#3272 = CIRCLE ( 'NONE', #2433, 12.49999999999999645 ) ;
#3273 = CARTESIAN_POINT ( 'NONE',  ( -15.08123311238691855, 69.76526292652593497, -28.18265149265031866 ) ) ;
#3274 = EDGE_CURVE ( 'NONE', #534, #421, #1039, .T. ) ;
#3275 = DIRECTION ( 'NONE',  ( 0.000000000000000000, 0.000000000000000000, -1.000000000000000000 ) ) ;
#3276 =( GEOMETRIC_REPRESENTATION_CONTEXT ( 3 ) GLOBAL_UNCERTAINTY_ASSIGNED_CONTEXT ( ( #1900 ) ) GLOBAL_UNIT_ASSIGNED_CONTEXT ( ( #1833, #2289, #2545 ) ) REPRESENTATION_CONTEXT ( 'NONE', 'WORKASPACE' ) );
#3277 = CARTESIAN_POINT ( 'NONE',  ( -35.00000000000001421, 0.000000000000000000, 25.00000000000000000 ) ) ;
#3278 = CARTESIAN_POINT ( 'NONE',  ( 0.000000000000000000, 30.00000000000000000, 0.000000000000000000 ) ) ;
#3279 = AXIS2_PLACEMENT_3D ( 'NONE', #2284, #589, #3429 ) ;
#3280 = CARTESIAN_POINT ( 'NONE',  ( -67.67766952966351823, 32.32233047033668072, 55.00000000000000000 ) ) ;
#3281 = EDGE_CURVE ( 'NONE', #3029, #3536, #2438, .T. ) ;
#3282 = CYLINDRICAL_SURFACE ( 'NONE', #2550, 3.399999999999986144 ) ;
#3283 = PLANE ( 'NONE',  #737 ) ;
#3284 = AXIS2_PLACEMENT_3D ( 'NONE', #2899, #2083, #3222 ) ;
#3285 = DIRECTION ( 'NONE',  ( -0.000000000000000000, -0.000000000000000000, -1.000000000000000000 ) ) ;
#3286 = MECHANICAL_DESIGN_GEOMETRIC_PRESENTATION_REPRESENTATION (  '', ( #2564 ), #275 ) ;
#3287 = EDGE_CURVE ( 'NONE', #2293, #3661, #449, .T. ) ;
#3288 = DIRECTION ( 'NONE',  ( 0.000000000000000000, 1.000000000000000000, 0.000000000000000000 ) ) ;
#3289 = ORIENTED_EDGE ( 'NONE', *, *, #3287, .F. ) ;
#3290 = VERTEX_POINT ( 'NONE', #1611 ) ;
#3291 = VECTOR ( 'NONE', #700, 1000.000000000000000 ) ;
#3292 = ORIENTED_EDGE ( 'NONE', *, *, #1822, .F. ) ;
#3293 = CARTESIAN_POINT ( 'NONE',  ( -50.00000000000000000, 50.00000000000000000, 55.00000000000000711 ) ) ;
#3294 = AXIS2_PLACEMENT_3D ( 'NONE', #1398, #2811, #3659 ) ;
#3295 = CARTESIAN_POINT ( 'NONE',  ( 34.99999999999999289, 8.000000000000000000, -25.00000000000000000 ) ) ;
#3296 = VERTEX_POINT ( 'NONE', #1058 ) ;
#3297 = AXIS2_PLACEMENT_3D ( 'NONE', #1488, #3198, #112 ) ;
#3298 = VECTOR ( 'NONE', #2734, 1000.000000000000000 ) ;
#3299 = CYLINDRICAL_SURFACE ( 'NONE', #2219, 15.00000000000000000 ) ;
#3300 = CARTESIAN_POINT ( 'NONE',  ( -74.54545454545454675, 57.58423767804152504, -39.00000000000000000 ) ) ;
#3301 = CIRCLE ( 'NONE', #2576, 8.000000000000007105 ) ;
#3302 = EDGE_CURVE ( 'NONE', #593, #2878, #1918, .T. ) ;
#3303 = EDGE_CURVE ( 'NONE', #3171, #2832, #3017, .T. ) ;
#3304 = LINE ( 'NONE', #3335, #1165 ) ;
#3305 = DIRECTION ( 'NONE',  ( 1.000000000000000000, -0.000000000000000000, -0.000000000000000000 ) ) ;
#3306 = DIRECTION ( 'NONE',  ( 0.000000000000000000, 0.000000000000000000, -1.000000000000000000 ) ) ;
#3307 = FACE_BOUND ( 'NONE', #2204, .T. ) ;
#3308 = EDGE_CURVE ( 'NONE', #1218, #2390, #1683, .T. ) ;
#3309 = DIRECTION ( 'NONE',  ( -0.000000000000000000, -1.000000000000000000, -0.000000000000000000 ) ) ;
#3310 = CARTESIAN_POINT ( 'NONE',  ( -12.73715080706530500, 72.26726424437241292, -27.16472351142427755 ) ) ;
#3311 = DIRECTION ( 'NONE',  ( -0.000000000000000000, -1.000000000000000000, -0.000000000000000000 ) ) ;
#3312 = ORIENTED_EDGE ( 'NONE', *, *, #43, .T. ) ;
#3313 = ORIENTED_EDGE ( 'NONE', *, *, #2791, .T. ) ;
#3314 = DIRECTION ( 'NONE',  ( 0.000000000000000000, -1.000000000000000000, 0.000000000000000000 ) ) ;
#3315 = EDGE_CURVE ( 'NONE', #149, #1746, #1649, .T. ) ;
#3316 = CARTESIAN_POINT ( 'NONE',  ( 0.000000000000000000, 1.000000000000000888, -12.50000000000000000 ) ) ;
#3317 = ORIENTED_EDGE ( 'NONE', *, *, #2424, .T. ) ;
#3318 = CARTESIAN_POINT ( 'NONE',  ( -61.18859577242814396, 27.64345007293827905, 55.00000000000000000 ) ) ;
#3319 = CARTESIAN_POINT ( 'NONE',  ( -27.99999999999999645, 50.00000000000000000, -39.00000000000000000 ) ) ;
#3320 = UNCERTAINTY_MEASURE_WITH_UNIT (LENGTH_MEASURE( 1.000000000000000082E-05 ), #1440, 'distance_accuracy_value', 'NONE');
#3321 = DIRECTION ( 'NONE',  ( 1.000000000000000000, 1.040834085586083862E-15, 0.000000000000000000 ) ) ;
#3322 = LINE ( 'NONE', #3338, #978 ) ;
#3323 = CARTESIAN_POINT ( 'NONE',  ( 0.000000000000000000, 0.000000000000000000, 0.000000000000000000 ) ) ;
#3324 = DIRECTION ( 'NONE',  ( -0.000000000000000000, -1.000000000000000000, 0.000000000000000000 ) ) ;
#3325 = ORIENTED_EDGE ( 'NONE', *, *, #1025, .T. ) ;
#3326 = ORIENTED_EDGE ( 'NONE', *, *, #1814, .T. ) ;
#3327 = FACE_OUTER_BOUND ( 'NONE', #1030, .T. ) ;
#3328 = CARTESIAN_POINT ( 'NONE',  ( -50.00000000000000000, 67.00000000000000000, -26.99999999999999645 ) ) ;
#3329 = VERTEX_POINT ( 'NONE', #1358 ) ;
#3330 = ORIENTED_EDGE ( 'NONE', *, *, #2364, .F. ) ;
#3331 = ORIENTED_EDGE ( 'NONE', *, *, #1867, .T. ) ;
#3332 = DIRECTION ( 'NONE',  ( -0.000000000000000000, -0.000000000000000000, -1.000000000000000000 ) ) ;
#3333 = DIRECTION ( 'NONE',  ( 1.000000000000000000, 0.000000000000000000, 0.000000000000000000 ) ) ;
#3334 = AXIS2_PLACEMENT_3D ( 'NONE', #1227, #1314, #1609 ) ;
#3335 = CARTESIAN_POINT ( 'NONE',  ( -68.60000000000002274, 50.00000000000000000, -47.00000000000000000 ) ) ;
#3336 = AXIS2_PLACEMENT_3D ( 'NONE', #3132, #1551, #319 ) ;
#3337 = CARTESIAN_POINT ( 'NONE',  ( 2.510525938252074481E-15, 30.00000000000000000, 20.50000000000000000 ) ) ;
#3338 = CARTESIAN_POINT ( 'NONE',  ( -25.00000000000002132, 8.000000000000000000, -30.00000000000000000 ) ) ;
#3339 = AXIS2_PLACEMENT_3D ( 'NONE', #1533, #2938, #2399 ) ;
#3340 = DIRECTION ( 'NONE',  ( -1.000000000000000000, -0.000000000000000000, -0.000000000000000000 ) ) ;
#3341 = VECTOR ( 'NONE', #1467, 1000.000000000000000 ) ;
#3342 = EDGE_CURVE ( 'NONE', #2450, #2985, #3322, .T. ) ;
#3343 = DIRECTION ( 'NONE',  ( 0.000000000000000000, 0.000000000000000000, 1.000000000000000000 ) ) ;
#3344 = AXIS2_PLACEMENT_3D ( 'NONE', #1523, #2707, #1819 ) ;
#3345 = ORIENTED_EDGE ( 'NONE', *, *, #952, .T. ) ;
#3346 = ORIENTED_EDGE ( 'NONE', *, *, #3008, .T. ) ;
#3347 = FACE_OUTER_BOUND ( 'NONE', #1892, .T. ) ;
#3348 = EDGE_CURVE ( 'NONE', #2095, #2781, #246, .T. ) ;
#3349 = CARTESIAN_POINT ( 'NONE',  ( -40.57190958417937310, 38.33333333333332860, -20.00000000000000000 ) ) ;
#3350 = AXIS2_PLACEMENT_3D ( 'NONE', #281, #2531, #2770 ) ;
#3351 = ORIENTED_EDGE ( 'NONE', *, *, #1025, .F. ) ;
#3352 = ORIENTED_EDGE ( 'NONE', *, *, #1768, .F. ) ;
#3353 = CARTESIAN_POINT ( 'NONE',  ( -67.00000000000000000, 50.00000000000000000, 47.00000000000000000 ) ) ;
#3354 = DIRECTION ( 'NONE',  ( -1.000000000000000000, 0.000000000000000000, 0.000000000000000000 ) ) ;
#3355 = TOROIDAL_SURFACE ( 'NONE', #798, 33.00000000000000000, 3.000000000000000000 ) ;
#3356 = AXIS2_PLACEMENT_3D ( 'NONE', #2535, #3064, #1076 ) ;
#3357 = CARTESIAN_POINT ( 'NONE',  ( -50.00000000000000000, 50.00000000000000000, 30.00000000000000000 ) ) ;
#3358 = DIRECTION ( 'NONE',  ( -0.000000000000000000, -0.000000000000000000, 1.000000000000000000 ) ) ;
#3359 = TOROIDAL_SURFACE ( 'NONE', #3657, 14.49999999999999467, 2.000000000000000000 ) ;
#3360 = ADVANCED_FACE ( 'NONE', ( #773, #1094, #234, #3307, #2189, #2233 ), #1117, .F. ) ;
#3361 = CARTESIAN_POINT ( 'NONE',  ( -50.00000000000000000, 50.00000000000000000, -47.00000000000000000 ) ) ;
#3362 = DIRECTION ( 'NONE',  ( 1.000000000000000000, 0.000000000000000000, 0.000000000000000000 ) ) ;
#3363 = ORIENTED_EDGE ( 'NONE', *, *, #488, .F. ) ;
#3364 = ORIENTED_EDGE ( 'NONE', *, *, #287, .T. ) ;
#3365 = CARTESIAN_POINT ( 'NONE',  ( -50.00000000000000000, 50.00000000000000000, -30.00000000000000000 ) ) ;
#3366 = EDGE_CURVE ( 'NONE', #2600, #837, #758, .T. ) ;
#3367 = DIRECTION ( 'NONE',  ( -0.000000000000000000, -0.000000000000000000, -1.000000000000000000 ) ) ;
#3368 = VERTEX_POINT ( 'NONE', #2773 ) ;
#3369 = ORIENTED_EDGE ( 'NONE', *, *, #3168, .F. ) ;
#3370 = DIRECTION ( 'NONE',  ( 0.000000000000000000, 0.000000000000000000, -1.000000000000000000 ) ) ;
#3371 = DIRECTION ( 'NONE',  ( 1.734723475976809251E-17, 0.000000000000000000, 1.000000000000000000 ) ) ;
#3372 = DIRECTION ( 'NONE',  ( 1.000000000000000000, 0.000000000000000000, 0.000000000000000000 ) ) ;
#3373 = FACE_OUTER_BOUND ( 'NONE', #33, .T. ) ;
#3374 = EDGE_CURVE ( 'NONE', #1881, #2508, #1373, .T. ) ;
#3375 = DIRECTION ( 'NONE',  ( -0.000000000000000000, -0.000000000000000000, -1.000000000000000000 ) ) ;
#3376 = DIRECTION ( 'NONE',  ( -0.000000000000000000, 0.000000000000000000, 1.000000000000000000 ) ) ;
#3377 = ORIENTED_EDGE ( 'NONE', *, *, #3041, .F. ) ;
#3378 = DIRECTION ( 'NONE',  ( 0.000000000000000000, 0.000000000000000000, -1.000000000000000000 ) ) ;
#3379 = ORIENTED_EDGE ( 'NONE', *, *, #347, .T. ) ;
#3380 = EDGE_LOOP ( 'NONE', ( #2623, #2148, #3121, #3442 ) ) ;
#3381 = DIRECTION ( 'NONE',  ( -0.9480297097551912966, 0.3181818181818183988, 0.000000000000000000 ) ) ;
#3382 = ORIENTED_EDGE ( 'NONE', *, *, #2305, .T. ) ;
#3383 = VERTEX_POINT ( 'NONE', #1944 ) ;
#3384 = ORIENTED_EDGE ( 'NONE', *, *, #2620, .T. ) ;
#3385 = CARTESIAN_POINT ( 'NONE',  ( 25.00000000000000000, 8.000000000000000000, -25.00000000000000000 ) ) ;
#3386 = CARTESIAN_POINT ( 'NONE',  ( -67.67766952966331928, 67.67766952966405825, 55.00000000000000000 ) ) ;
#3387 = CARTESIAN_POINT ( 'NONE',  ( -35.00000000000001421, 8.000000000000000000, 25.00000000000000000 ) ) ;
#3388 = AXIS2_PLACEMENT_3D ( 'NONE', #527, #1096, #812 ) ;
#3389 = CARTESIAN_POINT ( 'NONE',  ( -6.513020043921995850, 68.36227053554871702, -29.69621233982974573 ) ) ;
#3390 = AXIS2_PLACEMENT_3D ( 'NONE', #2169, #3314, #1585 ) ;
#3391 = EDGE_CURVE ( 'NONE', #318, #1061, #1980, .T. ) ;
#3392 = AXIS2_PLACEMENT_3D ( 'NONE', #1795, #685, #1818 ) ;
#3393 = CARTESIAN_POINT ( 'NONE',  ( -11.74321699500114491, 70.27691944543714442, 27.61230896012564529 ) ) ;
#3394 = CIRCLE ( 'NONE', #2552, 27.00000000000000000 ) ;
#3395 = EDGE_CURVE ( 'NONE', #1698, #1233, #1566, .T. ) ;
#3396 = DIRECTION ( 'NONE',  ( 0.000000000000000000, 0.000000000000000000, -1.000000000000000000 ) ) ;
#3397 = ORIENTED_EDGE ( 'NONE', *, *, #2225, .T. ) ;
#3398 = DIRECTION ( 'NONE',  ( 0.000000000000000000, 0.000000000000000000, -1.000000000000000000 ) ) ;
#3399 = VERTEX_POINT ( 'NONE', #1148 ) ;
#3400 = VERTEX_POINT ( 'NONE', #2285 ) ;
#3401 = FACE_BOUND ( 'NONE', #1803, .T. ) ;
#3402 = EDGE_LOOP ( 'NONE', ( #2930, #2412, #1877, #3404 ) ) ;
#3403 = ORIENTED_EDGE ( 'NONE', *, *, #1171, .T. ) ;
#3404 = ORIENTED_EDGE ( 'NONE', *, *, #2070, .T. ) ;
#3405 = DIRECTION ( 'NONE',  ( -0.000000000000000000, -0.000000000000000000, -1.000000000000000000 ) ) ;
#3406 = CIRCLE ( 'NONE', #1213, 7.999999999999743316 ) ;
#3407 = AXIS2_PLACEMENT_3D ( 'NONE', #295, #572, #1144 ) ;
#3408 = DIRECTION ( 'NONE',  ( 0.000000000000000000, 1.000000000000000000, -0.000000000000000000 ) ) ;
#3409 = VECTOR ( 'NONE', #3381, 1000.000000000000114 ) ;
#3410 = CARTESIAN_POINT ( 'NONE',  ( -50.00000000000000000, 50.00000000000000000, 20.00000000000000000 ) ) ;
#3411 = EDGE_CURVE ( 'NONE', #3424, #2962, #925, .T. ) ;
#3412 = AXIS2_PLACEMENT_3D ( 'NONE', #636, #1214, #3480 ) ;
#3413 = CARTESIAN_POINT ( 'NONE',  ( -10.49619406326893589, 69.10196599125180228, 29.14864485256277860 ) ) ;
#3414 = EDGE_LOOP ( 'NONE', ( #1292, #937 ) ) ;
#3415 = AXIS2_PLACEMENT_3D ( 'NONE', #399, #1578, #2708 ) ;
#3416 = AXIS2_PLACEMENT_3D ( 'NONE', #1882, #3612, #1588 ) ;
#3417 = CARTESIAN_POINT ( 'NONE',  ( -50.00000000000000000, 50.00000000000000000, -26.99999999999999645 ) ) ;
#3418 = EDGE_LOOP ( 'NONE', ( #1697, #1305 ) ) ;
#3419 = DIRECTION ( 'NONE',  ( 0.000000000000000000, 1.000000000000000000, 0.000000000000000000 ) ) ;
#3420 = EDGE_LOOP ( 'NONE', ( #3483, #1123, #616, #3595 ) ) ;
#3421 = EDGE_LOOP ( 'NONE', ( #3660, #2322, #873, #1827 ) ) ;
#3422 = FACE_OUTER_BOUND ( 'NONE', #2025, .T. ) ;
#3423 = ORIENTED_EDGE ( 'NONE', *, *, #3176, .T. ) ;
#3424 = VERTEX_POINT ( 'NONE', #2055 ) ;
#3425 = ORIENTED_EDGE ( 'NONE', *, *, #2775, .T. ) ;
#3426 = CARTESIAN_POINT ( 'NONE',  ( -50.00000000000000000, 33.00000000000000000, 30.00000000000000000 ) ) ;
#3427 = EDGE_CURVE ( 'NONE', #2427, #2095, #2318, .T. ) ;
#3428 = CARTESIAN_POINT ( 'NONE',  ( -38.68629150101524772, 36.00000000000000711, -20.00000000000000000 ) ) ;
#3429 = DIRECTION ( 'NONE',  ( 0.000000000000000000, 0.000000000000000000, -1.000000000000000000 ) ) ;
#3430 = DIRECTION ( 'NONE',  ( 0.000000000000000000, 0.000000000000000000, 1.000000000000000000 ) ) ;
#3431 = CARTESIAN_POINT ( 'NONE',  ( -67.67766952966351823, 32.32233047033668072, 55.00000000000000000 ) ) ;
#3432 = ADVANCED_FACE ( 'NONE', ( #2821 ), #3125, .F. ) ;
#3433 = DIRECTION ( 'NONE',  ( 0.000000000000000000, 1.000000000000000000, -0.000000000000000000 ) ) ;
#3434 =( NAMED_UNIT ( * ) SI_UNIT ( $, .STERADIAN. ) SOLID_ANGLE_UNIT ( ) );
#3435 = VERTEX_POINT ( 'NONE', #2359 ) ;
#3436 = PLANE ( 'NONE',  #3113 ) ;
#3437 = EDGE_CURVE ( 'NONE', #318, #2250, #2215, .T. ) ;
#3438 = EDGE_LOOP ( 'NONE', ( #3331, #896 ) ) ;
#3439 = DIRECTION ( 'NONE',  ( 0.000000000000000000, 0.000000000000000000, -1.000000000000000000 ) ) ;
#3440 = VERTEX_POINT ( 'NONE', #2400 ) ;
#3441 = ORIENTED_EDGE ( 'NONE', *, *, #2791, .F. ) ;
#3442 = ORIENTED_EDGE ( 'NONE', *, *, #183, .T. ) ;
#3443 = CARTESIAN_POINT ( 'NONE',  ( -32.32233047033593465, 67.67766952966384508, 55.00000000000000000 ) ) ;
#3444 = DIRECTION ( 'NONE',  ( 1.000000000000000000, 0.000000000000000000, -1.224646799147353207E-16 ) ) ;
#3445 = SURFACE_STYLE_FILL_AREA ( #2996 ) ;
#3446 = CARTESIAN_POINT ( 'NONE',  ( -3.709675836793718595, 68.72695955733135520, -29.77908330423471739 ) ) ;
#3447 = DIRECTION ( 'NONE',  ( -0.000000000000000000, -0.000000000000000000, -1.000000000000000000 ) ) ;
#3448 = VECTOR ( 'NONE', #2446, 1000.000000000000000 ) ;
#3449 = CARTESIAN_POINT ( 'NONE',  ( 0.000000000000000000, 80.00000000000000000, 0.000000000000000000 ) ) ;
#3450 = VECTOR ( 'NONE', #341, 1000.000000000000000 ) ;
#3451 = ORIENTED_EDGE ( 'NONE', *, *, #2950, .F. ) ;
#3452 = CARTESIAN_POINT ( 'NONE',  ( 24.99999999999998579, 0.000000000000000000, -25.00000000000000000 ) ) ;
#3453 = VECTOR ( 'NONE', #1985, 999.9999999999998863 ) ;
#3454 = ORIENTED_EDGE ( 'NONE', *, *, #1145, .F. ) ;
#3455 = EDGE_CURVE ( 'NONE', #1056, #3329, #3638, .T. ) ;
#3456 = ADVANCED_FACE ( 'NONE', ( #2973 ), #1792, .T. ) ;
#3457 = AXIS2_PLACEMENT_3D ( 'NONE', #923, #2658, #1256 ) ;
#3458 = DIRECTION ( 'NONE',  ( 1.224646799147353207E-16, 1.000000000000000000, 0.000000000000000000 ) ) ;
#3459 = ORIENTED_EDGE ( 'NONE', *, *, #2665, .T. ) ;
#3460 = ORIENTED_EDGE ( 'NONE', *, *, #6, .F. ) ;
#3461 = ORIENTED_EDGE ( 'NONE', *, *, #3028, .T. ) ;
#3462 = CARTESIAN_POINT ( 'NONE',  ( 21.07417808142086812, 65.00000000000000000, -20.00000000000000000 ) ) ;
#3463 = ADVANCED_FACE ( 'NONE', ( #2954 ), #658, .T. ) ;
#3464 = VECTOR ( 'NONE', #1593, 1000.000000000000000 ) ;
#3465 = CARTESIAN_POINT ( 'NONE',  ( 0.000000000000000000, 0.000000000000000000, 0.000000000000000000 ) ) ;
#3466 = AXIS2_PLACEMENT_3D ( 'NONE', #2787, #285, #2900 ) ;
#3467 = DIRECTION ( 'NONE',  ( 1.000000000000000000, 0.000000000000000000, 0.000000000000000000 ) ) ;
#3468 = CARTESIAN_POINT ( 'NONE',  ( -15.21971641967265398, 69.78026472368833311, -28.14678905082445226 ) ) ;
#3469 = CARTESIAN_POINT ( 'NONE',  ( -13.65441303412620044, 69.58678861310531261, 28.52283524845241658 ) ) ;
#3470 = ORIENTED_EDGE ( 'NONE', *, *, #2335, .F. ) ;
#3471 = DIRECTION ( 'NONE',  ( 0.000000000000000000, 1.000000000000000000, 0.000000000000000000 ) ) ;
#3472 = ADVANCED_FACE ( 'NONE', ( #3259 ), #2134, .F. ) ;
#3473 = AXIS2_PLACEMENT_3D ( 'NONE', #3575, #2728, #2715 ) ;
#3474 = ORIENTED_EDGE ( 'NONE', *, *, #1309, .F. ) ;
#3475 = DIRECTION ( 'NONE',  ( -0.000000000000000000, 0.000000000000000000, 1.000000000000000000 ) ) ;
#3476 = CIRCLE ( 'NONE', #2274, 2.000000000000001776 ) ;
#3477 = AXIS2_PLACEMENT_3D ( 'NONE', #2166, #3311, #761 ) ;
#3478 = ORIENTED_EDGE ( 'NONE', *, *, #2241, .T. ) ;
#3479 = CIRCLE ( 'NONE', #630, 13.50000000000001243 ) ;
#3480 = DIRECTION ( 'NONE',  ( 1.000000000000000000, 0.000000000000000000, 0.000000000000000000 ) ) ;
#3481 = ORIENTED_EDGE ( 'NONE', *, *, #2855, .T. ) ;
#3482 = EDGE_LOOP ( 'NONE', ( #306, #3459 ) ) ;
#3483 = ORIENTED_EDGE ( 'NONE', *, *, #823, .F. ) ;
#3484 = CARTESIAN_POINT ( 'NONE',  ( -50.00000000000000000, 67.00000000000000000, 27.00000000000000000 ) ) ;
#3485 = DIRECTION ( 'NONE',  ( 0.000000000000000000, 0.000000000000000000, 1.000000000000000000 ) ) ;
#3486 = DIRECTION ( 'NONE',  ( -0.000000000000000000, -0.000000000000000000, -1.000000000000000000 ) ) ;
#3487 = CARTESIAN_POINT ( 'NONE',  ( -1.843305190765233359, 67.86299780323815867, 29.94559532950006542 ) ) ;
#3488 = CARTESIAN_POINT ( 'NONE',  ( -3.115690443122361319, 68.03493741504404113, 29.84835579178731635 ) ) ;
#3489 = CARTESIAN_POINT ( 'NONE',  ( -54.77272727272728048, 64.22044564632786035, -47.00000000000000000 ) ) ;
#3490 = DIRECTION ( 'NONE',  ( 0.000000000000000000, -1.000000000000000000, 0.000000000000000000 ) ) ;
#3491 = CYLINDRICAL_SURFACE ( 'NONE', #991, 5.000000000000004441 ) ;
#3492 = ORIENTED_EDGE ( 'NONE', *, *, #1967, .F. ) ;
#3493 = CARTESIAN_POINT ( 'NONE',  ( 0.000000000000000000, 77.00000000000000000, 0.000000000000000000 ) ) ;
#3494 = ORIENTED_EDGE ( 'NONE', *, *, #1715, .F. ) ;
#3495 = EDGE_LOOP ( 'NONE', ( #1087, #974, #3640, #1910 ) ) ;
#3496 = VERTEX_POINT ( 'NONE', #3277 ) ;
#3497 = DIRECTION ( 'NONE',  ( -0.000000000000000000, -0.000000000000000000, -1.000000000000000000 ) ) ;
#3498 = CYLINDRICAL_SURFACE ( 'NONE', #1217, 12.49999999999999645 ) ;
#3499 = DIRECTION ( 'NONE',  ( -0.000000000000000000, -1.000000000000000000, -0.000000000000000000 ) ) ;
#3500 = DIRECTION ( 'NONE',  ( -0.000000000000000000, -1.000000000000000000, -0.000000000000000000 ) ) ;
#3501 = EDGE_CURVE ( 'NONE', #2259, #318, #411, .T. ) ;
#3502 = DIRECTION ( 'NONE',  ( 1.000000000000000000, 0.000000000000000000, 0.000000000000000000 ) ) ;
#3503 = PLANE ( 'NONE',  #2910 ) ;
#3504 = FACE_OUTER_BOUND ( 'NONE', #418, .T. ) ;
#3505 = DIRECTION ( 'NONE',  ( 1.000000000000000000, 1.161117700779681071E-16, -0.000000000000000000 ) ) ;
#3506 = EDGE_LOOP ( 'NONE', ( #783, #2655, #2389, #2801, #3136, #254, #2628, #597 ) ) ;
#3507 = EDGE_CURVE ( 'NONE', #595, #1476, #2922, .T. ) ;
#3508 = CIRCLE ( 'NONE', #18, 3.399999999999986144 ) ;
#3509 = VECTOR ( 'NONE', #388, 1000.000000000000000 ) ;
#3510 = DIRECTION ( 'NONE',  ( 0.000000000000000000, -1.000000000000000000, 0.000000000000000000 ) ) ;
#3511 = VECTOR ( 'NONE', #2568, 1000.000000000000000 ) ;
#3512 = ORIENTED_EDGE ( 'NONE', *, *, #3281, .T. ) ;
#3513 = ORIENTED_EDGE ( 'NONE', *, *, #161, .F. ) ;
#3514 = EDGE_LOOP ( 'NONE', ( #1062, #3345 ) ) ;
#3515 = LINE ( 'NONE', #3539, #1262 ) ;
#3516 = VECTOR ( 'NONE', #1093, 1000.000000000000000 ) ;
#3517 = DIRECTION ( 'NONE',  ( -1.000000000000000000, 0.000000000000000000, 0.000000000000000000 ) ) ;
#3518 = FACE_OUTER_BOUND ( 'NONE', #614, .T. ) ;
#3519 = CIRCLE ( 'NONE', #3582, 7.999999999999992895 ) ;
#3520 = CARTESIAN_POINT ( 'NONE',  ( -7.336969526017587562, 70.33859417611016340, 29.12805828362113303 ) ) ;
#3521 =( LENGTH_UNIT ( ) NAMED_UNIT ( * ) SI_UNIT ( .MILLI., .METRE. ) );
#3522 = AXIS2_PLACEMENT_3D ( 'NONE', #107, #1779, #1671 ) ;
#3523 = PLANE ( 'NONE',  #836 ) ;
#3524 = DIRECTION ( 'NONE',  ( 0.000000000000000000, -1.000000000000000000, 0.000000000000000000 ) ) ;
#3525 = EDGE_CURVE ( 'NONE', #34, #2250, #2838, .T. ) ;
#3526 = CARTESIAN_POINT ( 'NONE',  ( 0.000000000000000000, 1.000000000000000888, 0.000000000000000000 ) ) ;
#3527 = VECTOR ( 'NONE', #556, 1000.000000000000000 ) ;
#3528 = AXIS2_PLACEMENT_3D ( 'NONE', #1461, #3444, #977 ) ;
#3529 = CYLINDRICAL_SURFACE ( 'NONE', #3415, 2.999999999999999112 ) ;
#3530 = EDGE_CURVE ( 'NONE', #652, #638, #1034, .T. ) ;
#3531 = AXIS2_PLACEMENT_3D ( 'NONE', #3541, #3257, #2697 ) ;
#3532 = CARTESIAN_POINT ( 'NONE',  ( -0.7371403865600487659, 67.34574927601478578, -30.00000000000000711 ) ) ;
#3533 = CIRCLE ( 'NONE', #802, 2.999999999999999112 ) ;
#3534 = AXIS2_PLACEMENT_3D ( 'NONE', #1410, #866, #1582 ) ;
#3535 = ORIENTED_EDGE ( 'NONE', *, *, #2566, .F. ) ;
#3536 = VERTEX_POINT ( 'NONE', #1114 ) ;
#3537 = EDGE_CURVE ( 'NONE', #440, #73, #1336, .T. ) ;
#3538 = ORIENTED_EDGE ( 'NONE', *, *, #66, .T. ) ;
#3539 = CARTESIAN_POINT ( 'NONE',  ( -28.92233047033593962, 67.67766952966384508, 55.00000000000000000 ) ) ;
#3540 = CIRCLE ( 'NONE', #2221, 18.00000000000000000 ) ;
#3541 = CARTESIAN_POINT ( 'NONE',  ( 0.000000000000000000, 27.00000000000000000, 0.000000000000000000 ) ) ;
#3542 = ADVANCED_FACE ( 'NONE', ( #2490 ), #500, .T. ) ;
#3543 = CARTESIAN_POINT ( 'NONE',  ( -25.00000000000002132, 0.000000000000000000, -19.99999999999998934 ) ) ;
#3544 = CARTESIAN_POINT ( 'NONE',  ( -6.379184486593065806, 68.33537494897173303, 29.70878237931318111 ) ) ;
#3545 = CARTESIAN_POINT ( 'NONE',  ( -50.00000000000000000, 50.00000000000000000, -39.00000000000000000 ) ) ;
#3546 = CARTESIAN_POINT ( 'NONE',  ( -3.709675836794101400, 68.72695955731906281, 29.77908330423467120 ) ) ;
#3547 = EDGE_CURVE ( 'NONE', #691, #2508, #217, .T. ) ;
#3548 = CARTESIAN_POINT ( 'NONE',  ( -74.54545454545454675, 42.41576232195848206, -47.00000000000000000 ) ) ;
#3549 = CARTESIAN_POINT ( 'NONE',  ( 21.07417808142086812, 39.00000000000000711, -20.00000000000000000 ) ) ;
#3550 = DIRECTION ( 'NONE',  ( -0.000000000000000000, 0.000000000000000000, 1.000000000000000000 ) ) ;
#3551 = EDGE_CURVE ( 'NONE', #2198, #3647, #1155, .T. ) ;
#3552 = DIRECTION ( 'NONE',  ( 0.000000000000000000, 0.000000000000000000, -1.000000000000000000 ) ) ;
#3553 = ORIENTED_EDGE ( 'NONE', *, *, #2335, .T. ) ;
#3554 = VERTEX_POINT ( 'NONE', #1919 ) ;
#3555 = ORIENTED_EDGE ( 'NONE', *, *, #273, .T. ) ;
#3556 = DIRECTION ( 'NONE',  ( -0.000000000000000000, -1.000000000000000000, -0.000000000000000000 ) ) ;
#3557 = CARTESIAN_POINT ( 'NONE',  ( -18.20154764623771371, 70.00000000000001421, -27.27129472197911753 ) ) ;
#3558 = CARTESIAN_POINT ( 'NONE',  ( 0.000000000000000000, 0.000000000000000000, 0.000000000000000000 ) ) ;
#3559 = EDGE_CURVE ( 'NONE', #2579, #2795, #99, .T. ) ;
#3560 = CARTESIAN_POINT ( 'NONE',  ( -27.99999999999999645, 50.00000000000000000, -39.00000000000000000 ) ) ;
#3561 = CARTESIAN_POINT ( 'NONE',  ( -50.00000000000000000, 70.00000000000000000, -26.99999999999999645 ) ) ;
#3562 = DIRECTION ( 'NONE',  ( 8.659560562354889717E-17, 0.7071067811865512365, -0.7071067811865439090 ) ) ;
#3563 = DIRECTION ( 'NONE',  ( 1.000000000000000000, 0.000000000000000000, -0.000000000000000000 ) ) ;
#3564 = DIRECTION ( 'NONE',  ( 1.000000000000000000, 0.000000000000000000, 0.000000000000000000 ) ) ;
#3565 = FACE_OUTER_BOUND ( 'NONE', #127, .T. ) ;
#3566 = CARTESIAN_POINT ( 'NONE',  ( 34.99999999999999289, 8.000000000000000000, -25.00000000000000000 ) ) ;
#3567 = ORIENTED_EDGE ( 'NONE', *, *, #673, .F. ) ;
#3568 = VECTOR ( 'NONE', #541, 1000.000000000000000 ) ;
#3569 = ORIENTED_EDGE ( 'NONE', *, *, #2562, .F. ) ;
#3570 = EDGE_CURVE ( 'NONE', #422, #3088, #522, .T. ) ;
#3571 = CARTESIAN_POINT ( 'NONE',  ( -50.00000000000000000, 50.00000000000000000, -37.00000000000000000 ) ) ;
#3572 = AXIS2_PLACEMENT_3D ( 'NONE', #2183, #1878, #2988 ) ;
#3573 = STYLED_ITEM ( 'NONE', ( #1243 ), #1879 ) ;
#3574 = CARTESIAN_POINT ( 'NONE',  ( -25.00000000000002132, 0.000000000000000000, -24.99999999999999289 ) ) ;
#3575 = CARTESIAN_POINT ( 'NONE',  ( -50.00000000000000000, 50.00000000000000000, -32.00000000000000000 ) ) ;
#3576 = DIRECTION ( 'NONE',  ( -0.000000000000000000, -0.000000000000000000, -1.000000000000000000 ) ) ;
#3577 = AXIS2_PLACEMENT_3D ( 'NONE', #2317, #1812, #2676 ) ;
#3578 = DIRECTION ( 'NONE',  ( 0.000000000000000000, 1.000000000000000000, 0.000000000000000000 ) ) ;
#3579 = DIRECTION ( 'NONE',  ( 1.000000000000000000, 0.000000000000000000, 0.000000000000000000 ) ) ;
#3580 = DIRECTION ( 'NONE',  ( 0.000000000000000000, -0.000000000000000000, 1.000000000000000000 ) ) ;
#3581 = CARTESIAN_POINT ( 'NONE',  ( -72.00000000000001421, 50.00000000000000000, -47.00000000000000000 ) ) ;
#3582 = AXIS2_PLACEMENT_3D ( 'NONE', #2288, #1207, #818 ) ;
#3583 = CARTESIAN_POINT ( 'NONE',  ( -67.67766952966331928, 67.67766952966405825, 55.00000000000000000 ) ) ;
#3584 = EDGE_CURVE ( 'NONE', #3199, #2931, #192, .T. ) ;
#3585 = VECTOR ( 'NONE', #811, 1000.000000000000000 ) ;
#3586 = AXIS2_PLACEMENT_3D ( 'NONE', #2596, #389, #2315 ) ;
#3587 = DIRECTION ( 'NONE',  ( 0.000000000000000000, 1.000000000000000000, 0.000000000000000000 ) ) ;
#3588 = ORIENTED_EDGE ( 'NONE', *, *, #2726, .T. ) ;
#3589 = EDGE_LOOP ( 'NONE', ( #1806, #2271, #1934, #492 ) ) ;
#3590 = AXIS2_PLACEMENT_3D ( 'NONE', #10, #1992, #3069 ) ;
#3591 = ORIENTED_EDGE ( 'NONE', *, *, #724, .T. ) ;
#3592 = FACE_OUTER_BOUND ( 'NONE', #1348, .T. ) ;
#3593 = VECTOR ( 'NONE', #744, 1000.000000000000000 ) ;
#3594 = CARTESIAN_POINT ( 'NONE',  ( -10.34196738561081119, 69.07536773909203021, -29.17424662958454107 ) ) ;
#3595 = ORIENTED_EDGE ( 'NONE', *, *, #322, .F. ) ;
#3596 = AXIS2_PLACEMENT_3D ( 'NONE', #26, #3153, #2075 ) ;
#3597 = DIRECTION ( 'NONE',  ( -1.000000000000000000, 0.000000000000000000, 0.000000000000000000 ) ) ;
#3598 = DIRECTION ( 'NONE',  ( -1.000000000000000000, 0.000000000000000000, 0.000000000000000000 ) ) ;
#3599 = CARTESIAN_POINT ( 'NONE',  ( -72.00000000000001421, 50.00000000000000000, -47.00000000000000000 ) ) ;
#3600 = CARTESIAN_POINT ( 'NONE',  ( -50.00000000000000000, 50.00000000000000000, 47.00000000000000000 ) ) ;
#3601 = CARTESIAN_POINT ( 'NONE',  ( 25.00000000000000000, 8.000000000000000000, -19.99999999999999645 ) ) ;
#3602 = ADVANCED_FACE ( 'NONE', ( #2512 ), #754, .T. ) ;
#3603 = CARTESIAN_POINT ( 'NONE',  ( -50.00000000000000000, 50.00000000000000000, -39.00000000000000000 ) ) ;
#3604 = CARTESIAN_POINT ( 'NONE',  ( -50.00000000000000000, 50.00000000000000000, 30.00000000000000000 ) ) ;
#3605 = ORIENTED_EDGE ( 'NONE', *, *, #1782, .T. ) ;
#3606 = EDGE_LOOP ( 'NONE', ( #2297, #3351, #320, #954 ) ) ;
#3607 = FACE_OUTER_BOUND ( 'NONE', #2354, .T. ) ;
#3608 = EDGE_CURVE ( 'NONE', #837, #2250, #2186, .T. ) ;
#3609 = DIRECTION ( 'NONE',  ( 0.000000000000000000, 0.000000000000000000, -1.000000000000000000 ) ) ;
#3610 = EDGE_LOOP ( 'NONE', ( #2488, #548 ) ) ;
#3611 = ORIENTED_EDGE ( 'NONE', *, *, #3009, .F. ) ;
#3612 = DIRECTION ( 'NONE',  ( -0.000000000000000000, -1.000000000000000000, -0.000000000000000000 ) ) ;
#3613 = DIRECTION ( 'NONE',  ( 1.000000000000000000, -0.000000000000000000, 1.224646799147353207E-16 ) ) ;
#3614 = DIRECTION ( 'NONE',  ( -0.000000000000000000, -1.000000000000000000, 0.000000000000000000 ) ) ;
#3615 = PLANE ( 'NONE',  #2086 ) ;
#3616 = CARTESIAN_POINT ( 'NONE',  ( -25.00000000000000711, 8.000000000000000000, 25.00000000000000711 ) ) ;
#3617 = DIRECTION ( 'NONE',  ( 0.000000000000000000, 0.000000000000000000, -1.000000000000000000 ) ) ;
#3618 = CARTESIAN_POINT ( 'NONE',  ( 0.000000000000000000, 39.00000000000000711, 0.000000000000000000 ) ) ;
#3619 = EDGE_LOOP ( 'NONE', ( #598, #2167, #2154, #2528 ) ) ;
#3620 = ORIENTED_EDGE ( 'NONE', *, *, #3019, .F. ) ;
#3621 = DIRECTION ( 'NONE',  ( 1.000000000000000000, 0.000000000000000000, 0.000000000000000000 ) ) ;
#3622 = CARTESIAN_POINT ( 'NONE',  ( -32.32233047033613360, 32.32233047033648177, 55.00000000000000000 ) ) ;
#3623 = FACE_OUTER_BOUND ( 'NONE', #861, .T. ) ;
#3624 = ORIENTED_EDGE ( 'NONE', *, *, #3530, .F. ) ;
#3625 = EDGE_LOOP ( 'NONE', ( #3379, #3050 ) ) ;
#3626 = AXIS2_PLACEMENT_3D ( 'NONE', #294, #1421, #1142 ) ;
#3627 = DIRECTION ( 'NONE',  ( -0.000000000000000000, -1.000000000000000000, -0.000000000000000000 ) ) ;
#3628 = EDGE_CURVE ( 'NONE', #2390, #188, #825, .T. ) ;
#3629 = CARTESIAN_POINT ( 'NONE',  ( -32.32233047033613360, 32.32233047033648177, 47.00000000000000000 ) ) ;
#3630 = AXIS2_PLACEMENT_3D ( 'NONE', #1059, #1665, #3094 ) ;
#3631 = DIRECTION ( 'NONE',  ( 0.000000000000000000, 0.000000000000000000, -1.000000000000000000 ) ) ;
#3632 = CIRCLE ( 'NONE', #904, 20.00000000000000711 ) ;
#3633 = CARTESIAN_POINT ( 'NONE',  ( -54.77272727272728758, 35.77955435367213255, -39.00000000000000000 ) ) ;
#3634 = DIRECTION ( 'NONE',  ( -1.000000000000000000, 0.000000000000000000, 0.000000000000000000 ) ) ;
#3635 = DIRECTION ( 'NONE',  ( -0.000000000000000000, 0.000000000000000000, 1.000000000000000000 ) ) ;
#3636 = EDGE_CURVE ( 'NONE', #2878, #593, #1925, .T. ) ;
#3637 = CARTESIAN_POINT ( 'NONE',  ( 0.000000000000000000, 11.00000000000000000, 0.000000000000000000 ) ) ;
#3638 = CIRCLE ( 'NONE', #2447, 7.999999999999986677 ) ;
#3639 = ORIENTED_EDGE ( 'NONE', *, *, #2319, .F. ) ;
#3640 = ORIENTED_EDGE ( 'NONE', *, *, #3231, .T. ) ;
#3641 = VECTOR ( 'NONE', #1084, 1000.000000000000000 ) ;
#3642 = CARTESIAN_POINT ( 'NONE',  ( -50.00000000000000000, 50.00000000000000000, 20.00000000000000355 ) ) ;
#3643 = CARTESIAN_POINT ( 'NONE',  ( 0.000000000000000000, 0.000000000000000000, -30.00000000000000000 ) ) ;
#3644 = CYLINDRICAL_SURFACE ( 'NONE', #1514, 7.999999999999743316 ) ;
#3645 = CONICAL_SURFACE ( 'NONE', #3350, 12.50000000000000000, 0.7853981633974536081 ) ;
#3646 = ADVANCED_FACE ( 'NONE', ( #1660 ), #1340, .F. ) ;
#3647 = VERTEX_POINT ( 'NONE', #2783 ) ;
#3648 = VERTEX_POINT ( 'NONE', #2993 ) ;
#3649 = FACE_OUTER_BOUND ( 'NONE', #2034, .T. ) ;
#3650 = DIRECTION ( 'NONE',  ( -0.000000000000000000, -0.000000000000000000, -1.000000000000000000 ) ) ;
#3651 = AXIS2_PLACEMENT_3D ( 'NONE', #2916, #3485, #3220 ) ;
#3652 = AXIS2_PLACEMENT_3D ( 'NONE', #831, #1964, #3398 ) ;
#3653 = VECTOR ( 'NONE', #2475, 1000.000000000000000 ) ;
#3654 = FACE_OUTER_BOUND ( 'NONE', #3380, .T. ) ;
#3655 = AXIS2_PLACEMENT_3D ( 'NONE', #2132, #2782, #807 ) ;
#3656 = CARTESIAN_POINT ( 'NONE',  ( -50.00000000000000000, 50.00000000000000000, 55.00000000000000000 ) ) ;
#3657 = AXIS2_PLACEMENT_3D ( 'NONE', #198, #3285, #2666 ) ;
#3658 = CARTESIAN_POINT ( 'NONE',  ( -25.45454545454545325, 42.41576232195848206, -39.00000000000000000 ) ) ;
#3659 = DIRECTION ( 'NONE',  ( -1.000000000000000000, 0.000000000000000000, 0.000000000000000000 ) ) ;
#3660 = ORIENTED_EDGE ( 'NONE', *, *, #3551, .F. ) ;
#3661 = VERTEX_POINT ( 'NONE', #1624 ) ;
#3662 = ADVANCED_FACE ( 'NONE', ( #469 ), #454, .F. ) ;
#3663 = PLANE ( 'NONE',  #2394 ) ;
#3664 = ORIENTED_EDGE ( 'NONE', *, *, #557, .T. ) ;
#3665 = VERTEX_POINT ( 'NONE', #785 ) ;
#3666 = ORIENTED_EDGE ( 'NONE', *, *, #2364, .T. ) ;
#3667 = FILL_AREA_STYLE ('',( #3103 ) ) ;
ENDSEC;
END-ISO-10303-21;
