ISO-10303-21;
HEADER;
FILE_DESCRIPTION (( 'STEP AP203' ),
    '1' );
FILE_NAME ('PP18.5A.STEP',
    '2026-10-04T01:07:23',
    ( '' ),
    ( '' ),
    'SwSTEP 2.0',
    'SolidWorks 2024',
    '' );
FILE_SCHEMA (( 'CONFIG_CONTROL_DESIGN' ));
ENDSEC;

DATA;
#1 = CARTESIAN_POINT ( 'NONE',  ( 22.40868775285147763, 60.88910916580842780, 12.62062152053963615 ) ) ;
#2 = CARTESIAN_POINT ( 'NONE',  ( 15.81234677544923706, 51.56712247657596748, 21.26545959875114278 ) ) ;
#3 = CARTESIAN_POINT ( 'NONE',  ( 18.39168075182881879, 34.60893826633517278, 31.09812310972911575 ) ) ;
#4 = CARTESIAN_POINT ( 'NONE',  ( 7.285408556252337853, 59.78243522287610290, 24.92536154454732156 ) ) ;
#5 = CARTESIAN_POINT ( 'NONE',  ( -33.58827921314225051, 39.00000000000000000, -33.58827921314215104 ) ) ;
#6 = CARTESIAN_POINT ( 'NONE',  ( -1.596188411711688016, 50.67131688355474495, 26.45196337880675230 ) ) ;
#7 = CARTESIAN_POINT ( 'NONE',  ( -15.12064405967119818, 52.76521456265371057, 33.34063428047188182 ) ) ;
#8 = CARTESIAN_POINT ( 'NONE',  ( 14.71329753681396646, 64.67549949444155288, 19.55108189571298993 ) ) ;
#9 = CARTESIAN_POINT ( 'NONE',  ( -7.638965345786889571, 83.45880149496021261, 15.46697746262789863 ) ) ;
#10 = ADVANCED_FACE ( 'NONE', ( #570 ), #2856, .F. ) ;
#11 = EDGE_LOOP ( 'NONE', ( #1029, #3179, #3948 ) ) ;
#12 = CARTESIAN_POINT ( 'NONE',  ( -15.97107409222084762, 59.00375616620899422, 37.58155736808534897 ) ) ;
#13 = CARTESIAN_POINT ( 'NONE',  ( -32.68804903173329279, 54.83861662340049747, 12.65892382396009808 ) ) ;
#14 = VERTEX_POINT ( 'NONE', #237 ) ;
#15 = CARTESIAN_POINT ( 'NONE',  ( 24.31818980583179979, 60.13571066996379955, 46.74516545192909689 ) ) ;
#16 = CARTESIAN_POINT ( 'NONE',  ( 33.18820627741404650, 57.92217350522300023, 10.48678721618921905 ) ) ;
#17 = CARTESIAN_POINT ( 'NONE',  ( 7.975149478212389731, 32.89915864970050308, 31.65883220298999845 ) ) ;
#18 = CARTESIAN_POINT ( 'NONE',  ( 29.67991448537516064, 41.21335947574119274, 13.73330700041381647 ) ) ;
#19 = LOCAL_TIME ( 9, 7, 23.00000000000000000, #93 ) ;
#20 = CARTESIAN_POINT ( 'NONE',  ( -12.05862256217057293, 73.71811751021219550, 24.36852843178963113 ) ) ;
#21 = DIRECTION ( 'NONE',  ( 0.000000000000000000, -1.000000000000000000, 0.000000000000000000 ) ) ;
#22 = CARTESIAN_POINT ( 'NONE',  ( -7.160689856641588413, 32.01965622701258951, 35.92885532332618226 ) ) ;
#23 = PLANE ( 'NONE',  #2146 ) ;
#24 = VERTEX_POINT ( 'NONE', #3664 ) ;
#25 = CARTESIAN_POINT ( 'NONE',  ( 17.29245602037121898, 81.88705385310466056, 2.677773389505079926 ) ) ;
#26 = CYLINDRICAL_SURFACE ( 'NONE', #4618, 10.00000000000000000 ) ;
#27 = CARTESIAN_POINT ( 'NONE',  ( -10.22108261593184153, 29.72348044250632526, 30.85168773213166915 ) ) ;
#28 = CARTESIAN_POINT ( 'NONE',  ( 19.46978324531993820, 64.74346648321198927, 14.78065881304202733 ) ) ;
#29 = AXIS2_PLACEMENT_3D ( 'NONE', #923, #2822, #2061 ) ;
#30 = CARTESIAN_POINT ( 'NONE',  ( 19.38263516318979285, 33.10473441208635137, 30.80594340780051255 ) ) ;
#31 = CARTESIAN_POINT ( 'NONE',  ( -3.153845419495946878, 29.51034746962564981, 37.20040738470070352 ) ) ;
#32 = DIRECTION ( 'NONE',  ( 0.000000000000000000, 1.000000000000000000, 0.000000000000000000 ) ) ;
#33 = PLANE ( 'NONE',  #758 ) ;
#34 = CARTESIAN_POINT ( 'NONE',  ( 17.11691850237449231, 83.07962154650334696, 5.888541733860215288 ) ) ;
#35 = CARTESIAN_POINT ( 'NONE',  ( -15.09265685615168451, 52.68112348153167090, 33.23784738610423517 ) ) ;
#36 = CARTESIAN_POINT ( 'NONE',  ( 12.44577935716748662, 59.06344621370847392, 22.94663559971315436 ) ) ;
#37 = CARTESIAN_POINT ( 'NONE',  ( 8.761946700471430205, 81.82659853882140055, 31.72981583560649455 ) ) ;
#38 = ORIENTED_EDGE ( 'NONE', *, *, #3809, .T. ) ;
#39 = CARTESIAN_POINT ( 'NONE',  ( -22.08850857428480907, 50.73370557003141812, 14.64062278949747586 ) ) ;
#40 = MANIFOLD_SOLID_BREP ( 'NONE', #5001 ) ;
#41 = CARTESIAN_POINT ( 'NONE',  ( 13.64021061237959920, 31.40278411887729959, 29.49966993476614974 ) ) ;
#42 = ORIENTED_EDGE ( 'NONE', *, *, #1359, .T. ) ;
#43 = CARTESIAN_POINT ( 'NONE',  ( 15.82825187090080021, 60.34783327611820170, 50.15427419019319899 ) ) ;
#44 = CARTESIAN_POINT ( 'NONE',  ( 32.42601310790764302, 61.79700588008069673, 10.42546139742955980 ) ) ;
#45 = CARTESIAN_POINT ( 'NONE',  ( -26.68957406187205095, 71.43236558104602807, 7.566556068046456751 ) ) ;
#46 = CARTESIAN_POINT ( 'NONE',  ( 12.53483919213373809, 57.62204004495525567, 23.14144090993190161 ) ) ;
#47 = AXIS2_PLACEMENT_3D ( 'NONE', #1252, #2425, #2041 ) ;
#48 = CARTESIAN_POINT ( 'NONE',  ( -9.234058583678658394, 83.15692527034399006, 12.24872334082109937 ) ) ;
#49 = DIRECTION ( 'NONE',  ( 0.000000000000000000, 0.000000000000000000, -1.000000000000000000 ) ) ;
#50 = VECTOR ( 'NONE', #4275, 1000.000000000000000 ) ;
#51 = CARTESIAN_POINT ( 'NONE',  ( -7.917809729461202650, 83.10805958369307689, 16.20821542597884957 ) ) ;
#52 = CARTESIAN_POINT ( 'NONE',  ( -15.18126852826944884, 63.05263157894739834, 70.00000000000000000 ) ) ;
#53 = ORIENTED_EDGE ( 'NONE', *, *, #2617, .T. ) ;
#54 = CARTESIAN_POINT ( 'NONE',  ( 4.185742329279568352, 86.73055195814960427, 0.4333302749202819770 ) ) ;
#55 = CARTESIAN_POINT ( 'NONE',  ( -14.85352052876863027, 46.02797688198685933, 29.03183624877218350 ) ) ;
#56 = CARTESIAN_POINT ( 'NONE',  ( 7.944429056470170281, 27.12671014039420925, 31.51407933580894394 ) ) ;
#57 = LINE ( 'NONE', #3159, #1255 ) ;
#58 = CARTESIAN_POINT ( 'NONE',  ( 20.37101410844727667, 31.99080942988898713, 30.45789706041573908 ) ) ;
#59 = CARTESIAN_POINT ( 'NONE',  ( -4.621819076181923336, 30.13212714906825340, 36.85360004205045925 ) ) ;
#60 = DIRECTION ( 'NONE',  ( -0.6567583249768280673, 0.6731415555821190777, -0.3399249163008150609 ) ) ;
#61 = CARTESIAN_POINT ( 'NONE',  ( 28.28427124746194821, 77.00000000000000000, 35.35533905932734910 ) ) ;
#62 = CARTESIAN_POINT ( 'NONE',  ( 12.58054764071608567, 84.96069992063182497, 4.017783434475552085 ) ) ;
#63 = CARTESIAN_POINT ( 'NONE',  ( -15.00601212206746382, 52.42078845529032094, 32.91514470489727984 ) ) ;
#64 = EDGE_CURVE ( 'NONE', #711, #3017, #249, .T. ) ;
#65 = DIRECTION ( 'NONE',  ( 1.000000000000000000, 0.000000000000000000, 0.000000000000000000 ) ) ;
#66 = COORDINATED_UNIVERSAL_TIME_OFFSET ( 8, 0, .AHEAD. ) ;
#67 = EDGE_LOOP ( 'NONE', ( #1903, #4640, #833, #3604 ) ) ;
#68 = CARTESIAN_POINT ( 'NONE',  ( 15.18126852826944884, 63.05263157894739834, -47.50100000000000477 ) ) ;
#69 = CARTESIAN_POINT ( 'NONE',  ( -21.40399980311040196, 47.25228150969709873, 29.27972351624164915 ) ) ;
#70 = EDGE_LOOP ( 'NONE', ( #1764, #1573, #1006, #935 ) ) ;
#71 = CARTESIAN_POINT ( 'NONE',  ( 15.18126852826944884, 52.94736842105259456, 48.10420699215579532 ) ) ;
#72 = CARTESIAN_POINT ( 'NONE',  ( -3.889047413598046621, 86.40465111114571073, 4.818577962849843743 ) ) ;
#73 = CARTESIAN_POINT ( 'NONE',  ( -16.62106707440276310, 77.52815837447059266, 15.80302365635819939 ) ) ;
#74 = CARTESIAN_POINT ( 'NONE',  ( 12.58814814504460600, 57.28155963244094551, 23.15470609086501952 ) ) ;
#75 = CARTESIAN_POINT ( 'NONE',  ( -4.746633947040140633, 85.82976446209295318, 7.288595327657299450 ) ) ;
#76 = AXIS2_PLACEMENT_3D ( 'NONE', #4486, #2224, #1453 ) ;
#77 = CARTESIAN_POINT ( 'NONE',  ( -2.936436998654580854, 86.55914951454796835, 5.455035506284588109 ) ) ;
#78 = DIRECTION ( 'NONE',  ( -0.9238795325112860723, 0.000000000000000000, 0.3826834323650913916 ) ) ;
#79 = EDGE_LOOP ( 'NONE', ( #4131, #3500, #134, #4453, #2547, #398, #2281 ) ) ;
#80 = CARTESIAN_POINT ( 'NONE',  ( -9.488292830168399306, 80.15789473684209554, -47.50100000000000477 ) ) ;
#81 = CARTESIAN_POINT ( 'NONE',  ( 7.122176924481312454, 84.01960697896120678, 25.79168149375401597 ) ) ;
#82 = EDGE_LOOP ( 'NONE', ( #1815, #1396, #1947, #3709, #3530, #3638, #433, #424 ) ) ;
#83 = EDGE_CURVE ( 'NONE', #4719, #463, #2846, .T. ) ;
#84 = CIRCLE ( 'NONE', #572, 5.000000000000001776 ) ;
#85 = CARTESIAN_POINT ( 'NONE',  ( -13.13203529163009975, 69.20981117068640742, 32.47036269007264764 ) ) ;
#86 = CARTESIAN_POINT ( 'NONE',  ( 22.21630953313480461, 61.34574619724030242, 12.72172441550791255 ) ) ;
#87 = CARTESIAN_POINT ( 'NONE',  ( -11.12746225966649938, 54.50000000000000000, 24.05056306325689874 ) ) ;
#88 = CARTESIAN_POINT ( 'NONE',  ( -3.228271697913636995, 29.53532919072119256, 37.18607698988795107 ) ) ;
#89 = DIRECTION ( 'NONE',  ( -0.7071067811865490160, 2.519732819579998137E-15, -0.7071067811865460184 ) ) ;
#90 = CARTESIAN_POINT ( 'NONE',  ( 11.70801852926419784, 85.24171430009221240, 3.698754177719744796 ) ) ;
#91 = CARTESIAN_POINT ( 'NONE',  ( -15.17685040982674849, 52.93409362723081557, 33.54431288903777642 ) ) ;
#92 = CARTESIAN_POINT ( 'NONE',  ( 12.45476870117850332, 59.45380176671122285, 22.86019661766941979 ) ) ;
#93 = COORDINATED_UNIVERSAL_TIME_OFFSET ( 8, 0, .AHEAD. ) ;
#94 = CARTESIAN_POINT ( 'NONE',  ( -22.20966791728474021, 50.85236543967155143, 14.45760552996273240 ) ) ;
#95 = CARTESIAN_POINT ( 'NONE',  ( -25.62654101542385021, 41.96140702729674388, 20.00597049012639772 ) ) ;
#96 = ORIENTED_EDGE ( 'NONE', *, *, #3963, .F. ) ;
#97 = CARTESIAN_POINT ( 'NONE',  ( -22.68817158330725903, 41.50302258523500853, 23.28047885162942521 ) ) ;
#98 = CARTESIAN_POINT ( 'NONE',  ( -17.49207614888673135, 77.45213082612586675, 14.95462231887545457 ) ) ;
#99 = CARTESIAN_POINT ( 'NONE',  ( 7.347912162775516620, 56.49580094044265621, 25.38262366996107033 ) ) ;
#100 = CARTESIAN_POINT ( 'NONE',  ( -12.12992160711319656, 74.48731922970355868, 23.21711855730063334 ) ) ;
#101 = CARTESIAN_POINT ( 'NONE',  ( -5.177107528722219243, 85.55638947405088857, 9.873469199335824342 ) ) ;
#102 = CARTESIAN_POINT ( 'NONE',  ( 27.29654501147670231, 31.49411085814827516, 17.87156213768372837 ) ) ;
#103 = VERTEX_POINT ( 'NONE', #2663 ) ;
#104 = CARTESIAN_POINT ( 'NONE',  ( 15.44422807816244436, 35.65913747301949854, 28.77658143629962595 ) ) ;
#105 = VECTOR ( 'NONE', #201, 1000.000000000000114 ) ;
#106 = CARTESIAN_POINT ( 'NONE',  ( 5.877013529909971723, 85.09078406385022220, 21.28254769274596470 ) ) ;
#107 = ORIENTED_EDGE ( 'NONE', *, *, #1500, .F. ) ;
#108 = CARTESIAN_POINT ( 'NONE',  ( -30.63902958204166183, 48.59078392412519776, 18.79361233934818642 ) ) ;
#109 = CARTESIAN_POINT ( 'NONE',  ( -12.87425610312626034, 69.98434123893589742, 31.32881066646175228 ) ) ;
#110 = CARTESIAN_POINT ( 'NONE',  ( 8.010160831595230846, 27.18562633468572187, 31.49743597293158004 ) ) ;
#111 = VECTOR ( 'NONE', #4305, 1000.000000000000114 ) ;
#112 = CARTESIAN_POINT ( 'NONE',  ( 29.68284422951265356, 30.54704028832226470, 22.12450703254611284 ) ) ;
#113 = CARTESIAN_POINT ( 'NONE',  ( 21.82305576195490460, 30.75396709647002780, 29.83328160998598833 ) ) ;
#114 = CARTESIAN_POINT ( 'NONE',  ( -4.839979391311414858, 30.24909223465601826, 36.79057232125482102 ) ) ;
#115 = FACE_OUTER_BOUND ( 'NONE', #1251, .T. ) ;
#116 = CC_DESIGN_PERSON_AND_ORGANIZATION_ASSIGNMENT ( #498, #2030, ( #4470 ) ) ;
#117 = CARTESIAN_POINT ( 'NONE',  ( 9.992980692761060268, 85.74355805626446170, 3.092910585323267902 ) ) ;
#118 = DIRECTION ( 'NONE',  ( 0.7071067811865441310, 0.000000000000000000, 0.7071067811865509034 ) ) ;
#119 = DIRECTION ( 'NONE',  ( 0.03956004905748679301, 0.9800609110491838027, -0.1947193188977749678 ) ) ;
#120 = CARTESIAN_POINT ( 'NONE',  ( -23.22284442548382444, 52.28793777502529849, 12.76517720881990670 ) ) ;
#121 = CARTESIAN_POINT ( 'NONE',  ( -30.75356352474219079, 54.14281434678826344, 10.79835617503281675 ) ) ;
#122 = ORIENTED_EDGE ( 'NONE', *, *, #2774, .T. ) ;
#123 = CARTESIAN_POINT ( 'NONE',  ( -7.430137364638174091, 84.66738452229780876, 9.537926925406349454 ) ) ;
#124 = CARTESIAN_POINT ( 'NONE',  ( -13.78202700469579689, 77.27000096271211760, 18.71918532929527856 ) ) ;
#125 = EDGE_CURVE ( 'NONE', #4082, #1418, #777, .T. ) ;
#126 = CARTESIAN_POINT ( 'NONE',  ( 31.83749562994684368, 57.44307750823797676, 6.014441856803403930 ) ) ;
#127 = CARTESIAN_POINT ( 'NONE',  ( -7.103121987476489707, 84.04378866951189764, 14.13314231631889939 ) ) ;
#128 = B_SPLINE_CURVE_WITH_KNOTS ( 'NONE', 3,
 ( #1567, #812, #1138, #4273 ),
 .UNSPECIFIED., .F., .F.,
 ( 4, 4 ),
 ( 0.000000000000000000, 1.000000000000000000 ),
 .UNSPECIFIED. ) ;
#129 = CARTESIAN_POINT ( 'NONE',  ( -2.200407493333758069, 86.75711135344619152, 4.065912420387544302 ) ) ;
#130 = CARTESIAN_POINT ( 'NONE',  ( 28.29527021355495009, 27.82434456078065210, 15.99598056588470030 ) ) ;
#131 = ORIENTED_EDGE ( 'NONE', *, *, #529, .T. ) ;
#132 = CARTESIAN_POINT ( 'NONE',  ( -12.40300596451341875, 71.82814896082798839, 27.78743604142944790 ) ) ;
#133 = CARTESIAN_POINT ( 'NONE',  ( 2.779828928556361767, 86.60860237078372847, 10.06665136213669420 ) ) ;
#134 = ORIENTED_EDGE ( 'NONE', *, *, #2859, .T. ) ;
#135 = CIRCLE ( 'NONE', #4233, 5.000000000000001776 ) ;
#136 = CARTESIAN_POINT ( 'NONE',  ( -31.49675439628093443, 50.04408900975348473, 16.71644289439653619 ) ) ;
#137 = CYLINDRICAL_SURFACE ( 'NONE', #1220, 10.00000000000000000 ) ;
#138 = CARTESIAN_POINT ( 'NONE',  ( -8.769784281713558727, 27.92546319311706782, 31.29468852147939018 ) ) ;
#139 = CARTESIAN_POINT ( 'NONE',  ( 29.41718554512253192, 30.22299182280637098, 22.63198240133966266 ) ) ;
#140 = CARTESIAN_POINT ( 'NONE',  ( 22.82090395279204387, 30.11519372291166263, 29.31093808005951118 ) ) ;
#141 = CARTESIAN_POINT ( 'NONE',  ( -6.618964459627665775, 31.49964487542147751, 36.16278313259704191 ) ) ;
#142 = CARTESIAN_POINT ( 'NONE',  ( 17.58705734630049733, 80.15789473684209554, 31.00552975049194870 ) ) ;
#143 = CARTESIAN_POINT ( 'NONE',  ( 0.000000000000000000, 87.00000000000000000, 0.000000000000000000 ) ) ;
#144 = CARTESIAN_POINT ( 'NONE',  ( 3.944480943838381659, 51.62099059139985968, 26.20479993832220700 ) ) ;
#145 = DATE_AND_TIME ( #2081, #4310 ) ;
#146 = LINE ( 'NONE', #4691, #3117 ) ;
#147 = CARTESIAN_POINT ( 'NONE',  ( -26.38657588147615485, 46.37457870009381367, 19.02674729852851598 ) ) ;
#148 = ADVANCED_FACE ( 'NONE', ( #1076 ), #4845, .F. ) ;
#149 = CARTESIAN_POINT ( 'NONE',  ( -26.71351935856908355, 42.53119245742335153, 18.51177751250088122 ) ) ;
#150 = CARTESIAN_POINT ( 'NONE',  ( -0.1978621146928555841, 28.99976722896365544, 32.50004655437506074 ) ) ;
#151 = CARTESIAN_POINT ( 'NONE',  ( 21.90532295598009682, 80.15789473684209554, 8.486850551788510444 ) ) ;
#152 = CARTESIAN_POINT ( 'NONE',  ( -7.664594893150923127, 83.42503801125346286, 15.53650665330495073 ) ) ;
#153 = CARTESIAN_POINT ( 'NONE',  ( 29.98351201410990186, 34.26315789473684958, 12.53949788866079906 ) ) ;
#154 = ORIENTED_EDGE ( 'NONE', *, *, #3158, .F. ) ;
#155 = CARTESIAN_POINT ( 'NONE',  ( -14.72487538341617075, 64.94030598132913212, 36.31271946416636354 ) ) ;
#156 = CARTESIAN_POINT ( 'NONE',  ( 1.836410314678428080, 86.83017056471754813, 6.650049607341194324 ) ) ;
#157 = EDGE_CURVE ( 'NONE', #4962, #4116, #2666, .T. ) ;
#158 = ORIENTED_EDGE ( 'NONE', *, *, #2859, .F. ) ;
#159 = CARTESIAN_POINT ( 'NONE',  ( -29.23339488496334226, 47.28949738606748099, 21.42306112807518659 ) ) ;
#160 = FACE_OUTER_BOUND ( 'NONE', #1691, .T. ) ;
#161 = EDGE_LOOP ( 'NONE', ( #2386, #4461, #154, #4348, #3687 ) ) ;
#162 = CARTESIAN_POINT ( 'NONE',  ( 29.98351201410990186, 34.26315789473684958, 12.53949788866079906 ) ) ;
#163 = CARTESIAN_POINT ( 'NONE',  ( 30.42761303726936006, 31.91344835570021488, 20.44955605006313704 ) ) ;
#164 = CARTESIAN_POINT ( 'NONE',  ( 27.42615157209144883, 29.08999406774862351, 25.53076407194580355 ) ) ;
#165 = CARTESIAN_POINT ( 'NONE',  ( 5.344551486270831653, 30.54704028819665851, 36.63332939272222433 ) ) ;
#166 = CARTESIAN_POINT ( 'NONE',  ( 12.96281379553776247, 84.14792716470313394, 22.85311214802939972 ) ) ;
#167 = DIRECTION ( 'NONE',  ( -0.6916548014802289535, 0.2079116908177599810, 0.6916548014802219591 ) ) ;
#168 = CARTESIAN_POINT ( 'NONE',  ( 4.445141006740681355, 51.95924417487466940, 26.12452300783356307 ) ) ;
#169 =( BOUNDED_CURVE ( )  B_SPLINE_CURVE ( 3, ( #3843, #4615, #423, #2002 ),
 .UNSPECIFIED., .F., .T. ) 
 B_SPLINE_CURVE_WITH_KNOTS ( ( 4, 4 ),
 ( 0.000000000000000000, 0.3212885892648100206 ),
 .UNSPECIFIED. ) 
 CURVE ( )  GEOMETRIC_REPRESENTATION_ITEM ( )  RATIONAL_B_SPLINE_CURVE ( ( 1.000000000000000000, 0.9914162870737729394, 0.9914162870737729394, 1.000000000000000000 ) ) 
 REPRESENTATION_ITEM ( '' )  );
#170 = PERSON_AND_ORGANIZATION_ROLE ( 'design_owner' ) ;
#171 = CARTESIAN_POINT ( 'NONE',  ( -5.918860093254147081, 62.61200303022762625, 24.52496982241482470 ) ) ;
#172 = CARTESIAN_POINT ( 'NONE',  ( -20.17568129234334862, 45.93331154234899572, 25.53299942220434815 ) ) ;
#173 = CARTESIAN_POINT ( 'NONE',  ( -6.946091188515682191, 85.00389735406199065, 8.848960297066389202 ) ) ;
#174 = CARTESIAN_POINT ( 'NONE',  ( 1.704751624488290096, 29.13569681104392828, 32.47209391566020287 ) ) ;
#175 = ADVANCED_FACE ( 'NONE', ( #4851 ), #1397, .T. ) ;
#176 = LINE ( 'NONE', #582, #105 ) ;
#177 = CARTESIAN_POINT ( 'NONE',  ( -15.85110228659539011, 60.19733292111374112, 37.53772726573409102 ) ) ;
#178 = CARTESIAN_POINT ( 'NONE',  ( 28.76161860170925166, 28.92299043483835064, 15.13513206917655118 ) ) ;
#179 = ORIENTED_EDGE ( 'NONE', *, *, #592, .T. ) ;
#180 = CARTESIAN_POINT ( 'NONE',  ( 36.55300926153619656, 51.36842105263159652, 8.374217212733880089 ) ) ;
#181 = CARTESIAN_POINT ( 'NONE',  ( 1.520284693008150168, 86.88376824906490015, 5.505435992679259094 ) ) ;
#182 = ORIENTED_EDGE ( 'NONE', *, *, #4503, .F. ) ;
#183 = CARTESIAN_POINT ( 'NONE',  ( -31.45312887643283872, 49.94988582555770051, 16.83434461538834270 ) ) ;
#184 = FACE_OUTER_BOUND ( 'NONE', #3694, .T. ) ;
#185 = ORIENTED_EDGE ( 'NONE', *, *, #2137, .F. ) ;
#186 = ORIENTED_EDGE ( 'NONE', *, *, #3407, .F. ) ;
#187 = CARTESIAN_POINT ( 'NONE',  ( 30.49660478248991424, 32.08826824704145508, 20.27118057246546456 ) ) ;
#188 = B_SPLINE_CURVE_WITH_KNOTS ( 'NONE', 3,
 ( #2696, #2723, #1123, #3053, #4906, #2226, #4228, #669, #4160, #3786, #3764, #313, #769, #1866, #2646, #3406, #4930, #1476, #4182, #4954, #2669, #719, #335, #3428, #1499, #4578, #742, #360, #1909, #3453, #1635, #3181, #138, #2019, #852, #1690, #4282, #4706, #2429, #27, #2072, #795, #1258, #1201, #2047, #2808 ),
 .UNSPECIFIED., .F., .F.,
 ( 4, 2, 1, 2, 2, 2, 1, 2, 2, 2, 1, 1, 2, 2, 2, 1, 2, 2, 2, 1, 2, 2, 2, 2, 2, 4 ),
 ( 0.000000000000000000, 0.06250000000000002776, 0.09375000000000002776, 0.1093750000000000833, 0.1250000000000001110, 0.1875000000000005274, 0.2187500000000008049, 0.2343750000000010270, 0.2500000000000011657, 0.3125000000000012768, 0.3437500000000014433, 0.3593750000000014433, 0.3671875000000014433, 0.3750000000000014433, 0.4375000000000011102, 0.4687500000000011657, 0.4843750000000011102, 0.5000000000000011102, 0.5625000000000012212, 0.5937500000000015543, 0.6093750000000017764, 0.6250000000000021094, 0.6875000000000018874, 0.7500000000000016653, 0.8750000000000008882, 1.000000000000000000 ),
 .UNSPECIFIED. ) ;
#189 = APPROVAL_PERSON_ORGANIZATION ( #918, #4585, #4022 ) ;
#190 = CARTESIAN_POINT ( 'NONE',  ( 28.99578995832884587, 29.82758357014997230, 23.35953667625786068 ) ) ;
#191 = CARTESIAN_POINT ( 'NONE',  ( 7.230466826347931253, 32.08826827396147507, 35.89824527846300128 ) ) ;
#192 = AXIS2_PLACEMENT_3D ( 'NONE', #2277, #2380, #4608 ) ;
#193 = DIRECTION ( 'NONE',  ( 0.000000000000000000, 0.000000000000000000, -1.000000000000000000 ) ) ;
#194 = CARTESIAN_POINT ( 'NONE',  ( 5.585474676799040417, 52.99426681058313449, 25.90477356840281686 ) ) ;
#195 = AXIS2_PLACEMENT_3D ( 'NONE', #2917, #1828, #4840 ) ;
#196 = CARTESIAN_POINT ( 'NONE',  ( -6.952258877119643188, 60.81361184095998595, 24.78012801087472994 ) ) ;
#197 = CARTESIAN_POINT ( 'NONE',  ( -30.49262945170102057, 52.85721955589264098, 11.50185589767895955 ) ) ;
#198 = CARTESIAN_POINT ( 'NONE',  ( -0.6684387483223905857, 50.52209841059531215, 26.49359511717422677 ) ) ;
#199 = CARTESIAN_POINT ( 'NONE',  ( 6.055232788001756461, 30.97887541810408152, 32.05054974132697510 ) ) ;
#200 = AXIS2_PLACEMENT_3D ( 'NONE', #3274, #2164, #2188 ) ;
#201 = DIRECTION ( 'NONE',  ( 0.7071067811865489050, 0.000000000000000000, 0.7071067811865460184 ) ) ;
#202 = CARTESIAN_POINT ( 'NONE',  ( -15.80075305117966700, 55.43673948598664936, 35.61613466911253312 ) ) ;
#203 = CARTESIAN_POINT ( 'NONE',  ( 26.94485722890946278, 30.97887541810132106, 18.38146489678595685 ) ) ;
#204 = B_SPLINE_CURVE_WITH_KNOTS ( 'NONE', 3,
 ( #2183, #337, #1385, #4559, #4515, #4837, #3386, #3740, #627, #2252, #2941, #4887, #1103, #2206, #1824, #3716, #2647, #1458, #4161, #265, #2987, #4464, #3766, #3314, #2603, #2275, #4183, #3011, #292, #696, #3408, #1061, #1013, #720, #3808, #3787, #2558, #4094, #3335, #648, #314, #673, #4931, #1411, #2964, #243, #4491, #1125, #744, #3079, #4231, #390, #4605, #3103, #2699, #1501, #1938, #2672, #4955, #3481, #3055, #1550, #3833, #3456, #4580, #1888, #2298, #3431, #363, #2, #4631, #2326, #4207, #1911, #771, #1175, #3855, #1148, #4979, #2728, #1523, #445, #4238, #1130, #1970, #859, #1155, #3887, #2677, #1529, #3861, #2332, #1996, #3137, #778, #4211, #3944 ),
 .UNSPECIFIED., .F., .F.,
 ( 4, 2, 2, 2, 1, 1, 2, 2, 2, 2, 1, 1, 1, 1, 2, 2, 2, 2, 1, 1, 1, 2, 2, 2, 2, 1, 1, 1, 2, 2, 2, 2, 2, 1, 1, 1, 2, 2, 2, 2, 1, 1, 1, 2, 2, 2, 1, 2, 2, 1, 1, 2, 2, 2, 1, 1, 2, 2, 2, 4 ),
 ( 0.000000000000000000, 0.06249999999993670341, 0.09374999999990565880, 0.1093749999998903100, 0.1171874999998822470, 0.1210937499998778338, 0.1230468749998756550, 0.1249999999998734623, 0.1562499999998418765, 0.1718749999998260558, 0.1796874999998184508, 0.1835937499998144817, 0.1855468749998118450, 0.1865234374998105127, 0.1870117187498100964, 0.1874999999998097078, 0.2187499999997935818, 0.2343749999997850053, 0.2421874999997810363, 0.2460937499997790656, 0.2480468749997778721, 0.2490234374997776778, 0.2499999999997774558, 0.3124999999997925548, 0.3437499999998001043, 0.3593749999998034350, 0.3671874999998053224, 0.3710937499998060995, 0.3730468749998060440, 0.3749999999998059885, 0.4999999999998127054, 0.5624999999998158140, 0.5937499999998169242, 0.6093749999998175904, 0.6171874999998182565, 0.6210937499998181455, 0.6230468749998181455, 0.6249999999998180344, 0.6874999999998424594, 0.7187499999998544498, 0.7343749999998600009, 0.7421874999998627764, 0.7460937499998644418, 0.7480468749998654410, 0.7499999999998664402, 0.7812499999998748779, 0.7890624999998769873, 0.7910156249998777644, 0.7919921874998778755, 0.7929687499998780975, 0.7968749999998797628, 0.8124999999998859801, 0.8437499999998986366, 0.8593749999999051870, 0.8671874999999084066, 0.8710937499999099609, 0.8730468749999107381, 0.8749999999999115152, 0.9374999999999557021, 1.000000000000000000 ),
 .UNSPECIFIED. ) ;
#205 = DIRECTION ( 'NONE',  ( 0.000000000000000000, -1.000000000000000000, 0.000000000000000000 ) ) ;
#206 = FACE_OUTER_BOUND ( 'NONE', #4498, .T. ) ;
#207 = ORIENTED_EDGE ( 'NONE', *, *, #1868, .F. ) ;
#208 = CARTESIAN_POINT ( 'NONE',  ( -31.98912053340144368, 51.36465518586371104, 15.25581461587975518 ) ) ;
#209 = CARTESIAN_POINT ( 'NONE',  ( 31.81980515339470017, 39.00000000000000000, 31.81980515339460069 ) ) ;
#210 = ORIENTED_EDGE ( 'NONE', *, *, #361, .T. ) ;
#211 = FACE_OUTER_BOUND ( 'NONE', #4824, .T. ) ;
#212 = VERTEX_POINT ( 'NONE', #2195 ) ;
#213 = CARTESIAN_POINT ( 'NONE',  ( -15.41519867372930719, 62.87729782660250777, 37.32889100036366870 ) ) ;
#214 = CARTESIAN_POINT ( 'NONE',  ( 24.04947963005570699, 29.52028892990002618, 28.55177329101066164 ) ) ;
#215 = CARTESIAN_POINT ( 'NONE',  ( 8.064081581942712518, 33.08639967140402405, 35.49554753306122734 ) ) ;
#216 = CARTESIAN_POINT ( 'NONE',  ( 15.18126852826944884, 52.94736842105259456, 48.10420699215579532 ) ) ;
#217 = ORIENTED_EDGE ( 'NONE', *, *, #4952, .F. ) ;
#218 = ADVANCED_FACE ( 'NONE', ( #4876 ), #4129, .F. ) ;
#219 = CARTESIAN_POINT ( 'NONE',  ( 4.381907227432145113, 51.91300505371361851, 26.13523652671817032 ) ) ;
#220 = CARTESIAN_POINT ( 'NONE',  ( -5.452284724993795351, 63.15052661329799122, 24.44784149358320491 ) ) ;
#221 = DIRECTION ( 'NONE',  ( 0.000000000000000000, -1.000000000000000000, 0.000000000000000000 ) ) ;
#222 = AXIS2_PLACEMENT_3D ( 'NONE', #4791, #167, #3266 ) ;
#223 = EDGE_CURVE ( 'NONE', #643, #2243, #2315, .T. ) ;
#224 = CARTESIAN_POINT ( 'NONE',  ( -28.19478107440912851, 43.78782731682478158, 16.16783222315870105 ) ) ;
#225 = CARTESIAN_POINT ( 'NONE',  ( 4.986112671222258541, 30.28850160058887653, 32.20905766575297946 ) ) ;
#226 = CYLINDRICAL_SURFACE ( 'NONE', #1402, 16.00000000000000000 ) ;
#227 = CARTESIAN_POINT ( 'NONE',  ( -16.12312877800865252, 56.82182781872940325, 36.63566874917869853 ) ) ;
#228 = CARTESIAN_POINT ( 'NONE',  ( 22.75376429645649878, 23.99941808408575028, 23.20846177092149887 ) ) ;
#229 = CARTESIAN_POINT ( 'NONE',  ( -15.97151361715069484, 55.55867530131658327, 35.82709623278512368 ) ) ;
#230 = CARTESIAN_POINT ( 'NONE',  ( -15.94629100056233995, 56.62828255492576091, 36.60751860137338554 ) ) ;
#231 = ORIENTED_EDGE ( 'NONE', *, *, #2153, .F. ) ;
#232 = CARTESIAN_POINT ( 'NONE',  ( -14.86769756761871975, 51.77202240729099714, 32.10623810185134630 ) ) ;
#233 = CARTESIAN_POINT ( 'NONE',  ( 0.000000000000000000, 0.000000000000000000, -32.50000000000000000 ) ) ;
#234 = B_SPLINE_CURVE_WITH_KNOTS ( 'NONE', 3,
 ( #3805, #4159, #3356, #4858 ),
 .UNSPECIFIED., .F., .F.,
 ( 4, 4 ),
 ( 0.000000000000000000, 1.000000000000000000 ),
 .UNSPECIFIED. ) ;
#235 = ORIENTED_EDGE ( 'NONE', *, *, #388, .T. ) ;
#236 = CARTESIAN_POINT ( 'NONE',  ( -25.22998173222275042, 73.26902120100530169, 8.474094870635559218 ) ) ;
#237 = CARTESIAN_POINT ( 'NONE',  ( 44.19417382415934981, 58.00000000000000000, 54.80077554195740674 ) ) ;
#238 = CARTESIAN_POINT ( 'NONE',  ( -29.55664344282826050, 66.52943169235051357, 6.173435990614697388 ) ) ;
#239 = CARTESIAN_POINT ( 'NONE',  ( -14.50433794526057163, 50.00504489654753115, 30.64639053749253961 ) ) ;
#240 = CARTESIAN_POINT ( 'NONE',  ( 7.580167253048754716, 32.47764566094972594, 35.73468544400021329 ) ) ;
#241 = VECTOR ( 'NONE', #2552, 1000.000000000000000 ) ;
#242 = EDGE_LOOP ( 'NONE', ( #1684, #1328, #231, #3958 ) ) ;
#243 = CARTESIAN_POINT ( 'NONE',  ( 20.12690102208619436, 50.78349137761357923, 17.23826924202611011 ) ) ;
#244 = CARTESIAN_POINT ( 'NONE',  ( -5.337624705099067945, 63.26875781887529371, 24.43089663902805952 ) ) ;
#245 = DIRECTION ( 'NONE',  ( -0.2994707671453744613, 0.9431102279186808213, 0.1444311518355193558 ) ) ;
#246 = CARTESIAN_POINT ( 'NONE',  ( -28.83911049018827910, 44.61550271716903637, 14.98536396860022712 ) ) ;
#247 = CARTESIAN_POINT ( 'NONE',  ( 0.8488253863396232335, 29.02500659599310140, 32.49508277823800029 ) ) ;
#248 = CARTESIAN_POINT ( 'NONE',  ( -12.05202270302029177, 73.29473349909784474, 25.02159974074862703 ) ) ;
#249 = CIRCLE ( 'NONE', #3329, 26.50000000000000000 ) ;
#250 = ORIENTED_EDGE ( 'NONE', *, *, #1256, .T. ) ;
#251 = CARTESIAN_POINT ( 'NONE',  ( -15.67591104498194987, 61.97287073149590242, 37.58785547082580081 ) ) ;
#252 = CARTESIAN_POINT ( 'NONE',  ( 17.42702283652234740, 26.39518930921380147, 27.43832607480375074 ) ) ;
#253 = CARTESIAN_POINT ( 'NONE',  ( -15.53898514344314918, 62.46565105509900206, 37.45928775045540249 ) ) ;
#254 = CARTESIAN_POINT ( 'NONE',  ( -15.18126852826944884, 63.05263157894739834, 37.31786063423940192 ) ) ;
#255 = ORIENTED_EDGE ( 'NONE', *, *, #2670, .F. ) ;
#256 = CARTESIAN_POINT ( 'NONE',  ( -23.66164815583769609, 46.61978559724995108, 27.67376417494516616 ) ) ;
#257 = CARTESIAN_POINT ( 'NONE',  ( -14.72987133694024031, 51.57785971232399902, 31.84268133332025030 ) ) ;
#258 = EDGE_LOOP ( 'NONE', ( #1742, #278, #4102, #641, #2335, #1714 ) ) ;
#259 = CARTESIAN_POINT ( 'NONE',  ( 0.000000000000000000, 54.50000000000000000, 0.000000000000000000 ) ) ;
#260 = CARTESIAN_POINT ( 'NONE',  ( -9.488292830168399306, 35.84210526315790446, 70.00000000000000000 ) ) ;
#261 = CARTESIAN_POINT ( 'NONE',  ( -14.50747587482726964, 50.06706144568053674, 30.68355121209204484 ) ) ;
#262 = CARTESIAN_POINT ( 'NONE',  ( 5.858415700511738322, 30.89571065171006836, 36.45584125274253040 ) ) ;
#263 = ORIENTED_EDGE ( 'NONE', *, *, #2313, .F. ) ;
#264 = AXIS2_PLACEMENT_3D ( 'NONE', #4600, #3100, #794 ) ;
#265 = CARTESIAN_POINT ( 'NONE',  ( 21.79137417718226999, 52.19272642436486365, 15.07931856998775899 ) ) ;
#266 = CARTESIAN_POINT ( 'NONE',  ( 23.12632263421907197, 56.21240014572592969, 12.82540037386942089 ) ) ;
#267 = CARTESIAN_POINT ( 'NONE',  ( 16.11005101642982851, 82.47948686385115025, 4.134243958553073028 ) ) ;
#268 = CARTESIAN_POINT ( 'NONE',  ( 49.49747468305839959, 77.00000000000000000, 49.49747468305830722 ) ) ;
#269 = CIRCLE ( 'NONE', #347, 15.50000000000000888 ) ;
#270 = CARTESIAN_POINT ( 'NONE',  ( -11.21433123281311950, 31.40278411887869581, 30.50450207446390039 ) ) ;
#271 = FACE_OUTER_BOUND ( 'NONE', #2661, .T. ) ;
#272 = VERTEX_POINT ( 'NONE', #4195 ) ;
#273 = CARTESIAN_POINT ( 'NONE',  ( -15.60158192168890068, 54.42213686291560037, 35.01161105971829812 ) ) ;
#274 = CARTESIAN_POINT ( 'NONE',  ( 18.73990241320680639, 30.67929751501745272, 26.68333943300850564 ) ) ;
#275 = FACE_OUTER_BOUND ( 'NONE', #2150, .T. ) ;
#276 = CARTESIAN_POINT ( 'NONE',  ( -15.99159446023422326, 57.48106389638163449, 37.03772116556443450 ) ) ;
#277 = CIRCLE ( 'NONE', #3762, 5.000000000000000000 ) ;
#278 = ORIENTED_EDGE ( 'NONE', *, *, #2720, .T. ) ;
#279 = CARTESIAN_POINT ( 'NONE',  ( -26.76337624267513249, 46.44608134755299744, 24.75392394284270026 ) ) ;
#280 = AXIS2_PLACEMENT_3D ( 'NONE', #4919, #3703, #2141 ) ;
#281 = DIRECTION ( 'NONE',  ( 0.7071067811865490160, 0.000000000000000000, 0.7071067811865460184 ) ) ;
#282 = ORIENTED_EDGE ( 'NONE', *, *, #1395, .T. ) ;
#283 = CARTESIAN_POINT ( 'NONE',  ( -8.733609249751580705, 73.64237576791978768, 24.85823683130015027 ) ) ;
#284 = CARTESIAN_POINT ( 'NONE',  ( 14.69577251129787854, 29.56197002404462992, 28.98786640012797022 ) ) ;
#285 = EDGE_CURVE ( 'NONE', #3305, #4987, #2675, .T. ) ;
#286 = CARTESIAN_POINT ( 'NONE',  ( 33.19839116048835592, 52.94736842105259456, 11.72883531378175981 ) ) ;
#287 = LINE ( 'NONE', #4458, #1644 ) ;
#288 = CARTESIAN_POINT ( 'NONE',  ( 8.786146673626364034, 34.22406201693837602, 35.10788908150661314 ) ) ;
#289 = ORIENTED_EDGE ( 'NONE', *, *, #2785, .T. ) ;
#290 = EDGE_CURVE ( 'NONE', #3113, #3414, #128, .T. ) ;
#291 = CIRCLE ( 'NONE', #3358, 5.000000000000000000 ) ;
#292 = CARTESIAN_POINT ( 'NONE',  ( 21.44130348958000454, 51.75189500018228017, 15.57317295950656444 ) ) ;
#293 = VECTOR ( 'NONE', #4452, 1000.000000000000000 ) ;
#294 = CARTESIAN_POINT ( 'NONE',  ( 6.921208007627139835, 60.88910916567319731, 24.76946212750986476 ) ) ;
#295 = CARTESIAN_POINT ( 'NONE',  ( 8.475420182173209582, 86.09619621893850194, 2.589224655901659400 ) ) ;
#296 = CARTESIAN_POINT ( 'NONE',  ( -32.82329888108949945, 56.09233158979590428, 12.09733568480296029 ) ) ;
#297 = CARTESIAN_POINT ( 'NONE',  ( -8.882970643986141113, 34.33711698227951814, 31.42593088713620020 ) ) ;
#298 = CARTESIAN_POINT ( 'NONE',  ( 15.22278595562355008, 82.71124897676970988, 26.83738009939030178 ) ) ;
#299 = VERTEX_POINT ( 'NONE', #1928 ) ;
#300 = EDGE_CURVE ( 'NONE', #3116, #4875, #616, .T. ) ;
#301 = CARTESIAN_POINT ( 'NONE',  ( -13.78773717706016200, 51.34747255949756095, 22.63146842653047486 ) ) ;
#302 = CARTESIAN_POINT ( 'NONE',  ( 15.13409475056629994, 28.90506500205924922, 28.76554230878025109 ) ) ;
#303 = CARTESIAN_POINT ( 'NONE',  ( -15.84926332993704534, 54.90854327575529226, 35.31991095932671243 ) ) ;
#304 = CARTESIAN_POINT ( 'NONE',  ( -15.77825756423184522, 60.65940911000742375, 37.78441834871191674 ) ) ;
#305 = CARTESIAN_POINT ( 'NONE',  ( -22.80685712935084908, 46.83788809518775764, 28.30467121932438701 ) ) ;
#306 = CARTESIAN_POINT ( 'NONE',  ( 17.70524681473879980, 36.19722042038635124, 31.29086436812535155 ) ) ;
#307 = VERTEX_POINT ( 'NONE', #3094 ) ;
#308 = CARTESIAN_POINT ( 'NONE',  ( -40.29751541523799574, 35.84210526315790446, -26.87904301104634897 ) ) ;
#309 = ADVANCED_FACE ( 'NONE', ( #3148 ), #2771, .T. ) ;
#310 = DIRECTION ( 'NONE',  ( -0.3157894736842105643, -0.9488292830168391090, 0.000000000000000000 ) ) ;
#311 = DIRECTION ( 'NONE',  ( 0.7071067811865460184, 0.000000000000000000, -0.7071067811865490160 ) ) ;
#312 = DIRECTION ( 'NONE',  ( 0.7071067811865461294, 0.000000000000000000, -0.7071067811865490160 ) ) ;
#313 = CARTESIAN_POINT ( 'NONE',  ( -3.645610931865348459, 24.59928092940455002, 32.29567854199144961 ) ) ;
#314 = CARTESIAN_POINT ( 'NONE',  ( 20.35832574348172841, 50.89387175045704481, 16.96436008552102592 ) ) ;
#315 = CARTESIAN_POINT ( 'NONE',  ( 5.156801096761269854, 63.44652246637978976, 24.40542528628121133 ) ) ;
#316 = CARTESIAN_POINT ( 'NONE',  ( 7.133655586082769950, 86.20215214584879959, 0.7750017422584919435 ) ) ;
#317 = CARTESIAN_POINT ( 'NONE',  ( -3.838121305607057998, 51.55647940386126749, 26.22058053093828534 ) ) ;
#318 = CARTESIAN_POINT ( 'NONE',  ( -5.445431083251049742, 30.59679287283200111, 36.60529898683429906 ) ) ;
#319 = CIRCLE ( 'NONE', #3801, 5.000000000000000000 ) ;
#320 = CARTESIAN_POINT ( 'NONE',  ( 6.271261770460819562, 84.80655683088730257, 22.71024782914835072 ) ) ;
#321 = ORIENTED_EDGE ( 'NONE', *, *, #2457, .T. ) ;
#322 = CARTESIAN_POINT ( 'NONE',  ( -15.50879160935894951, 61.94492683018660273, 37.65903336580184657 ) ) ;
#323 = CARTESIAN_POINT ( 'NONE',  ( 23.70985059502880077, 29.66053149002239664, 28.77801958747495092 ) ) ;
#324 = CARTESIAN_POINT ( 'NONE',  ( 15.97849855531235264, 57.14357586500670294, 50.63035414315439198 ) ) ;
#325 = CARTESIAN_POINT ( 'NONE',  ( 28.28427124746194821, 77.00000000000000000, 35.35533905932734910 ) ) ;
#326 = EDGE_CURVE ( 'NONE', #1832, #1325, #2043, .T. ) ;
#327 = CARTESIAN_POINT ( 'NONE',  ( -25.76261520726249543, 46.39978032199958591, 25.80316091056135264 ) ) ;
#328 = CARTESIAN_POINT ( 'NONE',  ( -9.488292830168399306, 80.15789473684209554, -47.50100000000000477 ) ) ;
#329 =( BOUNDED_SURFACE ( )  B_SPLINE_SURFACE ( 3, 2, ( 
 ( #2707, #1589, #3111 ),
 ( #1185, #1919, #2334 ),
 ( #3139, #2735, #4667 ),
 ( #3863, #397, #3488 ),
 ( #1213, #2762, #9 ),
 ( #1558, #4674, #2443 ),
 ( #48, #1982, #127 ),
 ( #505, #4649, #2368 ),
 ( #2395, #3928, #4249 ),
 ( #2744, #842, #1598 ),
 ( #456, #1626, #3525 ),
 ( #3149, #75, #4723 ),
 ( #3608, #4274, #1681 ),
 ( #2037, #813, #1274 ),
 ( #2420, #2062, #2009 ),
 ( #3900, #3551, #3226 ),
 ( #788, #3173, #4697 ),
 ( #1166, #479, #429 ) ),
 .UNSPECIFIED., .F., .F., .T. ) 
 B_SPLINE_SURFACE_WITH_KNOTS ( ( 4, 2, 2, 2, 2, 2, 2, 2, 4 ),
 ( 3, 3 ),
 ( -5.204170427930419742E-18, 0.007089825852578259847, 0.008862282315722820256, 0.01063473877886740061, 0.01417965170515651969, 0.01772456463144564745, 0.01949702109459020005, 0.02126947755773479776, 0.02835930341031304980 ),
 ( 0.000000000000000000, 1.000000000000000000 ),
 .UNSPECIFIED. ) 
 GEOMETRIC_REPRESENTATION_ITEM ( )  RATIONAL_B_SPLINE_SURFACE ( (
 ( 1.000000000000000000, 0.8914801411726809288, 1.000000000000000000),
 ( 1.000000000000000000, 0.9095690866179599876, 1.000000000000000000),
 ( 1.000000000000000000, 0.9252191640770500713, 1.000000000000000000),
 ( 1.000000000000000000, 0.9421442469250980167, 1.000000000000000000),
 ( 1.000000000000000000, 0.9453960981010099962, 1.000000000000000000),
 ( 1.000000000000000000, 0.9516370778139320308, 1.000000000000000000),
 ( 1.000000000000000000, 0.9546317551864830220, 1.000000000000000000),
 ( 1.000000000000000000, 0.9631846108983249666, 1.000000000000000000),
 ( 1.000000000000000000, 0.9682733449182129304, 1.000000000000000000),
 ( 1.000000000000000000, 0.9773103282047259643, 1.000000000000000000),
 ( 1.000000000000000000, 0.9812582077059179841, 1.000000000000000000),
 ( 1.000000000000000000, 0.9863512400141160041, 1.000000000000000000),
 ( 1.000000000000000000, 0.9879104347784020135, 1.000000000000000000),
 ( 1.000000000000000000, 0.9907523128968259707, 1.000000000000000000),
 ( 1.000000000000000000, 0.9920369182871640046, 1.000000000000000000),
 ( 1.000000000000000000, 0.9977392338943249506, 1.000000000000000000),
 ( 1.000000000000000000, 0.9999895215731110509, 1.000000000000000000),
 ( 1.000000000000000000, 1.000000000000000000, 1.000000000000000000) ) ) 
 REPRESENTATION_ITEM ( '' )  SURFACE ( )  );
#330 = ORIENTED_EDGE ( 'NONE', *, *, #3879, .F. ) ;
#331 = CARTESIAN_POINT ( 'NONE',  ( -8.770975800795522304, 34.19151551919514276, 35.11674242252503575 ) ) ;
#332 = CARTESIAN_POINT ( 'NONE',  ( 12.94316568761688302, 32.85973375573801292, 29.81469284741758941 ) ) ;
#333 = CARTESIAN_POINT ( 'NONE',  ( 6.077213585052362532, 86.42018434565792973, 0.6478184148175986090 ) ) ;
#334 = CARTESIAN_POINT ( 'NONE',  ( -14.64184236304248898, 47.28515301380990365, 29.41302803229558904 ) ) ;
#335 = CARTESIAN_POINT ( 'NONE',  ( -6.125083017948472097, 25.76919466104455481, 31.91762541350138349 ) ) ;
#336 = EDGE_CURVE ( 'NONE', #563, #4998, #1384, .T. ) ;
#337 = CARTESIAN_POINT ( 'NONE',  ( 22.77320412284781881, 54.28667431783972575, 13.55155676208859994 ) ) ;
#338 = CARTESIAN_POINT ( 'NONE',  ( 2.857482633006822148, 64.93438141975512679, 24.19110030436580772 ) ) ;
#339 = CIRCLE ( 'NONE', #3340, 32.50000000000000000 ) ;
#340 = DIRECTION ( 'NONE',  ( 0.7071067811865510144, -1.004369025986431954E-14, 0.7071067811865440200 ) ) ;
#341 = CARTESIAN_POINT ( 'NONE',  ( -3.869253523482750090, 51.57512846048250310, 26.21600559630994454 ) ) ;
#342 = EDGE_CURVE ( 'NONE', #3116, #3062, #2230, .T. ) ;
#343 = CARTESIAN_POINT ( 'NONE',  ( 15.49328837316099872, 82.49545021645759846, 27.31426890400500085 ) ) ;
#344 = ORIENTED_EDGE ( 'NONE', *, *, #3397, .T. ) ;
#345 = CARTESIAN_POINT ( 'NONE',  ( -16.42650367462771044, 49.83393914172565076, 20.79513262849501487 ) ) ;
#346 = CARTESIAN_POINT ( 'NONE',  ( -16.15899161276704987, 50.49516242969680491, 31.70082045753025568 ) ) ;
#347 = AXIS2_PLACEMENT_3D ( 'NONE', #3931, #1572, #1142 ) ;
#348 = CARTESIAN_POINT ( 'NONE',  ( 15.96560046385254950, 56.92972890828989563, 50.58948453728349648 ) ) ;
#349 = CARTESIAN_POINT ( 'NONE',  ( 31.08178607098444957, 61.85242752192310434, 6.056158500281688895 ) ) ;
#350 = CARTESIAN_POINT ( 'NONE',  ( 12.90888210198528263, 55.91861163397481960, 23.09999108133353118 ) ) ;
#351 = AXIS2_PLACEMENT_3D ( 'NONE', #1894, #119, #497 ) ;
#352 = CARTESIAN_POINT ( 'NONE',  ( 52.22834251933299754, 36.56829689731759458, -67.07758492424989072 ) ) ;
#353 = ORIENTED_EDGE ( 'NONE', *, *, #2102, .F. ) ;
#354 = CARTESIAN_POINT ( 'NONE',  ( -24.05056306325704796, 54.50000000000000000, 11.12746225966621871 ) ) ;
#355 = CARTESIAN_POINT ( 'NONE',  ( 31.81980515339470017, 77.00000000000000000, 31.81980515339460069 ) ) ;
#356 = CARTESIAN_POINT ( 'NONE',  ( 14.27127853205567476, 30.24385175696448869, 29.19902549081250598 ) ) ;
#357 = CARTESIAN_POINT ( 'NONE',  ( 17.25596121602787747, 81.91111200420704108, 2.667267225960313848 ) ) ;
#358 =( BOUNDED_SURFACE ( )  B_SPLINE_SURFACE ( 3, 2, ( 
 ( #2418, #3950, #477 ),
 ( #4300, #922, #3606 ),
 ( #1679, #3870, #2006 ),
 ( #3224, #404, #3898 ),
 ( #427, #17, #2770 ),
 ( #1566, #1192, #839 ),
 ( #3549, #1704, #631 ),
 ( #2114, #4397, #971 ),
 ( #1018, #2968, #3339 ),
 ( #607, #199, #3318 ),
 ( #3699, #533, #2088 ),
 ( #4868, #225, #1366 ),
 ( #559, #1804, #4443 ),
 ( #4820, #3653, #3249 ),
 ( #4842, #1416, #4026 ),
 ( #2897, #995, #1321 ),
 ( #2562, #3273, #1342 ),
 ( #2163, #4099, #2492 ),
 ( #4496, #2464, #1776 ),
 ( #3722, #174, #4000 ),
 ( #3296, #1389, #1727 ),
 ( #2187, #247, #4797 ),
 ( #2945, #4420, #2514 ),
 ( #3631, #150, #948 ),
 ( #2919, #4771, #4049 ),
 ( #2873, #581, #4471 ),
 ( #2537, #4074, #1752 ),
 ( #2136, #3675, #2632 ),
 ( #4212, #1852, #2586 ),
 ( #371, #3365, #2279 ),
 ( #4539, #4912, #3060 ),
 ( #1086, #2305, #4584 ),
 ( #1830, #2678, #3839 ),
 ( #1131, #1918, #4959 ),
 ( #3463, #4985, #318 ),
 ( #4519, #2234, #1530 ),
 ( #3791, #4121, #653 ),
 ( #702, #1462, #3085 ),
 ( #4166, #2652, #1440 ),
 ( #3015, #678, #2257 ),
 ( #1505, #2209, #1872 ),
 ( #1041, #4892, #1065 ),
 ( #3412, #3745, #4144 ),
 ( #270, #3437, #3770 ),
 ( #4936, #753, #2991 ),
 ( #2607, #297, #3390 ),
 ( #1484, #3037, #4564 ),
 ( #1107, #4188, #3813 ) ),
 .UNSPECIFIED., .F., .F., .T. ) 
 B_SPLINE_SURFACE_WITH_KNOTS ( ( 4, 2, 2, 2, 2, 2, 2, 2, 2, 2, 2, 2, 2, 2, 2, 2, 2, 2, 2, 2, 2, 2, 2, 4 ),
 ( 3, 3 ),
 ( 0.000000000000000000, 0.002359253772100165011, 0.004718507544200330021, 0.005898134430250410142, 0.007077761316300489394, 0.009437015088400649634, 0.01061664197445071935, 0.01179626886050080120, 0.01415552263260098052, 0.01533514951865105023, 0.01651477640470114944, 0.01887403017680129927, 0.02005365706285140021, 0.02123328394890144910, 0.02359253772100164750, 0.02477216460705169987, 0.02595179149310180081, 0.02831104526520195064, 0.02949067215125205157, 0.03067029903730210047, 0.03302955280940225030, 0.03420917969545234777, 0.03538880658150245218, 0.03774806035360259854 ),
 ( 0.000000000000000000, 1.000000000000000000 ),
 .UNSPECIFIED. ) 
 GEOMETRIC_REPRESENTATION_ITEM ( )  RATIONAL_B_SPLINE_SURFACE ( (
 ( 1.000000000000000000, 0.8246547166311789523, 1.000000000000000000),
 ( 1.000000000000000000, 0.8208181550329689546, 1.000000000000000000),
 ( 1.000000000000000000, 0.8162164725889190509, 1.000000000000000000),
 ( 1.000000000000000000, 0.8058178796744890349, 1.000000000000000000),
 ( 1.000000000000000000, 0.8000195206747089394, 1.000000000000000000),
 ( 1.000000000000000000, 0.7906637784151260284, 1.000000000000000000),
 ( 1.000000000000000000, 0.7874331997424489638, 1.000000000000000000),
 ( 1.000000000000000000, 0.7809124452975979569, 1.000000000000000000),
 ( 1.000000000000000000, 0.7776090037120499954, 1.000000000000000000),
 ( 1.000000000000000000, 0.7676516041945820046, 1.000000000000000000),
 ( 1.000000000000000000, 0.7609480753112589646, 1.000000000000000000),
 ( 1.000000000000000000, 0.7511494018608290135, 1.000000000000000000),
 ( 1.000000000000000000, 0.7479126458399999455, 1.000000000000000000),
 ( 1.000000000000000000, 0.7416726727313299738, 1.000000000000000000),
 ( 1.000000000000000000, 0.7386714648084200530, 1.000000000000000000),
 ( 1.000000000000000000, 0.7301105082457369777, 1.000000000000000000),
 ( 1.000000000000000000, 0.7249920863291350326, 1.000000000000000000),
 ( 1.000000000000000000, 0.7185600259136610823, 1.000000000000000000),
 ( 1.000000000000000000, 0.7166238892318539389, 1.000000000000000000),
 ( 1.000000000000000000, 0.7132323769606520036, 1.000000000000000000),
 ( 1.000000000000000000, 0.7117919984170700820, 1.000000000000000000),
 ( 1.000000000000000000, 0.7083246170544380549, 1.000000000000000000),
 ( 1.000000000000000000, 0.7071297090585780820, 1.000000000000000000),
 ( 1.000000000000000000, 0.7070958084929270804, 1.000000000000000000),
 ( 1.000000000000000000, 0.7073770797169600666, 1.000000000000000000),
 ( 1.000000000000000000, 0.7085325800184969491, 1.000000000000000000),
 ( 1.000000000000000000, 0.7094108146989059893, 1.000000000000000000),
 ( 1.000000000000000000, 0.7128498258599450521, 1.000000000000000000),
 ( 1.000000000000000000, 0.7162225262937400583, 1.000000000000000000),
 ( 1.000000000000000000, 0.7226134807903650259, 1.000000000000000000),
 ( 1.000000000000000000, 0.7249657322171569884, 1.000000000000000000),
 ( 1.000000000000000000, 0.7300652623625919491, 1.000000000000000000),
 ( 1.000000000000000000, 0.7328133987087419587, 1.000000000000000000),
 ( 1.000000000000000000, 0.7414133387435459799, 1.000000000000000000),
 ( 1.000000000000000000, 0.7476615933980510498, 1.000000000000000000),
 ( 1.000000000000000000, 0.7574176027392909294, 1.000000000000000000),
 ( 1.000000000000000000, 0.7607341934049219878, 1.000000000000000000),
 ( 1.000000000000000000, 0.7674370747503500567, 1.000000000000000000),
 ( 1.000000000000000000, 0.7708271262986080563, 1.000000000000000000),
 ( 1.000000000000000000, 0.7808494120618010292, 1.000000000000000000),
 ( 1.000000000000000000, 0.7873870140309729981, 1.000000000000000000),
 ( 1.000000000000000000, 0.7966741355582379613, 1.000000000000000000),
 ( 1.000000000000000000, 0.7996837067601140214, 1.000000000000000000),
 ( 1.000000000000000000, 0.8054816568024849577, 1.000000000000000000),
 ( 1.000000000000000000, 0.8082787283829989677, 1.000000000000000000),
 ( 1.000000000000000000, 0.8161909488638080523, 1.000000000000000000),
 ( 1.000000000000000000, 0.8208191621742280120, 1.000000000000000000),
 ( 1.000000000000000000, 0.8246547166311789523, 1.000000000000000000) ) ) 
 REPRESENTATION_ITEM ( '' )  SURFACE ( )  );
#359 = CARTESIAN_POINT ( 'NONE',  ( -12.50424983590490413, 71.09607171285412619, 29.18888175506480920 ) ) ;
#360 = CARTESIAN_POINT ( 'NONE',  ( -7.600061020885406471, 26.82997066980834688, 31.59895647234032978 ) ) ;
#361 = EDGE_CURVE ( 'NONE', #2565, #1067, #1574, .T. ) ;
#362 = CARTESIAN_POINT ( 'NONE',  ( 18.84193060927544749, 65.08120596859056661, 15.33942572659643311 ) ) ;
#363 = CARTESIAN_POINT ( 'NONE',  ( 15.82839936660183611, 51.55529621312629729, 21.25351246453076115 ) ) ;
#364 = CARTESIAN_POINT ( 'NONE',  ( 19.47211264512729301, 32.99066710800752134, 30.77697931337425175 ) ) ;
#365 = CARTESIAN_POINT ( 'NONE',  ( 7.015519712619105341, 60.66045283740944427, 24.80176613860884061 ) ) ;
#366 = CARTESIAN_POINT ( 'NONE',  ( 4.106154156750520201, 86.80338662855210430, 0.4146890090059375256 ) ) ;
#367 = ADVANCED_FACE ( 'NONE', ( #3068 ), #4465, .F. ) ;
#368 = CIRCLE ( 'NONE', #2083, 4.999999999999996447 ) ;
#369 = CARTESIAN_POINT ( 'NONE',  ( -3.808441450803551565, 51.53883142465488021, 26.22491661841169019 ) ) ;
#370 = CARTESIAN_POINT ( 'NONE',  ( -14.97568936476138468, 52.32967990838989181, 32.80075596129298532 ) ) ;
#371 = CARTESIAN_POINT ( 'NONE',  ( -4.339846106339329879, 24.85509870335145166, 32.21058206591765583 ) ) ;
#372 = CARTESIAN_POINT ( 'NONE',  ( 12.40309195087741934, 34.49998461844589315, 30.04021760808879904 ) ) ;
#373 = ORIENTED_EDGE ( 'NONE', *, *, #825, .F. ) ;
#374 = CARTESIAN_POINT ( 'NONE',  ( -17.42180815385572501, 49.50467105165152049, 19.98999372141345177 ) ) ;
#375 = FACE_OUTER_BOUND ( 'NONE', #1400, .T. ) ;
#376 = CARTESIAN_POINT ( 'NONE',  ( 15.43549444393529946, 53.76573208266819393, 48.90976128738530093 ) ) ;
#377 = CARTESIAN_POINT ( 'NONE',  ( 32.87118413350749790, 59.86262839471229569, 10.39287639388978057 ) ) ;
#378 = CARTESIAN_POINT ( 'NONE',  ( -31.68621525121187332, 57.59373420781221853, 6.727593282774247285 ) ) ;
#379 = DIRECTION ( 'NONE',  ( 0.000000000000000000, 0.6263567254349897695, 0.7795365626462668063 ) ) ;
#380 = DIRECTION ( 'NONE',  ( 1.000000000000000000, 0.000000000000000000, 0.000000000000000000 ) ) ;
#381 = CARTESIAN_POINT ( 'NONE',  ( -11.58252860102827952, 70.12405102233060461, 29.12016587964379966 ) ) ;
#382 = CARTESIAN_POINT ( 'NONE',  ( -12.40300596451341875, 71.82814896082798839, 27.78743604142944790 ) ) ;
#383 = ORIENTED_EDGE ( 'NONE', *, *, #4394, .F. ) ;
#384 = CARTESIAN_POINT ( 'NONE',  ( 2.925391164845680514, 86.86674470411539062, 0.2992512674887096158 ) ) ;
#385 = AXIS2_PLACEMENT_3D ( 'NONE', #3973, #531, #4120 ) ;
#386 = CYLINDRICAL_SURFACE ( 'NONE', #1623, 26.50000000000000000 ) ;
#387 = CARTESIAN_POINT ( 'NONE',  ( 0.000000000000000000, 5.000000000000000000, -47.50000000000000000 ) ) ;
#388 = EDGE_CURVE ( 'NONE', #2602, #1854, #3580, .T. ) ;
#389 = CARTESIAN_POINT ( 'NONE',  ( 22.85698325671575404, 59.46722458064643746, 12.45532140565626200 ) ) ;
#390 = CARTESIAN_POINT ( 'NONE',  ( 17.89270363669889718, 50.58993671361372435, 19.54796789221659381 ) ) ;
#391 = CARTESIAN_POINT ( 'NONE',  ( 19.96904811432401416, 32.40954609182854540, 30.60692458602259691 ) ) ;
#392 = CARTESIAN_POINT ( 'NONE',  ( 4.992961023738883064, 63.59900398509096675, 24.38357103901878276 ) ) ;
#393 = CARTESIAN_POINT ( 'NONE',  ( 7.008323013972440840, 86.38627088141049626, 2.117050826415404874 ) ) ;
#394 = CARTESIAN_POINT ( 'NONE',  ( -6.374865473994037579, 54.03434595931226880, 25.72317643968854384 ) ) ;
#395 = CARTESIAN_POINT ( 'NONE',  ( -15.15723300265812767, 52.87515065436571859, 33.47356069991376870 ) ) ;
#396 = CARTESIAN_POINT ( 'NONE',  ( 13.97836525811142927, 63.97369546732060996, 20.42922391716613362 ) ) ;
#397 = CARTESIAN_POINT ( 'NONE',  ( -8.633793212978030596, 82.22389816255899575, 14.71411263129281544 ) ) ;
#398 = ORIENTED_EDGE ( 'NONE', *, *, #649, .T. ) ;
#399 = CARTESIAN_POINT ( 'NONE',  ( -15.85578759789925130, 55.79891877933639677, 36.08928937624449418 ) ) ;
#400 = CARTESIAN_POINT ( 'NONE',  ( -29.98399623944515113, 47.85890294826249658, 20.12135175369514783 ) ) ;
#401 = ORIENTED_EDGE ( 'NONE', *, *, #674, .T. ) ;
#402 = CARTESIAN_POINT ( 'NONE',  ( 15.93122866495984979, 59.49727472625449565, 50.48057215452980273 ) ) ;
#403 = CARTESIAN_POINT ( 'NONE',  ( -10.80312392634127328, 81.23380355659399754, 14.99747979273719878 ) ) ;
#404 = CARTESIAN_POINT ( 'NONE',  ( 8.303644582091919801, 33.35809029090304278, 31.57761719638066467 ) ) ;
#405 = CARTESIAN_POINT ( 'NONE',  ( 12.49768226001884130, 58.00000000000000000, 23.10428397781700127 ) ) ;
#406 = CARTESIAN_POINT ( 'NONE',  ( -12.44250630280615866, 75.90906716712200364, 21.15729210413798356 ) ) ;
#407 = FACE_BOUND ( 'NONE', #4894, .T. ) ;
#408 = CARTESIAN_POINT ( 'NONE',  ( -8.132685271920001568, 33.18092280063309119, 35.46034949330835673 ) ) ;
#409 = DIRECTION ( 'NONE',  ( 0.000000000000000000, 0.000000000000000000, -1.000000000000000000 ) ) ;
#410 = VERTEX_POINT ( 'NONE', #3200 ) ;
#411 = CARTESIAN_POINT ( 'NONE',  ( 5.551985657149207221, 86.51712357215608051, 0.5866112204459632551 ) ) ;
#412 = CARTESIAN_POINT ( 'NONE',  ( -15.02397627873945041, 64.04763320052140330, 36.86103315408880832 ) ) ;
#413 = CARTESIAN_POINT ( 'NONE',  ( 4.327139655755480874, 24.85524539941170730, 32.21067467717512045 ) ) ;
#414 = CARTESIAN_POINT ( 'NONE',  ( 20.77234502945543682, 63.59900398493086016, 13.71123183303346238 ) ) ;
#415 = CARTESIAN_POINT ( 'NONE',  ( 19.73931175846111330, 32.66916744997399036, 30.68725620323734304 ) ) ;
#416 = CARTESIAN_POINT ( 'NONE',  ( 7.050172826851855312, 86.20422491980207269, 1.456425810173731294 ) ) ;
#417 = CARTESIAN_POINT ( 'NONE',  ( -4.447647731961221318, 51.96108956051219963, 26.12409085732464931 ) ) ;
#418 = CARTESIAN_POINT ( 'NONE',  ( -15.17026518582667194, 52.91430749157024138, 33.52039360982555394 ) ) ;
#419 = CARTESIAN_POINT ( 'NONE',  ( 12.49768226001884130, 58.00000000000000000, 23.10428397781700127 ) ) ;
#420 = CARTESIAN_POINT ( 'NONE',  ( 17.58705734630049733, 80.15789473684209554, 31.00552975049194870 ) ) ;
#421 = ORIENTED_EDGE ( 'NONE', *, *, #3360, .T. ) ;
#422 = CARTESIAN_POINT ( 'NONE',  ( -19.36220753362009006, 49.42432120839951892, 18.09848865893892622 ) ) ;
#423 = CARTESIAN_POINT ( 'NONE',  ( 15.72472664194132008, 61.41974316652152055, 49.82623842470430020 ) ) ;
#424 = ORIENTED_EDGE ( 'NONE', *, *, #3888, .F. ) ;
#425 = CARTESIAN_POINT ( 'NONE',  ( 16.37743225851918538, 59.38007976309939551, 39.53861907536379050 ) ) ;
#426 = CARTESIAN_POINT ( 'NONE',  ( 31.40095241864890241, 60.38769431562779744, 5.975355817151459803 ) ) ;
#427 = CARTESIAN_POINT ( 'NONE',  ( 10.88359942739220010, 30.75966760118959797, 30.62637711022905052 ) ) ;
#428 = CARTESIAN_POINT ( 'NONE',  ( 12.83267723725152898, 56.18567036499002398, 23.12424997191527609 ) ) ;
#429 = CARTESIAN_POINT ( 'NONE',  ( 0.000000000000000000, 87.00000000000000000, 0.000000000000000000 ) ) ;
#430 = PLANE ( 'NONE',  #1351 ) ;
#431 = CARTESIAN_POINT ( 'NONE',  ( -9.488292830168399306, 35.84210526315790446, 34.69420229851370152 ) ) ;
#432 = DIRECTION ( 'NONE',  ( 0.000000000000000000, 0.000000000000000000, 1.000000000000000000 ) ) ;
#433 = ORIENTED_EDGE ( 'NONE', *, *, #3747, .T. ) ;
#434 = CARTESIAN_POINT ( 'NONE',  ( 10.90360448899041046, 85.08940981394495395, 1.307021113927246292 ) ) ;
#435 = FACE_OUTER_BOUND ( 'NONE', #3587, .T. ) ;
#436 =( LENGTH_UNIT ( ) NAMED_UNIT ( * ) SI_UNIT ( .MILLI., .METRE. ) );
#437 = CARTESIAN_POINT ( 'NONE',  ( 35.35533905932745569, 39.00000000000000000, 28.28427124746184873 ) ) ;
#438 = AXIS2_PLACEMENT_3D ( 'NONE', #1539, #734, #1955 ) ;
#439 = CARTESIAN_POINT ( 'NONE',  ( 18.18536721511930665, 35.00671471533164691, 31.15231734630228644 ) ) ;
#440 = CARTESIAN_POINT ( 'NONE',  ( -3.723698596228170565, 29.71822691240042857, 37.08208017010423418 ) ) ;
#441 = EDGE_CURVE ( 'NONE', #3800, #3749, #1093, .T. ) ;
#442 = CARTESIAN_POINT ( 'NONE',  ( 4.483184044747868136, 86.70391087574377309, 7.903948934431279660 ) ) ;
#443 = LINE ( 'NONE', #4252, #599 ) ;
#444 = CARTESIAN_POINT ( 'NONE',  ( -26.50000000000000000, 54.50000000000000000, 3.245314017740484976E-15 ) ) ;
#445 = CARTESIAN_POINT ( 'NONE',  ( 15.22283469215341434, 52.05577817130461682, 21.69132765059647738 ) ) ;
#446 = CARTESIAN_POINT ( 'NONE',  ( 12.45472601684494585, 59.45274402763475763, 22.86044900453882533 ) ) ;
#447 = DATE_AND_TIME ( #1266, #1818 ) ;
#448 = ORIENTED_EDGE ( 'NONE', *, *, #3988, .T. ) ;
#449 = CARTESIAN_POINT ( 'NONE',  ( -23.62639148313379778, 53.07181340092122213, 12.02639841198649506 ) ) ;
#450 = CARTESIAN_POINT ( 'NONE',  ( 14.72671503949723970, 29.48925753886820189, 28.97497668942385118 ) ) ;
#451 = ORIENTED_EDGE ( 'NONE', *, *, #4690, .F. ) ;
#452 = CARTESIAN_POINT ( 'NONE',  ( 24.96881506481327406, 56.25630540527642154, 47.99581715014790717 ) ) ;
#453 = EDGE_CURVE ( 'NONE', #3793, #2596, #4158, .T. ) ;
#454 = CARTESIAN_POINT ( 'NONE',  ( -17.12284680125830505, 43.21626863214801517, 27.62527066376151907 ) ) ;
#455 = CARTESIAN_POINT ( 'NONE',  ( 1.768530347155685023, 119.1862276259299875, 4.269609949571650631 ) ) ;
#456 = CARTESIAN_POINT ( 'NONE',  ( -6.300287128750720278, 85.39043280941599789, 7.961992233013049258 ) ) ;
#457 = EDGE_CURVE ( 'NONE', #4278, #3062, #860, .T. ) ;
#458 = DIRECTION ( 'NONE',  ( 0.2878753257198309323, 0.9576678948579727679, 0.000000000000000000 ) ) ;
#459 = CARTESIAN_POINT ( 'NONE',  ( -2.502402763322846724, 86.68239299890169036, 4.633626454638260839 ) ) ;
#460 = CARTESIAN_POINT ( 'NONE',  ( 56.20671088515420166, 80.15789473684209554, 42.78823848096244831 ) ) ;
#461 = ORIENTED_EDGE ( 'NONE', *, *, #3678, .F. ) ;
#462 = CARTESIAN_POINT ( 'NONE',  ( -14.59910455913517069, 65.31567474850554333, 36.06897003856693118 ) ) ;
#463 = VERTEX_POINT ( 'NONE', #4908 ) ;
#464 = CARTESIAN_POINT ( 'NONE',  ( -15.34742416828394873, 63.08004414466099519, 37.24784033840305142 ) ) ;
#465 = CARTESIAN_POINT ( 'NONE',  ( 22.39940187410115513, 60.91258573730407733, 12.62521675564256363 ) ) ;
#466 = CARTESIAN_POINT ( 'NONE',  ( 20.67495526968014374, 31.69291014820907293, 30.34033072260633901 ) ) ;
#467 = CARTESIAN_POINT ( 'NONE',  ( -7.072371110665608640, 31.93023478497272194, 35.96816040162288175 ) ) ;
#468 = CARTESIAN_POINT ( 'NONE',  ( 5.536220503938103832, 86.54352972407588140, 9.760214585499776163 ) ) ;
#469 = CARTESIAN_POINT ( 'NONE',  ( 19.29207281432620391, 81.89891880543568448, 6.956948027038710514 ) ) ;
#470 = CARTESIAN_POINT ( 'NONE',  ( -15.16264749029635261, 52.89141916504071617, 33.49296103043686657 ) ) ;
#471 = LINE ( 'NONE', #888, #2551 ) ;
#472 = DIRECTION ( 'NONE',  ( 1.000000000000000000, 0.000000000000000000, 0.000000000000000000 ) ) ;
#473 = CARTESIAN_POINT ( 'NONE',  ( 23.14137891947212466, 57.62267061131449708, 12.53477720167387055 ) ) ;
#474 = CARTESIAN_POINT ( 'NONE',  ( -13.46657382091433952, 45.86103066552770002, 29.58576322808729842 ) ) ;
#475 = ORIENTED_EDGE ( 'NONE', *, *, #2153, .T. ) ;
#476 = CARTESIAN_POINT ( 'NONE',  ( -18.39232896641038195, 42.58430445405701192, 26.79513307035925251 ) ) ;
#477 = CARTESIAN_POINT ( 'NONE',  ( 9.488292830168399306, 35.84210526315790446, 34.69420229851370152 ) ) ;
#478 = CARTESIAN_POINT ( 'NONE',  ( 31.49850385103806971, 59.84163346822461449, 5.966253484502640703 ) ) ;
#479 = CARTESIAN_POINT ( 'NONE',  ( 0.000000000000000000, 87.00000000000000000, 0.000000000000000000 ) ) ;
#480 = VECTOR ( 'NONE', #1957, 1000.000000000000000 ) ;
#481 = CARTESIAN_POINT ( 'NONE',  ( -5.496227725800283181, 85.35446980681936680, 10.53994270935349498 ) ) ;
#482 = VERTEX_POINT ( 'NONE', #4118 ) ;
#483 = CARTESIAN_POINT ( 'NONE',  ( -12.98426550289060799, 70.11482858193764400, 31.02588510795999710 ) ) ;
#484 = CARTESIAN_POINT ( 'NONE',  ( 7.085958670312093588, 84.05616424956859589, 25.66052623327146520 ) ) ;
#485 = VERTEX_POINT ( 'NONE', #3361 ) ;
#486 = CARTESIAN_POINT ( 'NONE',  ( -31.82782418310665307, 50.86387551080498071, 15.76674112104442571 ) ) ;
#487 = CC_DESIGN_PERSON_AND_ORGANIZATION_ASSIGNMENT ( #944, #170, ( #2983 ) ) ;
#488 = CARTESIAN_POINT ( 'NONE',  ( -12.19682576128480100, 72.01976609982300204, 27.46802878943820048 ) ) ;
#489 = CARTESIAN_POINT ( 'NONE',  ( 10.66001950376613827, 30.41405104642799984, 30.70206077071283701 ) ) ;
#490 = CARTESIAN_POINT ( 'NONE',  ( 30.43040083685192698, 31.92048301166303759, 20.44236158591343511 ) ) ;
#491 = CARTESIAN_POINT ( 'NONE',  ( 24.99273466712517688, 29.20705053843299126, 27.86603313841562013 ) ) ;
#492 = CARTESIAN_POINT ( 'NONE',  ( -1.318064898813289476, 29.08356482227041795, 37.44999163525439201 ) ) ;
#493 = CARTESIAN_POINT ( 'NONE',  ( 1.153039902207691814, 86.98371534584450160, 2.033376864686990970 ) ) ;
#494 = EDGE_CURVE ( 'NONE', #1562, #24, #3819, .T. ) ;
#495 = CARTESIAN_POINT ( 'NONE',  ( -7.500000000000000000, 58.00000000000000000, 25.17439175034819954 ) ) ;
#496 = CARTESIAN_POINT ( 'NONE',  ( 3.416245672804409271E-14, 50.50000000000000000, 26.50000000000000000 ) ) ;
#497 = DIRECTION ( 'NONE',  ( 0.000000000000000000, 0.1948718655943718348, 0.9808287087966833795 ) ) ;
#498 = PERSON_AND_ORGANIZATION ( #2724, #4541 ) ;
#499 = CARTESIAN_POINT ( 'NONE',  ( -24.05056306325704796, 54.50000000000000000, 11.12746225966621871 ) ) ;
#500 = CARTESIAN_POINT ( 'NONE',  ( -26.62774072920069912, 42.45227317983089677, 18.65266424201849915 ) ) ;
#501 = ORIENTED_EDGE ( 'NONE', *, *, #453, .T. ) ;
#502 = CARTESIAN_POINT ( 'NONE',  ( -10.37312590079987018, 81.83570640041222077, 14.19181084555297190 ) ) ;
#503 = DIRECTION ( 'NONE',  ( 0.7071067811865490160, 0.000000000000000000, 0.7071067811865461294 ) ) ;
#504 = CARTESIAN_POINT ( 'NONE',  ( 30.88749371601783267, 62.57264168478604915, 6.132605130079697986 ) ) ;
#505 = CARTESIAN_POINT ( 'NONE',  ( -8.492205508520800805, 83.86665692835050834, 11.08176952842247864 ) ) ;
#506 = LINE ( 'NONE', #2444, #844 ) ;
#507 = CARTESIAN_POINT ( 'NONE',  ( 26.43505094746485184, 25.28986718055049820, 18.91586989889630033 ) ) ;
#508 = VERTEX_POINT ( 'NONE', #1848 ) ;
#509 = EDGE_CURVE ( 'NONE', #3657, #1590, #1913, .T. ) ;
#510 = CYLINDRICAL_SURFACE ( 'NONE', #526, 5.000000000000000000 ) ;
#511 = AXIS2_PLACEMENT_3D ( 'NONE', #2225, #2553, #4512 ) ;
#512 = CARTESIAN_POINT ( 'NONE',  ( 7.791125912809730103, 83.27444306692481746, 28.21406251630958550 ) ) ;
#513 = ORIENTED_EDGE ( 'NONE', *, *, #1653, .F. ) ;
#514 = CC_DESIGN_SECURITY_CLASSIFICATION ( #2787, ( #2223 ) ) ;
#515 = CARTESIAN_POINT ( 'NONE',  ( -30.06265871416766444, 47.95665187214872560, 19.95280813724021840 ) ) ;
#516 = FACE_OUTER_BOUND ( 'NONE', #1424, .T. ) ;
#517 = CARTESIAN_POINT ( 'NONE',  ( 9.129125023730217947, 28.31257049482551125, 31.19239653553394831 ) ) ;
#518 = VECTOR ( 'NONE', #3913, 1000.000000000000114 ) ;
#519 = CARTESIAN_POINT ( 'NONE',  ( 29.81396317688204434, 30.73154852655084568, 21.85943104796423953 ) ) ;
#520 = CARTESIAN_POINT ( 'NONE',  ( 28.51558585146606362, 29.49928463109186794, 24.10271905106334955 ) ) ;
#521 = CARTESIAN_POINT ( 'NONE',  ( -2.866998040625301503, 29.41597235391853715, 37.25462236489206447 ) ) ;
#522 = EDGE_CURVE ( 'NONE', #3375, #3116, #204, .T. ) ;
#523 = CARTESIAN_POINT ( 'NONE',  ( 2.340661200959610611, 86.92006325195382033, 4.126741083027274826 ) ) ;
#524 = CARTESIAN_POINT ( 'NONE',  ( 8.553631376187276203, 86.07900304397630009, 2.614687609113698130 ) ) ;
#525 = CARTESIAN_POINT ( 'NONE',  ( 2.085850782229272671, 50.79584250235289034, 26.41779029316226257 ) ) ;
#526 = AXIS2_PLACEMENT_3D ( 'NONE', #1685, #3231, #4751 ) ;
#527 =( BOUNDED_CURVE ( )  B_SPLINE_CURVE ( 3, ( #606, #4419, #2513, #4048 ),
 .UNSPECIFIED., .F., .T. ) 
 B_SPLINE_CURVE_WITH_KNOTS ( ( 4, 4 ),
 ( 1.960086412494429942, 2.130983059017995007 ),
 .UNSPECIFIED. ) 
 CURVE ( )  GEOMETRIC_REPRESENTATION_ITEM ( )  RATIONAL_B_SPLINE_CURVE ( ( 1.000000000000000000, 0.9975676751756319405, 0.9975676751756319405, 1.000000000000000000 ) ) 
 REPRESENTATION_ITEM ( '' )  );
#528 = DATE_AND_TIME ( #832, #3990 ) ;
#529 = EDGE_CURVE ( 'NONE', #3920, #2033, #1781, .T. ) ;
#530 = CARTESIAN_POINT ( 'NONE',  ( 23.13252782650882722, 56.29786415905613239, 12.80254444147938742 ) ) ;
#531 = DIRECTION ( 'NONE',  ( 0.000000000000000000, -1.000000000000000000, 0.000000000000000000 ) ) ;
#532 = CARTESIAN_POINT ( 'NONE',  ( -4.177491895136244970, 86.31110455890159017, 5.185418477525092662 ) ) ;
#533 = CARTESIAN_POINT ( 'NONE',  ( 5.633616073092722054, 30.67922906234694835, 32.11890714960354387 ) ) ;
#534 = CARTESIAN_POINT ( 'NONE',  ( 7.471779533476485824, 57.28274496880780475, 25.27385082088305523 ) ) ;
#535 = CARTESIAN_POINT ( 'NONE',  ( -32.67854454465064862, 61.02855952417760221, 10.75825806648185967 ) ) ;
#536 = CARTESIAN_POINT ( 'NONE',  ( -3.972941758180234650, 86.19081180709450507, 7.445245747241310497 ) ) ;
#537 = CARTESIAN_POINT ( 'NONE',  ( 29.05598550677754943, 29.85991145373760247, 23.27200008486429894 ) ) ;
#538 = EDGE_LOOP ( 'NONE', ( #3313, #2236, #1140, #1198 ) ) ;
#539 = CARTESIAN_POINT ( 'NONE',  ( 15.40792430538306945, 35.77662234713433520, 28.79557529419507489 ) ) ;
#540 = CARTESIAN_POINT ( 'NONE',  ( 5.422060439199664295, 85.40674585217021786, 19.63483756159753568 ) ) ;
#541 = ORIENTED_EDGE ( 'NONE', *, *, #4844, .F. ) ;
#542 = VECTOR ( 'NONE', #4974, 1000.000000000000227 ) ;
#543 = CARTESIAN_POINT ( 'NONE',  ( -30.28964386418569177, 48.18534274825305630, 19.51243358179652176 ) ) ;
#544 = VECTOR ( 'NONE', #2196, 1000.000000000000114 ) ;
#545 = FACE_OUTER_BOUND ( 'NONE', #620, .T. ) ;
#546 = APPLICATION_PROTOCOL_DEFINITION ( 'international standard', 'config_control_design', 1994, #4782 ) ;
#547 = CARTESIAN_POINT ( 'NONE',  ( 28.85156302788195148, 29.13557106521341922, 14.96871874413235837 ) ) ;
#548 = CARTESIAN_POINT ( 'NONE',  ( 30.63126079597282114, 32.48721853714895502, 19.89965487231721752 ) ) ;
#549 = CARTESIAN_POINT ( 'NONE',  ( 28.46910236415458328, 29.47302453338244277, 24.17055428658126104 ) ) ;
#550 = CARTESIAN_POINT ( 'NONE',  ( -4.589147141402025731, 30.11519372284926632, 36.86277901720654171 ) ) ;
#551 = CARTESIAN_POINT ( 'NONE',  ( 10.79306617473526764, 85.12981125932024895, 19.02789870337874234 ) ) ;
#552 = EDGE_CURVE ( 'NONE', #299, #2000, #2884, .T. ) ;
#553 = CARTESIAN_POINT ( 'NONE',  ( 18.22899960310815715, 82.50115064153860089, 6.417352303194230778 ) ) ;
#554 = CARTESIAN_POINT ( 'NONE',  ( 4.475630561438483035, 51.98178514245064719, 26.11931276630422261 ) ) ;
#555 = PERSON_AND_ORGANIZATION ( #2724, #4541 ) ;
#556 = CARTESIAN_POINT ( 'NONE',  ( -40.91395500262580498, 70.09337681133200704, 62.83426521940820209 ) ) ;
#557 = CARTESIAN_POINT ( 'NONE',  ( -30.72923051281290086, 49.09622911038089654, 10.59310966298948031 ) ) ;
#558 = DIRECTION ( 'NONE',  ( 0.3157894736842106198, 0.9488292830168392200, 0.000000000000000000 ) ) ;
#559 = CARTESIAN_POINT ( 'NONE',  ( 7.088414882315250409, 26.41994544714095028, 31.71894674371984735 ) ) ;
#560 = CARTESIAN_POINT ( 'NONE',  ( -12.05224987296388761, 73.49104058556096675, 24.71672704171248824 ) ) ;
#561 = CARTESIAN_POINT ( 'NONE',  ( -2.939307034280094655, 86.55826757110646952, 5.460490343170808281 ) ) ;
#562 = FACE_OUTER_BOUND ( 'NONE', #1227, .T. ) ;
#563 = VERTEX_POINT ( 'NONE', #1640 ) ;
#564 = CARTESIAN_POINT ( 'NONE',  ( -15.34742416828394873, 63.08004414466099519, 37.24784033840305142 ) ) ;
#565 = CARTESIAN_POINT ( 'NONE',  ( 7.239949323249412316, 83.89862956937994909, 26.21815128147990137 ) ) ;
#566 = ORIENTED_EDGE ( 'NONE', *, *, #3397, .F. ) ;
#567 = CARTESIAN_POINT ( 'NONE',  ( -31.95962728536035158, 51.26938374544471344, 15.35064025500624574 ) ) ;
#568 = CARTESIAN_POINT ( 'NONE',  ( -13.79674568998186146, 67.21260498352800994, 34.64727375027985090 ) ) ;
#569 = ORIENTED_EDGE ( 'NONE', *, *, #3937, .T. ) ;
#570 = FACE_OUTER_BOUND ( 'NONE', #704, .T. ) ;
#571 = CARTESIAN_POINT ( 'NONE',  ( 29.94204946964000058, 30.93023920751880240, 21.58992762999487525 ) ) ;
#572 = AXIS2_PLACEMENT_3D ( 'NONE', #2807, #2428, #3959 ) ;
#573 = CARTESIAN_POINT ( 'NONE',  ( 24.07455484180451677, 29.51034746957952848, 28.53476580748714042 ) ) ;
#574 = CARTESIAN_POINT ( 'NONE',  ( 5.013637734200920626, 30.34376117558684527, 36.73961425142075399 ) ) ;
#575 = CARTESIAN_POINT ( 'NONE',  ( 14.73637893366560547, 83.06704895098864938, 25.97987415946187539 ) ) ;
#576 = CARTESIAN_POINT ( 'NONE',  ( -6.633249580710800508, 54.50000000000000000, 25.65638322133500182 ) ) ;
#577 = CARTESIAN_POINT ( 'NONE',  ( -7.471249736560316101, 58.70004458784672607, 25.07702573267779655 ) ) ;
#578 = CARTESIAN_POINT ( 'NONE',  ( -23.26693336006372448, 45.50732300878611625, 22.73209308702266895 ) ) ;
#579 = CARTESIAN_POINT ( 'NONE',  ( -0.3321600982229502286, 50.50000000000000000, 26.50000000000000000 ) ) ;
#580 = CC_DESIGN_DATE_AND_TIME_ASSIGNMENT ( #447, #4320, ( #2787 ) ) ;
#581 = CARTESIAN_POINT ( 'NONE',  ( -0.8333522303255617159, 29.03052073929906385, 32.49385750405332374 ) ) ;
#582 = CARTESIAN_POINT ( 'NONE',  ( -26.87904301104649818, 80.15789473684209554, -40.29751541523789626 ) ) ;
#583 = CARTESIAN_POINT ( 'NONE',  ( -14.59276426009932415, 51.43805294210152823, 31.59339576097097790 ) ) ;
#584 = CARTESIAN_POINT ( 'NONE',  ( 28.64986067419510007, 28.64016830399485158, 15.34589231780844898 ) ) ;
#585 = CARTESIAN_POINT ( 'NONE',  ( 0.000000000000000000, 0.000000000000000000, 0.000000000000000000 ) ) ;
#586 = CARTESIAN_POINT ( 'NONE',  ( -11.31816837922196939, 41.34019702968329568, 33.94354106831176665 ) ) ;
#587 = ORIENTED_EDGE ( 'NONE', *, *, #4474, .T. ) ;
#588 = CARTESIAN_POINT ( 'NONE',  ( -30.21965826752783002, 48.11182582640909544, 19.65057498123464441 ) ) ;
#589 = LINE ( 'NONE', #4705, #4044 ) ;
#590 = ORIENTED_EDGE ( 'NONE', *, *, #2201, .F. ) ;
#591 = PLANE ( 'NONE',  #2381 ) ;
#592 = EDGE_CURVE ( 'NONE', #4850, #4719, #4069, .T. ) ;
#593 = ORIENTED_EDGE ( 'NONE', *, *, #4117, .F. ) ;
#594 = CARTESIAN_POINT ( 'NONE',  ( 30.39419981170797058, 31.83043026693456312, 20.53520006288242072 ) ) ;
#595 = APPROVAL_PERSON_ORGANIZATION ( #4793, #2078, #1999 ) ;
#596 = CARTESIAN_POINT ( 'NONE',  ( 24.31572234785818765, 29.41597235419196110, 28.37026986138330642 ) ) ;
#597 = CARTESIAN_POINT ( 'NONE',  ( 7.020351659268255773, 31.87852923797919402, 35.99108796293625545 ) ) ;
#598 = EDGE_CURVE ( 'NONE', #3414, #2688, #2267, .T. ) ;
#599 = VECTOR ( 'NONE', #3499, 1000.000000000000000 ) ;
#600 = CARTESIAN_POINT ( 'NONE',  ( 10.81725726634099516, 85.12044783705604800, 19.07054648037250288 ) ) ;
#601 = ORIENTED_EDGE ( 'NONE', *, *, #4043, .T. ) ;
#602 = CARTESIAN_POINT ( 'NONE',  ( 6.375527281857897854, 54.03557012345212485, 25.72298725998329161 ) ) ;
#603 = AXIS2_PLACEMENT_3D ( 'NONE', #1971, #1642, #3916 ) ;
#604 = CARTESIAN_POINT ( 'NONE',  ( -6.727318206778882370, 61.35993593082062603, 24.70294497539236644 ) ) ;
#605 = CARTESIAN_POINT ( 'NONE',  ( 8.620706521914639708, 85.82505508463889043, 0.9686523377541550461 ) ) ;
#606 = CARTESIAN_POINT ( 'NONE',  ( 31.24174191523275113, 35.84210526315790446, 17.82326951104110080 ) ) ;
#607 = CARTESIAN_POINT ( 'NONE',  ( 8.696911113642601165, 27.82434456078065210, 31.31864377337650041 ) ) ;
#608 = CARTESIAN_POINT ( 'NONE',  ( -12.05218933686730942, 73.28167882826139135, 25.04202237700335942 ) ) ;
#609 = EDGE_CURVE ( 'NONE', #3516, #4916, #4068, .T. ) ;
#610 = CARTESIAN_POINT ( 'NONE',  ( -16.00100395651969265, 58.22152593927446418, 37.11723214283937011 ) ) ;
#611 = CARTESIAN_POINT ( 'NONE',  ( 18.93574786200795046, 25.29196254503515107, 26.41569881229264993 ) ) ;
#612 = CARTESIAN_POINT ( 'NONE',  ( 16.92512286286135392, 57.81300139535461824, 40.86086116035077254 ) ) ;
#613 = CARTESIAN_POINT ( 'NONE',  ( 1.491474797701366262, 86.88814968471362477, 5.401108016743097373 ) ) ;
#614 = VERTEX_POINT ( 'NONE', #576 ) ;
#615 = CARTESIAN_POINT ( 'NONE',  ( -17.89986210844327630, 49.16623791867498738, 31.03149555341230581 ) ) ;
#616 = B_SPLINE_CURVE_WITH_KNOTS ( 'NONE', 3,
 ( #2367, #1597, #1901, #840, #3472, #3550, #350, #3899, #4994, #3172, #4219, #428, #1981, #3927, #2008, #74, #46, #405 ),
 .UNSPECIFIED., .F., .F.,
 ( 4, 2, 2, 1, 1, 1, 1, 2, 2, 2, 4 ),
 ( 0.000000000000000000, 0.2500000000000832667, 0.3750000000001246780, 0.4375000000001452172, 0.4687500000001554312, 0.4843750000001580958, 0.4921875000001619815, 0.4960937500001639799, 0.5000000000001658673, 0.7500000000000830447, 1.000000000000000000 ),
 .UNSPECIFIED. ) ;
#617 = DIRECTION ( 'NONE',  ( 0.000000000000000000, 0.000000000000000000, 1.000000000000000000 ) ) ;
#618 = ORIENTED_EDGE ( 'NONE', *, *, #3454, .F. ) ;
#619 = DIRECTION ( 'NONE',  ( 0.000000000000000000, 0.000000000000000000, -1.000000000000000000 ) ) ;
#620 = EDGE_LOOP ( 'NONE', ( #3284, #2058, #4594, #3519, #4109 ) ) ;
#621 = DIRECTION ( 'NONE',  ( 0.7071067811865485719, 0.000000000000000000, 0.7071067811865465735 ) ) ;
#622 = B_SPLINE_CURVE_WITH_KNOTS ( 'NONE', 3,
 ( #1860, #2595, #710, #4130 ),
 .UNSPECIFIED., .F., .F.,
 ( 4, 4 ),
 ( 0.000000000000000000, 1.000000000000000000 ),
 .UNSPECIFIED. ) ;
#623 = CARTESIAN_POINT ( 'NONE',  ( -14.67486838444307828, 51.38277768321928818, 31.64433587648580470 ) ) ;
#624 = CARTESIAN_POINT ( 'NONE',  ( 3.138005575778149758, 29.50509817571915150, 37.20342138807305332 ) ) ;
#625 = CARTESIAN_POINT ( 'NONE',  ( 13.46803838860270908, 83.87588533170924165, 23.74380479360458196 ) ) ;
#626 = ORIENTED_EDGE ( 'NONE', *, *, #698, .F. ) ;
#627 = CARTESIAN_POINT ( 'NONE',  ( 22.26733427892991557, 52.99500471673294300, 14.36734608716727735 ) ) ;
#628 = CARTESIAN_POINT ( 'NONE',  ( -7.358431088710851498, 59.45034361574290216, 24.97193623168168486 ) ) ;
#629 = CARTESIAN_POINT ( 'NONE',  ( 21.03048428226926703, 78.45869640989891991, 6.812235377165564820 ) ) ;
#630 = CARTESIAN_POINT ( 'NONE',  ( -30.96542487402546584, 50.19462245445428294, 9.869569723432542574 ) ) ;
#631 = CARTESIAN_POINT ( 'NONE',  ( 7.749106111952859699, 32.67400511783725392, 35.65404623540359097 ) ) ;
#632 = DIRECTION ( 'NONE',  ( 0.7071067811865442421, 0.000000000000000000, 0.7071067811865507924 ) ) ;
#633 = ORIENTED_EDGE ( 'NONE', *, *, #300, .T. ) ;
#634 = FACE_OUTER_BOUND ( 'NONE', #2172, .T. ) ;
#635 = CARTESIAN_POINT ( 'NONE',  ( 24.01905250217375709, 29.10282378197138442, 21.91315754550427641 ) ) ;
#636 = CARTESIAN_POINT ( 'NONE',  ( 35.35533905932745569, 77.00000000000000000, 28.28427124746184873 ) ) ;
#637 = CARTESIAN_POINT ( 'NONE',  ( -14.77197241599840005, 51.71758665468490079, 32.02141636110219736 ) ) ;
#638 = VERTEX_POINT ( 'NONE', #2108 ) ;
#639 = CARTESIAN_POINT ( 'NONE',  ( -18.04361161123343393, 49.06914829241537035, 30.97060715693352506 ) ) ;
#640 = CARTESIAN_POINT ( 'NONE',  ( 23.10428397781705456, 58.00000000000000000, 12.49768226001874005 ) ) ;
#641 = ORIENTED_EDGE ( 'NONE', *, *, #4655, .T. ) ;
#642 = CARTESIAN_POINT ( 'NONE',  ( -31.55145405113875157, 54.50000000000000000, 7.794597312169499581 ) ) ;
#643 = VERTEX_POINT ( 'NONE', #2132 ) ;
#644 = FACE_OUTER_BOUND ( 'NONE', #2877, .T. ) ;
#645 = DIRECTION ( 'NONE',  ( 1.000000000000000000, 0.000000000000000000, 0.000000000000000000 ) ) ;
#646 = CARTESIAN_POINT ( 'NONE',  ( 8.654221620531847847, 33.98811052483897299, 35.18170286130652613 ) ) ;
#647 = ORIENTED_EDGE ( 'NONE', *, *, #4503, .T. ) ;
#648 = CARTESIAN_POINT ( 'NONE',  ( 20.50522468067256909, 50.97410019950164894, 16.78689909944648306 ) ) ;
#649 = EDGE_CURVE ( 'NONE', #3062, #2169, #2936, .T. ) ;
#650 = CARTESIAN_POINT ( 'NONE',  ( -3.947148547053497936, 64.38204316120260273, 24.27099891729356074 ) ) ;
#651 = LINE ( 'NONE', #4910, #2300 ) ;
#652 = CARTESIAN_POINT ( 'NONE',  ( -26.85360323278396066, 42.62330208272106802, 18.30685172922828841 ) ) ;
#653 = CARTESIAN_POINT ( 'NONE',  ( -6.276285094010320087, 31.21054667451775089, 36.30031522095890040 ) ) ;
#654 = CARTESIAN_POINT ( 'NONE',  ( 5.071820507404683376, 85.79527043173887080, 12.24445785489155014 ) ) ;
#655 = ADVANCED_FACE ( 'NONE', ( #1362 ), #2914, .T. ) ;
#656 = ORIENTED_EDGE ( 'NONE', *, *, #1429, .F. ) ;
#657 = CARTESIAN_POINT ( 'NONE',  ( -15.43694668592300090, 62.81223900590911313, 37.35489916926210441 ) ) ;
#658 = CARTESIAN_POINT ( 'NONE',  ( 23.91980530471590072, 29.57006580222339664, 28.64093547565105169 ) ) ;
#659 = CARTESIAN_POINT ( 'NONE',  ( -16.06489371346386363, 59.82831620592094168, 37.65371728959862452 ) ) ;
#660 = CARTESIAN_POINT ( 'NONE',  ( -15.71932788734577890, 55.01624851568911367, 35.49305478031004668 ) ) ;
#661 = EDGE_LOOP ( 'NONE', ( #2307, #1933, #4643, #1158 ) ) ;
#662 = CARTESIAN_POINT ( 'NONE',  ( -27.68974170492903752, 46.64115841062392320, 23.62530925624747624 ) ) ;
#663 = CARTESIAN_POINT ( 'NONE',  ( -14.77804066546554829, 51.64536640577935600, 31.92895602189841497 ) ) ;
#664 = EDGE_LOOP ( 'NONE', ( #1383, #475, #626 ) ) ;
#665 = CARTESIAN_POINT ( 'NONE',  ( 7.744438495576480008, 85.39752492043490406, 30.15011106616494985 ) ) ;
#666 = CARTESIAN_POINT ( 'NONE',  ( 26.74263811932878454, 25.59676267767529367, 18.47095084268062593 ) ) ;
#667 = LINE ( 'NONE', #1405, #241 ) ;
#668 = LINE ( 'NONE', #1433, #1005 ) ;
#669 = CARTESIAN_POINT ( 'NONE',  ( -2.087108236372220649, 24.19422128229005509, 32.43303412454099544 ) ) ;
#670 = B_SPLINE_CURVE_WITH_KNOTS ( 'NONE', 3,
 ( #3355, #2982, #378, #4088, #4882, #4511, #2599, #2176, #3712, #238, #4134, #1927, #1793, #3471, #1538, #3093, #1272, #45, #2821, #1243, #3577, #3120, #2060, #4646, #3523, #811, #2393, #3926, #2441, #4373, #4745, #894, #2035, #1624, #4721, #4695, #98, #1954, #3495, #73, #1650, #3198, #2798, #124, #1980 ),
 .UNSPECIFIED., .F., .F.,
 ( 4, 2, 2, 2, 2, 2, 2, 2, 2, 1, 2, 2, 2, 2, 2, 1, 1, 2, 2, 2, 2, 2, 2, 4 ),
 ( 0.000000000000000000, 0.1250000000000005551, 0.1875000000000011102, 0.2500000000000016653, 0.3125000000000022204, 0.3437500000000019984, 0.3750000000000017208, 0.4375000000000012768, 0.4687500000000014988, 0.4843750000000012768, 0.4921875000000011102, 0.5000000000000009992, 0.6250000000000028866, 0.6875000000000039968, 0.7187500000000043299, 0.7343750000000043299, 0.7421875000000044409, 0.7460937500000044409, 0.7500000000000044409, 0.8125000000000031086, 0.8437500000000025535, 0.8593750000000022204, 0.8750000000000019984, 1.000000000000000000 ),
 .UNSPECIFIED. ) ;
#671 = ORIENTED_EDGE ( 'NONE', *, *, #4621, .F. ) ;
#672 = VECTOR ( 'NONE', #1309, 1000.000000000000114 ) ;
#673 = CARTESIAN_POINT ( 'NONE',  ( 20.28498912493413897, 50.85609708969589349, 17.05217357863844185 ) ) ;
#674 = EDGE_CURVE ( 'NONE', #2588, #212, #685, .T. ) ;
#675 = CARTESIAN_POINT ( 'NONE',  ( 2.768567213870380517, 64.97036680322041491, 24.18589539497857643 ) ) ;
#676 = CARTESIAN_POINT ( 'NONE',  ( 18.47459864736085322, 80.89335445519809298, 5.161185210093852227 ) ) ;
#677 = DIRECTION ( 'NONE',  ( 0.000000000000000000, 1.000000000000000000, 0.000000000000000000 ) ) ;
#678 = CARTESIAN_POINT ( 'NONE',  ( -6.859416348316058176, 31.65829855503494272, 31.90298326516906968 ) ) ;
#679 = ADVANCED_FACE ( 'NONE', ( #271 ), #3642, .F. ) ;
#680 = ORIENTED_EDGE ( 'NONE', *, *, #4117, .T. ) ;
#681 = CARTESIAN_POINT ( 'NONE',  ( -14.74950871028429233, 51.78659947806102792, 32.04044463703113621 ) ) ;
#682 = CARTESIAN_POINT ( 'NONE',  ( 19.78450590199328119, 29.93085777901873712, 25.88383739139673523 ) ) ;
#683 = CARTESIAN_POINT ( 'NONE',  ( -16.10325395397856241, 59.44977685369988762, 37.59487964866461596 ) ) ;
#684 = CARTESIAN_POINT ( 'NONE',  ( -15.33206076411632246, 62.59955729704083893, 37.49943686259236841 ) ) ;
#685 = CIRCLE ( 'NONE', #4798, 5.000000000000001776 ) ;
#686 = CARTESIAN_POINT ( 'NONE',  ( -27.69525304172577052, 46.64264416366421528, 23.61825862948359855 ) ) ;
#687 = FACE_OUTER_BOUND ( 'NONE', #3559, .T. ) ;
#688 =( BOUNDED_SURFACE ( )  B_SPLINE_SURFACE ( 2, 3, ( 
 ( #730, #4989, #13, #806, #1976, #2656, #3442, #3142, #783, #2338, #3867, #1216, #400, #1949, #3491, #1561, #4296, #835, #3922, #2389, #69, #1619, #4568, #2283, #3817, #346, #1898, #4964, #3247, #1340 ),
 ( #1319, #3603, #121, #197, #2462, #2894, #3629, #1702, #1676, #4418, #4046, #2111, #4742, #147, #2871, #4795, #2795, #578, #2085, #172, #4769, #4395, #3221, #1295, #3168, #3998, #969, #946, #2489, #2845 ),
 ( #2057, #3271, #4347, #4024, #4371, #557, #3651, #4692, #1725, #4322, #891, #864, #2438, #1647, #500, #95, #2512, #2134, #3573, #3673, #2413, #920, #1240, #3947, #474, #2032, #3195, #4718, #1268, #2818 ) ),
 .UNSPECIFIED., .F., .F., .T. ) 
 B_SPLINE_SURFACE_WITH_KNOTS ( ( 3, 3 ),
 ( 4, 2, 2, 2, 2, 2, 2, 2, 2, 2, 2, 2, 2, 2, 4 ),
 ( 0.000000000000000000, 1.000000000000000000 ),
 ( -0.001155146174903060041, 0.001017893287042243890, 0.003190932748987545219, 0.005363972210932850017, 0.007537011672878160019, 0.009710051134823458746, 0.01188309059676875834, 0.01405613005871406140, 0.01622916952065935059, 0.02057524844454999835, 0.02492132736844060101, 0.02709436683038589713, 0.02926740629233120020, 0.03144044575427649979, 0.03361348521622180285 ),
 .UNSPECIFIED. ) 
 GEOMETRIC_REPRESENTATION_ITEM ( )  RATIONAL_B_SPLINE_SURFACE ( (
 ( 1.000000000000000000, 1.000000000000000000, 1.000000000000000000, 1.000000000000000000, 1.000000000000000000, 1.000000000000000000, 1.000000000000000000, 1.000000000000000000, 1.000000000000000000, 1.000000000000000000, 1.000000000000000000, 1.000000000000000000, 1.000000000000000000, 1.000000000000000000, 1.000000000000000000, 1.000000000000000000, 1.000000000000000000, 1.000000000000000000, 1.000000000000000000, 1.000000000000000000, 1.000000000000000000, 1.000000000000000000, 1.000000000000000000, 1.000000000000000000, 1.000000000000000000, 1.000000000000000000, 1.000000000000000000, 1.000000000000000000, 1.000000000000000000, 1.000000000000000000),
 ( 0.8793937305515290292, 0.8773698516735509711, 0.8745837149981200431, 0.8678914954641259172, 0.8639739567685880139, 0.8552351213033040356, 0.8503871433059289053, 0.8401340517594140245, 0.8348003157027199528, 0.8240579475777269902, 0.8186472760134420046, 0.8081468806961910056, 0.8030980780751479919, 0.7940712796172240129, 0.7900564383633350563, 0.7834563470907109917, 0.7808645341275479712, 0.7759805867017040004, 0.7765665839605550014, 0.7852907649939310231, 0.7931333143993319901, 0.8075537234462228930, 0.8128057775439410104, 0.8234427357407529957, 0.8288655149277569523, 0.8395446718475059189, 0.8448425164179690361, 0.8547066334742640104, 0.8592742254114869027, 0.8633588434318230087),
 ( 1.000000000000000000, 1.000000000000000000, 1.000000000000000000, 1.000000000000000000, 1.000000000000000000, 1.000000000000000000, 1.000000000000000000, 1.000000000000000000, 1.000000000000000000, 1.000000000000000000, 1.000000000000000000, 1.000000000000000000, 1.000000000000000000, 1.000000000000000000, 1.000000000000000000, 1.000000000000000000, 1.000000000000000000, 1.000000000000000000, 1.000000000000000000, 1.000000000000000000, 1.000000000000000000, 1.000000000000000000, 1.000000000000000000, 1.000000000000000000, 1.000000000000000000, 1.000000000000000000, 1.000000000000000000, 1.000000000000000000, 1.000000000000000000, 1.000000000000000000) ) ) 
 REPRESENTATION_ITEM ( '' )  SURFACE ( )  );
#689 = ORIENTED_EDGE ( 'NONE', *, *, #3509, .T. ) ;
#690 = CARTESIAN_POINT ( 'NONE',  ( -10.27062744951559914, 70.99165304401759613, 26.25753364092163622 ) ) ;
#691 = CARTESIAN_POINT ( 'NONE',  ( 25.96977603639072285, 24.94639761053943161, 19.54053494027977678 ) ) ;
#692 = CARTESIAN_POINT ( 'NONE',  ( 5.000000000000000000, 77.00000000000000000, 70.00000000000000000 ) ) ;
#693 = CARTESIAN_POINT ( 'NONE',  ( -14.63291294323673242, 47.35208750085092078, 29.43611923842397715 ) ) ;
#694 = DIRECTION ( 'NONE',  ( 1.000000000000000000, 0.000000000000000000, 0.000000000000000000 ) ) ;
#695 = AXIS2_PLACEMENT_3D ( 'NONE', #1610, #2786, #2051 ) ;
#696 = CARTESIAN_POINT ( 'NONE',  ( 21.38173228278268923, 51.68711246130934711, 15.65477420090732963 ) ) ;
#697 = AXIS2_PLACEMENT_3D ( 'NONE', #4826, #2956, #4175 ) ;
#698 = EDGE_CURVE ( 'NONE', #3048, #1590, #277, .T. ) ;
#699 = CARTESIAN_POINT ( 'NONE',  ( -3.261108793681656515, 64.75571196000011298, 24.21696333699608772 ) ) ;
#700 = CARTESIAN_POINT ( 'NONE',  ( 9.945511455109848242, 85.39866334488552013, 2.151957088724513856 ) ) ;
#701 = CARTESIAN_POINT ( 'NONE',  ( -5.441370246385026199, 52.83844239674279208, 25.93533462360912267 ) ) ;
#702 = CARTESIAN_POINT ( 'NONE',  ( -8.673380401507460036, 27.81981585799555035, 31.32240934132159893 ) ) ;
#703 = CARTESIAN_POINT ( 'NONE',  ( 10.05866199738028044, 85.41558528218810409, 17.73316238577465143 ) ) ;
#704 = EDGE_LOOP ( 'NONE', ( #3368, #3439, #4566, #618 ) ) ;
#705 = CARTESIAN_POINT ( 'NONE',  ( -13.58622011912858696, 51.51622945770256479, 22.75225280271019912 ) ) ;
#706 = CARTESIAN_POINT ( 'NONE',  ( 18.91426568917836804, 30.53914585524157843, 26.55442071221183653 ) ) ;
#707 = CARTESIAN_POINT ( 'NONE',  ( 15.90975495897975200, 59.71043138603669576, 50.41252938225199642 ) ) ;
#708 = CARTESIAN_POINT ( 'NONE',  ( -30.95102290639377429, 55.52952473478183038, 10.22505971010722625 ) ) ;
#709 = CARTESIAN_POINT ( 'NONE',  ( -16.37410858309090855, 50.32794632678096036, 31.62037995442604910 ) ) ;
#710 = CARTESIAN_POINT ( 'NONE',  ( -14.74256820344954733, 51.62493539593947389, 31.90263655136088516 ) ) ;
#711 = VERTEX_POINT ( 'NONE', #3746 ) ;
#712 = CARTESIAN_POINT ( 'NONE',  ( -22.23852555227619732, 75.81592700441510146, 16.75318888921044547 ) ) ;
#713 = CARTESIAN_POINT ( 'NONE',  ( 17.16858025257729636, 26.64275473991312992, 27.59577880948621598 ) ) ;
#714 = ADVANCED_FACE ( 'NONE', ( #4213 ), #4337, .F. ) ;
#715 = CARTESIAN_POINT ( 'NONE',  ( 6.057961512429032247, 86.45505384230779100, 10.68003012412964559 ) ) ;
#716 = B_SPLINE_CURVE_WITH_KNOTS ( 'NONE', 3,
 ( #1247, #2800, #2343, #1223, #4352, #406, #2772, #1194, #4326, #2715, #3873, #3952, #4302, #3122, #869, #3579, #100, #1652, #3201, #2823, #896, #3978, #1956, #3497, #20, #1568, #560, #3654, #1343, #3319, #248, #3251, #608, #4101, #3723, #1753, #4799 ),
 .UNSPECIFIED., .F., .F.,
 ( 4, 2, 2, 2, 1, 2, 2, 2, 1, 1, 1, 1, 2, 2, 2, 2, 1, 1, 1, 1, 2, 2, 4 ),
 ( 0.000000000000000000, 0.1249999999999631406, 0.1874999999999447109, 0.2031249999999406031, 0.2187499999999364952, 0.2499999999999282241, 0.3749999999998936406, 0.4374999999998763212, 0.4687499999998676614, 0.4843749999998626654, 0.4921874999998583355, 0.4960937499998568923, 0.4980468749998580025, 0.4999999999998591127, 0.6249999999999207301, 0.6874999999999507061, 0.7187499999999671374, 0.7343749999999759082, 0.7421874999999783507, 0.7460937499999794609, 0.7480468749999791278, 0.7499999999999787947, 1.000000000000000000 ),
 .UNSPECIFIED. ) ;
#717 = B_SPLINE_CURVE_WITH_KNOTS ( 'NONE', 3,
 ( #1897, #1509, #3018, #4268, #4588, #782, #4614, #1110, #2337, #3415, #3842, #3816, #3089, #2681, #3773, #1159, #3393, #4940, #1855, #1487, #705, #4917, #1465, #4543, #301, #756, #4567, #4988, #2709, #2308, #2237, #4169, #2261, #4190, #3794, #728, #2282, #4242, #345, #3440, #3866, #3490, #4963, #3063, #1134, #374, #1923, #2001, #422, #3141, #2031, #2817, #3946, #4768, #2870, #1975, #3517, #1215, #890, #919, #805, #4717, #3972, #1591, #3628, #1239, #2084, #3572, #3892, #2437, #39, #2844, #94, #4295, #2056, #834, #3246, #3167, #4669, #2793, #2765, #120, #1701, #3921, #2387, #449, #1267, #499 ),
 .UNSPECIFIED., .F., .F.,
 ( 4, 2, 2, 1, 1, 1, 1, 2, 2, 2, 2, 1, 1, 1, 2, 2, 2, 1, 1, 1, 2, 2, 2, 2, 1, 1, 1, 1, 2, 2, 2, 2, 2, 1, 1, 1, 1, 2, 2, 2, 2, 2, 1, 1, 1, 2, 2, 2, 2, 2, 1, 1, 1, 2, 2, 4 ),
 ( 0.000000000000000000, 0.06249999999996427857, 0.09374999999994647337, 0.1093749999999374944, 0.1171874999999327205, 0.1210937499999304029, 0.1230468749999288763, 0.1240234374999284045, 0.1249999999999279326, 0.1562499999999356348, 0.1718749999999395206, 0.1796874999999414357, 0.1835937499999422962, 0.1855468749999428235, 0.1865234374999430178, 0.1874999999999432121, 0.2187499999999503175, 0.2343749999999537870, 0.2421874999999551747, 0.2460937499999560629, 0.2480468749999562850, 0.2499999999999565348, 0.3124999999999761302, 0.3437499999999861222, 0.3593749999999907851, 0.3671874999999930611, 0.3710937499999944489, 0.3730468749999949485, 0.3740234374999948930, 0.3749999999999948375, 0.5000000000000132117, 0.5625000000000222045, 0.5937500000000268674, 0.6093750000000296430, 0.6171875000000310862, 0.6210937500000318634, 0.6230468750000320854, 0.6240234375000319744, 0.6250000000000317524, 0.6875000000000096589, 0.7187499999999987788, 0.7343749999999933387, 0.7421874999999905631, 0.7460937499999892308, 0.7480468749999887867, 0.7490234374999886757, 0.7499999999999885647, 0.7812499999999944489, 0.8125000000000003331, 0.8437500000000062172, 0.8593750000000093259, 0.8671875000000105471, 0.8710937500000112133, 0.8730468750000114353, 0.8750000000000115463, 1.000000000000000000 ),
 .UNSPECIFIED. ) ;
#718 = CARTESIAN_POINT ( 'NONE',  ( -14.66611220246439728, 47.10712715449445653, 29.35226350704523668 ) ) ;
#719 = CARTESIAN_POINT ( 'NONE',  ( -6.085060386972663160, 25.74462280138140358, 31.92528158986555198 ) ) ;
#720 = CARTESIAN_POINT ( 'NONE',  ( 21.29403855948992330, 51.59580542651913504, 15.77383680524501308 ) ) ;
#721 = AXIS2_PLACEMENT_3D ( 'NONE', #4857, #4113, #786 ) ;
#722 = CARTESIAN_POINT ( 'NONE',  ( 6.337615466572243506, 62.01803309742911097, 24.60963796908496803 ) ) ;
#723 = DIRECTION ( 'NONE',  ( 0.2232968782694355891, -0.9488292830168393310, -0.2232968782694365883 ) ) ;
#724 = CARTESIAN_POINT ( 'NONE',  ( -3.087924880984708853, 51.16308321097862688, 26.31971568152530239 ) ) ;
#725 = FACE_OUTER_BOUND ( 'NONE', #3725, .T. ) ;
#726 = CARTESIAN_POINT ( 'NONE',  ( 9.606482298606689341, 36.19722042038629439, 34.64548246917324548 ) ) ;
#727 = ORIENTED_EDGE ( 'NONE', *, *, #4913, .F. ) ;
#728 = CARTESIAN_POINT ( 'NONE',  ( -15.89162857416378394, 50.05009913752537187, 21.20755615651158621 ) ) ;
#729 = B_SPLINE_CURVE_WITH_KNOTS ( 'NONE', 3,
 ( #2847, #4324, #2490, #454, #3548, #1622, #2797, #3170, #3949, #476, #2034, #2086, #3576, #97, #4372, #3197, #4720, #2463, #1271, #2820, #3975, #921, #3630, #149, #652, #3698, #1439, #2585, #3295, #224, #1414, #3364, #2990, #1017, #246, #1775, #4819, #2895, #4442, #4518, #4891, #2944, #3389, #630, #1064, #1803, #3744, #3338, #994, #4866 ),
 .UNSPECIFIED., .F., .F.,
 ( 4, 2, 2, 1, 2, 2, 2, 2, 1, 2, 2, 2, 1, 1, 2, 2, 2, 2, 1, 2, 2, 2, 2, 2, 1, 2, 2, 4 ),
 ( 0.000000000000000000, 0.06249999999999926448, 0.09374999999999879263, 0.1093749999999986539, 0.1171874999999985706, 0.1249999999999984734, 0.2499999999999961142, 0.3124999999999947264, 0.3437499999999940048, 0.3593749999999937828, 0.3749999999999935607, 0.4374999999999918954, 0.4687499999999912847, 0.4843749999999909517, 0.4921874999999910072, 0.4999999999999910072, 0.5624999999999925615, 0.5937499999999936717, 0.6093749999999942268, 0.6171874999999945599, 0.6249999999999947820, 0.7499999999999973355, 0.8124999999999988898, 0.8437499999999994449, 0.8593749999999996669, 0.8671874999999997780, 0.8749999999999998890, 1.000000000000000000 ),
 .UNSPECIFIED. ) ;
#730 = CARTESIAN_POINT ( 'NONE',  ( -32.82329888108949945, 56.09233158979590428, 12.09733568480293897 ) ) ;
#731 = CARTESIAN_POINT ( 'NONE',  ( 15.63995501138125022, 54.59774769212020118, 49.55762634818709955 ) ) ;
#732 = CARTESIAN_POINT ( 'NONE',  ( 32.02537382117184706, 63.05263157894739834, 10.55581797446530068 ) ) ;
#733 = AXIS2_PLACEMENT_3D ( 'NONE', #1165, #3445, #2743 ) ;
#734 = DIRECTION ( 'NONE',  ( 0.000000000000000000, -1.000000000000000000, 0.000000000000000000 ) ) ;
#735 = DIRECTION ( 'NONE',  ( -0.000000000000000000, 1.000000000000000000, 0.000000000000000000 ) ) ;
#736 = EDGE_LOOP ( 'NONE', ( #1593, #1409, #4056, #1763, #4189 ) ) ;
#737 = CARTESIAN_POINT ( 'NONE',  ( -9.410480127445772780, 35.60830718853387111, 34.74208340647865612 ) ) ;
#738 = CARTESIAN_POINT ( 'NONE',  ( 18.75292352372644089, 25.39167546955911803, 26.55108169376342886 ) ) ;
#739 = CARTESIAN_POINT ( 'NONE',  ( 5.928885691121695167, 86.44850345362510780, 0.6303692874505962829 ) ) ;
#740 = CARTESIAN_POINT ( 'NONE',  ( -12.93966408998143613, 69.78781469691661243, 31.39201418600685400 ) ) ;
#741 = ADVANCED_FACE ( 'NONE', ( #1972 ), #329, .F. ) ;
#742 = CARTESIAN_POINT ( 'NONE',  ( -7.393028149089938772, 26.65898515585985606, 31.64851765541720852 ) ) ;
#743 = CARTESIAN_POINT ( 'NONE',  ( 19.05968329375674486, 64.97036680332638525, 15.14433799193583319 ) ) ;
#744 = CARTESIAN_POINT ( 'NONE',  ( 19.21153744605489067, 50.50040942451906290, 18.26495629585173930 ) ) ;
#745 = CARTESIAN_POINT ( 'NONE',  ( 21.27504819280438397, 31.17670121789726778, 30.08511279198427246 ) ) ;
#746 = EDGE_CURVE ( 'NONE', #3305, #1418, #716, .T. ) ;
#747 = CARTESIAN_POINT ( 'NONE',  ( 0.9761690725192605500, 65.45255145159114818, 24.11609874387304941 ) ) ;
#748 = AXIS2_PLACEMENT_3D ( 'NONE', #1101, #4181, #2961 ) ;
#749 = DIRECTION ( 'NONE',  ( 0.7071067811865485719, 0.000000000000000000, 0.7071067811865465735 ) ) ;
#750 = AXIS2_PLACEMENT_3D ( 'NONE', #259, #4880, #3781 ) ;
#751 = CARTESIAN_POINT ( 'NONE',  ( -1.974859120150235903, 50.76466656721215287, 26.42631257366175745 ) ) ;
#752 = CARTESIAN_POINT ( 'NONE',  ( -15.14889950416682218, 52.85011160760372917, 33.44359951109992579 ) ) ;
#753 = CARTESIAN_POINT ( 'NONE',  ( -8.442442595246960835, 33.59358873848996296, 31.54122888750406872 ) ) ;
#754 = CARTESIAN_POINT ( 'NONE',  ( 1.041331859497887979, 87.00000000000000000, 3.770996247196479967 ) ) ;
#755 = ORIENTED_EDGE ( 'NONE', *, *, #2992, .T. ) ;
#756 = CARTESIAN_POINT ( 'NONE',  ( -13.95083301874334758, 51.21897440692173831, 22.53113311402961827 ) ) ;
#757 = CARTESIAN_POINT ( 'NONE',  ( 13.01836791115703917, 32.78888369103019329, 29.78060372638880082 ) ) ;
#758 = AXIS2_PLACEMENT_3D ( 'NONE', #4957, #1583, #827 ) ;
#759 = CARTESIAN_POINT ( 'NONE',  ( 15.96560046385259923, 59.07027109170910251, 50.58948453728249461 ) ) ;
#760 = CARTESIAN_POINT ( 'NONE',  ( 32.92990731630595036, 59.53924589089090347, 10.40277139077719859 ) ) ;
#761 = CARTESIAN_POINT ( 'NONE',  ( 33.19839116048835592, 52.94736842105259456, 11.72883531378177935 ) ) ;
#762 = FACE_BOUND ( 'NONE', #4808, .T. ) ;
#763 = CARTESIAN_POINT ( 'NONE',  ( -7.588882546076062496, 32.48779094222444286, 35.73051427911310896 ) ) ;
#764 = CARTESIAN_POINT ( 'NONE',  ( 14.35062871369090054, 34.61827305196529636, 34.64548246917324548 ) ) ;
#765 = CARTESIAN_POINT ( 'NONE',  ( 13.51001979827178090, 31.54548730887088581, 29.56965313499419779 ) ) ;
#766 = ADVANCED_FACE ( 'NONE', ( #2115 ), #3676, .T. ) ;
#767 = CARTESIAN_POINT ( 'NONE',  ( 7.243634655807458245, 86.19346207358550771, 0.7857691364810679424 ) ) ;
#768 = CARTESIAN_POINT ( 'NONE',  ( -13.82484732285251994, 67.62255533095640203, 34.22185478932939873 ) ) ;
#769 = CARTESIAN_POINT ( 'NONE',  ( -3.900305039895453074, 24.69063233398495782, 32.26522741144591322 ) ) ;
#770 = CARTESIAN_POINT ( 'NONE',  ( 22.77645396199281791, 59.78243523597855358, 12.47333037882384232 ) ) ;
#771 = CARTESIAN_POINT ( 'NONE',  ( 15.38595986232476598, 51.90948202042856963, 21.57599659637972778 ) ) ;
#772 = CARTESIAN_POINT ( 'NONE',  ( 20.44115757771209019, 31.92166253424217359, 30.43086678529059341 ) ) ;
#773 = CARTESIAN_POINT ( 'NONE',  ( 7.202844357805818554, 60.09381074159291103, 24.88161876811697226 ) ) ;
#774 = DIRECTION ( 'NONE',  ( 1.000000000000000000, 0.000000000000000000, 0.000000000000000000 ) ) ;
#775 = CIRCLE ( 'NONE', #2970, 32.50000000000000000 ) ;
#776 = DIRECTION ( 'NONE',  ( 0.7071067811865489050, 0.000000000000000000, 0.7071067811865460184 ) ) ;
#777 = B_SPLINE_CURVE_WITH_KNOTS ( 'NONE', 3,
 ( #1906, #2643, #2319, #1842 ),
 .UNSPECIFIED., .F., .F.,
 ( 4, 4 ),
 ( 0.000000000000000000, 1.000000000000000000 ),
 .UNSPECIFIED. ) ;
#778 = CARTESIAN_POINT ( 'NONE',  ( 13.68138163772556126, 54.03422420043006014, 22.69670999351116691 ) ) ;
#779 = CARTESIAN_POINT ( 'NONE',  ( 13.07400636943452277, 62.42197535377820827, 21.64792971246223630 ) ) ;
#780 = CARTESIAN_POINT ( 'NONE',  ( 9.111788493619229712, 81.12832579678421041, 32.99670503815625011 ) ) ;
#781 = EDGE_LOOP ( 'NONE', ( #2288, #4138, #2857, #3877, #3758, #2957, #4479, #179, #2708, #2211, #2959 ) ) ;
#782 = CARTESIAN_POINT ( 'NONE',  ( -12.29301281841734550, 52.81321229459172883, 23.47657680387971979 ) ) ;
#783 = CARTESIAN_POINT ( 'NONE',  ( -31.53336584613294846, 50.09361578322650388, 16.63443388843795390 ) ) ;
#784 = CARTESIAN_POINT ( 'NONE',  ( 24.39714576444545102, 56.28956861396439848, 46.89693700146730038 ) ) ;
#785 = CARTESIAN_POINT ( 'NONE',  ( -12.13105388152476749, 78.71738600395498509, 17.98423388777142051 ) ) ;
#786 = DIRECTION ( 'NONE',  ( 0.4258640645926060064, 0.9047871564565141966, 0.000000000000000000 ) ) ;
#787 = CARTESIAN_POINT ( 'NONE',  ( 31.08259431936267703, 52.41814480953768651, 9.862132767010193035 ) ) ;
#788 = CARTESIAN_POINT ( 'NONE',  ( -1.311003226020185819, 87.00000000000000000, 1.605645005184849872 ) ) ;
#789 = DIRECTION ( 'NONE',  ( 0.9488292830168393310, 0.3157894736842106198, 0.000000000000000000 ) ) ;
#790 = DIRECTION ( 'NONE',  ( 0.000000000000000000, 0.000000000000000000, 1.000000000000000000 ) ) ;
#791 = DIRECTION ( 'NONE',  ( 0.7071067811865461294, 0.000000000000000000, -0.7071067811865490160 ) ) ;
#792 = ORIENTED_EDGE ( 'NONE', *, *, #336, .T. ) ;
#793 = CARTESIAN_POINT ( 'NONE',  ( 6.117514293358989441, 86.41238380504266559, 0.6525786561367286076 ) ) ;
#794 = DIRECTION ( 'NONE',  ( 0.7071067811865467956, 0.000000000000000000, -0.7071067811865484609 ) ) ;
#795 = CARTESIAN_POINT ( 'NONE',  ( -10.97918034109461338, 30.93337199378043678, 30.59189244864542445 ) ) ;
#796 = CARTESIAN_POINT ( 'NONE',  ( 21.02944084537990577, 63.29377993535922542, 13.51599419719923567 ) ) ;
#797 = CARTESIAN_POINT ( 'NONE',  ( 19.89452819226119473, 32.49293320531017315, 30.63306788680973725 ) ) ;
#798 = CARTESIAN_POINT ( 'NONE',  ( 5.513945314773403439, 86.54728594587591317, 9.720944667554704210 ) ) ;
#799 = CARTESIAN_POINT ( 'NONE',  ( 2.023152736657820139, 87.00000000000000000, 0.5969499490611650527 ) ) ;
#800 = CARTESIAN_POINT ( 'NONE',  ( -5.430369865832984644, 52.82686764959706949, 25.93763943093713564 ) ) ;
#801 = CARTESIAN_POINT ( 'NONE',  ( -15.13239090537642362, 52.80050944141635227, 33.38348580436213098 ) ) ;
#802 = CARTESIAN_POINT ( 'NONE',  ( 12.45217610359729576, 59.38418852628338129, 22.87660127994976023 ) ) ;
#803 = CARTESIAN_POINT ( 'NONE',  ( 17.43468888586109955, 80.40488532785231257, 30.73690807375399814 ) ) ;
#804 = ORIENTED_EDGE ( 'NONE', *, *, #3028, .T. ) ;
#805 = CARTESIAN_POINT ( 'NONE',  ( -21.04247076449283682, 49.94768497159516585, 16.11284997421662268 ) ) ;
#806 = CARTESIAN_POINT ( 'NONE',  ( -32.51694697615675267, 53.66304636284440477, 13.35859869025198066 ) ) ;
#807 = ORIENTED_EDGE ( 'NONE', *, *, #3454, .T. ) ;
#808 = CARTESIAN_POINT ( 'NONE',  ( 16.16881921566335834, 59.08176752250827946, 39.03498263800675261 ) ) ;
#809 = CARTESIAN_POINT ( 'NONE',  ( 31.53229708878735238, 59.65207313232140507, 5.963222034920319992 ) ) ;
#810 = VECTOR ( 'NONE', #617, 1000.000000000000000 ) ;
#811 = CARTESIAN_POINT ( 'NONE',  ( -21.88431041676038191, 75.85632897100843763, 11.04095314381452120 ) ) ;
#812 = CARTESIAN_POINT ( 'NONE',  ( 33.27459846607311533, 56.06538224101085177, 10.78867126558673206 ) ) ;
#813 = CARTESIAN_POINT ( 'NONE',  ( -3.955376447735647005, 86.20422491980195900, 6.015073581073345110 ) ) ;
#814 = CARTESIAN_POINT ( 'NONE',  ( 32.50000000000000000, 12.00000000000000000, 0.000000000000000000 ) ) ;
#815 = CARTESIAN_POINT ( 'NONE',  ( -27.30831834020209570, 72.46680599591860528, 12.69014312323560034 ) ) ;
#816 = CARTESIAN_POINT ( 'NONE',  ( 0.000000000000000000, 87.00000000000000000, 0.000000000000000000 ) ) ;
#817 = EDGE_LOOP ( 'NONE', ( #501, #2680 ) ) ;
#818 = CARTESIAN_POINT ( 'NONE',  ( 17.82326951104125001, 35.84210526315784762, 31.24174191523270139 ) ) ;
#819 = EDGE_CURVE ( 'NONE', #1823, #2243, #4398, .T. ) ;
#820 = CYLINDRICAL_SURFACE ( 'NONE', #264, 16.00000000000001066 ) ;
#821 = LINE ( 'NONE', #4335, #672 ) ;
#822 = CARTESIAN_POINT ( 'NONE',  ( 19.10309935630639444, 64.94703899931460001, 15.10569346469071483 ) ) ;
#823 = CARTESIAN_POINT ( 'NONE',  ( 20.15579663868272320, 32.21008829601161949, 30.53898794695438923 ) ) ;
#824 = CARTESIAN_POINT ( 'NONE',  ( -2.031728832296438636, 29.20705053820485730, 37.37679316072012625 ) ) ;
#825 = EDGE_CURVE ( 'NONE', #3234, #3088, #2850, .T. ) ;
#826 = CARTESIAN_POINT ( 'NONE',  ( 2.476800378072225861, 86.91049928638892652, 4.366645667184221757 ) ) ;
#827 = DIRECTION ( 'NONE',  ( 1.000000000000000000, 0.000000000000000000, 0.000000000000000000 ) ) ;
#828 = FACE_OUTER_BOUND ( 'NONE', #4753, .T. ) ;
#829 = DIRECTION ( 'NONE',  ( -0.7071067811865440200, 0.000000000000000000, -0.7071067811865509034 ) ) ;
#830 = ADVANCED_FACE ( 'NONE', ( #2898, #4375 ), #924, .T. ) ;
#831 = CARTESIAN_POINT ( 'NONE',  ( 13.15650635926632006, 62.61200302649533000, 21.52703858109572366 ) ) ;
#832 = CALENDAR_DATE ( 2026, 4, 10 ) ;
#833 = ORIENTED_EDGE ( 'NONE', *, *, #1612, .T. ) ;
#834 = CARTESIAN_POINT ( 'NONE',  ( -22.62911935253846707, 51.34399208517745450, 13.79238310117502664 ) ) ;
#835 = CARTESIAN_POINT ( 'NONE',  ( -26.11641940704949860, 46.34195387288009726, 25.51036007570424857 ) ) ;
#836 = ORIENTED_EDGE ( 'NONE', *, *, #2843, .F. ) ;
#837 = CARTESIAN_POINT ( 'NONE',  ( 23.28003304440149890, 63.05263157894739834, 44.74958889110784810 ) ) ;
#838 = CARTESIAN_POINT ( 'NONE',  ( -3.455293291176983583, 86.53990828396004531, 4.268454084161654727 ) ) ;
#839 = CARTESIAN_POINT ( 'NONE',  ( 7.911592457659610389, 32.87839192785249764, 35.57350468051370029 ) ) ;
#840 = CARTESIAN_POINT ( 'NONE',  ( 13.06830839814228185, 55.43046357415670400, 23.03530049086411680 ) ) ;
#841 = CC_DESIGN_APPROVAL ( #4585, ( #4470 ) ) ;
#842 = CARTESIAN_POINT ( 'NONE',  ( -5.996383666700158876, 85.06671617678334485, 9.389879106121181707 ) ) ;
#843 = CARTESIAN_POINT ( 'NONE',  ( -16.82868764137919726, 59.55870977006890143, 16.82868764137900186 ) ) ;
#844 = VECTOR ( 'NONE', #3979, 1000.000000000000000 ) ;
#845 = CARTESIAN_POINT ( 'NONE',  ( 35.35533905932745569, 77.00000000000000000, 28.28427124746184873 ) ) ;
#846 = DIRECTION ( 'NONE',  ( 0.000000000000000000, -1.000000000000000000, 0.000000000000000000 ) ) ;
#847 = VERTEX_POINT ( 'NONE', #535 ) ;
#848 = CARTESIAN_POINT ( 'NONE',  ( 16.64945351781382499, 82.30126722374799897, 2.497809255236472126 ) ) ;
#849 = ORIENTED_EDGE ( 'NONE', *, *, #290, .T. ) ;
#850 = CIRCLE ( 'NONE', #2388, 15.50000000000000888 ) ;
#851 = CARTESIAN_POINT ( 'NONE',  ( -14.70924081062669941, 64.98760053538990178, 36.33133540958635166 ) ) ;
#852 = CARTESIAN_POINT ( 'NONE',  ( -9.131477586015932957, 28.32311602271121842, 31.19086230713332242 ) ) ;
#853 = CARTESIAN_POINT ( 'NONE',  ( 20.42681554601788463, 63.96254877803966821, 13.98298283838816403 ) ) ;
#854 = CARTESIAN_POINT ( 'NONE',  ( 20.43240855546379109, 31.93023478488429134, 30.43425169817769671 ) ) ;
#855 = CARTESIAN_POINT ( 'NONE',  ( -6.229656415311167983, 31.17670121356728430, 36.31711811735605977 ) ) ;
#856 = CARTESIAN_POINT ( 'NONE',  ( 2.755646837038427055, 86.88887117651204051, 4.858134543335645539 ) ) ;
#857 = B_SPLINE_CURVE_WITH_KNOTS ( 'NONE', 3,
 ( #4927, #1474, #3027, #4554, #1170, #2721, #4679, #1545, #384, #1228, #3828, #4254, #1961, #4576, #1604, #4225, #54, #4999, #1885, #411, #1497, #739, #4307, #333, #3051, #1120, #793, #767, #3074, #2778, #1519, #434, #3127, #1144, #2348, #3425, #4599, #2320, #4656, #3154, #1988, #3878, #3905, #1199, #3531, #848, #3501, #2692, #357, #25, #3804, #4951, #4202, #2665, #2292 ),
 .UNSPECIFIED., .F., .F.,
 ( 4, 2, 2, 2, 1, 1, 1, 1, 2, 2, 2, 2, 1, 1, 1, 1, 2, 2, 2, 2, 1, 1, 1, 1, 1, 2, 2, 2, 2, 1, 1, 1, 1, 2, 2, 4 ),
 ( 0.000000000000000000, 0.06250000000004246603, 0.09375000000006362966, 0.1093750000000741351, 0.1171875000000793809, 0.1210937500000820177, 0.1230468750000833222, 0.1240234375000838635, 0.1245117187500840161, 0.1250000000000841549, 0.1875000000001025291, 0.2187500000001117717, 0.2343750000001164624, 0.2421875000001188494, 0.2460937500001201816, 0.2480468750001209866, 0.2490234375001213196, 0.2500000000001216249, 0.3750000000001287859, 0.4375000000001322831, 0.4687500000001340039, 0.4843750000001346701, 0.4921875000001350586, 0.4960937500001351697, 0.4980468750001352252, 0.4990234375001348921, 0.5000000000001345590, 0.6250000000000711653, 0.6875000000000393019, 0.7187500000000239808, 0.7343750000000162093, 0.7421875000000129896, 0.7460937500000121014, 0.7480468750000121014, 0.7500000000000121014, 1.000000000000000000 ),
 .UNSPECIFIED. ) ;
#858 = CARTESIAN_POINT ( 'NONE',  ( 12.14434064269381963, 85.10371225141670948, 3.857209625531294428 ) ) ;
#859 = CARTESIAN_POINT ( 'NONE',  ( 14.75079462575551226, 52.53404015366847091, 22.01502328109020823 ) ) ;
#860 = B_SPLINE_CURVE_WITH_KNOTS ( 'NONE', 3,
 ( #2465, #1245, #534, #2849, #3977, #99, #2089, #2799, #2419, #2442, #4325, #1651, #4722, #895, #2582, #4535, #1082 ),
 .UNSPECIFIED., .F., .F.,
 ( 4, 2, 2, 2, 1, 1, 1, 2, 2, 4 ),
 ( 0.000000000000000000, 0.2500000000001387779, 0.3750000000002107203, 0.4375000000002499112, 0.4687500000002697842, 0.4843750000002762790, 0.4921875000002760014, 0.4960937500002758349, 0.5000000000002756684, 1.000000000000000000 ),
 .UNSPECIFIED. ) ;
#861 = FACE_OUTER_BOUND ( 'NONE', #4901, .T. ) ;
#862 = EDGE_CURVE ( 'NONE', #3583, #3800, #4555, .T. ) ;
#863 = DIRECTION ( 'NONE',  ( 1.000000000000000000, 0.000000000000000000, 0.000000000000000000 ) ) ;
#864 = CARTESIAN_POINT ( 'NONE',  ( -28.32325931628690086, 43.90886710821389727, 15.95598486283690143 ) ) ;
#865 = VERTEX_POINT ( 'NONE', #3700 ) ;
#866 = CARTESIAN_POINT ( 'NONE',  ( -8.566751928905320668, 83.78453766781403544, 11.20593420212121849 ) ) ;
#867 = CARTESIAN_POINT ( 'NONE',  ( 16.00000000000000000, 58.00000000000000000, -47.50100000000000477 ) ) ;
#868 = DIRECTION ( 'NONE',  ( 0.7071067811865490160, 0.000000000000000000, 0.7071067811865460184 ) ) ;
#869 = CARTESIAN_POINT ( 'NONE',  ( -12.14811713566293960, 74.61404218429143498, 23.03063431820305595 ) ) ;
#870 = CARTESIAN_POINT ( 'NONE',  ( -9.488292830168399306, 80.15789473684209554, 21.49051198234134574 ) ) ;
#871 = CARTESIAN_POINT ( 'NONE',  ( -21.66632426343845452, 75.95752511401711615, 17.28282573355052421 ) ) ;
#872 = EDGE_LOOP ( 'NONE', ( #4241, #1331, #3001, #3955 ) ) ;
#873 = CARTESIAN_POINT ( 'NONE',  ( -12.99115376248855647, 70.09445876982194079, 31.05771999354515955 ) ) ;
#874 = CARTESIAN_POINT ( 'NONE',  ( 3.007222542135037369, 86.53711787954934209, 10.89011605106782099 ) ) ;
#875 = ORIENTED_EDGE ( 'NONE', *, *, #3250, .F. ) ;
#876 = CARTESIAN_POINT ( 'NONE',  ( -24.25330884383789964, 59.55870977006890143, 9.404066438920189341 ) ) ;
#877 = CARTESIAN_POINT ( 'NONE',  ( 12.33478067921892141, 34.26315789473684958, 30.06830865871189928 ) ) ;
#878 = ADVANCED_FACE ( 'NONE', ( #4002 ), #226, .T. ) ;
#879 = CIRCLE ( 'NONE', #3457, 5.000000000000000000 ) ;
#880 = CARTESIAN_POINT ( 'NONE',  ( 31.19966088547688443, 35.37725569667864534, 17.99998328224182131 ) ) ;
#881 = B_SPLINE_CURVE_WITH_KNOTS ( 'NONE', 3,
 ( #254, #684, #4151, #1023, #3682, #304, #4081, #1757, #1858, #2926, #2168, #1446, #3777, #4547, #2216, #4478, #3704, #276, #1092, #2638, #999, #2952, #230, #1783, #2998, #2569, #4920, #3323, #2542, #4849, #660, #2614, #2240, #1811, #2592 ),
 .UNSPECIFIED., .F., .F.,
 ( 4, 2, 1, 1, 1, 2, 2, 2, 1, 1, 1, 1, 1, 2, 2, 2, 1, 1, 1, 1, 1, 2, 2, 4 ),
 ( 0.000000000000000000, 0.1250000000000012490, 0.1875000000000018319, 0.2187500000000021372, 0.2343750000000022760, 0.2421875000000023870, 0.2500000000000024980, 0.3750000000000137668, 0.4375000000000185407, 0.4687500000000198175, 0.4843750000000212608, 0.4921875000000220379, 0.4960937500000230926, 0.4980468750000225930, 0.5000000000000220934, 0.6250000000000059952, 0.6874999999999987788, 0.7187499999999958922, 0.7343749999999936717, 0.7421874999999926725, 0.7460937499999932276, 0.7480468749999942268, 0.7499999999999952260, 1.000000000000000000 ),
 .UNSPECIFIED. ) ;
#882 = CARTESIAN_POINT ( 'NONE',  ( 27.76011522667607423, 29.17122493255343230, 25.12859074644655166 ) ) ;
#883 = EDGE_CURVE ( 'NONE', #2446, #4885, #339, .T. ) ;
#884 = CARTESIAN_POINT ( 'NONE',  ( -1.618144187392958955, 29.13173015528810339, 37.42139929812621801 ) ) ;
#885 = DIRECTION ( 'NONE',  ( -0.6916548014802289535, 0.2079116908177599810, 0.6916548014802219591 ) ) ;
#886 = CARTESIAN_POINT ( 'NONE',  ( 5.960908628950040367, 86.55505992850909536, 1.789377839894425559 ) ) ;
#887 = CARTESIAN_POINT ( 'NONE',  ( 3.568275588385185770, 51.39281155968679826, 26.26062176872860832 ) ) ;
#888 = CARTESIAN_POINT ( 'NONE',  ( 7.500000000000000000, 58.00000000000000000, -47.50100000000000477 ) ) ;
#889 = EDGE_CURVE ( 'NONE', #2243, #1832, #2515, .T. ) ;
#890 = CARTESIAN_POINT ( 'NONE',  ( -20.56812772594818028, 49.73701703924928808, 16.70934327895304961 ) ) ;
#891 = CARTESIAN_POINT ( 'NONE',  ( -29.02188697611689960, 44.85565184450040022, 14.64686135614749851 ) ) ;
#892 = ORIENTED_EDGE ( 'NONE', *, *, #3233, .F. ) ;
#893 = CARTESIAN_POINT ( 'NONE',  ( -7.487340955392943087, 84.62735465318887407, 9.619483515765169912 ) ) ;
#894 = CARTESIAN_POINT ( 'NONE',  ( -19.68261272537178286, 76.89707847037695387, 12.93129316708448329 ) ) ;
#895 = CARTESIAN_POINT ( 'NONE',  ( 7.281658890266863970, 56.20348374126953672, 25.42293480748075751 ) ) ;
#896 = CARTESIAN_POINT ( 'NONE',  ( -12.12204731202740504, 74.42821018994209226, 23.30440229727328472 ) ) ;
#897 = AXIS2_PLACEMENT_3D ( 'NONE', #1297, #503, #4672 ) ;
#898 = DIRECTION ( 'NONE',  ( 0.000000000000000000, -1.000000000000000000, 0.000000000000000000 ) ) ;
#899 = CC_DESIGN_PERSON_AND_ORGANIZATION_ASSIGNMENT ( #3268, #4766, ( #2787 ) ) ;
#900 = CARTESIAN_POINT ( 'NONE',  ( 28.73840632328284883, 35.42405402508306622, 15.51670174253352030 ) ) ;
#901 = ORIENTED_EDGE ( 'NONE', *, *, #2609, .T. ) ;
#902 = DIRECTION ( 'NONE',  ( 1.000000000000000000, 0.000000000000000000, 0.000000000000000000 ) ) ;
#903 = CARTESIAN_POINT ( 'NONE',  ( 4.479799155852395742, 85.94043727692056223, 16.22278773883325087 ) ) ;
#904 = VERTEX_POINT ( 'NONE', #151 ) ;
#905 = CARTESIAN_POINT ( 'NONE',  ( -30.77718325610308270, 48.78368670472115554, 18.48536905548099796 ) ) ;
#906 = EDGE_CURVE ( 'NONE', #904, #1823, #176, .T. ) ;
#907 = B_SPLINE_CURVE_WITH_KNOTS ( 'NONE', 3,
 ( #1363, #2488, #2511, #3362 ),
 .UNSPECIFIED., .F., .F.,
 ( 4, 4 ),
 ( 0.000000000000000000, 1.000000000000000000 ),
 .UNSPECIFIED. ) ;
#908 = CARTESIAN_POINT ( 'NONE',  ( -16.94028152294474765, 50.22985928055049243, 27.73584074664719878 ) ) ;
#909 = CARTESIAN_POINT ( 'NONE',  ( 5.527220409502499265, 25.41639299004906150, 32.02814610743910606 ) ) ;
#910 = CARTESIAN_POINT ( 'NONE',  ( 29.92069803253448512, 30.89571065172952657, 21.63564709481322268 ) ) ;
#911 = EDGE_CURVE ( 'NONE', #1796, #2903, #4463, .T. ) ;
#912 = CARTESIAN_POINT ( 'NONE',  ( 22.34379983853957086, 30.40307026448817140, 29.57005858534489207 ) ) ;
#913 = CARTESIAN_POINT ( 'NONE',  ( -5.439513109843636229, 30.60487453406971170, 36.60303098032979818 ) ) ;
#914 = FACE_OUTER_BOUND ( 'NONE', #2363, .T. ) ;
#915 = CARTESIAN_POINT ( 'NONE',  ( 18.87635861773775403, 82.14209285889550927, 6.740499486285877140 ) ) ;
#916 = DIRECTION ( 'NONE',  ( 0.7071067811865461294, 0.000000000000000000, -0.7071067811865489050 ) ) ;
#917 = CARTESIAN_POINT ( 'NONE',  ( 15.68140914170760780, 65.30834286224678920, 18.45346064636070338 ) ) ;
#918 = PERSON_AND_ORGANIZATION ( #2724, #4541 ) ;
#919 = CARTESIAN_POINT ( 'NONE',  ( -20.79709481504105639, 49.82866542177390556, 16.42737854474557224 ) ) ;
#920 = CARTESIAN_POINT ( 'NONE',  ( -16.02975894825184966, 43.86043811403770576, 28.28270060289499810 ) ) ;
#921 = CARTESIAN_POINT ( 'NONE',  ( -26.08183211378859667, 42.18023963180061031, 19.39334109598333100 ) ) ;
#922 = CARTESIAN_POINT ( 'NONE',  ( 9.138513382751337844, 34.86513655100298337, 31.35424425275727955 ) ) ;
#923 = CARTESIAN_POINT ( 'NONE',  ( 0.000000000000000000, 54.50000000000000000, 0.000000000000000000 ) ) ;
#924 = PLANE ( 'NONE',  #3283 ) ;
#925 = CARTESIAN_POINT ( 'NONE',  ( -5.578937431593328888, 85.29920829261293136, 10.71483244575792959 ) ) ;
#926 = CARTESIAN_POINT ( 'NONE',  ( 27.11993647570264798, 26.01098092799255213, 17.91218171046224583 ) ) ;
#927 = EDGE_LOOP ( 'NONE', ( #2189, #158 ) ) ;
#928 = DIRECTION ( 'NONE',  ( 0.000000000000000000, 0.000000000000000000, 1.000000000000000000 ) ) ;
#929 = CARTESIAN_POINT ( 'NONE',  ( 3.013532409026738357, 86.53512750077595683, 10.91296590116467691 ) ) ;
#930 = ORIENTED_EDGE ( 'NONE', *, *, #1944, .F. ) ;
#931 = CIRCLE ( 'NONE', #3748, 47.50000000000000000 ) ;
#932 = CARTESIAN_POINT ( 'NONE',  ( -30.80983880415403675, 48.82980770032740736, 18.41188063808600717 ) ) ;
#933 = CARTESIAN_POINT ( 'NONE',  ( 59.65296372179169992, 36.56829689731759458, -59.65296372179109596 ) ) ;
#934 = ADVANCED_FACE ( 'NONE', ( #4772 ), #2416, .F. ) ;
#935 = ORIENTED_EDGE ( 'NONE', *, *, #1717, .F. ) ;
#936 = CIRCLE ( 'NONE', #3426, 10.00000000000000888 ) ;
#937 = CARTESIAN_POINT ( 'NONE',  ( 30.25691897567073596, 31.51599439619467447, 20.87498614643659423 ) ) ;
#938 = CARTESIAN_POINT ( 'NONE',  ( 26.71504278607661220, 29.00047407069292049, 26.31756463790999945 ) ) ;
#939 = CARTESIAN_POINT ( 'NONE',  ( -4.087352594272886108, 29.86969221159288423, 36.99717569030605091 ) ) ;
#940 = CARTESIAN_POINT ( 'NONE',  ( 31.81980515339470017, 39.00000000000000000, 31.81980515339460069 ) ) ;
#941 = CARTESIAN_POINT ( 'NONE',  ( -7.243913346119928320, 56.05612258170070561, 25.44321258841616995 ) ) ;
#942 = CARTESIAN_POINT ( 'NONE',  ( 6.088947246360245202, 53.61785046775136720, 25.79182563164682662 ) ) ;
#943 = AXIS2_PLACEMENT_3D ( 'NONE', #4864, #968, #1749 ) ;
#944 = PERSON_AND_ORGANIZATION ( #2724, #4541 ) ;
#945 = CARTESIAN_POINT ( 'NONE',  ( -7.357642835577980378, 59.45433578041912170, 24.97137661149622900 ) ) ;
#946 = CARTESIAN_POINT ( 'NONE',  ( -12.79799540252131607, 51.03691968691358483, 29.96477205677966893 ) ) ;
#947 = CARTESIAN_POINT ( 'NONE',  ( -4.728775842823373488, 86.11070770051637169, 5.892993903907794540 ) ) ;
#948 = CARTESIAN_POINT ( 'NONE',  ( -0.2473228212173219642, 28.99961205601685066, 37.50023276613624290 ) ) ;
#949 = CARTESIAN_POINT ( 'NONE',  ( 31.75661291260205132, 52.38556611229580540, 6.920077736044039973 ) ) ;
#950 =( BOUNDED_SURFACE ( )  B_SPLINE_SURFACE ( 3, 2, ( 
 ( #3099, #4625, #818 ),
 ( #2373, #2804, #2470 ),
 ( #2401, #104, #4356 ),
 ( #2067, #539, #3933 ) ),
 .UNSPECIFIED., .F., .F., .T. ) 
 B_SPLINE_SURFACE_WITH_KNOTS ( ( 4, 4 ),
 ( 3, 3 ),
 ( 1.960086412494429942, 1.963495408493620031 ),
 ( 0.000000000000000000, 1.000000000000000000 ),
 .UNSPECIFIED. ) 
 GEOMETRIC_REPRESENTATION_ITEM ( )  RATIONAL_B_SPLINE_SURFACE ( (
 ( 1.000000000000000000, 0.8246547166311789523, 1.000000000000000000),
 ( 1.000000000000000000, 0.8249571201334039428, 1.000000000000000000),
 ( 1.000000000000000000, 0.8252591458479289210, 1.000000000000000000),
 ( 1.000000000000000000, 0.8255607932652179182, 1.000000000000000000) ) ) 
 REPRESENTATION_ITEM ( '' )  SURFACE ( )  );
#951 = CARTESIAN_POINT ( 'NONE',  ( -8.641208614412761335, 82.16515945495753215, 18.16631065628672204 ) ) ;
#952 = CARTESIAN_POINT ( 'NONE',  ( 29.83592461036469956, 30.75889436625270079, 21.81703628023905139 ) ) ;
#953 = EDGE_LOOP ( 'NONE', ( #1543, #3974, #2424, #3307 ) ) ;
#954 = CARTESIAN_POINT ( 'NONE',  ( -12.77368860911664861, 70.73746267569252666, 30.04705946956226725 ) ) ;
#955 = CARTESIAN_POINT ( 'NONE',  ( 1.551204210291695418, 86.87898393597095037, 5.617400044011069404 ) ) ;
#956 = ORIENTED_EDGE ( 'NONE', *, *, #64, .F. ) ;
#957 = AXIS2_PLACEMENT_3D ( 'NONE', #4736, #2024, #89 ) ;
#958 = CARTESIAN_POINT ( 'NONE',  ( -31.65754992256442080, 50.41730405408757321, 16.26805376363761013 ) ) ;
#959 = AXIS2_PLACEMENT_3D ( 'NONE', #4995, #3150, #1540 ) ;
#960 = CARTESIAN_POINT ( 'NONE',  ( -14.23243924525259985, 81.73684210526320726, 21.49051198234134574 ) ) ;
#961 = ORIENTED_EDGE ( 'NONE', *, *, #2921, .T. ) ;
#962 = ORIENTED_EDGE ( 'NONE', *, *, #3441, .T. ) ;
#963 = CARTESIAN_POINT ( 'NONE',  ( 31.03777033615919123, 34.22406201730523634, 18.61228254903717527 ) ) ;
#964 = CARTESIAN_POINT ( 'NONE',  ( 24.52787054639305353, 29.34285282259158123, 28.21822635466383034 ) ) ;
#965 = CARTESIAN_POINT ( 'NONE',  ( 7.948779629722109163, 32.93179542771638779, 35.55410954427775749 ) ) ;
#966 = CARTESIAN_POINT ( 'NONE',  ( 16.15339054738519664, 82.01367690149488965, 28.47800999378286591 ) ) ;
#967 = CARTESIAN_POINT ( 'NONE',  ( 4.003990516692881307, 51.65800559685790461, 26.19580127377974677 ) ) ;
#968 = DIRECTION ( 'NONE',  ( 0.000000000000000000, -1.000000000000000000, 0.000000000000000000 ) ) ;
#969 = CARTESIAN_POINT ( 'NONE',  ( -13.74223402443561604, 49.98035049642638228, 29.53642709371764852 ) ) ;
#970 = DIRECTION ( 'NONE',  ( 0.7071067811865490160, 0.000000000000000000, 0.7071067811865460184 ) ) ;
#971 = CARTESIAN_POINT ( 'NONE',  ( 7.411831562150280384, 32.28199362327135447, 35.81502700536545092 ) ) ;
#972 = CARTESIAN_POINT ( 'NONE',  ( 0.000000000000000000, 0.000000000000000000, 0.000000000000000000 ) ) ;
#973 = CARTESIAN_POINT ( 'NONE',  ( 54.80077554195750622, 58.00000000000000000, 44.19417382415914375 ) ) ;
#974 = CARTESIAN_POINT ( 'NONE',  ( 25.32660829426203364, 29.57259555564990450, 20.45902631370195479 ) ) ;
#975 = CARTESIAN_POINT ( 'NONE',  ( -16.07571596992343643, 59.72905897361219729, 37.64003405358801757 ) ) ;
#976 = CARTESIAN_POINT ( 'NONE',  ( 3.057594737556010411, 86.52111632547816100, 11.07252539341876130 ) ) ;
#977 = ORIENTED_EDGE ( 'NONE', *, *, #2027, .T. ) ;
#978 = CARTESIAN_POINT ( 'NONE',  ( -30.77825094440612475, 48.78517964962713194, 18.48298295384863721 ) ) ;
#979 = EDGE_CURVE ( 'NONE', #4087, #4009, #668, .T. ) ;
#980 = DIRECTION ( 'NONE',  ( -0.6916548014802289535, 0.2079116908177599810, 0.6916548014802219591 ) ) ;
#981 = ORIENTED_EDGE ( 'NONE', *, *, #3668, .F. ) ;
#982 = CARTESIAN_POINT ( 'NONE',  ( -11.04427275133251385, 72.22972123025098767, 25.11172458138381813 ) ) ;
#983 = ORIENTED_EDGE ( 'NONE', *, *, #1577, .T. ) ;
#984 = CARTESIAN_POINT ( 'NONE',  ( 30.74107870631426920, 32.85806933255636153, 19.58035958467559823 ) ) ;
#985 = VECTOR ( 'NONE', #3880, 1000.000000000000114 ) ;
#986 = CARTESIAN_POINT ( 'NONE',  ( 27.16477913356616014, 29.04367484198575866, 25.83118182657939954 ) ) ;
#987 = CARTESIAN_POINT ( 'NONE',  ( 5.905841990186694979, 30.93023920757550016, 36.43861045507296126 ) ) ;
#988 = CARTESIAN_POINT ( 'NONE',  ( 7.217863437463918785, 86.21157178202162186, 12.72504329688311486 ) ) ;
#989 = ORIENTED_EDGE ( 'NONE', *, *, #4075, .F. ) ;
#990 = CARTESIAN_POINT ( 'NONE',  ( 49.49747468305839959, 77.00000000000000000, 49.49747468305830722 ) ) ;
#991 = EDGE_CURVE ( 'NONE', #4085, #272, #234, .T. ) ;
#992 = CARTESIAN_POINT ( 'NONE',  ( 23.12563999551679217, 56.20348375625484039, 12.82781923108107947 ) ) ;
#993 = CARTESIAN_POINT ( 'NONE',  ( 15.29047725203997565, 82.97394779624563910, 3.813656936595870572 ) ) ;
#994 = CARTESIAN_POINT ( 'NONE',  ( -31.43825649922927212, 53.17568675576053039, 8.252805377927742825 ) ) ;
#995 = CARTESIAN_POINT ( 'NONE',  ( 3.441900226433699306, 29.57259555564856868, 32.37533271222167741 ) ) ;
#996 = CARTESIAN_POINT ( 'NONE',  ( 31.67927469333135093, 51.36842105263159652, 7.257654917702690334 ) ) ;
#997 = CARTESIAN_POINT ( 'NONE',  ( -15.97104797729017989, 56.90519944248296724, 36.54658960375424215 ) ) ;
#998 = CARTESIAN_POINT ( 'NONE',  ( 22.69147843805303921, 29.00567990635211757, 23.26886411591764769 ) ) ;
#999 = CARTESIAN_POINT ( 'NONE',  ( -15.99002907114633842, 57.43519107512345556, 37.01650543351802725 ) ) ;
#1000 = ORIENTED_EDGE ( 'NONE', *, *, #674, .F. ) ;
#1001 = CARTESIAN_POINT ( 'NONE',  ( -32.23097805319535780, 52.25362992298644116, 14.43729615499911922 ) ) ;
#1002 = FACE_OUTER_BOUND ( 'NONE', #4701, .T. ) ;
#1003 = EDGE_LOOP ( 'NONE', ( #1486, #448, #4297 ) ) ;
#1004 = CARTESIAN_POINT ( 'NONE',  ( -23.85274021909290099, 74.55210296839599948, 9.465641526798750149 ) ) ;
#1005 = VECTOR ( 'NONE', #2984, 1000.000000000000000 ) ;
#1006 = ORIENTED_EDGE ( 'NONE', *, *, #1577, .F. ) ;
#1007 = CARTESIAN_POINT ( 'NONE',  ( -15.34742416828394873, 63.08004414466099519, 37.24784033840305142 ) ) ;
#1008 = DIRECTION ( 'NONE',  ( 0.000000000000000000, -1.000000000000000000, 0.000000000000000000 ) ) ;
#1009 = CARTESIAN_POINT ( 'NONE',  ( 4.558565197355395782, 30.09946318797702958, 36.87131589229262829 ) ) ;
#1010 = AXIS2_PLACEMENT_3D ( 'NONE', #1833, #2995, #4522 ) ;
#1011 = CARTESIAN_POINT ( 'NONE',  ( 8.281755723562600480, 85.94631843108717817, 14.60052233315776249 ) ) ;
#1012 = EDGE_LOOP ( 'NONE', ( #4033, #4587, #3070, #4059, #689, #3489, #4267, #792, #1277 ) ) ;
#1013 = CARTESIAN_POINT ( 'NONE',  ( 21.30125528730934192, 51.60312048103192950, 15.76409241126269833 ) ) ;
#1014 = VECTOR ( 'NONE', #4173, 1000.000000000000227 ) ;
#1015 = CARTESIAN_POINT ( 'NONE',  ( -7.359551395968361831, 59.44465315974989039, 24.97273404256566920 ) ) ;
#1016 = CARTESIAN_POINT ( 'NONE',  ( 12.74148500598054135, 84.91776179050960138, 4.072852587519215639 ) ) ;
#1017 = CARTESIAN_POINT ( 'NONE',  ( -28.77087858674184062, 44.51781916879591705, 15.11595092885888647 ) ) ;
#1018 = CARTESIAN_POINT ( 'NONE',  ( 9.407326241493409569, 28.64016830399485158, 31.10969528405369999 ) ) ;
#1019 = DIRECTION ( 'NONE',  ( 0.000000000000000000, -1.000000000000000000, 0.000000000000000000 ) ) ;
#1020 = CARTESIAN_POINT ( 'NONE',  ( -15.64724612981420115, 54.02106290252709897, 34.55668338747900492 ) ) ;
#1021 = CARTESIAN_POINT ( 'NONE',  ( 20.98959117628064774, 24.30826823484310140, 24.82231500452040152 ) ) ;
#1022 = CARTESIAN_POINT ( 'NONE',  ( 15.18126852826944884, 63.05263157894739834, 48.10420699215579532 ) ) ;
#1023 = CARTESIAN_POINT ( 'NONE',  ( -15.62924916928365171, 61.43289516822704854, 37.74049349674694298 ) ) ;
#1024 = ORIENTED_EDGE ( 'NONE', *, *, #4332, .T. ) ;
#1025 = DIRECTION ( 'NONE',  ( 0.7071067811865441310, 0.000000000000000000, 0.7071067811865509034 ) ) ;
#1026 = CARTESIAN_POINT ( 'NONE',  ( 21.89194891609090021, 78.10526315789479668, 4.447934790641864922 ) ) ;
#1027 = ORIENTED_EDGE ( 'NONE', *, *, #4603, .F. ) ;
#1028 = CARTESIAN_POINT ( 'NONE',  ( -19.41879989141680340, 77.10790614192198689, 13.13130646903405996 ) ) ;
#1029 = ORIENTED_EDGE ( 'NONE', *, *, #3809, .F. ) ;
#1030 = VECTOR ( 'NONE', #1618, 1000.000000000000000 ) ;
#1031 = DIRECTION ( 'NONE',  ( 0.000000000000000000, -1.000000000000000000, 0.000000000000000000 ) ) ;
#1032 = EDGE_CURVE ( 'NONE', #3850, #14, #2946, .T. ) ;
#1033 = CARTESIAN_POINT ( 'NONE',  ( -14.52047620577658904, 50.27860857241245895, 30.81418053696380355 ) ) ;
#1034 = CARTESIAN_POINT ( 'NONE',  ( 8.040357695541315408, 33.05416136945086691, 35.50765916492989760 ) ) ;
#1035 = EDGE_LOOP ( 'NONE', ( #4551, #1837 ) ) ;
#1036 = CARTESIAN_POINT ( 'NONE',  ( 17.82326951104125001, 35.84210526315790446, 31.24174191523270139 ) ) ;
#1037 = CARTESIAN_POINT ( 'NONE',  ( -4.954487608148442135, 63.65415912137643772, 24.37567683114027162 ) ) ;
#1038 = CARTESIAN_POINT ( 'NONE',  ( 11.04286220697080090, 85.05498597003929717, 1.323533262783650022 ) ) ;
#1039 = AXIS2_PLACEMENT_3D ( 'NONE', #2015, #4803, #2042 ) ;
#1040 = DIRECTION ( 'NONE',  ( -0.6916548014802289535, 0.2079116908177599810, 0.6916548014802219591 ) ) ;
#1041 = CARTESIAN_POINT ( 'NONE',  ( -10.66976945358580053, 30.42203012817750007, 30.69934644758960118 ) ) ;
#1042 = CARTESIAN_POINT ( 'NONE',  ( 5.426691266851180195, 85.41558528218911306, 19.65178748287479848 ) ) ;
#1043 = ORIENTED_EDGE ( 'NONE', *, *, #2617, .F. ) ;
#1044 = CARTESIAN_POINT ( 'NONE',  ( -15.58706705823164818, 61.62307849560859552, 37.47940976666487956 ) ) ;
#1045 = CARTESIAN_POINT ( 'NONE',  ( 26.15141024368239897, 29.00953348372165053, 26.87349714353225139 ) ) ;
#1046 = CARTESIAN_POINT ( 'NONE',  ( -15.41325184966946793, 53.17889616785829787, 33.74907198010135545 ) ) ;
#1047 = CARTESIAN_POINT ( 'NONE',  ( 0.6641201466722715940, 86.99999999999998579, 2.404991797712046964 ) ) ;
#1048 = ORIENTED_EDGE ( 'NONE', *, *, #1270, .F. ) ;
#1049 = CARTESIAN_POINT ( 'NONE',  ( -16.32442111224577630, 50.37022334745468299, 31.63760197989833145 ) ) ;
#1050 = DIRECTION ( 'NONE',  ( 0.000000000000000000, 0.000000000000000000, 1.000000000000000000 ) ) ;
#1051 =( BOUNDED_CURVE ( )  B_SPLINE_CURVE ( 3, ( #3790, #3083, #1871, #2704 ),
 .UNSPECIFIED., .F., .T. ) 
 B_SPLINE_CURVE_WITH_KNOTS ( ( 4, 4 ),
 ( 4.319689898685965090, 4.323098894685155180 ),
 .UNSPECIFIED. ) 
 CURVE ( )  GEOMETRIC_REPRESENTATION_ITEM ( )  RATIONAL_B_SPLINE_CURVE ( ( 1.000000000000000000, 0.9999990315624239789, 0.9999990315624239789, 1.000000000000000000 ) ) 
 REPRESENTATION_ITEM ( '' )  );
#1052 = ORIENTED_EDGE ( 'NONE', *, *, #4332, .F. ) ;
#1053 = CARTESIAN_POINT ( 'NONE',  ( -16.40054092853445411, 77.65453534092799259, 15.98524849120969904 ) ) ;
#1054 = CARTESIAN_POINT ( 'NONE',  ( -32.76930784859096235, 55.54490307678638317, 12.31588393211170462 ) ) ;
#1055 = EDGE_CURVE ( 'NONE', #508, #3378, #3821, .T. ) ;
#1056 = DIRECTION ( 'NONE',  ( 0.000000000000000000, -0.6263567254349896585, 0.7795365626462668063 ) ) ;
#1057 = CARTESIAN_POINT ( 'NONE',  ( -14.49241679080797951, 49.75379140186606719, 30.49717278617007565 ) ) ;
#1058 = CARTESIAN_POINT ( 'NONE',  ( 5.883320977837482424, 30.91379755253019113, 36.44680881107561987 ) ) ;
#1059 = ORIENTED_EDGE ( 'NONE', *, *, #509, .T. ) ;
#1060 = EDGE_CURVE ( 'NONE', #3234, #1861, #4861, .T. ) ;
#1061 = CARTESIAN_POINT ( 'NONE',  ( 21.31815339840314039, 51.62037197211029849, 15.74124183945076894 ) ) ;
#1062 = CARTESIAN_POINT ( 'NONE',  ( 2.681350156261359974, 65.00479803324846273, 24.18091603545106594 ) ) ;
#1063 = CARTESIAN_POINT ( 'NONE',  ( 20.52740857902470140, 79.50384277245780140, 3.741676123667085019 ) ) ;
#1064 = CARTESIAN_POINT ( 'NONE',  ( -31.00811701989870173, 50.41415428954437061, 9.733903824096811874 ) ) ;
#1065 = CARTESIAN_POINT ( 'NONE',  ( -8.207514964354441389, 33.28135341876739517, 35.42232282429060319 ) ) ;
#1066 = CARTESIAN_POINT ( 'NONE',  ( -2.755455298081544778E-15, 87.00000000000000000, -4.339292916505509306E-15 ) ) ;
#1067 = VERTEX_POINT ( 'NONE', #3332 ) ;
#1068 = CARTESIAN_POINT ( 'NONE',  ( -15.93684089848365204, 55.34786777503909860, 35.67284733959429843 ) ) ;
#1069 = CARTESIAN_POINT ( 'NONE',  ( 28.22170008934809715, 29.34440942788699758, 24.52317731623829999 ) ) ;
#1070 = CARTESIAN_POINT ( 'NONE',  ( -16.13924063112041907, 57.17833414234949174, 36.80719454165385685 ) ) ;
#1071 = DIRECTION ( 'NONE',  ( 0.000000000000000000, 0.000000000000000000, -1.000000000000000000 ) ) ;
#1072 = CARTESIAN_POINT ( 'NONE',  ( -16.29133267892752457, 50.39847364046886469, 31.64902698117284174 ) ) ;
#1073 = CYLINDRICAL_SURFACE ( 'NONE', #3649, 26.50000000000000000 ) ;
#1074 = ORIENTED_EDGE ( 'NONE', *, *, #1114, .F. ) ;
#1075 = CARTESIAN_POINT ( 'NONE',  ( 9.488292830168399306, 35.84210526315790446, 70.00000000000000000 ) ) ;
#1076 = FACE_OUTER_BOUND ( 'NONE', #3400, .T. ) ;
#1077 = CARTESIAN_POINT ( 'NONE',  ( 33.23194869398143680, 53.75394287042716002, 11.38275541436481575 ) ) ;
#1078 = ADVANCED_FACE ( 'NONE', ( #1886 ), #3427, .F. ) ;
#1079 = CARTESIAN_POINT ( 'NONE',  ( -14.61665651325928295, 47.47887884573484030, 29.48067699854648538 ) ) ;
#1080 = FACE_OUTER_BOUND ( 'NONE', #3348, .T. ) ;
#1081 = AXIS2_PLACEMENT_3D ( 'NONE', #2274, #3101, #694 ) ;
#1082 = CARTESIAN_POINT ( 'NONE',  ( 6.633249580710800508, 54.50000000000000000, 25.65638322133500182 ) ) ;
#1083 = CARTESIAN_POINT ( 'NONE',  ( 6.713685522111116910, 61.34574619544825680, 24.70492072660509919 ) ) ;
#1084 = LINE ( 'NONE', #2560, #3856 ) ;
#1085 = CARTESIAN_POINT ( 'NONE',  ( -28.28497835424315099, 58.00000000000000000, -38.89158007204125056 ) ) ;
#1086 = CARTESIAN_POINT ( 'NONE',  ( -5.289124039889030016, 25.29196254503515107, 32.06831548001804322 ) ) ;
#1087 = CARTESIAN_POINT ( 'NONE',  ( -2.296212748401289944E-15, 87.00000000000000000, -5.495775233823380439E-15 ) ) ;
#1088 = ORIENTED_EDGE ( 'NONE', *, *, #1806, .T. ) ;
#1089 = CARTESIAN_POINT ( 'NONE',  ( -15.18126852826944884, 63.05263157894729176, 37.31786063423940192 ) ) ;
#1090 = CARTESIAN_POINT ( 'NONE',  ( 19.45043390068094880, 24.99079723495375305, 26.03905359091490013 ) ) ;
#1091 = CARTESIAN_POINT ( 'NONE',  ( 16.54501205532329777, 56.58068285447487256, 39.94319249358376567 ) ) ;
#1092 = CARTESIAN_POINT ( 'NONE',  ( -15.99084396323691415, 57.45873776858604742, 37.02742049175476780 ) ) ;
#1093 = CIRCLE ( 'NONE', #29, 32.50000000000000000 ) ;
#1094 = CARTESIAN_POINT ( 'NONE',  ( -17.93262736675406899, 49.14396288962071679, 31.01769779043264563 ) ) ;
#1095 = DIRECTION ( 'NONE',  ( 1.000000000000000000, 0.000000000000000000, 0.000000000000000000 ) ) ;
#1096 = EDGE_LOOP ( 'NONE', ( #1303, #207 ) ) ;
#1097 = CARTESIAN_POINT ( 'NONE',  ( 12.50542664799700887, 34.38161272744088137, 29.99776105372095003 ) ) ;
#1098 = CARTESIAN_POINT ( 'NONE',  ( 16.26761531106090075, 27.52188316961221304, 28.14097232618835065 ) ) ;
#1099 = ADVANCED_BREP_SHAPE_REPRESENTATION ( 'PP18.5A', ( #40, #4787 ), #1246 ) ;
#1100 = CARTESIAN_POINT ( 'NONE',  ( 5.552099900955551171, 86.54084333961009179, 9.788209340386783808 ) ) ;
#1101 = CARTESIAN_POINT ( 'NONE',  ( 0.000000000000000000, 39.00000000000000000, 45.00000000000000000 ) ) ;
#1102 = DIRECTION ( 'NONE',  ( 0.7071067811865461294, 0.000000000000000000, -0.7071067811865489050 ) ) ;
#1103 = CARTESIAN_POINT ( 'NONE',  ( 22.20261806282298878, 52.86869517517677508, 14.46699241952879866 ) ) ;
#1104 = CARTESIAN_POINT ( 'NONE',  ( 7.500000000000000000, 58.00000000000000000, 25.17439175034819954 ) ) ;
#1105 = LINE ( 'NONE', #1208, #1479 ) ;
#1106 = CARTESIAN_POINT ( 'NONE',  ( -5.990394950486216175, 53.47446244970462459, 25.81550206937986047 ) ) ;
#1107 = CARTESIAN_POINT ( 'NONE',  ( -12.33478067921892141, 34.26315789473684958, 30.06830865871189928 ) ) ;
#1108 = CARTESIAN_POINT ( 'NONE',  ( 3.568646894549769577, 86.35605756125680443, 12.92321359822003934 ) ) ;
#1109 = ORIENTED_EDGE ( 'NONE', *, *, #1739, .T. ) ;
#1110 = CARTESIAN_POINT ( 'NONE',  ( -12.54805989404371402, 52.52096212150907917, 23.34098543501067979 ) ) ;
#1111 = CARTESIAN_POINT ( 'NONE',  ( 19.24377518645114904, 33.28135341876584619, 30.85095416241965083 ) ) ;
#1112 = CARTESIAN_POINT ( 'NONE',  ( 16.54501205532018915, 59.41931714552305976, 39.94319249357962320 ) ) ;
#1113 = DIRECTION ( 'NONE',  ( 0.2511310285135390230, 0.7545548334713112482, 0.6062839349700881453 ) ) ;
#1114 = EDGE_CURVE ( 'NONE', #3302, #2446, #287, .T. ) ;
#1115 = CARTESIAN_POINT ( 'NONE',  ( -17.90609691614449872, 49.16199269192598109, 31.02887367026213283 ) ) ;
#1116 = FACE_OUTER_BOUND ( 'NONE', #1012, .T. ) ;
#1117 = EDGE_LOOP ( 'NONE', ( #2094, #4123, #1708, #3543 ) ) ;
#1118 = CARTESIAN_POINT ( 'NONE',  ( -7.922017178710451191, 32.89607614675075098, 35.56769049086745582 ) ) ;
#1119 = CARTESIAN_POINT ( 'NONE',  ( 14.41075147385437383, 30.01226044902736234, 29.13044656950097533 ) ) ;
#1120 = CARTESIAN_POINT ( 'NONE',  ( 6.112257325839011379, 86.41340335332557743, 0.6519573429795224584 ) ) ;
#1121 = EDGE_CURVE ( 'NONE', #3749, #865, #2055, .T. ) ;
#1122 = DIRECTION ( 'NONE',  ( -0.6916548014802289535, 0.2079116908177599810, 0.6916548014802219591 ) ) ;
#1123 = CARTESIAN_POINT ( 'NONE',  ( -0.7285597697108688875, 24.01803383340190479, 32.49388557320062887 ) ) ;
#1124 = CARTESIAN_POINT ( 'NONE',  ( 21.28167878175371897, 62.98028882504804216, 13.32727730228824470 ) ) ;
#1125 = CARTESIAN_POINT ( 'NONE',  ( 19.67591384850170755, 50.58989077130129175, 17.76408996490699010 ) ) ;
#1126 = CIRCLE ( 'NONE', #1525, 32.50000000000000000 ) ;
#1127 = CARTESIAN_POINT ( 'NONE',  ( -2.992765425670794066, 64.87707886807663726, 24.19939210007766306 ) ) ;
#1128 = CARTESIAN_POINT ( 'NONE',  ( 0.000000000000000000, 12.00000000000000000, -47.50000000000000000 ) ) ;
#1129 = DIRECTION ( 'NONE',  ( 0.7071067811865489050, 0.000000000000000000, 0.7071067811865460184 ) ) ;
#1130 = CARTESIAN_POINT ( 'NONE',  ( 14.98776697750251863, 52.28089067846076432, 21.85454685456416613 ) ) ;
#1131 = CARTESIAN_POINT ( 'NONE',  ( -6.506003969456609859, 25.99009695062094849, 31.84806120974650057 ) ) ;
#1132 = CARTESIAN_POINT ( 'NONE',  ( 11.29074004381144469, 77.23304271639851493, 27.25825774299604731 ) ) ;
#1133 = ORIENTED_EDGE ( 'NONE', *, *, #2256, .T. ) ;
#1134 = CARTESIAN_POINT ( 'NONE',  ( -16.69220449565395370, 49.74259760665223240, 20.58203978700678505 ) ) ;
#1135 = CARTESIAN_POINT ( 'NONE',  ( 16.47281656163003305, 33.35286776204634407, 28.18970380856755042 ) ) ;
#1136 = CARTESIAN_POINT ( 'NONE',  ( 16.00000000000000000, 57.82406591384432915, 38.62741699796941930 ) ) ;
#1137 = CARTESIAN_POINT ( 'NONE',  ( 30.66265966592374781, 63.28070175438599421, 6.241039890295100534 ) ) ;
#1138 = CARTESIAN_POINT ( 'NONE',  ( 33.25240635931769617, 56.95632025378161245, 10.62498936134810279 ) ) ;
#1139 = DIRECTION ( 'NONE',  ( 0.7071067811865461294, 0.000000000000000000, -0.7071067811865489050 ) ) ;
#1140 = ORIENTED_EDGE ( 'NONE', *, *, #4628, .F. ) ;
#1141 = CARTESIAN_POINT ( 'NONE',  ( -8.096025047379791673, 33.13016671485983267, 35.47919170916816967 ) ) ;
#1142 = DIRECTION ( 'NONE',  ( 0.7071067811865436870, 0.000000000000000000, 0.7071067811865513475 ) ) ;
#1143 = CARTESIAN_POINT ( 'NONE',  ( 26.28351740837931416, 25.18462339231971114, 19.11680397785439567 ) ) ;
#1144 = CARTESIAN_POINT ( 'NONE',  ( 11.61297152136073230, 84.82135577840544727, 1.423980563707018865 ) ) ;
#1145 = CARTESIAN_POINT ( 'NONE',  ( -15.18126852826944884, 63.05263157894729176, 37.31786063423940192 ) ) ;
#1146 = CARTESIAN_POINT ( 'NONE',  ( 9.333581542660343899, 35.37725569648845436, 34.78940202299798301 ) ) ;
#1147 = CARTESIAN_POINT ( 'NONE',  ( 18.71053014601934095, 65.13993234695789170, 15.45882008723306456 ) ) ;
#1148 = CARTESIAN_POINT ( 'NONE',  ( 15.33296849301742526, 51.95628067253085192, 21.61364781553290371 ) ) ;
#1149 = CARTESIAN_POINT ( 'NONE',  ( 19.90221607463262643, 32.48436052237996563, 30.63035172888221780 ) ) ;
#1150 = B_SPLINE_CURVE_WITH_KNOTS ( 'NONE', 3,
 ( #286, #1077, #3382, #4904 ),
 .UNSPECIFIED., .F., .F.,
 ( 4, 4 ),
 ( 0.000000000000000000, 1.000000000000000000 ),
 .UNSPECIFIED. ) ;
#1151 = CARTESIAN_POINT ( 'NONE',  ( 1.942598177360600253, 65.24831598445683767, 24.14570595227596073 ) ) ;
#1152 = AXIS2_PLACEMENT_3D ( 'NONE', #3737, #2937, #2578 ) ;
#1153 = DIRECTION ( 'NONE',  ( 0.000000000000000000, -0.9047871564565147517, 0.4258640645926048962 ) ) ;
#1154 = CARTESIAN_POINT ( 'NONE',  ( -6.633249580710800508, 54.50000000000000000, 25.65638322133500182 ) ) ;
#1155 = CARTESIAN_POINT ( 'NONE',  ( 14.65384441423980455, 52.64450163920134429, 22.07967013432413950 ) ) ;
#1156 = CARTESIAN_POINT ( 'NONE',  ( 13.50913784954161656, 63.28238806628397128, 21.03860547635054701 ) ) ;
#1157 = CARTESIAN_POINT ( 'NONE',  ( 9.406089392588761200, 80.40488532785280995, 34.06246287072929846 ) ) ;
#1158 = ORIENTED_EDGE ( 'NONE', *, *, #336, .F. ) ;
#1159 = CARTESIAN_POINT ( 'NONE',  ( -13.19002066875879287, 51.86778564021378912, 22.98444548654578767 ) ) ;
#1160 = DIRECTION ( 'NONE',  ( 0.9488292830168389980, 0.3157894736842109529, 0.000000000000000000 ) ) ;
#1161 = CIRCLE ( 'NONE', #1740, 5.000000000000001776 ) ;
#1162 = CARTESIAN_POINT ( 'NONE',  ( 16.01146097647151834, 58.35127476712062133, 38.65508624280104044 ) ) ;
#1163 = CARTESIAN_POINT ( 'NONE',  ( 9.488292830168399306, 80.15789473684209554, 70.00000000000000000 ) ) ;
#1164 = DIRECTION ( 'NONE',  ( 0.7071067811865461294, 0.000000000000000000, -0.7071067811865490160 ) ) ;
#1165 = CARTESIAN_POINT ( 'NONE',  ( -18.17757152727000047, 60.54986149584490107, 0.000000000000000000 ) ) ;
#1166 = CARTESIAN_POINT ( 'NONE',  ( 0.000000000000000000, 87.00000000000000000, 0.000000000000000000 ) ) ;
#1167 = PLANE ( 'NONE',  #2087 ) ;
#1168 = CARTESIAN_POINT ( 'NONE',  ( -7.593294238404481256, 32.49293320571637622, 35.72840582440147017 ) ) ;
#1169 = ORIENTED_EDGE ( 'NONE', *, *, #4484, .F. ) ;
#1170 = CARTESIAN_POINT ( 'NONE',  ( 2.289930140383075408, 86.91910188258488290, 0.2332110624391317000 ) ) ;
#1171 = AXIS2_PLACEMENT_3D ( 'NONE', #585, #2518, #3372 ) ;
#1172 = CARTESIAN_POINT ( 'NONE',  ( -14.77491632044690917, 46.44786756298818631, 29.14896528523508223 ) ) ;
#1173 = FACE_OUTER_BOUND ( 'NONE', #3932, .T. ) ;
#1174 = CARTESIAN_POINT ( 'NONE',  ( 0.000000000000000000, 5.000000000000000000, 0.000000000000000000 ) ) ;
#1175 = CARTESIAN_POINT ( 'NONE',  ( 15.34812956518451443, 51.94284366823077903, 21.60288555949065170 ) ) ;
#1176 = CARTESIAN_POINT ( 'NONE',  ( 19.82061979289560227, 32.57608840453060139, 30.65902654743889144 ) ) ;
#1177 = DIRECTION ( 'NONE',  ( 0.7071067811865489050, 0.000000000000000000, 0.7071067811865460184 ) ) ;
#1178 = CARTESIAN_POINT ( 'NONE',  ( 8.026973022075944542, 85.96219931243589940, 1.682253826644870998 ) ) ;
#1179 = AXIS2_PLACEMENT_3D ( 'NONE', #3177, #1278, #902 ) ;
#1180 = EDGE_CURVE ( 'NONE', #3663, #272, #4063, .T. ) ;
#1181 = CARTESIAN_POINT ( 'NONE',  ( -4.152922921710256787, 51.75226429997585598, 26.17296048374503670 ) ) ;
#1182 = CARTESIAN_POINT ( 'NONE',  ( -15.06121172968720678, 52.58664263500573810, 33.12158544106335256 ) ) ;
#1183 = CARTESIAN_POINT ( 'NONE',  ( 12.48706949279018552, 59.97840124100672199, 22.72382730668746476 ) ) ;
#1184 = CIRCLE ( 'NONE', #2491, 30.29203427834159612 ) ;
#1185 = CARTESIAN_POINT ( 'NONE',  ( -11.86930524638068007, 79.50384277245299813, 17.16083436646084692 ) ) ;
#1186 = VERTEX_POINT ( 'NONE', #3128 ) ;
#1187 = CARTESIAN_POINT ( 'NONE',  ( -15.85377809583319753, 60.17948217300779845, 37.77144411256465162 ) ) ;
#1188 = CARTESIAN_POINT ( 'NONE',  ( 15.51670174253359136, 35.42405402508306622, 28.73840632328278843 ) ) ;
#1189 = ORIENTED_EDGE ( 'NONE', *, *, #1739, .F. ) ;
#1190 = CARTESIAN_POINT ( 'NONE',  ( 15.43549444393579861, 62.23426791732970287, 48.90976128738530093 ) ) ;
#1191 = CARTESIAN_POINT ( 'NONE',  ( -10.38404709922723157, 81.82124153833066771, 14.21168142437567994 ) ) ;
#1192 = CARTESIAN_POINT ( 'NONE',  ( 7.436778525083604485, 32.26404266622823513, 31.78030394708231654 ) ) ;
#1193 = CARTESIAN_POINT ( 'NONE',  ( 28.73840632328278843, 35.42405402508300938, 15.51670174253352030 ) ) ;
#1194 = CARTESIAN_POINT ( 'NONE',  ( -12.41691708775019620, 75.82277897493746366, 21.28023840966879376 ) ) ;
#1195 = CYLINDRICAL_SURFACE ( 'NONE', #4172, 7.500000000000000000 ) ;
#1196 = CARTESIAN_POINT ( 'NONE',  ( -8.377750222338542940, 33.53813070765587412, 35.33204794662221104 ) ) ;
#1197 = CARTESIAN_POINT ( 'NONE',  ( -32.67854454465064862, 61.02855952417760221, 10.75825806648185967 ) ) ;
#1198 = ORIENTED_EDGE ( 'NONE', *, *, #83, .F. ) ;
#1199 = CARTESIAN_POINT ( 'NONE',  ( 15.71650523114942111, 82.86181785777489495, 2.257361275102226283 ) ) ;
#1200 = CARTESIAN_POINT ( 'NONE',  ( -5.000000000000000000, 77.00000000000000000, 45.00000000000000000 ) ) ;
#1201 = CARTESIAN_POINT ( 'NONE',  ( -11.88922767288349114, 32.88816172174335861, 30.24883951479036170 ) ) ;
#1202 = ADVANCED_FACE ( 'NONE', ( #435 ), #26, .T. ) ;
#1203 = DIRECTION ( 'NONE',  ( 0.000000000000000000, 0.000000000000000000, -1.000000000000000000 ) ) ;
#1204 = CARTESIAN_POINT ( 'NONE',  ( 18.24604134481477402, 34.88485447139336770, 31.13664831716658909 ) ) ;
#1205 = CARTESIAN_POINT ( 'NONE',  ( -0.2490028062880403070, 29.00220822322046033, 37.49866230567721459 ) ) ;
#1206 =( BOUNDED_SURFACE ( )  B_SPLINE_SURFACE ( 3, 2, ( 
 ( #4141, #629, #1850 ),
 ( #1438, #3337, #1063 ),
 ( #3293, #676, #4441 ),
 ( #1364, #4467, #3316 ),
 ( #4839, #267, #2989 ),
 ( #4517, #993, #4865 ),
 ( #1413, #2535, #4164 ),
 ( #4071, #2254, #4537 ),
 ( #1016, #2966, #2605 ),
 ( #4493, #2232, #1038 ),
 ( #2584, #700, #3769 ),
 ( #295, #4818, #605 ),
 ( #1870, #1178, #4934 ),
 ( #393, #416, #316 ),
 ( #2302, #3484, #4982 ),
 ( #3410, #3135, #366 ),
 ( #799, #3859, #1481 ),
 ( #3035, #4562, #2329 ) ),
 .UNSPECIFIED., .F., .F., .T. ) 
 B_SPLINE_SURFACE_WITH_KNOTS ( ( 4, 2, 2, 2, 2, 2, 2, 2, 4 ),
 ( 3, 3 ),
 ( 0.000000000000000000, 0.007089825852578259847, 0.008862282315722830664, 0.01063473877886740061, 0.01417965170515651969, 0.01772456463144564745, 0.01949702109459024862, 0.02126947755773479776, 0.02835930341031304980 ),
 ( 0.000000000000000000, 1.000000000000000000 ),
 .UNSPECIFIED. ) 
 GEOMETRIC_REPRESENTATION_ITEM ( )  RATIONAL_B_SPLINE_SURFACE ( (
 ( 1.000000000000000000, 0.8914801411726809288, 1.000000000000000000),
 ( 1.000000000000000000, 0.9095690866177629230, 1.000000000000000000),
 ( 1.000000000000000000, 0.9252191640773120840, 1.000000000000000000),
 ( 1.000000000000000000, 0.9421442469250320695, 1.000000000000000000),
 ( 1.000000000000000000, 0.9453960981010429698, 1.000000000000000000),
 ( 1.000000000000000000, 0.9516370778138989461, 1.000000000000000000),
 ( 1.000000000000000000, 0.9546317551864830220, 1.000000000000000000),
 ( 1.000000000000000000, 0.9631846108983249666, 1.000000000000000000),
 ( 1.000000000000000000, 0.9682733449182789887, 1.000000000000000000),
 ( 1.000000000000000000, 0.9773103282046599061, 1.000000000000000000),
 ( 1.000000000000000000, 0.9812582077058520369, 1.000000000000000000),
 ( 1.000000000000000000, 0.9863512400141489778, 1.000000000000000000),
 ( 1.000000000000000000, 0.9879104347784020135, 1.000000000000000000),
 ( 1.000000000000000000, 0.9907523128968259707, 1.000000000000000000),
 ( 1.000000000000000000, 0.9920369182871640046, 1.000000000000000000),
 ( 1.000000000000000000, 0.9977392338943249506, 1.000000000000000000),
 ( 1.000000000000000000, 0.9999895215731110509, 1.000000000000000000),
 ( 1.000000000000000000, 1.000000000000000000, 1.000000000000000000) ) ) 
 REPRESENTATION_ITEM ( '' )  SURFACE ( )  );
#1207 = CARTESIAN_POINT ( 'NONE',  ( 2.692704157936161469, 86.89392603954479455, 4.747176084634996407 ) ) ;
#1208 = CARTESIAN_POINT ( 'NONE',  ( 18.79212173340559744, 39.46287312811049475, 33.91481253737395463 ) ) ;
#1209 = ADVANCED_FACE ( 'NONE', ( #1546 ), #820, .T. ) ;
#1210 = CARTESIAN_POINT ( 'NONE',  ( 5.973788506023750777, 86.55312098186983860, 1.793378698523321768 ) ) ;
#1211 = DIRECTION ( 'NONE',  ( 0.6916548014802289535, -0.2079116908177599810, -0.6916548014802219591 ) ) ;
#1212 = DIRECTION ( 'NONE',  ( 0.000000000000000000, 0.000000000000000000, 1.000000000000000000 ) ) ;
#1213 = CARTESIAN_POINT ( 'NONE',  ( -9.930654949504651441, 82.39644194341660466, 13.40471380093450193 ) ) ;
#1214 = ORIENTED_EDGE ( 'NONE', *, *, #2921, .F. ) ;
#1215 = CARTESIAN_POINT ( 'NONE',  ( -20.56248160980962325, 49.73476577825747569, 16.71629142124780998 ) ) ;
#1216 = CARTESIAN_POINT ( 'NONE',  ( -30.29964098529060124, 48.17238294260799591, 19.51018015806889849 ) ) ;
#1217 = ORIENTED_EDGE ( 'NONE', *, *, #3601, .T. ) ;
#1218 = CARTESIAN_POINT ( 'NONE',  ( 15.31654962476545023, 53.35383752940040125, 48.53286615564879725 ) ) ;
#1219 = CARTESIAN_POINT ( 'NONE',  ( -32.82329888108949945, 56.09233158979590428, 12.09733568480296029 ) ) ;
#1220 = AXIS2_PLACEMENT_3D ( 'NONE', #4731, #4334, #2147 ) ;
#1221 = DIRECTION ( 'NONE',  ( 0.000000000000000000, 1.000000000000000000, 0.000000000000000000 ) ) ;
#1222 = DIRECTION ( 'NONE',  ( 0.000000000000000000, 0.000000000000000000, 1.000000000000000000 ) ) ;
#1223 = CARTESIAN_POINT ( 'NONE',  ( -12.51156772063285239, 76.13118216119005410, 20.84202421781971282 ) ) ;
#1224 = DIRECTION ( 'NONE',  ( 0.7071067811865490160, 0.000000000000000000, 0.7071067811865460184 ) ) ;
#1225 = CARTESIAN_POINT ( 'NONE',  ( -7.929491180410938256, 83.09287980270643459, 16.23978608581650462 ) ) ;
#1226 = CARTESIAN_POINT ( 'NONE',  ( 9.488292830168399306, 35.84210526315790446, 34.69420229851370152 ) ) ;
#1227 = EDGE_LOOP ( 'NONE', ( #3327, #3009, #3765, #2593 ) ) ;
#1228 = CARTESIAN_POINT ( 'NONE',  ( 3.003486163896191830, 86.85947168567447818, 0.3074431191191668855 ) ) ;
#1229 = CARTESIAN_POINT ( 'NONE',  ( 0.000000000000000000, 39.00000000000000000, -47.50100000000000477 ) ) ;
#1230 = EDGE_CURVE ( 'NONE', #3574, #3984, #4255, .T. ) ;
#1231 = CARTESIAN_POINT ( 'NONE',  ( 0.000000000000000000, 54.50000000000000000, 0.000000000000000000 ) ) ;
#1232 = CARTESIAN_POINT ( 'NONE',  ( 20.40640804942167463, 31.95579475019590276, 30.44428939326016348 ) ) ;
#1233 = CARTESIAN_POINT ( 'NONE',  ( -6.834452521889903487, 31.69291014463000877, 36.07325467090169724 ) ) ;
#1234 = CARTESIAN_POINT ( 'NONE',  ( -15.18126852826944884, 63.05263157894739834, -47.50100000000000477 ) ) ;
#1235 = CARTESIAN_POINT ( 'NONE',  ( 20.49206434135149735, 81.16179428073158419, 7.608920528618504875 ) ) ;
#1236 = CARTESIAN_POINT ( 'NONE',  ( 32.93712925542256187, 59.49078585989082768, 10.40612670262765604 ) ) ;
#1237 = CARTESIAN_POINT ( 'NONE',  ( 13.49229711952020949, 63.25418641971288025, 21.06116113975763326 ) ) ;
#1238 = SHAPE_DEFINITION_REPRESENTATION ( #2215, #1099 ) ;
#1239 = CARTESIAN_POINT ( 'NONE',  ( -21.92837398105521274, 50.58398394777694307, 14.87936022403863134 ) ) ;
#1240 = CARTESIAN_POINT ( 'NONE',  ( -15.36242071337390058, 44.31775377763054280, 28.64891793175090129 ) ) ;
#1241 = ORIENTED_EDGE ( 'NONE', *, *, #1868, .T. ) ;
#1242 = CARTESIAN_POINT ( 'NONE',  ( -4.306652202106604044, 86.26624800513653213, 5.350546508281674107 ) ) ;
#1243 = CARTESIAN_POINT ( 'NONE',  ( -26.33684023410404151, 71.87880486084206666, 7.785135662521037503 ) ) ;
#1244 = ADVANCED_FACE ( 'NONE', ( #2349 ), #386, .F. ) ;
#1245 = CARTESIAN_POINT ( 'NONE',  ( 7.500000000000003553, 57.62267456121204390, 25.22685137077732875 ) ) ;
#1246 =( GEOMETRIC_REPRESENTATION_CONTEXT ( 3 ) GLOBAL_UNCERTAINTY_ASSIGNED_CONTEXT ( ( #4201 ) ) GLOBAL_UNIT_ASSIGNED_CONTEXT ( ( #436, #4309, #3561 ) ) REPRESENTATION_CONTEXT ( 'NONE', 'WORKASPACE' ) );
#1247 = CARTESIAN_POINT ( 'NONE',  ( -12.76081632409858102, 76.82532421354849816, 19.87439220564534992 ) ) ;
#1248 = CIRCLE ( 'NONE', #1408, 47.50000000000000000 ) ;
#1249 = CARTESIAN_POINT ( 'NONE',  ( 0.000000000000000000, 0.000000000000000000, 0.000000000000000000 ) ) ;
#1250 = CARTESIAN_POINT ( 'NONE',  ( -31.02620874785717575, 66.83649123807727221, 10.66472742786461225 ) ) ;
#1251 = EDGE_LOOP ( 'NONE', ( #255, #3040, #807, #235, #4508 ) ) ;
#1252 = CARTESIAN_POINT ( 'NONE',  ( 0.000000000000000000, 0.000000000000000000, 0.000000000000000000 ) ) ;
#1253 = CARTESIAN_POINT ( 'NONE',  ( 5.640833219145432231, 85.26116532434409123, 20.42726479015733076 ) ) ;
#1254 = ORIENTED_EDGE ( 'NONE', *, *, #2837, .T. ) ;
#1255 = VECTOR ( 'NONE', #4682, 1000.000000000000227 ) ;
#1256 = EDGE_CURVE ( 'NONE', #508, #4924, #1962, .T. ) ;
#1257 = CARTESIAN_POINT ( 'NONE',  ( -12.91771224590592482, 46.14622822036184147, 30.02201715553712091 ) ) ;
#1258 = CARTESIAN_POINT ( 'NONE',  ( -11.31028402363190466, 31.56789318363155417, 30.47004269695037593 ) ) ;
#1259 = CARTESIAN_POINT ( 'NONE',  ( 30.43120747529557590, 31.92251964323521207, 20.44027936283457336 ) ) ;
#1260 = CARTESIAN_POINT ( 'NONE',  ( 19.86253490371618113, 32.52876309754499573, 30.64433915504712758 ) ) ;
#1261 = CARTESIAN_POINT ( 'NONE',  ( -0.6495879241362135792, 29.02021983983298981, 37.48783756938187395 ) ) ;
#1262 = CARTESIAN_POINT ( 'NONE',  ( -15.18126852826944884, 63.05263157894739834, 37.31786063423940192 ) ) ;
#1263 = CARTESIAN_POINT ( 'NONE',  ( 6.421130831420265750, 86.48345453072980149, 1.932812659359625540 ) ) ;
#1264 = CARTESIAN_POINT ( 'NONE',  ( 4.159689467982678579, 51.75869935542793598, 26.17157942434127804 ) ) ;
#1265 = CARTESIAN_POINT ( 'NONE',  ( 45.96194077712570447, 39.00000000000000000, 53.03300858899100234 ) ) ;
#1266 = CALENDAR_DATE ( 2026, 4, 10 ) ;
#1267 = CARTESIAN_POINT ( 'NONE',  ( -23.87299215291696797, 53.81395451735167512, 11.51125869749477459 ) ) ;
#1268 = CARTESIAN_POINT ( 'NONE',  ( -10.15741136434859904, 49.72269611656909660, 30.87553376665479732 ) ) ;
#1269 = EDGE_LOOP ( 'NONE', ( #2268, #2581 ) ) ;
#1270 = EDGE_CURVE ( 'NONE', #24, #4482, #2403, .T. ) ;
#1271 = CARTESIAN_POINT ( 'NONE',  ( -24.47739344988085008, 41.65364970917651277, 21.38076027107132759 ) ) ;
#1272 = CARTESIAN_POINT ( 'NONE',  ( -27.03366817907645725, 70.97502912698330135, 7.359942531676692212 ) ) ;
#1273 = CARTESIAN_POINT ( 'NONE',  ( 31.32609657280938720, 60.76020446883604365, 5.989598779503157111 ) ) ;
#1274 = CARTESIAN_POINT ( 'NONE',  ( -3.458651732450680250, 86.38627088141049626, 6.452613723400720147 ) ) ;
#1275 = CARTESIAN_POINT ( 'NONE',  ( -5.656945312582370100, 85.24614993801770879, 10.88048426261992141 ) ) ;
#1276 = CARTESIAN_POINT ( 'NONE',  ( 26.69506517766852483, 30.67922906234694835, 18.72792892189514902 ) ) ;
#1277 = ORIENTED_EDGE ( 'NONE', *, *, #3717, .T. ) ;
#1278 = DIRECTION ( 'NONE',  ( 0.000000000000000000, 0.000000000000000000, 1.000000000000000000 ) ) ;
#1279 = CARTESIAN_POINT ( 'NONE',  ( 3.028240186633392117, 86.53047203835474477, 10.96622658113962245 ) ) ;
#1280 = ADVANCED_FACE ( 'NONE', ( #2668 ), #4841, .T. ) ;
#1281 = ORIENTED_EDGE ( 'NONE', *, *, #3010, .T. ) ;
#1282 = CARTESIAN_POINT ( 'NONE',  ( -31.96335592698958195, 51.28130421783315995, 15.33870200915131754 ) ) ;
#1283 = CYLINDRICAL_SURFACE ( 'NONE', #4914, 10.49999999999999645 ) ;
#1284 = CARTESIAN_POINT ( 'NONE',  ( 5.836501979290252606, 25.58950718026243010, 31.97311881761619290 ) ) ;
#1285 = AXIS2_PLACEMENT_3D ( 'NONE', #4821, #1732, #2852 ) ;
#1286 = CARTESIAN_POINT ( 'NONE',  ( 30.69851017420170436, 32.70654061407646651, 19.70679321308144694 ) ) ;
#1287 = CARTESIAN_POINT ( 'NONE',  ( 28.27115010965856357, 29.36972161987503682, 24.45290168220947535 ) ) ;
#1288 = CARTESIAN_POINT ( 'NONE',  ( -7.097853967275823628, 31.95579475049944307, 35.95687298965177803 ) ) ;
#1289 = DIRECTION ( 'NONE',  ( 0.000000000000000000, 0.000000000000000000, 1.000000000000000000 ) ) ;
#1290 = CARTESIAN_POINT ( 'NONE',  ( 17.13138229738176221, 83.07241596358544200, 5.895209911577400597 ) ) ;
#1291 = CARTESIAN_POINT ( 'NONE',  ( 0.000000000000000000, 0.000000000000000000, -47.50000000000000000 ) ) ;
#1292 = CARTESIAN_POINT ( 'NONE',  ( 15.03104026814505367, 64.90025422250843690, 19.18732474243152808 ) ) ;
#1293 = DATE_TIME_ROLE ( 'creation_date' ) ;
#1294 = CARTESIAN_POINT ( 'NONE',  ( 23.15507618341866447, 56.83211123837936896, 12.67566571482054982 ) ) ;
#1295 = CARTESIAN_POINT ( 'NONE',  ( -15.80517640542822555, 48.18753387104452912, 28.46859277898766649 ) ) ;
#1296 = CARTESIAN_POINT ( 'NONE',  ( -2.928294802103821759, 86.68277651515002447, 3.607093766289289238 ) ) ;
#1297 = CARTESIAN_POINT ( 'NONE',  ( 31.81980515339470017, 39.00000000000000000, 31.81980515339460069 ) ) ;
#1298 = ADVANCED_FACE ( 'NONE', ( #516 ), #137, .T. ) ;
#1299 = CARTESIAN_POINT ( 'NONE',  ( 30.66265966592374781, 63.28070175438599421, 6.241039890295090764 ) ) ;
#1300 = DIRECTION ( 'NONE',  ( 0.000000000000000000, 0.000000000000000000, 1.000000000000000000 ) ) ;
#1301 = CARTESIAN_POINT ( 'NONE',  ( -2.797968378506352494, 86.60076788919973012, 5.192179043626644841 ) ) ;
#1302 = CARTESIAN_POINT ( 'NONE',  ( 30.69066334968810139, 32.67400511783780104, 19.73177238989539717 ) ) ;
#1303 = ORIENTED_EDGE ( 'NONE', *, *, #1395, .F. ) ;
#1304 = CARTESIAN_POINT ( 'NONE',  ( -14.49198336383098606, 65.63524666808125119, 35.84913834239967656 ) ) ;
#1305 = CARTESIAN_POINT ( 'NONE',  ( 9.488292830168399306, 80.15789473684209554, 34.36014785153984974 ) ) ;
#1306 = ORIENTED_EDGE ( 'NONE', *, *, #2122, .T. ) ;
#1307 = CARTESIAN_POINT ( 'NONE',  ( -31.26262488235145298, 49.54539282897638941, 17.34550182550292519 ) ) ;
#1308 = CARTESIAN_POINT ( 'NONE',  ( -14.87222716937201916, 63.98118530040041207, 36.94804036190579666 ) ) ;
#1309 = DIRECTION ( 'NONE',  ( 0.7071067811865489050, 0.000000000000000000, 0.7071067811865460184 ) ) ;
#1310 = ORIENTED_EDGE ( 'NONE', *, *, #4761, .T. ) ;
#1311 = CARTESIAN_POINT ( 'NONE',  ( 30.91178256449266826, 33.55226208424065248, 19.04686775827590495 ) ) ;
#1312 = CARTESIAN_POINT ( 'NONE',  ( 26.04857612941586709, 29.02021983999335220, 26.96723218516757470 ) ) ;
#1313 = CARTESIAN_POINT ( 'NONE',  ( -4.331557119562861935, 29.98261362699733112, 36.93472469118555068 ) ) ;
#1314 = CARTESIAN_POINT ( 'NONE',  ( 11.65536027403329022, 84.78017004836323167, 20.54817414230534567 ) ) ;
#1315 = CARTESIAN_POINT ( 'NONE',  ( -7.270960425825840900, 56.16061940592796731, 25.42883517727174691 ) ) ;
#1316 = CARTESIAN_POINT ( 'NONE',  ( 5.522795940851852770, 52.92555611688776196, 25.91814038350951677 ) ) ;
#1317 = COORDINATED_UNIVERSAL_TIME_OFFSET ( 8, 0, .AHEAD. ) ;
#1318 = DIRECTION ( 'NONE',  ( 0.000000000000000000, 0.000000000000000000, 1.000000000000000000 ) ) ;
#1319 = CARTESIAN_POINT ( 'NONE',  ( -30.95102290639377784, 55.52952473478183038, 10.22505971010722625 ) ) ;
#1320 = CARTESIAN_POINT ( 'NONE',  ( -7.454010472945858723, 84.65072597440814661, 9.571938767680636673 ) ) ;
#1321 = CARTESIAN_POINT ( 'NONE',  ( 4.089895314117300451, 29.85991145373679956, 37.00147345768304774 ) ) ;
#1322 = CARTESIAN_POINT ( 'NONE',  ( 31.81186736082580069, 53.42875628629159479, 6.655112619934169693 ) ) ;
#1323 = CARTESIAN_POINT ( 'NONE',  ( -33.58827921314225051, 58.00000000000000000, -33.58827921314215104 ) ) ;
#1324 = CARTESIAN_POINT ( 'NONE',  ( 28.37055354504494886, 29.41643835194520307, 24.31507598567159789 ) ) ;
#1325 = VERTEX_POINT ( 'NONE', #2125 ) ;
#1326 = CARTESIAN_POINT ( 'NONE',  ( -12.98057099659600233, 70.12575315862792991, 31.00875749432481143 ) ) ;
#1327 = CARTESIAN_POINT ( 'NONE',  ( 1.612711379864486316, 86.86921315238863883, 5.840117015512368503 ) ) ;
#1328 = ORIENTED_EDGE ( 'NONE', *, *, #4438, .F. ) ;
#1329 = CARTESIAN_POINT ( 'NONE',  ( -28.66449661522775827, 46.99268355953961418, 22.28951069355584735 ) ) ;
#1330 = DIRECTION ( 'NONE',  ( 0.000000000000000000, 0.7231429871170124146, 0.6906983568704101462 ) ) ;
#1331 = ORIENTED_EDGE ( 'NONE', *, *, #4089, .T. ) ;
#1332 = ORIENTED_EDGE ( 'NONE', *, *, #4456, .T. ) ;
#1333 = CARTESIAN_POINT ( 'NONE',  ( 30.08970010303089992, 31.18052795225534624, 21.26689044775306670 ) ) ;
#1334 = CARTESIAN_POINT ( 'NONE',  ( 26.14637282579316135, 29.01242638251962802, 26.87605226897365185 ) ) ;
#1335 = CARTESIAN_POINT ( 'NONE',  ( 7.589306365636997675, 32.48828524123469919, 35.73031579286834614 ) ) ;
#1336 = CARTESIAN_POINT ( 'NONE',  ( 67.07758492425038810, 36.56829689731759458, -52.22834251933229410 ) ) ;
#1337 = AXIS2_PLACEMENT_3D ( 'NONE', #4001, #868, #3225 ) ;
#1338 = CARTESIAN_POINT ( 'NONE',  ( 4.265319851264552042, 51.82987892077385794, 26.15465439812022552 ) ) ;
#1339 = CARTESIAN_POINT ( 'NONE',  ( -7.387491812955740755, 59.29493066967764037, 24.99374920119477750 ) ) ;
#1340 = CARTESIAN_POINT ( 'NONE',  ( -13.81051159891062063, 53.04824444714250120, 32.40002431809729444 ) ) ;
#1341 = CARTESIAN_POINT ( 'NONE',  ( 3.416245672804409271E-14, 50.50000000000000000, 26.50000000000000000 ) ) ;
#1342 = CARTESIAN_POINT ( 'NONE',  ( 3.611583785594640439, 29.66036004564104900, 37.11420484082349702 ) ) ;
#1343 = CARTESIAN_POINT ( 'NONE',  ( -12.05154006029652081, 73.35004672045499774, 24.93525807349647749 ) ) ;
#1344 = CARTESIAN_POINT ( 'NONE',  ( -15.52147329847320023, 62.53524122987099076, 37.44556325056734636 ) ) ;
#1345 = CARTESIAN_POINT ( 'NONE',  ( 30.11908750714994909, 31.21583983965475184, 21.21119449404420010 ) ) ;
#1346 = ADVANCED_FACE ( 'NONE', ( #184 ), #4428, .T. ) ;
#1347 = CARTESIAN_POINT ( 'NONE',  ( -14.00154719819330396, 67.09619159927868282, 34.67179964022045624 ) ) ;
#1348 = CARTESIAN_POINT ( 'NONE',  ( 4.016938331266102225, 86.16157656913597407, 14.54637126507998701 ) ) ;
#1349 = ORIENTED_EDGE ( 'NONE', *, *, #4047, .F. ) ;
#1350 = CARTESIAN_POINT ( 'NONE',  ( -31.09945410684834854, 49.27307333969508107, 17.73829284937360384 ) ) ;
#1351 = AXIS2_PLACEMENT_3D ( 'NONE', #328, #3047, #2287 ) ;
#1352 = CARTESIAN_POINT ( 'NONE',  ( -13.22131417299259937, 68.94156151688039813, 32.76432584307539742 ) ) ;
#1353 = ORIENTED_EDGE ( 'NONE', *, *, #2486, .F. ) ;
#1354 = CARTESIAN_POINT ( 'NONE',  ( 28.10988800361745632, 27.49210072662410198, 16.31302650238939833 ) ) ;
#1355 = ADVANCED_FACE ( 'NONE', ( #160 ), #1283, .F. ) ;
#1356 = CARTESIAN_POINT ( 'NONE',  ( 31.24174191523275113, 35.84210526315790446, 17.82326951104110080 ) ) ;
#1357 = CARTESIAN_POINT ( 'NONE',  ( 28.15523124010029576, 29.31815694472340894, 24.61133585877081842 ) ) ;
#1358 = CARTESIAN_POINT ( 'NONE',  ( 3.625762836251735344, 29.67683322980346006, 37.10524307500051577 ) ) ;
#1359 = EDGE_CURVE ( 'NONE', #4875, #14, #589, .T. ) ;
#1360 = CARTESIAN_POINT ( 'NONE',  ( 49.49747468305839959, 58.00000000000000000, 49.49747468305830722 ) ) ;
#1361 = VERTEX_POINT ( 'NONE', #876 ) ;
#1362 = FACE_OUTER_BOUND ( 'NONE', #4154, .T. ) ;
#1363 = CARTESIAN_POINT ( 'NONE',  ( -12.15530720784255969, 72.22824297166289398, 26.79794675039094543 ) ) ;
#1364 = CARTESIAN_POINT ( 'NONE',  ( 16.76874108587679757, 83.25414412251200247, 5.727331031282740348 ) ) ;
#1365 = CYLINDRICAL_SURFACE ( 'NONE', #195, 47.50000000000000000 ) ;
#1366 = CARTESIAN_POINT ( 'NONE',  ( 5.670210315809889323, 30.75889436625299922, 36.52415891410720405 ) ) ;
#1367 = CARTESIAN_POINT ( 'NONE',  ( 33.26315798988849792, 55.33333333333330728, 10.95222394897974105 ) ) ;
#1368 = CARTESIAN_POINT ( 'NONE',  ( -15.70715819187371665, 61.06078346055054595, 37.54032468409486256 ) ) ;
#1369 = CARTESIAN_POINT ( 'NONE',  ( 31.24174191523275113, 35.84210526315790446, 17.82326951104110080 ) ) ;
#1370 = LINE ( 'NONE', #3020, #3504 ) ;
#1371 = CYLINDRICAL_SURFACE ( 'NONE', #4343, 16.00000000000001066 ) ;
#1372 = ORIENTED_EDGE ( 'NONE', *, *, #4984, .T. ) ;
#1373 = CARTESIAN_POINT ( 'NONE',  ( -32.34302784799558594, 52.76518776919006370, 14.02554427383359936 ) ) ;
#1374 = AXIS2_PLACEMENT_3D ( 'NONE', #2396, #3929, #458 ) ;
#1375 = DIRECTION ( 'NONE',  ( -0.3157894736842106198, -0.9488292830168392200, 5.329070518200752183E-15 ) ) ;
#1376 = ORIENTED_EDGE ( 'NONE', *, *, #862, .F. ) ;
#1377 = CARTESIAN_POINT ( 'NONE',  ( 23.28003304440149890, 52.94736842105259456, 44.74958889110784810 ) ) ;
#1378 = ORIENTED_EDGE ( 'NONE', *, *, #1500, .T. ) ;
#1379 = CARTESIAN_POINT ( 'NONE',  ( 42.78823848096265436, 80.15789473684209554, 56.20671088515399560 ) ) ;
#1380 = CARTESIAN_POINT ( 'NONE',  ( 24.01179439656708325, 29.53532919056416972, 28.57726001412751060 ) ) ;
#1381 = CARTESIAN_POINT ( 'NONE',  ( 8.061170304115378826, 33.08243442473834506, 35.49703510179813293 ) ) ;
#1382 = LINE ( 'NONE', #1336, #4877 ) ;
#1383 = ORIENTED_EDGE ( 'NONE', *, *, #3668, .T. ) ;
#1384 = CIRCLE ( 'NONE', #4204, 15.99999999999999822 ) ;
#1385 = CARTESIAN_POINT ( 'NONE',  ( 22.69711154458924085, 54.03569524221303055, 13.68065857910572625 ) ) ;
#1386 = CARTESIAN_POINT ( 'NONE',  ( -7.380622527010372913, 59.33326784020191269, 24.98836648765612267 ) ) ;
#1387 = CARTESIAN_POINT ( 'NONE',  ( 5.000000000000000000, 39.00000000000000000, 45.00000000000000000 ) ) ;
#1388 = CARTESIAN_POINT ( 'NONE',  ( -32.67854454465064862, 61.02855952417760221, 10.75825806648185967 ) ) ;
#1389 = CARTESIAN_POINT ( 'NONE',  ( 1.489092604326510028, 29.10282378197005571, 32.47897719959994589 ) ) ;
#1390 = CARTESIAN_POINT ( 'NONE',  ( 31.31946872043049979, 55.03956834532377229, 9.078757943139727615 ) ) ;
#1391 = CARTESIAN_POINT ( 'NONE',  ( -16.01339363053465092, 55.82525501436899873, 36.01873004820979673 ) ) ;
#1392 = CARTESIAN_POINT ( 'NONE',  ( 23.28739194663509693, 29.86130836330355010, 29.04120036997245080 ) ) ;
#1393 = DIRECTION ( 'NONE',  ( 0.7071067811865489050, 0.000000000000000000, 0.7071067811865460184 ) ) ;
#1394 = DIRECTION ( 'NONE',  ( -0.2511310285135388565, 0.7545548334713096938, -0.6062839349700898106 ) ) ;
#1395 = EDGE_CURVE ( 'NONE', #482, #2360, #84, .T. ) ;
#1396 = ORIENTED_EDGE ( 'NONE', *, *, #4968, .T. ) ;
#1397 = CYLINDRICAL_SURFACE ( 'NONE', #1798, 15.49999999999999822 ) ;
#1398 = CARTESIAN_POINT ( 'NONE',  ( 0.000000000000000000, 77.00000000000000000, 70.00000000000000000 ) ) ;
#1399 =( BOUNDED_SURFACE ( )  B_SPLINE_SURFACE ( 3, 2, ( 
 ( #1926, #2365, #4966 ),
 ( #4218, #3522, #1491 ),
 ( #16, #2684, #4592 ),
 ( #760, #3869, #3092 ),
 ( #377, #3044, #809 ),
 ( #2658, #4271, #426 ),
 ( #3896, #1979, #3145 ),
 ( #44, #4194, #349 ),
 ( #3470, #4991, #2264 ),
 ( #732, #1536, #1137 ) ),
 .UNSPECIFIED., .F., .F., .T. ) 
 B_SPLINE_SURFACE_WITH_KNOTS ( ( 4, 2, 2, 2, 4 ),
 ( 3, 3 ),
 ( 0.000000000000000000, 0.005127661287246909790, 0.006409576609058630081, 0.007691491930870359914, 0.01025532257449379876 ),
 ( 0.000000000000000000, 1.000000000000000000 ),
 .UNSPECIFIED. ) 
 GEOMETRIC_REPRESENTATION_ITEM ( )  RATIONAL_B_SPLINE_SURFACE ( (
 ( 1.000000000000000000, 0.8787617550976050129, 1.000000000000000000),
 ( 1.000000000000000000, 0.8809103073779359638, 1.000000000000000000),
 ( 1.000000000000000000, 0.8830501392803359328, 1.000000000000000000),
 ( 1.000000000000000000, 0.8857142604042840262, 1.000000000000000000),
 ( 1.000000000000000000, 0.8862465508641029777, 1.000000000000000000),
 ( 1.000000000000000000, 0.8873100681728129935, 1.000000000000000000),
 ( 1.000000000000000000, 0.8878424992471349864, 1.000000000000000000),
 ( 1.000000000000000000, 0.8894243715043180787, 1.000000000000000000),
 ( 1.000000000000000000, 0.8904610990735720710, 1.000000000000000000),
 ( 1.000000000000000000, 0.8914801411726809288, 1.000000000000000000) ) ) 
 REPRESENTATION_ITEM ( '' )  SURFACE ( )  );
#1400 = EDGE_LOOP ( 'NONE', ( #2641, #2148, #1450, #901, #3555 ) ) ;
#1401 = CARTESIAN_POINT ( 'NONE',  ( -32.99002285541934754, 57.78278745125089699, 11.42246004917720192 ) ) ;
#1402 = AXIS2_PLACEMENT_3D ( 'NONE', #4472, #1777, #4843 ) ;
#1403 = DIRECTION ( 'NONE',  ( 0.000000000000000000, -1.000000000000000000, 0.000000000000000000 ) ) ;
#1404 = APPROVAL_PERSON_ORGANIZATION ( #4716, #3853, #3627 ) ;
#1405 = CARTESIAN_POINT ( 'NONE',  ( 9.488292830168399306, 80.15789473684209554, -47.50100000000000477 ) ) ;
#1406 = CARTESIAN_POINT ( 'NONE',  ( 33.19839116048830618, 52.94736842105259456, 11.72883531378175981 ) ) ;
#1407 = CARTESIAN_POINT ( 'NONE',  ( 4.482982725812181712, 30.06104748732238718, 36.89220561191788761 ) ) ;
#1408 = AXIS2_PLACEMENT_3D ( 'NONE', #2802, #846, #2398 ) ;
#1409 = ORIENTED_EDGE ( 'NONE', *, *, #598, .F. ) ;
#1410 = EDGE_CURVE ( 'NONE', #2574, #4987, #1867, .T. ) ;
#1411 = CARTESIAN_POINT ( 'NONE',  ( 20.15723203347189241, 50.79678329399060743, 17.20280249161460162 ) ) ;
#1412 = CARTESIAN_POINT ( 'NONE',  ( -7.004918577179874539, 60.68074922369547863, 24.79889386216926539 ) ) ;
#1413 = CARTESIAN_POINT ( 'NONE',  ( 15.01630649628290115, 84.04378866951340399, 4.970975046405269993 ) ) ;
#1414 = CARTESIAN_POINT ( 'NONE',  ( -28.34460205529252619, 43.96056736521325092, 15.90357208997630600 ) ) ;
#1415 = AXIS2_PLACEMENT_3D ( 'NONE', #1360, #3783, #311 ) ;
#1416 = CARTESIAN_POINT ( 'NONE',  ( 4.103645813922601526, 29.84524668701159555, 32.31220824542365477 ) ) ;
#1417 = CARTESIAN_POINT ( 'NONE',  ( 9.231773109447988901, 85.68705157031260455, 16.27537854448580035 ) ) ;
#1418 = VERTEX_POINT ( 'NONE', #2451 ) ;
#1419 = ADVANCED_FACE ( 'NONE', ( #545 ), #3469, .F. ) ;
#1420 = CARTESIAN_POINT ( 'NONE',  ( -15.52542161673986953, 54.10610624429951088, 34.52324087177284895 ) ) ;
#1421 = CARTESIAN_POINT ( 'NONE',  ( 16.47636763588765163, 27.31582001170704999, 28.01517738765254606 ) ) ;
#1422 = DIRECTION ( 'NONE',  ( 0.7071067811865489050, 0.000000000000000000, 0.7071067811865460184 ) ) ;
#1423 = DIRECTION ( 'NONE',  ( 0.7071067811865467956, 0.000000000000000000, -0.7071067811865484609 ) ) ;
#1424 = EDGE_LOOP ( 'NONE', ( #2906, #961, #3392, #1507, #2123 ) ) ;
#1425 = CARTESIAN_POINT ( 'NONE',  ( -22.51456745894006772, 46.92254748643121331, 28.51080981248484392 ) ) ;
#1426 = DIRECTION ( 'NONE',  ( 0.000000000000000000, -1.000000000000000000, 0.000000000000000000 ) ) ;
#1427 = VERTEX_POINT ( 'NONE', #4781 ) ;
#1428 = CARTESIAN_POINT ( 'NONE',  ( -12.15422078439718057, 76.67079204938509918, 20.52728223500684734 ) ) ;
#1429 = EDGE_CURVE ( 'NONE', #307, #1977, #1771, .T. ) ;
#1430 = CARTESIAN_POINT ( 'NONE',  ( 14.55127900261346952, 29.78435829822537073, 29.06079314579232786 ) ) ;
#1431 = CIRCLE ( 'NONE', #1415, 15.99999999999999822 ) ;
#1432 = DIRECTION ( 'NONE',  ( 0.000000000000000000, 0.000000000000000000, 1.000000000000000000 ) ) ;
#1433 = CARTESIAN_POINT ( 'NONE',  ( 5.817072295949930581E-15, 0.000000000000000000, 47.50000000000000000 ) ) ;
#1434 = CARTESIAN_POINT ( 'NONE',  ( 6.874456598179921940, 31.73694220151923062, 36.05449413256790336 ) ) ;
#1435 = ORIENTED_EDGE ( 'NONE', *, *, #2256, .F. ) ;
#1436 = CARTESIAN_POINT ( 'NONE',  ( 9.606482298606699999, 36.19722042038635124, 34.64548246917324548 ) ) ;
#1437 = DIRECTION ( 'NONE',  ( 0.000000000000000000, -1.000000000000000000, 0.000000000000000000 ) ) ;
#1438 = CARTESIAN_POINT ( 'NONE',  ( 20.45740851442389996, 81.23375303726331254, 7.545319722636159909 ) ) ;
#1439 = CARTESIAN_POINT ( 'NONE',  ( -26.99344250227202480, 42.71874105770658048, 18.10001484804600835 ) ) ;
#1440 = CARTESIAN_POINT ( 'NONE',  ( -6.864059845892570344, 31.72321668540595141, 36.05998931809794783 ) ) ;
#1441 = CARTESIAN_POINT ( 'NONE',  ( 11.62411851793024020, 84.80655683088819785, 20.49302196690594968 ) ) ;
#1442 = EDGE_LOOP ( 'NONE', ( #1332, #2044, #727, #4431 ) ) ;
#1443 = CARTESIAN_POINT ( 'NONE',  ( -16.05821159561330091, 59.91046561823360150, 37.67020889157449659 ) ) ;
#1444 = CARTESIAN_POINT ( 'NONE',  ( 16.71115093858615097, 27.07641590409590293, 27.87589729480960088 ) ) ;
#1445 = CARTESIAN_POINT ( 'NONE',  ( -15.65719575432531663, 54.08026533977452033, 34.60075400466577378 ) ) ;
#1446 = CARTESIAN_POINT ( 'NONE',  ( -15.95265059220581705, 59.31656545779165413, 37.66121540919152721 ) ) ;
#1447 = EDGE_CURVE ( 'NONE', #847, #2097, #4853, .T. ) ;
#1448 = CARTESIAN_POINT ( 'NONE',  ( -21.30937434924337381, 47.34747341408785815, 29.29260024379616567 ) ) ;
#1449 = DIRECTION ( 'NONE',  ( 0.000000000000000000, 0.000000000000000000, -1.000000000000000000 ) ) ;
#1450 = ORIENTED_EDGE ( 'NONE', *, *, #157, .F. ) ;
#1451 = CARTESIAN_POINT ( 'NONE',  ( -9.710252626332547266, 69.56124416731660176, 27.24788990494809582 ) ) ;
#1452 = CARTESIAN_POINT ( 'NONE',  ( 27.94033945065247693, 27.19290946620597538, 16.60086071102417904 ) ) ;
#1453 = DIRECTION ( 'NONE',  ( -0.9488292830168389980, 0.3157894736842109529, 0.000000000000000000 ) ) ;
#1454 = CARTESIAN_POINT ( 'NONE',  ( -14.53696511176160122, 48.26622220356001236, 29.78352534699407173 ) ) ;
#1455 = CARTESIAN_POINT ( 'NONE',  ( 31.81980515339470017, 39.00000000000000000, 31.81980515339460069 ) ) ;
#1456 = ORIENTED_EDGE ( 'NONE', *, *, #2521, .T. ) ;
#1457 = CIRCLE ( 'NONE', #697, 32.50000000000000000 ) ;
#1458 = CARTESIAN_POINT ( 'NONE',  ( 21.83193599488108205, 52.25081898202363107, 15.02047872760870639 ) ) ;
#1459 = CARTESIAN_POINT ( 'NONE',  ( 2.299306234154048667, 65.13993234659015741, 24.16137925873906767 ) ) ;
#1460 = FACE_OUTER_BOUND ( 'NONE', #79, .T. ) ;
#1461 = CARTESIAN_POINT ( 'NONE',  ( -44.32305713649544998, 52.94736842105259456, -22.85350128978889828 ) ) ;
#1462 = CARTESIAN_POINT ( 'NONE',  ( -6.041152540049714581, 30.98216316036933193, 32.05073761814897182 ) ) ;
#1463 = CARTESIAN_POINT ( 'NONE',  ( 8.739265520231425555, 82.83766027927171649, 21.09845334412215934 ) ) ;
#1464 = ORIENTED_EDGE ( 'NONE', *, *, #2509, .F. ) ;
#1465 = CARTESIAN_POINT ( 'NONE',  ( -13.61540049176920597, 51.49167359144906442, 22.73479537673130579 ) ) ;
#1466 = CARTESIAN_POINT ( 'NONE',  ( 24.46160961027215208, 29.21671000704714061, 21.43634776438279843 ) ) ;
#1467 = DIRECTION ( 'NONE',  ( 0.000000000000000000, 0.000000000000000000, -1.000000000000000000 ) ) ;
#1468 = CARTESIAN_POINT ( 'NONE',  ( 0.000000000000000000, 0.000000000000000000, 0.000000000000000000 ) ) ;
#1469 = CARTESIAN_POINT ( 'NONE',  ( -18.56053239620243289, 48.73513339619474749, 30.74318529966813429 ) ) ;
#1470 = DIRECTION ( 'NONE',  ( 0.000000000000000000, 0.000000000000000000, 1.000000000000000000 ) ) ;
#1471 = ORIENTED_EDGE ( 'NONE', *, *, #2313, .T. ) ;
#1472 = CARTESIAN_POINT ( 'NONE',  ( -8.891538903428212848, 34.42390871600005653, 35.04805689210761699 ) ) ;
#1473 = CARTESIAN_POINT ( 'NONE',  ( 17.98555280420535141, 25.95239711820484274, 27.07148703481301411 ) ) ;
#1474 = CARTESIAN_POINT ( 'NONE',  ( 0.6855144056278359432, 87.00000000000001421, 0.06925114814370425531 ) ) ;
#1475 = CARTESIAN_POINT ( 'NONE',  ( 49.49747468305839959, 58.00000000000000000, 49.49747468305830722 ) ) ;
#1476 = CARTESIAN_POINT ( 'NONE',  ( -5.377523603636156224, 25.34192058917301793, 32.05243572436876320 ) ) ;
#1477 = CIRCLE ( 'NONE', #2621, 5.000000000000002665 ) ;
#1478 = CARTESIAN_POINT ( 'NONE',  ( 9.488292830168399306, 35.84210526315790446, 34.69420229851370152 ) ) ;
#1479 = VECTOR ( 'NONE', #2650, 1000.000000000000227 ) ;
#1480 = CARTESIAN_POINT ( 'NONE',  ( 7.471352068400440416, 58.69874288731866585, 25.07720660552224956 ) ) ;
#1481 = CARTESIAN_POINT ( 'NONE',  ( 2.062381742621374858, 87.00000000000000000, 0.2083432000712965304 ) ) ;
#1482 = AXIS2_PLACEMENT_3D ( 'NONE', #268, #970, #2186 ) ;
#1483 = CARTESIAN_POINT ( 'NONE',  ( -1.995847631605749184, 50.77042804451936320, 26.42473637202884262 ) ) ;
#1484 = CARTESIAN_POINT ( 'NONE',  ( -12.11813354405101961, 33.51206909436224635, 30.15718279285119863 ) ) ;
#1485 = CARTESIAN_POINT ( 'NONE',  ( 8.358695493633559792, 82.49545021645829479, 30.26951403671634822 ) ) ;
#1486 = ORIENTED_EDGE ( 'NONE', *, *, #4807, .F. ) ;
#1487 = CARTESIAN_POINT ( 'NONE',  ( -13.54575718453721223, 51.55053629577057706, 22.77639031961370009 ) ) ;
#1488 = EDGE_CURVE ( 'NONE', #1861, #3234, #4680, .T. ) ;
#1489 = CARTESIAN_POINT ( 'NONE',  ( 23.47733549846835288, 24.00121593599499903, 22.48400915353959917 ) ) ;
#1490 = CARTESIAN_POINT ( 'NONE',  ( 24.52893741071405032, 58.42838477648089679, 47.15027091978880236 ) ) ;
#1491 = CARTESIAN_POINT ( 'NONE',  ( 31.90878090127900180, 55.97252545842629701, 6.178092519135220506 ) ) ;
#1492 = CARTESIAN_POINT ( 'NONE',  ( -19.19328452751949499, 48.35684225843370143, 30.44735398136566218 ) ) ;
#1493 = CARTESIAN_POINT ( 'NONE',  ( -7.500000000000000000, 58.00000000000000000, -47.50100000000000477 ) ) ;
#1494 = ORIENTED_EDGE ( 'NONE', *, *, #2481, .T. ) ;
#1495 = CARTESIAN_POINT ( 'NONE',  ( -8.064185856335079450, 33.08654696343818102, 35.49549354033306514 ) ) ;
#1496 = CARTESIAN_POINT ( 'NONE',  ( 19.27365361043919378, 25.07430983304949734, 26.17665446432661369 ) ) ;
#1497 = CARTESIAN_POINT ( 'NONE',  ( 5.728227157358962707, 86.48583152786179085, 0.6069382343724285533 ) ) ;
#1498 = CARTESIAN_POINT ( 'NONE',  ( -14.58454934084247157, 64.84554960170019910, 36.23594329995010810 ) ) ;
#1499 = CARTESIAN_POINT ( 'NONE',  ( -6.754334490160283977, 26.17746962619031947, 31.79173209152853019 ) ) ;
#1500 = EDGE_CURVE ( 'NONE', #4924, #2220, #319, .T. ) ;
#1501 = CARTESIAN_POINT ( 'NONE',  ( 17.37208138634092691, 50.73571598251243842, 20.01158283075285027 ) ) ;
#1502 = CARTESIAN_POINT ( 'NONE',  ( 4.355868900671780786, 64.11038790098058371, 24.31014306993852969 ) ) ;
#1503 = CARTESIAN_POINT ( 'NONE',  ( 49.49747468305839959, 39.00000000000000000, 49.49747468305830722 ) ) ;
#1504 = CARTESIAN_POINT ( 'NONE',  ( -3.482017110141955918, 51.35670235012127449, 26.27025862354085461 ) ) ;
#1505 = CARTESIAN_POINT ( 'NONE',  ( -10.07504243278038025, 29.48925753886685186, 30.90176257084520017 ) ) ;
#1506 = CARTESIAN_POINT ( 'NONE',  ( 13.73347144528672104, 83.73600923859019929, 24.21175692384884925 ) ) ;
#1507 = ORIENTED_EDGE ( 'NONE', *, *, #223, .T. ) ;
#1508 = CIRCLE ( 'NONE', #4975, 5.000000000000000888 ) ;
#1509 = CARTESIAN_POINT ( 'NONE',  ( -11.31864892701947944, 54.15824917442630948, 23.96210682129997238 ) ) ;
#1510 = CARTESIAN_POINT ( 'NONE',  ( 15.94028005595025910, 34.33711698228233899, 28.50269761483217579 ) ) ;
#1511 = CARTESIAN_POINT ( 'NONE',  ( 15.85826656086099895, 60.13571066996390613, 50.24938039663259559 ) ) ;
#1512 = CARTESIAN_POINT ( 'NONE',  ( -10.90626695170996285, 81.07721656838403135, 15.19963221611233273 ) ) ;
#1513 = DIRECTION ( 'NONE',  ( 1.000000000000000000, 0.000000000000000000, 0.000000000000000000 ) ) ;
#1514 = CARTESIAN_POINT ( 'NONE',  ( 49.49747468305839959, 77.00000000000000000, 49.49747468305830722 ) ) ;
#1515 = ORIENTED_EDGE ( 'NONE', *, *, #4135, .T. ) ;
#1516 = CARTESIAN_POINT ( 'NONE',  ( -8.984811556060856574, 34.60893826640326409, 34.99457591008499691 ) ) ;
#1517 = DIRECTION ( 'NONE',  ( 1.000000000000000000, 0.000000000000000000, 0.000000000000000000 ) ) ;
#1518 = CARTESIAN_POINT ( 'NONE',  ( 24.95320634458579079, 24.27910688406510076, 20.86873598733425439 ) ) ;
#1519 = CARTESIAN_POINT ( 'NONE',  ( 10.22490017988847200, 85.33012257415538215, 1.200212320420990686 ) ) ;
#1520 = CARTESIAN_POINT ( 'NONE',  ( -12.14126289411539794, 72.18671173864875357, 26.69578863523264189 ) ) ;
#1521 = CARTESIAN_POINT ( 'NONE',  ( 8.873745674030772079, 34.38950239639717665, 35.05820127447826451 ) ) ;
#1522 = CARTESIAN_POINT ( 'NONE',  ( 20.96869721856011992, 63.36837365836275637, 13.56162285865777761 ) ) ;
#1523 = CARTESIAN_POINT ( 'NONE',  ( 15.27274831201555116, 52.01009703745084067, 21.65627554155608792 ) ) ;
#1524 = CARTESIAN_POINT ( 'NONE',  ( 21.40492406230146472, 31.07320849588874978, 30.02688812962132658 ) ) ;
#1525 = AXIS2_PLACEMENT_3D ( 'NONE', #3784, #1031, #2713 ) ;
#1526 = CARTESIAN_POINT ( 'NONE',  ( 7.410260818950965778, 59.18210741799980212, 25.00962556499348821 ) ) ;
#1527 = CARTESIAN_POINT ( 'NONE',  ( 33.14258845192784975, 58.00000000000000000, 10.51517145395823860 ) ) ;
#1528 = CARTESIAN_POINT ( 'NONE',  ( -6.633249580710800508, 54.50000000000000000, 25.65638322133500182 ) ) ;
#1529 = CARTESIAN_POINT ( 'NONE',  ( 14.51883109066480237, 52.80484874132136497, 22.16874854935030825 ) ) ;
#1530 = CARTESIAN_POINT ( 'NONE',  ( -6.072821429809330596, 31.05094393605254766, 36.37823556813135184 ) ) ;
#1531 = CARTESIAN_POINT ( 'NONE',  ( 11.38701196303166618, 76.09871744753131395, 27.49067871605456048 ) ) ;
#1532 = EDGE_LOOP ( 'NONE', ( #892, #107 ) ) ;
#1533 = CARTESIAN_POINT ( 'NONE',  ( -15.70432312868245006, 61.07619100551590208, 37.77602889528399999 ) ) ;
#1534 = CARTESIAN_POINT ( 'NONE',  ( 20.08384924288395013, 32.27004333480085307, 30.56957813378475208 ) ) ;
#1535 = CARTESIAN_POINT ( 'NONE',  ( 24.43007506701815146, 59.49727472625449565, 46.96023471027129403 ) ) ;
#1536 = CARTESIAN_POINT ( 'NONE',  ( 30.30161255832791056, 62.78831183920063808, 8.707647033701723771 ) ) ;
#1537 = AXIS2_PLACEMENT_3D ( 'NONE', #2886, #2127, #4061 ) ;
#1538 = CARTESIAN_POINT ( 'NONE',  ( -27.90404219233816008, 69.69961313684478910, 6.873222355080065071 ) ) ;
#1539 = CARTESIAN_POINT ( 'NONE',  ( 0.000000000000000000, 54.50000000000000000, 0.000000000000000000 ) ) ;
#1540 = DIRECTION ( 'NONE',  ( 1.000000000000000000, 0.000000000000000000, 0.000000000000000000 ) ) ;
#1541 = CARTESIAN_POINT ( 'NONE',  ( -7.803417859252901323, 32.74614276143073965, 35.62646704648920348 ) ) ;
#1542 = CARTESIAN_POINT ( 'NONE',  ( -16.39168697848162282, 75.63335757598848375, 22.65490790112158237 ) ) ;
#1543 = ORIENTED_EDGE ( 'NONE', *, *, #2785, .F. ) ;
#1544 = ADVANCED_FACE ( 'NONE', ( #4153 ), #1761, .T. ) ;
#1545 = CARTESIAN_POINT ( 'NONE',  ( 2.855430376221416378, 86.87303871728830984, 0.2919364240527924648 ) ) ;
#1546 = FACE_OUTER_BOUND ( 'NONE', #2971, .T. ) ;
#1547 = CARTESIAN_POINT ( 'NONE',  ( 8.833976013453836984, 34.31360347526277366, 35.08081245746755172 ) ) ;
#1548 = ADVANCED_FACE ( 'NONE', ( #687 ), #1073, .F. ) ;
#1549 = CARTESIAN_POINT ( 'NONE',  ( 22.33347119208470488, 61.07520102259960026, 12.65865358928293816 ) ) ;
#1550 = CARTESIAN_POINT ( 'NONE',  ( 16.79726491461201121, 50.96328534439678748, 20.49851477794501164 ) ) ;
#1551 = CARTESIAN_POINT ( 'NONE',  ( 19.36282283711894081, 33.13016671458254336, 30.81233126015082746 ) ) ;
#1552 = DIRECTION ( 'NONE',  ( 1.000000000000000000, 0.000000000000000000, 0.000000000000000000 ) ) ;
#1553 = CARTESIAN_POINT ( 'NONE',  ( 5.000000000000000000, 77.00000000000000000, 45.00000000000000000 ) ) ;
#1554 = CIRCLE ( 'NONE', #750, 26.50000000000000000 ) ;
#1555 = CARTESIAN_POINT ( 'NONE',  ( -4.732913037513915455, 52.18043064325829761, 26.07391597005634054 ) ) ;
#1556 = CARTESIAN_POINT ( 'NONE',  ( -15.10791242876297247, 52.72696077260381742, 33.29401247511698614 ) ) ;
#1557 = PLANE ( 'NONE',  #603 ) ;
#1558 = CARTESIAN_POINT ( 'NONE',  ( -9.473083272626769968, 82.90948025122520448, 12.63637044719033931 ) ) ;
#1559 = ORIENTED_EDGE ( 'NONE', *, *, #1055, .F. ) ;
#1560 = CARTESIAN_POINT ( 'NONE',  ( -15.96239704502625045, 56.79474506157720270, 36.70704096366610258 ) ) ;
#1561 = CARTESIAN_POINT ( 'NONE',  ( -28.06085501372179891, 46.73414721423249318, 23.15735539966025058 ) ) ;
#1562 = VERTEX_POINT ( 'NONE', #306 ) ;
#1563 = CIRCLE ( 'NONE', #192, 4.999999999999997335 ) ;
#1564 = CARTESIAN_POINT ( 'NONE',  ( 15.93122866495995105, 56.50272527374649911, 50.48057215452880087 ) ) ;
#1565 = CARTESIAN_POINT ( 'NONE',  ( 1.768530347155685023, -3.186227625930095009, 4.269609949571650631 ) ) ;
#1566 = CARTESIAN_POINT ( 'NONE',  ( 10.28507019493880037, 29.81758789183734848, 30.83037072326009920 ) ) ;
#1567 = CARTESIAN_POINT ( 'NONE',  ( 33.26315798988849792, 55.33333333333330728, 10.95222394897974105 ) ) ;
#1568 = CARTESIAN_POINT ( 'NONE',  ( -12.05507801550239222, 73.62542454890217414, 24.51000960199784728 ) ) ;
#1569 = EDGE_CURVE ( 'NONE', #1861, #410, #2930, .T. ) ;
#1570 = PLANE ( 'NONE',  #1998 ) ;
#1571 = CARTESIAN_POINT ( 'NONE',  ( -8.883572520212954515, 34.40846269874730012, 35.05260139898751248 ) ) ;
#1572 = DIRECTION ( 'NONE',  ( -0.6916548014802289535, 0.2079116908177599810, 0.6916548014802219591 ) ) ;
#1573 = ORIENTED_EDGE ( 'NONE', *, *, #1114, .T. ) ;
#1574 = CIRCLE ( 'NONE', #2400, 10.00000000000000000 ) ;
#1575 = DIRECTION ( 'NONE',  ( 0.6916548014802289535, -0.2079116908177599810, -0.6916548014802219591 ) ) ;
#1576 = DIRECTION ( 'NONE',  ( 0.000000000000000000, 0.000000000000000000, 1.000000000000000000 ) ) ;
#1577 = EDGE_CURVE ( 'NONE', #4885, #2446, #1457, .T. ) ;
#1578 = CARTESIAN_POINT ( 'NONE',  ( 4.814441931030652100, 25.06376672193767163, 32.14214754152009590 ) ) ;
#1579 = CARTESIAN_POINT ( 'NONE',  ( 23.01530655249402457, 58.69874290967679542, 12.44921913105491740 ) ) ;
#1580 = CARTESIAN_POINT ( 'NONE',  ( 19.40040102875355643, 33.08203546407352036, 30.80019993533319678 ) ) ;
#1581 = CARTESIAN_POINT ( 'NONE',  ( -3.140192899267411963, 29.50581890094447246, 37.20300742578036335 ) ) ;
#1582 = CARTESIAN_POINT ( 'NONE',  ( 0.000000000000000000, 5.000000000000000000, -32.50000000000000000 ) ) ;
#1583 = DIRECTION ( 'NONE',  ( 0.000000000000000000, 0.000000000000000000, 1.000000000000000000 ) ) ;
#1584 = CIRCLE ( 'NONE', #1171, 26.50000000000000000 ) ;
#1585 = CARTESIAN_POINT ( 'NONE',  ( 6.063791826860974510, 86.53946596907324817, 1.821357648613920688 ) ) ;
#1586 = CARTESIAN_POINT ( 'NONE',  ( -15.03644738563982663, 52.51223504145069398, 33.02939167168447909 ) ) ;
#1587 = CARTESIAN_POINT ( 'NONE',  ( 12.54412717599006832, 60.44061225862134989, 22.57472774558813100 ) ) ;
#1588 = AXIS2_PLACEMENT_3D ( 'NONE', #814, #735, #1983 ) ;
#1589 = CARTESIAN_POINT ( 'NONE',  ( -10.05382021739698750, 78.45869640989891991, 19.68777587786236793 ) ) ;
#1590 = VERTEX_POINT ( 'NONE', #2978 ) ;
#1591 = CARTESIAN_POINT ( 'NONE',  ( -21.76040630059024394, 50.43998828033817006, 15.12395067163796369 ) ) ;
#1592 = CARTESIAN_POINT ( 'NONE',  ( 12.75553404998712104, 33.51206909436059789, 29.89316285862900102 ) ) ;
#1593 = ORIENTED_EDGE ( 'NONE', *, *, #3222, .T. ) ;
#1594 = CARTESIAN_POINT ( 'NONE',  ( 24.50256206685919835, 57.14357586500670294, 47.09957143014069914 ) ) ;
#1595 = CARTESIAN_POINT ( 'NONE',  ( 45.96194077712570447, 77.00000000000000000, 53.03300858899100234 ) ) ;
#1596 = DIRECTION ( 'NONE',  ( 1.000000000000000000, 0.000000000000000000, 0.000000000000000000 ) ) ;
#1597 = CARTESIAN_POINT ( 'NONE',  ( 13.33707019992109011, 54.74345287429246554, 22.89956686476084968 ) ) ;
#1598 = CARTESIAN_POINT ( 'NONE',  ( -5.286618003825749312, 85.50383536153429986, 10.08964857173651986 ) ) ;
#1599 = DIRECTION ( 'NONE',  ( 0.000000000000000000, 0.000000000000000000, 1.000000000000000000 ) ) ;
#1600 = CARTESIAN_POINT ( 'NONE',  ( -2.906407121037504204, 86.56833274470768913, 5.397975439486217830 ) ) ;
#1601 = CARTESIAN_POINT ( 'NONE',  ( 3.980102097228900204E-15, 12.00000000000000000, 32.50000000000000000 ) ) ;
#1602 = ORIENTED_EDGE ( 'NONE', *, *, #979, .T. ) ;
#1603 = EDGE_CURVE ( 'NONE', #2439, #103, #2247, .T. ) ;
#1604 = CARTESIAN_POINT ( 'NONE',  ( 3.074791578198667441, 86.85268906881799467, 0.3149394909627616368 ) ) ;
#1605 = B_SPLINE_CURVE_WITH_KNOTS ( 'NONE', 3,
 ( #1305, #3586, #2902, #3957, #4054, #2855, #2096, #4380, #2471, #3256, #512, #1686, #2121, #565, #2448, #81, #1735, #484, #3178, #3279, #4331, #4008, #3637, #4777, #3558, #106, #1632, #4703, #1253, #540, #4728, #1659, #4425, #2879, #2829, #4357, #4405, #903, #3983, #2520, #1348, #2805, #4032, #3659, #3206, #2068, #976, #1279, #929, #874, #3614, #2426, #133, #3232, #4752, #2498, #156, #1710, #1327, #955, #181, #3753, #2193, #3021, #613, #4502, #2975, #1047, #4127 ),
 .UNSPECIFIED., .F., .F.,
 ( 4, 2, 2, 2, 2, 2, 1, 1, 1, 2, 2, 2, 1, 1, 1, 1, 2, 2, 2, 1, 1, 1, 1, 1, 2, 2, 2, 2, 1, 1, 1, 1, 1, 2, 2, 2, 2, 1, 1, 1, 1, 1, 1, 2, 2, 4 ),
 ( 0.000000000000000000, 0.1249999999999696909, 0.1874999999999537592, 0.2187499999999460987, 0.2499999999999384381, 0.3124999999999226175, 0.3437499999999146794, 0.3593749999999108491, 0.3671874999999086286, 0.3710937499999076850, 0.3749999999999067413, 0.4374999999998930855, 0.4687499999998862577, 0.4843749999998829270, 0.4921874999998812061, 0.4960937499998803180, 0.4980468749998801514, 0.4999999999998798739, 0.5624999999998732125, 0.5937499999998697708, 0.6093749999998682165, 0.6171874999998675504, 0.6210937499998673283, 0.6230468749998672173, 0.6240234374998673283, 0.6249999999998674394, 0.6874999999998744338, 0.7187499999998779865, 0.7343749999998796518, 0.7421874999998805400, 0.7460937499998810951, 0.7480468749998813172, 0.7490234374998814282, 0.7495117187498815392, 0.7499999999998816502, 0.8124999999998968603, 0.8437499999999046318, 0.8593749999999085176, 0.8671874999999104050, 0.8710937499999114042, 0.8730468749999118483, 0.8740234374999120703, 0.8745117187499121814, 0.8747558593749122924, 0.8749999999999122924, 1.000000000000000000 ),
 .UNSPECIFIED. ) ;
#1606 = CARTESIAN_POINT ( 'NONE',  ( 10.79595469387998996, 30.64311520494412022, 30.65452130775841866 ) ) ;
#1607 = CARTESIAN_POINT ( 'NONE',  ( 19.12623641648942652, 64.93438141976261591, 15.08514572267096021 ) ) ;
#1608 = CARTESIAN_POINT ( 'NONE',  ( 31.84934257594310125, 54.50000000000000000, 6.470655104409390290 ) ) ;
#1609 = CARTESIAN_POINT ( 'NONE',  ( 2.118420568287096017, 29.22334295213831368, 37.36710836836252270 ) ) ;
#1610 = CARTESIAN_POINT ( 'NONE',  ( 0.000000000000000000, 58.00000000000000000, 70.00000000000000000 ) ) ;
#1611 = LINE ( 'NONE', #61, #518 ) ;
#1612 = EDGE_CURVE ( 'NONE', #2994, #1832, #3686, .T. ) ;
#1613 = CARTESIAN_POINT ( 'NONE',  ( -7.500000000000000888, 57.62204003177649980, 25.22693958951352755 ) ) ;
#1614 = CARTESIAN_POINT ( 'NONE',  ( -14.97682916757284133, 52.33310458962375833, 32.80506510012335042 ) ) ;
#1615 = CARTESIAN_POINT ( 'NONE',  ( 12.61289578656432830, 60.84905265862441581, 22.42441668895824236 ) ) ;
#1616 = CIRCLE ( 'NONE', #2918, 10.50000000000000000 ) ;
#1617 = DATE_AND_TIME ( #4689, #3424 ) ;
#1618 = DIRECTION ( 'NONE',  ( 0.000000000000000000, 0.000000000000000000, 1.000000000000000000 ) ) ;
#1619 = CARTESIAN_POINT ( 'NONE',  ( -19.57731536626375046, 48.13659952378220197, 30.26702994309500028 ) ) ;
#1620 = ORIENTED_EDGE ( 'NONE', *, *, #2627, .T. ) ;
#1621 = B_SPLINE_CURVE_WITH_KNOTS ( 'NONE', 3,
 ( #2412, #473, #3193, #1294, #4370, #2461, #3997, #530, #1773, #3315, #266, #2160, #992, #1826, #4417, #4838 ),
 .UNSPECIFIED., .F., .F.,
 ( 4, 2, 2, 1, 1, 1, 1, 2, 2, 4 ),
 ( 0.000000000000000000, 0.2499999999999800160, 0.3749999999999726885, 0.4374999999999688027, 0.4687499999999668598, 0.4843749999999659717, 0.4921874999999689693, 0.4960937499999668043, 0.4999999999999645839, 1.000000000000000000 ),
 .UNSPECIFIED. ) ;
#1622 = CARTESIAN_POINT ( 'NONE',  ( -17.79157624483087830, 42.86664914597436393, 27.19807363249710974 ) ) ;
#1623 = AXIS2_PLACEMENT_3D ( 'NONE', #4657, #3906, #3532 ) ;
#1624 = CARTESIAN_POINT ( 'NONE',  ( -19.56878348608474738, 76.93792714998373583, 13.03283101185829551 ) ) ;
#1625 = DIRECTION ( 'NONE',  ( -0.9488292830168393310, -0.3157894736842106198, 0.000000000000000000 ) ) ;
#1626 = CARTESIAN_POINT ( 'NONE',  ( -5.510875141998300641, 85.39866334490200472, 8.554202042558127772 ) ) ;
#1627 = DIRECTION ( 'NONE',  ( 0.000000000000000000, -1.000000000000000000, 0.000000000000000000 ) ) ;
#1628 = CARTESIAN_POINT ( 'NONE',  ( -14.72987133694024031, 51.57785971232399902, 31.84268133332025030 ) ) ;
#1629 = ORIENTED_EDGE ( 'NONE', *, *, #3250, .T. ) ;
#1630 = DIRECTION ( 'NONE',  ( 0.000000000000000000, 0.000000000000000000, 1.000000000000000000 ) ) ;
#1631 = B_SPLINE_CURVE_WITH_KNOTS ( 'NONE', 3,
 ( #3912, #4685, #493, #3596, #2756, #523, #826, #3134, #1207, #3187, #1668, #3216, #856, #2379, #4712, #4341, #3106, #442, #1993, #2408, #2730, #2433, #3942, #798, #468, #2354, #1100, #4435, #715, #2912, #988, #2866, #2644, #1864, #4763, #4179, #2508, #1719, #1011, #3289, #1768, #3646, #4041, #2106, #2156, #4066, #551, #600, #3693, #2531, #1314, #1696, #2556, #3404, #166, #3265, #2271, #2482, #625, #3242, #4389, #4460, #575, #2131, #966, #4018, #142 ),
 .UNSPECIFIED., .F., .F.,
 ( 4, 2, 2, 1, 1, 1, 1, 1, 1, 2, 2, 2, 2, 1, 1, 1, 1, 1, 2, 2, 2, 1, 1, 1, 1, 1, 2, 2, 2, 1, 1, 1, 1, 2, 2, 2, 1, 1, 1, 2, 2, 2, 2, 2, 4 ),
 ( 0.000000000000000000, 0.06250000000000190126, 0.09375000000000287270, 0.1093750000000033307, 0.1171875000000035527, 0.1210937500000036082, 0.1230468750000036499, 0.1240234375000036637, 0.1245117187500036776, 0.1247558593750036637, 0.1250000000000036637, 0.1874999999999982514, 0.2187499999999956146, 0.2343749999999943379, 0.2421874999999936717, 0.2460937499999933942, 0.2480468749999932554, 0.2490234374999931721, 0.2495117187499931166, 0.2499999999999930889, 0.3124999999999859002, 0.3437499999999823475, 0.3593749999999806821, 0.3671874999999799050, 0.3710937499999795164, 0.3730468749999794054, 0.3740234374999793499, 0.3749999999999792388, 0.4374999999999831246, 0.4687499999999849010, 0.4843749999999856226, 0.4921874999999860112, 0.4960937499999862887, 0.4980468749999863998, 0.4999999999999865108, 0.5624999999999874545, 0.5937499999999881206, 0.6093749999999885647, 0.6171874999999887867, 0.6210937499999886757, 0.6249999999999885647, 0.6874999999999906741, 0.7187499999999917843, 0.7499999999999927836, 1.000000000000000000 ),
 .UNSPECIFIED. ) ;
#1632 = CARTESIAN_POINT ( 'NONE',  ( 5.863009928041514662, 85.10093756192972592, 21.23183689925437179 ) ) ;
#1633 = EDGE_LOOP ( 'NONE', ( #3176, #1471, #4860, #1189 ) ) ;
#1634 = CARTESIAN_POINT ( 'NONE',  ( -9.488292830168399306, 35.84210526315790446, 34.69420229851370152 ) ) ;
#1635 = CARTESIAN_POINT ( 'NONE',  ( -8.139209840260322792, 27.29740321083645682, 31.46551408104609493 ) ) ;
#1636 = CARTESIAN_POINT ( 'NONE',  ( 30.63103773718366085, 32.48651449817856474, 19.90028676356062931 ) ) ;
#1637 = CARTESIAN_POINT ( 'NONE',  ( 19.18314571407081104, 33.36778115021193258, 30.86927335043521836 ) ) ;
#1638 = CARTESIAN_POINT ( 'NONE',  ( -1.712254876959540262, 29.14762824763028348, 37.41196863367809300 ) ) ;
#1639 = CARTESIAN_POINT ( 'NONE',  ( 10.88194876969147806, 85.49812786626661421, 3.400792353155864145 ) ) ;
#1640 = CARTESIAN_POINT ( 'NONE',  ( 60.81118318204319451, 58.00000000000000000, 38.18376618407344836 ) ) ;
#1641 = B_SPLINE_CURVE_WITH_KNOTS ( 'NONE', 3,
 ( #1388, #4494, #4142, #296 ),
 .UNSPECIFIED., .F., .F.,
 ( 4, 4 ),
 ( 0.000000000000000000, 1.000000000000000000 ),
 .UNSPECIFIED. ) ;
#1642 = DIRECTION ( 'NONE',  ( 0.000000000000000000, -1.000000000000000000, 0.000000000000000000 ) ) ;
#1643 = MECHANICAL_CONTEXT ( 'NONE', #4782, 'mechanical' ) ;
#1644 = VECTOR ( 'NONE', #1008, 1000.000000000000000 ) ;
#1645 = EDGE_CURVE ( 'NONE', #2033, #3663, #622, .T. ) ;
#1646 = DIRECTION ( 'NONE',  ( 0.000000000000000000, -1.000000000000000000, 0.000000000000000000 ) ) ;
#1647 = CARTESIAN_POINT ( 'NONE',  ( -27.08795795876920209, 42.75831098515690343, 17.97566896692859828 ) ) ;
#1648 = ORIENTED_EDGE ( 'NONE', *, *, #3155, .T. ) ;
#1649 = CARTESIAN_POINT ( 'NONE',  ( -5.527955657192151762, 85.77073443021006938, 6.935241531710490293 ) ) ;
#1650 = CARTESIAN_POINT ( 'NONE',  ( -16.33180358016751654, 77.53649001382329686, 16.08986715783446186 ) ) ;
#1651 = CARTESIAN_POINT ( 'NONE',  ( 7.283852041423187096, 56.21240038460058486, 25.42170708009923530 ) ) ;
#1652 = CARTESIAN_POINT ( 'NONE',  ( -12.12560224243919471, 74.45519421214862632, 23.26453360023820949 ) ) ;
#1653 = EDGE_CURVE ( 'NONE', #1812, #3385, #4651, .T. ) ;
#1654 = CIRCLE ( 'NONE', #4469, 32.50000000000000000 ) ;
#1655 = DIRECTION ( 'NONE',  ( 0.7071067811865467956, 0.000000000000000000, -0.7071067811865484609 ) ) ;
#1656 = CARTESIAN_POINT ( 'NONE',  ( 30.49907609413395093, 32.09344553598245398, 20.26525428146780072 ) ) ;
#1657 = ORIENTED_EDGE ( 'NONE', *, *, #1032, .T. ) ;
#1658 = CARTESIAN_POINT ( 'NONE',  ( -15.19958401019699146, 63.52230555246649146, 37.07104018874453288 ) ) ;
#1659 = CARTESIAN_POINT ( 'NONE',  ( 4.901662468699957032, 85.71818659435105303, 17.75035609523617453 ) ) ;
#1660 = VERTEX_POINT ( 'NONE', #640 ) ;
#1661 = CIRCLE ( 'NONE', #4946, 47.50000000000000000 ) ;
#1662 = CARTESIAN_POINT ( 'NONE',  ( -29.94984032196087753, 47.85254213641520948, 20.16407595473598846 ) ) ;
#1663 = CARTESIAN_POINT ( 'NONE',  ( -12.98658253293340081, 69.64684232038629830, 31.82355811825580361 ) ) ;
#1664 = CARTESIAN_POINT ( 'NONE',  ( 7.912857143134803373, 27.09867262359876960, 31.52202347688354322 ) ) ;
#1665 = CARTESIAN_POINT ( 'NONE',  ( 30.62822606441531192, 32.47764564910863783, 19.90825074449938015 ) ) ;
#1666 = CARTESIAN_POINT ( 'NONE',  ( 21.57102967104970048, 30.94458629923549609, 29.95083554748123689 ) ) ;
#1667 = CARTESIAN_POINT ( 'NONE',  ( 0.2810594939353381894, 29.00047407069293826, 37.49971633346760314 ) ) ;
#1668 = CARTESIAN_POINT ( 'NONE',  ( 2.743685548985776990, 86.88983972102006703, 4.837047566364013562 ) ) ;
#1669 = EDGE_CURVE ( 'NONE', #2574, #307, #1184, .T. ) ;
#1670 = CARTESIAN_POINT ( 'NONE',  ( 16.32071945476874220, 83.47557403340407234, 5.521921973877352841 ) ) ;
#1671 = CARTESIAN_POINT ( 'NONE',  ( 5.495409279654870360, 52.89601543761823876, 25.92394278942512642 ) ) ;
#1672 = CARTESIAN_POINT ( 'NONE',  ( 12.44687219449420823, 59.16665473753175064, 22.92508192959751412 ) ) ;
#1673 = CALENDAR_DATE ( 2026, 4, 10 ) ;
#1674 = CIRCLE ( 'NONE', #2710, 26.50000000000000000 ) ;
#1675 = FACE_OUTER_BOUND ( 'NONE', #2016, .T. ) ;
#1676 = CARTESIAN_POINT ( 'NONE',  ( -29.06430277269514661, 49.07369824759508958, 14.70066468206801069 ) ) ;
#1677 = VERTEX_POINT ( 'NONE', #4923 ) ;
#1678 = CARTESIAN_POINT ( 'NONE',  ( -9.558196285173117701, 82.83764641577595000, 12.76443280745621855 ) ) ;
#1679 = CARTESIAN_POINT ( 'NONE',  ( 11.85408308615363993, 32.79368437582549944, 30.26284379195289986 ) ) ;
#1680 = CARTESIAN_POINT ( 'NONE',  ( 31.84934257594310125, 54.50000000000000000, 6.470655104409390290 ) ) ;
#1681 = CARTESIAN_POINT ( 'NONE',  ( -3.930116183801559693, 86.19883360255090565, 7.368055387217940400 ) ) ;
#1682 = CARTESIAN_POINT ( 'NONE',  ( 0.000000000000000000, 54.50000000000000000, -32.50000000000000000 ) ) ;
#1683 = CARTESIAN_POINT ( 'NONE',  ( 28.79748130690880004, 29.66036004564125150, 23.68993053567310270 ) ) ;
#1684 = ORIENTED_EDGE ( 'NONE', *, *, #4952, .T. ) ;
#1685 = CARTESIAN_POINT ( 'NONE',  ( 0.000000000000000000, 39.00000000000000000, 45.00000000000000000 ) ) ;
#1686 = CARTESIAN_POINT ( 'NONE',  ( 7.533589031196836316, 83.57743156607234880, 27.28143717393369272 ) ) ;
#1687 = ORIENTED_EDGE ( 'NONE', *, *, #911, .F. ) ;
#1688 = CARTESIAN_POINT ( 'NONE',  ( -30.77634067070885138, 48.78250954414968987, 18.48725025889206819 ) ) ;
#1689 = CARTESIAN_POINT ( 'NONE',  ( -11.32726364907929906, 41.36752491454564762, 33.93980995857310035 ) ) ;
#1690 = CARTESIAN_POINT ( 'NONE',  ( -9.249334233764930246, 28.45906841039061419, 31.15611642356224564 ) ) ;
#1691 = EDGE_LOOP ( 'NONE', ( #930, #1758, #4856, #755 ) ) ;
#1692 = CIRCLE ( 'NONE', #4505, 4.999999999999998224 ) ;
#1693 = CARTESIAN_POINT ( 'NONE',  ( 30.32233983128126198, 31.66135756496522191, 20.71510348239429788 ) ) ;
#1694 = CARTESIAN_POINT ( 'NONE',  ( 25.54913041149855246, 29.08356482253125819, 27.41315566978649798 ) ) ;
#1695 = CARTESIAN_POINT ( 'NONE',  ( -5.895951635291620363, 30.92301024804184451, 36.44221391525951503 ) ) ;
#1696 = CARTESIAN_POINT ( 'NONE',  ( 12.22324030360407221, 84.51864625026466626, 21.54933137872323101 ) ) ;
#1697 = CARTESIAN_POINT ( 'NONE',  ( 21.90532295598009682, 80.15789473684209554, 8.486850551788510444 ) ) ;
#1698 = CARTESIAN_POINT ( 'NONE',  ( 2.282852947171414293, 50.85510718665162244, 26.40162877866020708 ) ) ;
#1699 = PERSON_AND_ORGANIZATION_ROLE ( 'creator' ) ;
#1700 = ORIENTED_EDGE ( 'NONE', *, *, #3441, .F. ) ;
#1701 = CARTESIAN_POINT ( 'NONE',  ( -23.23797965811302291, 52.31691038314230724, 12.73759093924916641 ) ) ;
#1702 = CARTESIAN_POINT ( 'NONE',  ( -29.31989493866278451, 49.53651173670977670, 14.19146825358892627 ) ) ;
#1703 = CARTESIAN_POINT ( 'NONE',  ( -3.871233749455882389, 86.41021966485917005, 4.795981368274241596 ) ) ;
#1704 = CARTESIAN_POINT ( 'NONE',  ( 7.248154725659217590, 32.06001069540881332, 31.82102909832426363 ) ) ;
#1705 = CARTESIAN_POINT ( 'NONE',  ( -51.87411011101720248, 70.09337681133200704, 51.87411011101670510 ) ) ;
#1706 = CARTESIAN_POINT ( 'NONE',  ( -7.801526805171331347, 83.25642489728535622, 15.89682604671678945 ) ) ;
#1707 = CARTESIAN_POINT ( 'NONE',  ( 28.63270351301555650, 34.86513655100828402, 15.70889394721654497 ) ) ;
#1708 = ORIENTED_EDGE ( 'NONE', *, *, #609, .T. ) ;
#1709 = FACE_OUTER_BOUND ( 'NONE', #1633, .T. ) ;
#1710 = CARTESIAN_POINT ( 'NONE',  ( 1.734395989857519860, 86.84888255307507166, 6.280706433865707261 ) ) ;
#1711 = ORIENTED_EDGE ( 'NONE', *, *, #3724, .T. ) ;
#1712 = CARTESIAN_POINT ( 'NONE',  ( -29.97149429796422737, 47.87213363911031649, 20.12384414238252717 ) ) ;
#1713 = CARTESIAN_POINT ( 'NONE',  ( -15.47018822185549958, 45.13322776444020690, 28.63373292207939969 ) ) ;
#1714 = ORIENTED_EDGE ( 'NONE', *, *, #3601, .F. ) ;
#1715 = CARTESIAN_POINT ( 'NONE',  ( 30.86174974906690593, 33.32547768589815007, 19.20993978978414418 ) ) ;
#1716 = CARTESIAN_POINT ( 'NONE',  ( 21.58767701320249799, 30.93194311403787466, 29.94309712573274140 ) ) ;
#1717 = EDGE_CURVE ( 'NONE', #4253, #4885, #4481, .T. ) ;
#1718 = CARTESIAN_POINT ( 'NONE',  ( 4.573684354842980859, 30.10722295213804500, 36.86710322452159261 ) ) ;
#1719 = CARTESIAN_POINT ( 'NONE',  ( 8.276181884053595894, 85.94781938466009308, 14.59069584364056205 ) ) ;
#1720 = CARTESIAN_POINT ( 'NONE',  ( 23.28003304440149890, 63.05263157894739834, 44.74958889110784810 ) ) ;
#1721 = DIRECTION ( 'NONE',  ( 0.000000000000000000, -1.000000000000000000, 0.000000000000000000 ) ) ;
#1722 = PERSON_AND_ORGANIZATION_ROLE ( 'design_supplier' ) ;
#1723 = EDGE_CURVE ( 'NONE', #3663, #4116, #2082, .T. ) ;
#1724 = CARTESIAN_POINT ( 'NONE',  ( -7.034461385358051544, 60.60184906180747788, 24.81003154994578708 ) ) ;
#1725 = CARTESIAN_POINT ( 'NONE',  ( -29.87976841206965162, 46.49923252500240523, 12.80206791007979916 ) ) ;
#1726 = CARTESIAN_POINT ( 'NONE',  ( -3.947192107605081546, 86.38630750457107865, 4.892380839292973072 ) ) ;
#1727 = CARTESIAN_POINT ( 'NONE',  ( 1.841376263126605073, 29.16747879553334855, 37.40017757037490043 ) ) ;
#1728 = CARTESIAN_POINT ( 'NONE',  ( 5.000000000000000000, 39.00000000000000000, 45.00000000000000000 ) ) ;
#1729 = ADVANCED_FACE ( 'NONE', ( #1002 ), #1787, .T. ) ;
#1730 = CARTESIAN_POINT ( 'NONE',  ( -15.74616733447630246, 61.68658805020049840, 37.63994879184100029 ) ) ;
#1731 =( BOUNDED_SURFACE ( )  B_SPLINE_SURFACE ( 2, 3, ( 
 ( #2516, #4846, #2190, #1779, #2611, #1020, #2566, #1068, #1391, #227, #4148, #3679, #4103, #1808, #4422, #1443, #4078, #4895, #2949, #1730, #251, #1344, #657, #4475 ),
 ( #583, #681, #3726, #3343, #4871, #1420, #4499, #202, #3655, #997, #4800, #610, #3275, #3370, #1754, #2899, #177, #3298, #1368, #1044, #2922, #4445, #2539, #2589 ),
 ( #2165, #4124, #3701, #3320, #2212, #3750, #273, #2635, #399, #1560, #3114, #4641, #1875, #12, #3041, #3466, #1187, #2737, #1533, #2655, #322, #4215, #1948, #1089 ) ),
 .UNSPECIFIED., .F., .F., .T. ) 
 B_SPLINE_SURFACE_WITH_KNOTS ( ( 3, 3 ),
 ( 4, 2, 2, 2, 2, 2, 2, 2, 2, 2, 2, 4 ),
 ( 0.000000000000000000, 1.000000000000000000 ),
 ( -0.002406620505672785269, -0.0006669203186480200706, 0.001072779868376744043, 0.002812480055401509783, 0.004552180242426279860, 0.006291880429451039529, 0.007161730522963420664, 0.008031580616475809606, 0.008901430709988191609, 0.009771280803500570142, 0.01064113089701294000, 0.01151098099052533935 ),
 .UNSPECIFIED. ) 
 GEOMETRIC_REPRESENTATION_ITEM ( )  RATIONAL_B_SPLINE_SURFACE ( (
 ( 1.000000000000000000, 1.000000000000000000, 1.000000000000000000, 1.000000000000000000, 1.000000000000000000, 1.000000000000000000, 1.000000000000000000, 1.000000000000000000, 1.000000000000000000, 1.000000000000000000, 1.000000000000000000, 1.000000000000000000, 1.000000000000000000, 1.000000000000000000, 1.000000000000000000, 1.000000000000000000, 1.000000000000000000, 1.000000000000000000, 1.000000000000000000, 1.000000000000000000, 1.000000000000000000, 1.000000000000000000, 1.000000000000000000, 1.000000000000000000),
 ( 0.6508053100757689169, 0.6375970635368589656, 0.6238661713111639529, 0.5953028621461140535, 0.5804409708487999753, 0.5501271929426800877, 0.5346199853190589657, 0.5032761074060170259, 0.4873434431008559775, 0.4568879307255629962, 0.4422636006759804728, 0.4229474959139530310, 0.4169418168428130067, 0.4065537113734234986, 0.4021352938229255103, 0.3952525194993194990, 0.3927906176448495157, 0.3902038597062985059, 0.3901150854047389926, 0.3922524847221084965, 0.3944768594640239989, 0.4009999406932505117, 0.4053146055849394802, 0.4104269942193859988),
 ( 1.000000000000000000, 1.000000000000000000, 1.000000000000000000, 1.000000000000000000, 1.000000000000000000, 1.000000000000000000, 1.000000000000000000, 1.000000000000000000, 1.000000000000000000, 1.000000000000000000, 1.000000000000000000, 1.000000000000000000, 1.000000000000000000, 1.000000000000000000, 1.000000000000000000, 1.000000000000000000, 1.000000000000000000, 1.000000000000000000, 1.000000000000000000, 1.000000000000000000, 1.000000000000000000, 1.000000000000000000, 1.000000000000000000, 1.000000000000000000) ) ) 
 REPRESENTATION_ITEM ( '' )  SURFACE ( )  );
#1732 = DIRECTION ( 'NONE',  ( 0.7071067811865490160, 0.000000000000000000, 0.7071067811865460184 ) ) ;
#1733 = EDGE_LOOP ( 'NONE', ( #4827, #2803, #2525, #4758, #1169 ) ) ;
#1734 = CARTESIAN_POINT ( 'NONE',  ( -14.50979574379434922, 65.58211643312064609, 35.88640979034124712 ) ) ;
#1735 = CARTESIAN_POINT ( 'NONE',  ( 7.098382017186255055, 84.04366800898381484, 25.70551456018866077 ) ) ;
#1736 = VERTEX_POINT ( 'NONE', #1026 ) ;
#1737 = AXIS2_PLACEMENT_3D ( 'NONE', #1455, #5002, #1102 ) ;
#1738 = CARTESIAN_POINT ( 'NONE',  ( -32.33722208900037032, 52.73747774143618017, 14.04716564869810824 ) ) ;
#1739 = EDGE_CURVE ( 'NONE', #3359, #4671, #2573, .T. ) ;
#1740 = AXIS2_PLACEMENT_3D ( 'NONE', #355, #2690, #1985 ) ;
#1741 = CARTESIAN_POINT ( 'NONE',  ( -14.00320831336154015, 66.59226200430948950, 35.17553536504045297 ) ) ;
#1742 = ORIENTED_EDGE ( 'NONE', *, *, #1447, .F. ) ;
#1743 = VERTEX_POINT ( 'NONE', #3377 ) ;
#1744 = CARTESIAN_POINT ( 'NONE',  ( 30.62332086200975922, 32.46221598356360971, 19.92213848601625514 ) ) ;
#1745 = CARTESIAN_POINT ( 'NONE',  ( 29.20218632481802246, 30.00845368947878811, 23.01186561442174039 ) ) ;
#1746 = CARTESIAN_POINT ( 'NONE',  ( 8.052877014089222740, 33.07115350127641307, 35.50127060107249832 ) ) ;
#1747 = CARTESIAN_POINT ( 'NONE',  ( 33.19839116048835592, 52.94736842105259456, 11.72883531378175981 ) ) ;
#1748 = CARTESIAN_POINT ( 'NONE',  ( 4.427058864361563373, 51.94597030283934913, 26.12759464888254968 ) ) ;
#1749 = DIRECTION ( 'NONE',  ( 0.000000000000000000, 0.000000000000000000, -1.000000000000000000 ) ) ;
#1750 = CARTESIAN_POINT ( 'NONE',  ( 35.37999192221974454, 64.63157894736839637, 7.201199873417409414 ) ) ;
#1751 = CARTESIAN_POINT ( 'NONE',  ( -1.174319091723892816, 50.59055128190479422, 26.47438046869692840 ) ) ;
#1752 = CARTESIAN_POINT ( 'NONE',  ( -1.303462433160152090, 29.08180937333879967, 37.45104018327660356 ) ) ;
#1753 = CARTESIAN_POINT ( 'NONE',  ( -12.09981453771087168, 72.50555336758667124, 26.28875478884240380 ) ) ;
#1754 = CARTESIAN_POINT ( 'NONE',  ( -15.94620271478363271, 59.34206739083106896, 37.42452973196572685 ) ) ;
#1755 = CARTESIAN_POINT ( 'NONE',  ( 33.26315798988849792, 55.33333333333330728, 10.95222394897974105 ) ) ;
#1756 = LINE ( 'NONE', #636, #4003 ) ;
#1757 = CARTESIAN_POINT ( 'NONE',  ( -15.82518943418349089, 60.35887821060013181, 37.77545364892010582 ) ) ;
#1758 = ORIENTED_EDGE ( 'NONE', *, *, #4414, .T. ) ;
#1759 =( BOUNDED_CURVE ( )  B_SPLINE_CURVE ( 2, ( #1262, #2077, #3623 ),
 .UNSPECIFIED., .F., .T. ) 
 B_SPLINE_CURVE_WITH_KNOTS ( ( 3, 3 ),
 ( 0.000000000000000000, 1.000000000000000000 ),
 .UNSPECIFIED. ) 
 CURVE ( )  GEOMETRIC_REPRESENTATION_ITEM ( )  RATIONAL_B_SPLINE_CURVE ( ( 1.000000000000000000, 0.4104269942193859988, 1.000000000000000000 ) ) 
 REPRESENTATION_ITEM ( '' )  );
#1760 = CARTESIAN_POINT ( 'NONE',  ( -31.97200794085441800, 51.30910571825262423, 15.31094338121600096 ) ) ;
#1761 = CYLINDRICAL_SURFACE ( 'NONE', #3002, 32.50000000000000000 ) ;
#1762 = ADVANCED_FACE ( 'NONE', ( #3351 ), #3446, .T. ) ;
#1763 = ORIENTED_EDGE ( 'NONE', *, *, #2351, .F. ) ;
#1764 = ORIENTED_EDGE ( 'NONE', *, *, #4236, .T. ) ;
#1765 = CARTESIAN_POINT ( 'NONE',  ( 0.000000000000000000, 0.000000000000000000, -26.50000000000000000 ) ) ;
#1766 = CARTESIAN_POINT ( 'NONE',  ( 22.03593480935796123, 30.60487453586073769, 29.72856802591420688 ) ) ;
#1767 = CARTESIAN_POINT ( 'NONE',  ( 7.550863284552109533, 32.44371742867267017, 35.74867651573351424 ) ) ;
#1768 = CARTESIAN_POINT ( 'NONE',  ( 9.199140317529217015, 85.68563699926581023, 16.21794721703846420 ) ) ;
#1769 = ORIENTED_EDGE ( 'NONE', *, *, #3567, .F. ) ;
#1770 = CARTESIAN_POINT ( 'NONE',  ( 6.633249580710800508, 54.50000000000000000, 25.65638322133500182 ) ) ;
#1771 = B_SPLINE_CURVE_WITH_KNOTS ( 'NONE', 3,
 ( #488, #2882, #2046, #3589, #2501, #109, #1663, #1352, #3617, #4035, #568, #1741, #4755, #3282, #2905, #1308, #3399 ),
 .UNSPECIFIED., .F., .F.,
 ( 4, 2, 2, 2, 2, 1, 2, 2, 4 ),
 ( 0.000000000000000000, 0.1250000000000000000, 0.2500000000000000000, 0.3750000000000000000, 0.5000000000000000000, 0.6250000000000000000, 0.6875000000000000000, 0.7500000000000000000, 1.000000000000000000 ),
 .UNSPECIFIED. ) ;
#1772 = ADVANCED_FACE ( 'NONE', ( #4303 ), #4675, .T. ) ;
#1773 = CARTESIAN_POINT ( 'NONE',  ( 23.12895919780519094, 56.24763107201231094, 12.81590188566545052 ) ) ;
#1774 = FACE_OUTER_BOUND ( 'NONE', #3923, .T. ) ;
#1775 = CARTESIAN_POINT ( 'NONE',  ( -28.87366521423753696, 44.66605369541738924, 14.91866532577727966 ) ) ;
#1776 = CARTESIAN_POINT ( 'NONE',  ( 2.615250533238030251, 29.34440942788684836, 37.29626048634295188 ) ) ;
#1777 = DIRECTION ( 'NONE',  ( 0.000000000000000000, 0.000000000000000000, 1.000000000000000000 ) ) ;
#1778 = ADVANCED_FACE ( 'NONE', ( #407, #3473 ), #4197, .T. ) ;
#1779 = CARTESIAN_POINT ( 'NONE',  ( -15.27820941772485064, 52.81454737052149540, 33.33424794032805494 ) ) ;
#1780 = CARTESIAN_POINT ( 'NONE',  ( 25.76067162643690267, 29.05055885014530048, 27.22951250544589996 ) ) ;
#1781 = B_SPLINE_CURVE_WITH_KNOTS ( 'NONE', 3,
 ( #1943, #91, #418, #470, #4610, #395, #2026, #2357, #3513, #752, #2304, #2705, #801, #3486, #3540, #7, #1556, #35, #4291, #3569, #2760, #1182, #1586, #63, #3109, #3838, #4264, #1614, #370, #1917, #4637, #2733, #2410 ),
 .UNSPECIFIED., .F., .F.,
 ( 4, 1, 1, 1, 2, 2, 1, 1, 1, 2, 2, 1, 1, 2, 2, 1, 1, 1, 1, 1, 2, 2, 4 ),
 ( 0.000000000000000000, 0.03124999999996407041, 0.04687499999995026201, 0.05468749999995053956, 0.05859374999995460576, 0.06249999999995867195, 0.09374999999994461375, 0.1093749999999373140, 0.1171874999999339834, 0.1210937499999370087, 0.1249999999999400202, 0.1874999999999612255, 0.2187499999999720779, 0.2343749999999767963, 0.2499999999999815148, 0.3749999999999689138, 0.4374999999999591438, 0.4687499999999570899, 0.4843749999999560907, 0.4921874999999560907, 0.4960937499999528710, 0.4999999999999497069, 1.000000000000000000 ),
 .UNSPECIFIED. ) ;
#1782 = CARTESIAN_POINT ( 'NONE',  ( 0.000000000000000000, 54.50000000000000000, 0.000000000000000000 ) ) ;
#1783 = CARTESIAN_POINT ( 'NONE',  ( -15.87847854155682192, 56.02127046788762499, 36.22484790844467994 ) ) ;
#1784 = ORIENTED_EDGE ( 'NONE', *, *, #4852, .T. ) ;
#1785 = CARTESIAN_POINT ( 'NONE',  ( -18.72129618268792228, 48.63660602023575308, 30.66943116647495060 ) ) ;
#1786 = CIRCLE ( 'NONE', #76, 5.000000000000000000 ) ;
#1787 = CYLINDRICAL_SURFACE ( 'NONE', #3373, 10.00000000000000000 ) ;
#1788 = ADVANCED_FACE ( 'NONE', ( #2745 ), #1195, .F. ) ;
#1789 = EDGE_LOOP ( 'NONE', ( #2736, #4198, #4429, #4128 ) ) ;
#1790 = B_SPLINE_CURVE_WITH_KNOTS ( 'NONE', 3,
 ( #1154, #4165, #1942, #3485, #3108, #2867, #4390, #941, #3163, #1315, #4317, #4737, #2483, #4020, #2840, #3943, #1613, #495 ),
 .UNSPECIFIED., .F., .F.,
 ( 4, 2, 2, 1, 1, 1, 1, 2, 2, 2, 4 ),
 ( 0.000000000000000000, 0.2499999999998886446, 0.3749999999998357425, 0.4374999999998090972, 0.4687499999997932210, 0.4843749999997828959, 0.4921874999997802869, 0.4960937499997814526, 0.4999999999997826183, 0.7499999999998913092, 1.000000000000000000 ),
 .UNSPECIFIED. ) ;
#1791 = CARTESIAN_POINT ( 'NONE',  ( -28.48063386789548446, 67.69350301817382842, 9.038952348114097646 ) ) ;
#1792 = ORIENTED_EDGE ( 'NONE', *, *, #4961, .F. ) ;
#1793 = CARTESIAN_POINT ( 'NONE',  ( -28.86998725884149408, 67.97811334456577015, 6.424828532874538034 ) ) ;
#1794 = DIRECTION ( 'NONE',  ( 0.7071067811865490160, 0.000000000000000000, 0.7071067811865460184 ) ) ;
#1795 = CARTESIAN_POINT ( 'NONE',  ( 3.039532494583641942, 29.47302453327825233, 37.22185817711435618 ) ) ;
#1796 = VERTEX_POINT ( 'NONE', #4572 ) ;
#1797 = PRODUCT_RELATED_PRODUCT_CATEGORY ( 'detail', '', ( #2983 ) ) ;
#1798 = AXIS2_PLACEMENT_3D ( 'NONE', #2954, #4480, #1025 ) ;
#1799 = CARTESIAN_POINT ( 'NONE',  ( 17.70524681473879980, 36.19722042038635124, 31.29086436812535155 ) ) ;
#1800 = ADVANCED_FACE ( 'NONE', ( #4622, #762, #2316, #1116 ), #2716, .T. ) ;
#1801 = CARTESIAN_POINT ( 'NONE',  ( -7.357748640905357185, 59.45380176667684680, 24.97145145432986979 ) ) ;
#1802 = DIRECTION ( 'NONE',  ( 0.000000000000000000, 0.000000000000000000, 1.000000000000000000 ) ) ;
#1803 = CARTESIAN_POINT ( 'NONE',  ( -31.03611402912131112, 50.56118575045638863, 9.644264137189413333 ) ) ;
#1804 = CARTESIAN_POINT ( 'NONE',  ( 4.765315781272196460, 30.16702874793184819, 32.23731499352088292 ) ) ;
#1805 = DIRECTION ( 'NONE',  ( 0.9488292830168393310, -0.3157894736842106198, 0.000000000000000000 ) ) ;
#1806 = EDGE_CURVE ( 'NONE', #2169, #3254, #3527, .T. ) ;
#1807 = EDGE_LOOP ( 'NONE', ( #4879, #2543, #2496, #4406 ) ) ;
#1808 = CARTESIAN_POINT ( 'NONE',  ( -16.13656166277984738, 59.03182654211370561, 37.50933685412275054 ) ) ;
#1809 = CARTESIAN_POINT ( 'NONE',  ( 22.03335389550549905, 30.59679287283115201, 29.73435638640544809 ) ) ;
#1810 = CARTESIAN_POINT ( 'NONE',  ( 23.66988108024905202, 62.23426791732979524, 45.49896666479750706 ) ) ;
#1811 = CARTESIAN_POINT ( 'NONE',  ( -15.41058920163494506, 53.63638984472942184, 34.30226675552410853 ) ) ;
#1812 = VERTEX_POINT ( 'NONE', #2660 ) ;
#1813 = CARTESIAN_POINT ( 'NONE',  ( -15.31362351833418955, 51.28787890924498782, 31.97475847430506590 ) ) ;
#1814 = DIRECTION ( 'NONE',  ( 0.000000000000000000, 0.000000000000000000, 1.000000000000000000 ) ) ;
#1815 = ORIENTED_EDGE ( 'NONE', *, *, #3208, .F. ) ;
#1816 = CARTESIAN_POINT ( 'NONE',  ( 0.000000000000000000, 12.00000000000000000, 0.000000000000000000 ) ) ;
#1817 = CARTESIAN_POINT ( 'NONE',  ( 14.31795591600489459, 30.16542052214453662, 29.17616859299876708 ) ) ;
#1818 = LOCAL_TIME ( 9, 7, 23.00000000000000000, #1317 ) ;
#1819 = FACE_OUTER_BOUND ( 'NONE', #3126, .T. ) ;
#1820 = CARTESIAN_POINT ( 'NONE',  ( -14.50484460392809538, 50.01542496752714584, 30.65257906122552001 ) ) ;
#1821 = CARTESIAN_POINT ( 'NONE',  ( 4.797863154557877152, 30.22299182273448181, 36.80431961006560471 ) ) ;
#1822 = VECTOR ( 'NONE', #3529, 1000.000000000000227 ) ;
#1823 = VERTEX_POINT ( 'NONE', #4650 ) ;
#1824 = CARTESIAN_POINT ( 'NONE',  ( 22.01534147968146016, 52.53269368353976176, 14.75072722114316193 ) ) ;
#1825 = ADVANCED_FACE ( 'NONE', ( #4969 ), #1570, .T. ) ;
#1826 = CARTESIAN_POINT ( 'NONE',  ( 23.07525755992147865, 55.55446715649499367, 13.00455943092579858 ) ) ;
#1827 = CARTESIAN_POINT ( 'NONE',  ( 15.18126852826944884, 63.05263157894739834, 70.00000000000000000 ) ) ;
#1828 = DIRECTION ( 'NONE',  ( 0.000000000000000000, -1.000000000000000000, 0.000000000000000000 ) ) ;
#1829 = VECTOR ( 'NONE', #1422, 1000.000000000000114 ) ;
#1830 = CARTESIAN_POINT ( 'NONE',  ( -5.600205166054940342, 25.45753543778389982, 32.01533967828044780 ) ) ;
#1831 = DIRECTION ( 'NONE',  ( 0.3131221126078039818, 0.9408148604075360355, -0.1296994257210664081 ) ) ;
#1832 = VERTEX_POINT ( 'NONE', #4947 ) ;
#1833 = CARTESIAN_POINT ( 'NONE',  ( 31.81980515339470017, 77.00000000000000000, 31.81980515339460069 ) ) ;
#1834 = CARTESIAN_POINT ( 'NONE',  ( 21.23019530131529820, 31.21054667451754838, 30.10620280258429915 ) ) ;
#1835 = CARTESIAN_POINT ( 'NONE',  ( 23.48748266502035165, 62.64616247059269227, 45.14835487312730322 ) ) ;
#1836 = DIRECTION ( 'NONE',  ( 0.000000000000000000, 0.6263567254349926561, 0.7795365626462642528 ) ) ;
#1837 = ORIENTED_EDGE ( 'NONE', *, *, #4786, .F. ) ;
#1838 = CARTESIAN_POINT ( 'NONE',  ( -19.49417546437837956, 48.19142128883325427, 30.29824763750282557 ) ) ;
#1839 = DIRECTION ( 'NONE',  ( 1.000000000000000000, 0.000000000000000000, 0.000000000000000000 ) ) ;
#1840 = VERTEX_POINT ( 'NONE', #3901 ) ;
#1841 = CARTESIAN_POINT ( 'NONE',  ( -30.45606413330281370, 62.58803638522331170, 8.598227253295741335 ) ) ;
#1842 = CARTESIAN_POINT ( 'NONE',  ( -12.15530720784255969, 72.22824297166289398, 26.79794675039094543 ) ) ;
#1843 = CARTESIAN_POINT ( 'NONE',  ( -33.58827921314225051, 58.00000000000000000, -33.58827921314215104 ) ) ;
#1844 = AXIS2_PLACEMENT_3D ( 'NONE', #4550, #1050, #1095 ) ;
#1845 = DIRECTION ( 'NONE',  ( 0.000000000000000000, 0.000000000000000000, 1.000000000000000000 ) ) ;
#1846 = CARTESIAN_POINT ( 'NONE',  ( 19.92541494335359786, 51.36842105263159652, 48.10420699215570295 ) ) ;
#1847 = ORIENTED_EDGE ( 'NONE', *, *, #2415, .T. ) ;
#1848 = CARTESIAN_POINT ( 'NONE',  ( -5.000000000000000000, 77.00000000000000000, 45.00000000000000000 ) ) ;
#1849 = CARTESIAN_POINT ( 'NONE',  ( 7.308610646814051925, 59.68586613056190515, 24.93891372941499895 ) ) ;
#1850 = CARTESIAN_POINT ( 'NONE',  ( 21.89194891609090021, 78.10526315789479668, 4.447934790641859593 ) ) ;
#1851 = DIRECTION ( 'NONE',  ( 0.7071067811865489050, 0.000000000000000000, 0.7071067811865460184 ) ) ;
#1852 = CARTESIAN_POINT ( 'NONE',  ( -2.114161054466564327, 29.20360583882533234, 32.45782723039282303 ) ) ;
#1853 = CARTESIAN_POINT ( 'NONE',  ( 10.91034049890388502, 78.83401999519752223, 26.33989200256452889 ) ) ;
#1854 = VERTEX_POINT ( 'NONE', #3420 ) ;
#1855 = CARTESIAN_POINT ( 'NONE',  ( -13.46620154738508113, 51.61887770090513783, 22.82360726867558753 ) ) ;
#1856 = CARTESIAN_POINT ( 'NONE',  ( 20.80291430315368828, 29.43254399964103385, 25.02752254194898640 ) ) ;
#1857 = CARTESIAN_POINT ( 'NONE',  ( -16.09181732416648458, 59.57409652487082496, 37.61685591949570551 ) ) ;
#1858 = CARTESIAN_POINT ( 'NONE',  ( -15.83405248264849163, 60.29863198815511538, 37.77237176325109402 ) ) ;
#1859 = CARTESIAN_POINT ( 'NONE',  ( -21.31910102892752690, 47.34362046715378369, 29.28666425140628959 ) ) ;
#1860 = CARTESIAN_POINT ( 'NONE',  ( -14.77197241599840005, 51.71758665468490079, 32.02141636110219736 ) ) ;
#1861 = VERTEX_POINT ( 'NONE', #3874 ) ;
#1862 = CARTESIAN_POINT ( 'NONE',  ( -30.98411421015559952, 62.59072410685278953, 5.929862474578089682 ) ) ;
#1863 = CARTESIAN_POINT ( 'NONE',  ( 16.76616217159225997, 27.02717936313306879, 27.84146146435053026 ) ) ;
#1864 = CARTESIAN_POINT ( 'NONE',  ( 8.108132904344296676, 85.99258123094996620, 14.29443843727631069 ) ) ;
#1865 = CARTESIAN_POINT ( 'NONE',  ( -14.55101096620805379, 50.61758809600016207, 31.03988518401197538 ) ) ;
#1866 = CARTESIAN_POINT ( 'NONE',  ( -4.069655286691412854, 24.75357682437713081, 32.24430469345026040 ) ) ;
#1867 = CIRCLE ( 'NONE', #3401, 4.999999999999996447 ) ;
#1868 = EDGE_CURVE ( 'NONE', #2360, #482, #2896, .T. ) ;
#1869 = CARTESIAN_POINT ( 'NONE',  ( 7.357188186809708874, 59.45663538623843891, 24.97105429357777240 ) ) ;
#1870 = CARTESIAN_POINT ( 'NONE',  ( 7.989013732877008778, 86.19883360255099092, 2.430990124042930134 ) ) ;
#1871 = CARTESIAN_POINT ( 'NONE',  ( 12.36894827707020816, 34.38161272744088137, 30.05429224592942816 ) ) ;
#1872 = CARTESIAN_POINT ( 'NONE',  ( -7.750032640484969093, 32.65950502594645144, 35.65587988913920015 ) ) ;
#1873 = CARTESIAN_POINT ( 'NONE',  ( 9.243267113918467004, 82.17929532531823611, 22.31522082705607701 ) ) ;
#1874 = ORIENTED_EDGE ( 'NONE', *, *, #746, .F. ) ;
#1875 = CARTESIAN_POINT ( 'NONE',  ( -15.99683217252204770, 58.42906240172410293, 37.41659193479664935 ) ) ;
#1876 = CARTESIAN_POINT ( 'NONE',  ( 27.74796881996595133, 29.16747879553344802, 25.14386953521914947 ) ) ;
#1877 = CARTESIAN_POINT ( 'NONE',  ( 16.21678128172706224, 59.18583231839748038, 39.15077330838288816 ) ) ;
#1878 = DIRECTION ( 'NONE',  ( -0.3157894736842106198, 0.9488292830168392200, 0.000000000000000000 ) ) ;
#1879 = CARTESIAN_POINT ( 'NONE',  ( -21.43557629392898534, 47.29794746542619777, 29.21517719532042179 ) ) ;
#1880 = ADVANCED_FACE ( 'NONE', ( #3095 ), #430, .T. ) ;
#1881 = DIRECTION ( 'NONE',  ( 0.000000000000000000, 0.000000000000000000, 1.000000000000000000 ) ) ;
#1882 = ORIENTED_EDGE ( 'NONE', *, *, #746, .T. ) ;
#1883 = CARTESIAN_POINT ( 'NONE',  ( -8.204449481725246685, 33.28198451398373692, 35.42323648972101324 ) ) ;
#1884 = CARTESIAN_POINT ( 'NONE',  ( 16.79819399884830844, 26.99566108711863421, 27.82214891423258507 ) ) ;
#1885 = CARTESIAN_POINT ( 'NONE',  ( 5.193828638503666717, 86.57858890343740654, 0.5456328633318170418 ) ) ;
#1886 = FACE_OUTER_BOUND ( 'NONE', #2414, .T. ) ;
#1887 = CARTESIAN_POINT ( 'NONE',  ( 0.000000000000000000, 0.000000000000000000, -32.50000000000000000 ) ) ;
#1888 = CARTESIAN_POINT ( 'NONE',  ( 16.02035337687047090, 51.41856976576666938, 21.10939499763130200 ) ) ;
#1889 = AXIS2_PLACEMENT_3D ( 'NONE', #2703, #4235, #774 ) ;
#1890 = CARTESIAN_POINT ( 'NONE',  ( 6.799259145496336032, 61.16614478442232183, 24.73031451626641442 ) ) ;
#1891 = FACE_BOUND ( 'NONE', #1532, .T. ) ;
#1892 = AXIS2_PLACEMENT_3D ( 'NONE', #2208, #2561, #4468 ) ;
#1893 = CARTESIAN_POINT ( 'NONE',  ( -4.442645276970469403, 51.95740845441407885, 26.12494210461813182 ) ) ;
#1894 = CARTESIAN_POINT ( 'NONE',  ( 36.74924143378049735, 54.50000000000000000, 7.466140505087760282 ) ) ;
#1895 = CARTESIAN_POINT ( 'NONE',  ( 1.930164198913384865, 87.00000000000000000, 3.402829837530660484 ) ) ;
#1896 = ORIENTED_EDGE ( 'NONE', *, *, #1488, .T. ) ;
#1897 = CARTESIAN_POINT ( 'NONE',  ( -11.12746225966649938, 54.50000000000000000, 24.05056306325689874 ) ) ;
#1898 = CARTESIAN_POINT ( 'NONE',  ( -15.63596630259500309, 50.97122576663129223, 31.87331490355154529 ) ) ;
#1899 = CARTESIAN_POINT ( 'NONE',  ( 24.43007506701809817, 56.50272527374649911, 46.96023471027129403 ) ) ;
#1900 = CYLINDRICAL_SURFACE ( 'NONE', #3831, 5.000000000000001776 ) ;
#1901 = CARTESIAN_POINT ( 'NONE',  ( 13.22562897334426957, 55.00640696692740050, 22.96013802927942749 ) ) ;
#1902 = FACE_BOUND ( 'NONE', #2934, .T. ) ;
#1903 = ORIENTED_EDGE ( 'NONE', *, *, #223, .F. ) ;
#1904 = CARTESIAN_POINT ( 'NONE',  ( -18.30586219080245058, 76.21462731704940552, 20.56600278829655082 ) ) ;
#1905 = CARTESIAN_POINT ( 'NONE',  ( 0.000000000000000000, 77.00000000000000000, 45.00000000000000000 ) ) ;
#1906 = CARTESIAN_POINT ( 'NONE',  ( -12.40300596451341875, 71.82814896082798839, 27.78743604142944790 ) ) ;
#1907 = CARTESIAN_POINT ( 'NONE',  ( 16.00000000000000000, 58.00000000000000000, 50.69848480983489480 ) ) ;
#1908 = CARTESIAN_POINT ( 'NONE',  ( -12.31007270475224935, 71.67950138194959209, 27.99964188115522390 ) ) ;
#1909 = CARTESIAN_POINT ( 'NONE',  ( -7.737181782648986150, 26.94557337203942637, 31.56566165510054489 ) ) ;
#1910 = CARTESIAN_POINT ( 'NONE',  ( 22.92432150267678281, 59.18210744017506642, 12.44463015679707141 ) ) ;
#1911 = CARTESIAN_POINT ( 'NONE',  ( 15.42341446346351930, 51.87716094005365619, 21.54922536300357905 ) ) ;
#1912 = CARTESIAN_POINT ( 'NONE',  ( 21.46775483231520099, 31.02387787249026729, 29.99842620907551094 ) ) ;
#1913 =( BOUNDED_CURVE ( )  B_SPLINE_CURVE ( 3, ( #1478, #3032, #2229, #1436 ),
 .UNSPECIFIED., .F., .T. ) 
 B_SPLINE_CURVE_WITH_KNOTS ( ( 4, 4 ),
 ( 1.960086412494429942, 1.963495408493620031 ),
 .UNSPECIFIED. ) 
 CURVE ( )  GEOMETRIC_REPRESENTATION_ITEM ( )  RATIONAL_B_SPLINE_CURVE ( ( 1.000000000000000000, 0.9999990315624239789, 0.9999990315624239789, 1.000000000000000000 ) ) 
 REPRESENTATION_ITEM ( '' )  );
#1914 = CARTESIAN_POINT ( 'NONE',  ( 7.094496603283521274, 60.44502740343296665, 24.83218060574156283 ) ) ;
#1915 = DIRECTION ( 'NONE',  ( 0.7071067811865464625, 0.000000000000000000, -0.7071067811865485719 ) ) ;
#1916 = CARTESIAN_POINT ( 'NONE',  ( -3.739178467896279834, 51.49829168467001494, 26.23491021074020324 ) ) ;
#1917 = CARTESIAN_POINT ( 'NONE',  ( -14.97486504510215788, 52.32720313605764773, 32.79763893932482688 ) ) ;
#1918 = CARTESIAN_POINT ( 'NONE',  ( -4.312878656859955306, 29.93085777902012978, 32.29239522831105091 ) ) ;
#1919 = CARTESIAN_POINT ( 'NONE',  ( -9.848231477113422727, 79.70680566140028134, 18.24209020107194945 ) ) ;
#1920 = ADVANCED_FACE ( 'NONE', ( #3847 ), #1167, .T. ) ;
#1921 = ORIENTED_EDGE ( 'NONE', *, *, #3937, .F. ) ;
#1922 = AXIS2_PLACEMENT_3D ( 'NONE', #4609, #4210, #3461 ) ;
#1923 = CARTESIAN_POINT ( 'NONE',  ( -18.10965676918136680, 49.39835076745404763, 19.36689473137555595 ) ) ;
#1924 = CARTESIAN_POINT ( 'NONE',  ( 18.78860057630735270, 33.93518941254264831, 30.98818467059285098 ) ) ;
#1925 = CARTESIAN_POINT ( 'NONE',  ( 15.97849855531240060, 58.85642413499239467, 50.63035414315439198 ) ) ;
#1926 = CARTESIAN_POINT ( 'NONE',  ( 33.26315798988849792, 55.33333333333330728, 10.95222394897971974 ) ) ;
#1927 = CARTESIAN_POINT ( 'NONE',  ( -29.05058372682331225, 67.61991729234259196, 6.351818789080008187 ) ) ;
#1928 = CARTESIAN_POINT ( 'NONE',  ( -9.404066438920470006, 59.55870977006890143, 24.25330884383775043 ) ) ;
#1929 = EDGE_CURVE ( 'NONE', #485, #103, #1930, .T. ) ;
#1930 = LINE ( 'NONE', #1493, #4888 ) ;
#1931 = CARTESIAN_POINT ( 'NONE',  ( -7.522114592559034030, 32.40954609410682963, 35.76261326057350232 ) ) ;
#1932 = CARTESIAN_POINT ( 'NONE',  ( -13.01037036934224389, 72.86973753845350643, 26.86696972239867165 ) ) ;
#1933 = ORIENTED_EDGE ( 'NONE', *, *, #598, .T. ) ;
#1934 = CARTESIAN_POINT ( 'NONE',  ( -16.82868764137919726, 59.55870977006890143, 16.82868764137900186 ) ) ;
#1935 = CARTESIAN_POINT ( 'NONE',  ( -15.20607080333309469, 62.97811001687212951, 37.11002399480568670 ) ) ;
#1936 = DIRECTION ( 'NONE',  ( 0.000000000000000000, 0.000000000000000000, 1.000000000000000000 ) ) ;
#1937 = CARTESIAN_POINT ( 'NONE',  ( 22.16256731238622990, 61.46243070539190256, 12.75211839498033406 ) ) ;
#1938 = CARTESIAN_POINT ( 'NONE',  ( 17.31628595286534278, 50.75518779100239897, 20.05983287021063433 ) ) ;
#1939 = DIRECTION ( 'NONE',  ( 0.6916548014802289535, -0.2079116908177599810, -0.6916548014802219591 ) ) ;
#1940 = CARTESIAN_POINT ( 'NONE',  ( 6.654192244596113248, 61.46243070328834079, 24.68841102690590716 ) ) ;
#1941 = CYLINDRICAL_SURFACE ( 'NONE', #2955, 10.00000000000000888 ) ;
#1942 = CARTESIAN_POINT ( 'NONE',  ( -6.883337360225863399, 55.00640695601058638, 25.58720123142672520 ) ) ;
#1943 = CARTESIAN_POINT ( 'NONE',  ( -15.18126472331394972, 52.94735906720839580, 33.56043935950644652 ) ) ;
#1944 = EDGE_CURVE ( 'NONE', #1361, #1796, #2344, .T. ) ;
#1945 = CARTESIAN_POINT ( 'NONE',  ( 14.50615127101104385, 64.50638423280852862, 19.79282380156076826 ) ) ;
#1946 = CARTESIAN_POINT ( 'NONE',  ( 11.23214716476031327, 74.91826455324942913, 27.11680201973479853 ) ) ;
#1947 = ORIENTED_EDGE ( 'NONE', *, *, #991, .T. ) ;
#1948 = CARTESIAN_POINT ( 'NONE',  ( -15.27045296515935036, 62.78466569546409204, 37.42525193053064214 ) ) ;
#1949 = CARTESIAN_POINT ( 'NONE',  ( -29.28718621536729927, 47.32206358648149802, 21.33744065966275016 ) ) ;
#1950 = ORIENTED_EDGE ( 'NONE', *, *, #4438, .T. ) ;
#1951 = CARTESIAN_POINT ( 'NONE',  ( 15.72546892751014802, 60.98213690738679560, 49.82859047180799195 ) ) ;
#1952 = CARTESIAN_POINT ( 'NONE',  ( -10.64157241236666529, 81.46764265422464746, 14.68920423618656379 ) ) ;
#1953 = ADVANCED_FACE ( 'NONE', ( #1902, #2010 ), #3552, .T. ) ;
#1954 = CARTESIAN_POINT ( 'NONE',  ( -17.20115327318288934, 77.48765327581747897, 15.23493460342145056 ) ) ;
#1955 = DIRECTION ( 'NONE',  ( 0.000000000000000000, 0.000000000000000000, -1.000000000000000000 ) ) ;
#1956 = CARTESIAN_POINT ( 'NONE',  ( -12.09349555113594121, 74.20874628668363471, 23.62887487475492776 ) ) ;
#1957 = DIRECTION ( 'NONE',  ( -0.6916548014802289535, 0.2079116908177599810, 0.6916548014802219591 ) ) ;
#1958 = CARTESIAN_POINT ( 'NONE',  ( -7.248719423250455485, 32.11101424896050816, 35.88918196979130215 ) ) ;
#1959 = CARTESIAN_POINT ( 'NONE',  ( -28.80028822418416468, 70.66359127858234501, 11.74022025458934593 ) ) ;
#1960 = ORIENTED_EDGE ( 'NONE', *, *, #2457, .F. ) ;
#1961 = CARTESIAN_POINT ( 'NONE',  ( 3.068552503129204467, 86.85328760817348837, 0.3142829492983162387 ) ) ;
#1962 = LINE ( 'NONE', #1200, #4280 ) ;
#1963 = CARTESIAN_POINT ( 'NONE',  ( 4.288081202691713223, 24.83941558583527254, 32.21590039525774074 ) ) ;
#1964 = CARTESIAN_POINT ( 'NONE',  ( 22.49821857945344306, 60.66045284987689712, 12.57677546203801455 ) ) ;
#1965 = CARTESIAN_POINT ( 'NONE',  ( 19.39686368020028340, 33.08654696339755930, 30.80134468768447675 ) ) ;
#1966 = DIRECTION ( 'NONE',  ( 1.000000000000000000, 0.000000000000000000, 0.000000000000000000 ) ) ;
#1967 = FACE_BOUND ( 'NONE', #2654, .T. ) ;
#1968 = CIRCLE ( 'NONE', #1081, 16.00000000000000000 ) ;
#1969 = CARTESIAN_POINT ( 'NONE',  ( -5.751379857050544331, 53.16645379393378334, 25.87017568800479594 ) ) ;
#1970 = CARTESIAN_POINT ( 'NONE',  ( 14.81252558835804756, 52.46653652464765827, 21.97344983874261715 ) ) ;
#1971 = CARTESIAN_POINT ( 'NONE',  ( 0.000000000000000000, 0.000000000000000000, 0.000000000000000000 ) ) ;
#1972 = FACE_OUTER_BOUND ( 'NONE', #11, .T. ) ;
#1973 = EDGE_CURVE ( 'NONE', #4854, #1361, #1616, .T. ) ;
#1974 = EDGE_LOOP ( 'NONE', ( #344, #4329, #3772, #4006 ) ) ;
#1975 = CARTESIAN_POINT ( 'NONE',  ( -20.53953744172510198, 49.72569496267341549, 16.74448338319166041 ) ) ;
#1976 = CARTESIAN_POINT ( 'NONE',  ( -32.41820688816424934, 53.10233253703300704, 13.75129586044024066 ) ) ;
#1977 = VERTEX_POINT ( 'NONE', #2406 ) ;
#1978 = CARTESIAN_POINT ( 'NONE',  ( 15.82825187090094943, 55.65216672388289965, 50.15427419019420086 ) ) ;
#1979 = CARTESIAN_POINT ( 'NONE',  ( 30.88180670023825414, 60.54634527475698036, 8.534119789991706284 ) ) ;
#1980 = CARTESIAN_POINT ( 'NONE',  ( -12.76081632409858102, 76.82532421354849816, 19.87439220564534992 ) ) ;
#1981 = CARTESIAN_POINT ( 'NONE',  ( 12.83088505213385844, 56.19223055176929194, 23.12476502743006179 ) ) ;
#1982 = CARTESIAN_POINT ( 'NONE',  ( -7.927768634554446692, 83.21351789042614655, 13.10069605793214187 ) ) ;
#1983 = DIRECTION ( 'NONE',  ( 1.000000000000000000, 0.000000000000000000, 0.000000000000000000 ) ) ;
#1984 = CARTESIAN_POINT ( 'NONE',  ( -29.43165616687904773, 69.80151900913331531, 11.36799155703459974 ) ) ;
#1985 = DIRECTION ( 'NONE',  ( 0.7071067811865461294, 0.000000000000000000, -0.7071067811865489050 ) ) ;
#1986 = ORIENTED_EDGE ( 'NONE', *, *, #2863, .F. ) ;
#1987 = AXIS2_PLACEMENT_3D ( 'NONE', #2053, #4439, #118 ) ;
#1988 = CARTESIAN_POINT ( 'NONE',  ( 12.99292087649989114, 84.26383565135903098, 1.664197633627158890 ) ) ;
#1989 = CARTESIAN_POINT ( 'NONE',  ( -12.61321628627674052, 71.21063027341209306, 29.18279003625224988 ) ) ;
#1990 = CARTESIAN_POINT ( 'NONE',  ( 22.57556994869171874, 60.44502742256642591, 12.54243664344372711 ) ) ;
#1991 = CARTESIAN_POINT ( 'NONE',  ( 20.28642143739946491, 32.07575085150102723, 30.49009600863570668 ) ) ;
#1992 = CARTESIAN_POINT ( 'NONE',  ( 1.540741286727392634, 29.11919430009301735, 37.42883919851517049 ) ) ;
#1993 = CARTESIAN_POINT ( 'NONE',  ( 4.708813296653385549, 86.67266873358910573, 8.301685412050090918 ) ) ;
#1994 = CARTESIAN_POINT ( 'NONE',  ( 56.20671088515420166, 35.84210526315790446, 42.78823848096244831 ) ) ;
#1995 = CARTESIAN_POINT ( 'NONE',  ( 15.48058458758305456, 83.85622673811467109, 5.159030682920509037 ) ) ;
#1996 = CARTESIAN_POINT ( 'NONE',  ( 14.22656428084795976, 53.16583725351651424, 22.35954850219779644 ) ) ;
#1997 = FACE_BOUND ( 'NONE', #1269, .T. ) ;
#1998 = AXIS2_PLACEMENT_3D ( 'NONE', #4221, #2369, #4593 ) ;
#1999 = APPROVAL_ROLE ( '' ) ;
#2000 = VERTEX_POINT ( 'NONE', #87 ) ;
#2001 = CARTESIAN_POINT ( 'NONE',  ( -19.05028158021223206, 49.39808391219497707, 18.42643157155291078 ) ) ;
#2002 = CARTESIAN_POINT ( 'NONE',  ( 15.18126852826944884, 63.05263157894739834, 48.10420699215579532 ) ) ;
#2003 = VERTEX_POINT ( 'NONE', #3834 ) ;
#2004 = CARTESIAN_POINT ( 'NONE',  ( 16.92512286286137524, 58.18699860464548124, 40.86086116035075122 ) ) ;
#2005 = CARTESIAN_POINT ( 'NONE',  ( -7.553677760685483022, 84.58043950005217937, 9.714319482215042711 ) ) ;
#2006 = CARTESIAN_POINT ( 'NONE',  ( 9.118525451009720229, 34.86245625052504948, 34.91866591406709830 ) ) ;
#2007 = B_SPLINE_CURVE_WITH_KNOTS ( 'NONE', 3,
 ( #431, #737, #3802, #3528, #4276, #2345, #1516, #3096, #2642, #1472, #1571, #3071, #331, #3025, #2269, #1196, #4595, #1883, #408, #1141, #3422, #4949, #1495, #3049, #4574, #1118, #1541, #2746, #2662, #2689, #4222, #1168, #763, #2717, #2317, #3474, #1931, #4251, #4996, #1958, #3498, #22, #3508, #1288, #2050, #467, #2784, #4388, #1233, #141, #2838, #855, #2432, #3133, #4315, #2023, #4364, #2865, #1695, #3241, #2407, #913, #4762, #2480, #114, #3992, #3941, #59, #3965, #550, #3911, #1313, #939, #440, #3565, #4016, #2455, #88, #4735, #31, #1581, #521, #3622, #3186, #824, #3594, #1638, #4710, #884, #492, #4661, #1261, #2811, #1205, #3536, #1667, #3215, #4287, #2755, #4340, #2378, #1992, #2076, #1609, #3161, #4684, #2601, #1795, #2105, #4859, #624, #4065, #1358, #2985, #4812, #3738, #1407, #4434, #1009, #1718, #2911, #1821, #574, #165, #4884, #2554, #2203, #2962, #262, #1058, #3714, #2580, #987, #3667, #4091, #4137, #2507, #3357, #1434, #4040, #597, #3288, #4513, #2530, #2130, #191, #2179, #4115, #3645, #1767, #4413, #240, #3333, #3264, #4789, #1335, #4459, #2889, #4488, #2155, #965, #3692, #1034, #1746, #1381, #215, #4832, #2938, #3311, #646, #2322, #288, #1547, #3030, #2249, #1521, #3807, #2295, #1146, #4205 ),
 .UNSPECIFIED., .F., .F.,
 ( 4, 2, 2, 1, 1, 1, 2, 2, 2, 2, 1, 1, 1, 1, 2, 2, 2, 1, 1, 1, 1, 1, 2, 2, 2, 2, 2, 1, 1, 1, 2, 2, 2, 2, 1, 1, 1, 1, 2, 2, 2, 2, 1, 1, 1, 2, 2, 2, 2, 1, 1, 2, 2, 2, 1, 1, 2, 2, 2, 2, 2, 2, 1, 2, 2, 2, 1, 1, 1, 2, 2, 2, 1, 1, 1, 1, 2, 2, 2, 2, 1, 1, 1, 1, 2, 2, 2, 2, 1, 1, 1, 1, 2, 2, 2, 2, 1, 1, 1, 1, 2, 2, 2, 1, 1, 1, 2, 2, 2, 2, 1, 1, 1, 2, 2, 4 ),
 ( 0.000000000000000000, 0.03124999999992196520, 0.04687499999988330862, 0.05468749999986435850, 0.05859374999985489385, 0.06054687499985025173, 0.06152343749984760107, 0.06249999999984495735, 0.09374999999978241016, 0.1093749999997511296, 0.1171874999997351979, 0.1210937499997272321, 0.1230468749997231104, 0.1240234374997210148, 0.1245117187497199601, 0.1249999999997188915, 0.1406249999996879718, 0.1484374999996725120, 0.1523437499996646294, 0.1542968749996610767, 0.1552734374996593836, 0.1557617187496585232, 0.1560058593746579680, 0.1562499999996574129, 0.1718749999996810329, 0.1796874999996925515, 0.1835937499996985744, 0.1855468749997014333, 0.1865234374997029043, 0.1870117187497036260, 0.1872558593747037647, 0.1874999999997039035, 0.2187499999997009059, 0.2343749999996995459, 0.2421874999996988520, 0.2460937499996984079, 0.2480468749996982136, 0.2490234374996982414, 0.2495117187496984634, 0.2499999999996986855, 0.2812499999997137845, 0.2968749999997213340, 0.3046874999997251643, 0.3085937499997270517, 0.3105468749997279398, 0.3115234374997283284, 0.3124999999997287170, 0.3437499999997442601, 0.3593749999997520872, 0.3671874999997559175, 0.3710937499997578048, 0.3730468749997587485, 0.3749999999997596922, 0.4062499999997736810, 0.4218749999997805644, 0.4296874999997839506, 0.4335937499997856159, 0.4374999999997872813, 0.4687499999998004374, 0.4843749999998070432, 0.4999999999998135936, 0.5312499999998268052, 0.5468749999998334665, 0.5546874999998366862, 0.5624999999998399058, 0.5937499999998530065, 0.6093749999998595568, 0.6171874999998627764, 0.6210937499998643307, 0.6230468749998651079, 0.6249999999998658851, 0.6562499999998769873, 0.6718749999998825384, 0.6796874999998853140, 0.6835937499998868683, 0.6855468749998876454, 0.6865234374998878675, 0.6874999999998880895, 0.7187499999998976374, 0.7343749999999024114, 0.7421874999999050759, 0.7460937499999064082, 0.7480468749999070743, 0.7490234374999075184, 0.7495117187499076294, 0.7499999999999077405, 0.7812499999999162892, 0.7968749999999207301, 0.8046874999999228395, 0.8085937499999237277, 0.8105468749999240607, 0.8115234374999241718, 0.8120117187499240607, 0.8124999999999239497, 0.8281249999999144018, 0.8359374999999094058, 0.8398437499999070743, 0.8417968749999069633, 0.8427734374999059641, 0.8432617187499049649, 0.8435058593749052980, 0.8437499999999055200, 0.8593749999999109601, 0.8671874999999137357, 0.8710937499999147349, 0.8730468749999156231, 0.8740234374999161782, 0.8749999999999167333, 0.9062499999999391598, 0.9218749999999503730, 0.9296874999999559241, 0.9335937499999585887, 0.9355468749999598099, 0.9365234374999600320, 0.9374999999999602540, 1.000000000000000000 ),
 .UNSPECIFIED. ) ;
#2008 = CARTESIAN_POINT ( 'NONE',  ( 12.70535376938874705, 56.67980761303351045, 23.15516927343706755 ) ) ;
#2009 = CARTESIAN_POINT ( 'NONE',  ( -3.218813377431844813, 86.47119821965209496, 5.992194633257679648 ) ) ;
#2010 = FACE_OUTER_BOUND ( 'NONE', #4726, .T. ) ;
#2011 = CARTESIAN_POINT ( 'NONE',  ( -1.242299028109750125, 86.93500336395939598, 2.282870193347869670 ) ) ;
#2012 = CARTESIAN_POINT ( 'NONE',  ( -31.55145405113875157, 54.50000000000000000, 7.794597312169510239 ) ) ;
#2013 = ORIENTED_EDGE ( 'NONE', *, *, #342, .T. ) ;
#2014 = CARTESIAN_POINT ( 'NONE',  ( -14.53653851831614752, 65.50234342212884542, 35.94194954991431246 ) ) ;
#2015 = CARTESIAN_POINT ( 'NONE',  ( 0.000000000000000000, 54.50000000000000000, 0.000000000000000000 ) ) ;
#2016 = EDGE_LOOP ( 'NONE', ( #1559, #250, #1378, #2502 ) ) ;
#2017 = B_SPLINE_CURVE_WITH_KNOTS ( 'NONE', 3,
 ( #1608, #2700, #2353, #2754 ),
 .UNSPECIFIED., .F., .F.,
 ( 4, 4 ),
 ( 0.000000000000000000, 1.000000000000000000 ),
 .UNSPECIFIED. ) ;
#2018 = CARTESIAN_POINT ( 'NONE',  ( -12.25326676240557866, 72.26667166671801112, 26.71217317844234884 ) ) ;
#2019 = CARTESIAN_POINT ( 'NONE',  ( -8.953070667340233157, 28.12122830788094063, 31.24291442837692045 ) ) ;
#2020 = CARTESIAN_POINT ( 'NONE',  ( 18.44721675853898901, 65.24831598489072348, 15.69996807210986844 ) ) ;
#2021 = EDGE_CURVE ( 'NONE', #1854, #4850, #2017, .T. ) ;
#2022 = CARTESIAN_POINT ( 'NONE',  ( 21.18283977893289460, 31.25213535022087896, 30.12566905683528162 ) ) ;
#2023 = CARTESIAN_POINT ( 'NONE',  ( -5.925417559386130684, 30.94458629859964560, 36.43146027573835966 ) ) ;
#2024 = DIRECTION ( 'NONE',  ( -0.6709236202095760770, -0.3157894736842100092, 0.6709236202095780754 ) ) ;
#2025 = CARTESIAN_POINT ( 'NONE',  ( 14.13070166182529519, 84.40062515760722306, 4.612349081303989351 ) ) ;
#2026 = CARTESIAN_POINT ( 'NONE',  ( -15.15615250636844813, 52.87190416705291085, 33.46969809885332836 ) ) ;
#2027 = EDGE_CURVE ( 'NONE', #24, #1186, #2925, .T. ) ;
#2028 = CARTESIAN_POINT ( 'NONE',  ( 12.45055515598401286, 59.33326784072201576, 22.88833163230478362 ) ) ;
#2029 = AXIS2_PLACEMENT_3D ( 'NONE', #4830, #1432, #3006 ) ;
#2030 = PERSON_AND_ORGANIZATION_ROLE ( 'creator' ) ;
#2031 = CARTESIAN_POINT ( 'NONE',  ( -19.97499074997410062, 49.54314797767340650, 17.41537241834333827 ) ) ;
#2032 = CARTESIAN_POINT ( 'NONE',  ( -12.28214622003082113, 47.03899803205039376, 30.09675863764005044 ) ) ;
#2033 = VERTEX_POINT ( 'NONE', #4432 ) ;
#2034 = CARTESIAN_POINT ( 'NONE',  ( -19.55629795342970567, 42.07327973898271267, 25.99178723150649617 ) ) ;
#2035 = CARTESIAN_POINT ( 'NONE',  ( -19.60756024709744239, 76.92416452534457960, 12.99819745868624565 ) ) ;
#2036 = CARTESIAN_POINT ( 'NONE',  ( 31.08163717323091291, 61.85283068540253026, 6.056139993724886317 ) ) ;
#2037 = CARTESIAN_POINT ( 'NONE',  ( -4.496247252186514665, 86.20215214584870012, 5.592265226950989820 ) ) ;
#2038 = CARTESIAN_POINT ( 'NONE',  ( -5.619878807278768207, 85.27147568335499273, 10.80168640684211212 ) ) ;
#2039 = CARTESIAN_POINT ( 'NONE',  ( 30.56600482248270012, 32.28199362327080735, 20.08409210526534849 ) ) ;
#2040 = ORIENTED_EDGE ( 'NONE', *, *, #2201, .T. ) ;
#2041 = DIRECTION ( 'NONE',  ( 0.000000000000000000, 0.000000000000000000, -1.000000000000000000 ) ) ;
#2042 = DIRECTION ( 'NONE',  ( 0.000000000000000000, 0.000000000000000000, -1.000000000000000000 ) ) ;
#2043 = CIRCLE ( 'NONE', #3571, 15.99999999999999822 ) ;
#2044 = ORIENTED_EDGE ( 'NONE', *, *, #2790, .F. ) ;
#2045 = CARTESIAN_POINT ( 'NONE',  ( -30.82401442710059314, 48.85005564426445090, 18.37979425579509751 ) ) ;
#2046 = CARTESIAN_POINT ( 'NONE',  ( -12.36890262591161971, 71.50273946754539622, 28.64072093230990035 ) ) ;
#2047 = CARTESIAN_POINT ( 'NONE',  ( -12.13384493375703954, 33.56653853575981117, 30.15073758343190491 ) ) ;
#2048 = CARTESIAN_POINT ( 'NONE',  ( -62.83426521940869947, 70.09337681133200704, 40.91395500262515128 ) ) ;
#2049 = CARTESIAN_POINT ( 'NONE',  ( 25.24350968344950985, 29.14762824769905336, 27.66500375324727301 ) ) ;
#2050 = CARTESIAN_POINT ( 'NONE',  ( -7.080083235536128505, 31.93795259964129230, 35.96474827663934803 ) ) ;
#2051 = DIRECTION ( 'NONE',  ( 1.000000000000000000, 0.000000000000000000, 0.000000000000000000 ) ) ;
#2052 = CARTESIAN_POINT ( 'NONE',  ( 5.946270353133013664, 86.55725981318164486, 1.784831528618654239 ) ) ;
#2053 = CARTESIAN_POINT ( 'NONE',  ( 59.65296372179169992, 36.56829689731759458, -59.65296372179109596 ) ) ;
#2054 = CARTESIAN_POINT ( 'NONE',  ( 12.44950399055485590, 59.29493067029468278, 22.89699510420341255 ) ) ;
#2055 = CIRCLE ( 'NONE', #511, 32.50000000000000000 ) ;
#2056 = CARTESIAN_POINT ( 'NONE',  ( -22.52863467622577787, 51.21541026015273701, 13.95600081090332090 ) ) ;
#2057 = CARTESIAN_POINT ( 'NONE',  ( -31.55145405113875157, 54.50000000000000000, 7.794597312169510239 ) ) ;
#2058 = ORIENTED_EDGE ( 'NONE', *, *, #1645, .T. ) ;
#2059 = CARTESIAN_POINT ( 'NONE',  ( -0.8757267221214433128, 87.00000000000001421, 1.072542223372964676 ) ) ;
#2060 = CARTESIAN_POINT ( 'NONE',  ( -25.14215650690112014, 73.30314377680693383, 8.551971387654862866 ) ) ;
#2061 = DIRECTION ( 'NONE',  ( 0.000000000000000000, 0.000000000000000000, -1.000000000000000000 ) ) ;
#2062 = CARTESIAN_POINT ( 'NONE',  ( -3.683994529918230398, 86.31411441878255175, 5.586842006040153130 ) ) ;
#2063 = VECTOR ( 'NONE', #898, 1000.000000000000000 ) ;
#2064 = CARTESIAN_POINT ( 'NONE',  ( -32.50000000000000000, 54.50000000000000000, 3.980102097228900204E-15 ) ) ;
#2065 = CARTESIAN_POINT ( 'NONE',  ( 13.45138679670333914, 54.50000000000000000, 22.83221831635014709 ) ) ;
#2066 = VERTEX_POINT ( 'NONE', #3962 ) ;
#2067 = CARTESIAN_POINT ( 'NONE',  ( 12.43721155186548089, 34.61827305196520399, 30.02608480661680090 ) ) ;
#2068 = CARTESIAN_POINT ( 'NONE',  ( 3.116059637689904793, 86.50222728983219156, 11.28423282729394295 ) ) ;
#2069 = ORIENTED_EDGE ( 'NONE', *, *, #1447, .T. ) ;
#2070 = CARTESIAN_POINT ( 'NONE',  ( -32.13661809584861118, 51.88329345170324558, 14.76516928677479612 ) ) ;
#2071 = DIRECTION ( 'NONE',  ( 0.000000000000000000, 0.000000000000000000, -1.000000000000000000 ) ) ;
#2072 = CARTESIAN_POINT ( 'NONE',  ( -10.41864910620650875, 30.02102288580103462, 30.78539949293632461 ) ) ;
#2073 = VECTOR ( 'NONE', #1630, 1000.000000000000000 ) ;
#2074 = CARTESIAN_POINT ( 'NONE',  ( 30.59057346842178049, 32.36122060275675238, 20.01412055406812840 ) ) ;
#2075 = CARTESIAN_POINT ( 'NONE',  ( 28.52569656888658045, 29.50509817572152471, 24.08788652480853187 ) ) ;
#2076 = CARTESIAN_POINT ( 'NONE',  ( 1.860768804007761901, 29.17122493241998171, 37.39796264189232033 ) ) ;
#2077 = CARTESIAN_POINT ( 'NONE',  ( -15.20607080333312844, 62.97811001687215793, 37.11002399480583591 ) ) ;
#2078 = APPROVAL ( #3166, 'UNSPECIFIED' ) ;
#2079 = CARTESIAN_POINT ( 'NONE',  ( 2.492671420891502176, 86.93500283458408262, 0.7357951691331677813 ) ) ;
#2080 = CARTESIAN_POINT ( 'NONE',  ( 3.895391796553953956, 51.59093945591501296, 26.21213502598102352 ) ) ;
#2081 = CALENDAR_DATE ( 2026, 4, 10 ) ;
#2082 = B_SPLINE_CURVE_WITH_KNOTS ( 'NONE', 3,
 ( #257, #663, #2219, #4084 ),
 .UNSPECIFIED., .F., .F.,
 ( 4, 4 ),
 ( 0.000000000000000000, 1.000000000000000000 ),
 .UNSPECIFIED. ) ;
#2083 = AXIS2_PLACEMENT_3D ( 'NONE', #4260, #60, #2839 ) ;
#2084 = CARTESIAN_POINT ( 'NONE',  ( -21.97890130424021393, 50.62949967378209948, 14.80479862665314528 ) ) ;
#2085 = CARTESIAN_POINT ( 'NONE',  ( -22.29097259324174729, 45.53066454644783789, 23.69177647510167972 ) ) ;
#2086 = CARTESIAN_POINT ( 'NONE',  ( -20.62949754879950603, 41.75831055445264184, 25.15171057024717172 ) ) ;
#2087 = AXIS2_PLACEMENT_3D ( 'NONE', #3123, #789, #49 ) ;
#2088 = CARTESIAN_POINT ( 'NONE',  ( 6.298831555650440173, 31.21583983965415143, 36.29599048326669930 ) ) ;
#2089 = CARTESIAN_POINT ( 'NONE',  ( 7.334722039417343353, 56.43293725632361202, 25.39130218668059769 ) ) ;
#2090 = DIRECTION ( 'NONE',  ( 0.000000000000000000, 0.000000000000000000, -1.000000000000000000 ) ) ;
#2091 = CARTESIAN_POINT ( 'NONE',  ( -5.640246359226490647, 85.25758485532587372, 10.84496566060468936 ) ) ;
#2092 =( BOUNDED_CURVE ( )  B_SPLINE_CURVE ( 3, ( #637, #3374, #586, #2142 ),
 .UNSPECIFIED., .F., .T. ) 
 B_SPLINE_CURVE_WITH_KNOTS ( ( 4, 4 ),
 ( 4.165034730279240094, 4.323098894685155180 ),
 .UNSPECIFIED. ) 
 CURVE ( )  GEOMETRIC_REPRESENTATION_ITEM ( )  RATIONAL_B_SPLINE_CURVE ( ( 1.000000000000000000, 0.9979190601405799610, 0.9979190601405799610, 1.000000000000000000 ) ) 
 REPRESENTATION_ITEM ( '' )  );
#2093 = CARTESIAN_POINT ( 'NONE',  ( 27.59522713393445059, 26.63834154947334909, 17.17067230480234841 ) ) ;
#2094 = ORIENTED_EDGE ( 'NONE', *, *, #979, .F. ) ;
#2095 = CARTESIAN_POINT ( 'NONE',  ( -14.83368194123517192, 64.61540360204010369, 36.50399926773765458 ) ) ;
#2096 = CARTESIAN_POINT ( 'NONE',  ( 8.398172077291636839, 82.43023441101379944, 30.41215170417746094 ) ) ;
#2097 = VERTEX_POINT ( 'NONE', #2048 ) ;
#2098 = ADVANCED_FACE ( 'NONE', ( #3591 ), #3736, .F. ) ;
#2099 = CARTESIAN_POINT ( 'NONE',  ( -29.94385814856645922, 47.84715876227856057, 20.17516670877238383 ) ) ;
#2100 = CARTESIAN_POINT ( 'NONE',  ( -12.33478067921892141, 34.26315789473684958, 30.06830865871189928 ) ) ;
#2101 = DIRECTION ( 'NONE',  ( 0.000000000000000000, 0.000000000000000000, -1.000000000000000000 ) ) ;
#2102 = EDGE_CURVE ( 'NONE', #1677, #2565, #667, .T. ) ;
#2103 = CARTESIAN_POINT ( 'NONE',  ( 30.80030241886686326, 33.08243442485415642, 19.40008604606741471 ) ) ;
#2104 = CARTESIAN_POINT ( 'NONE',  ( 23.92335935385438361, 29.57132527447874182, 28.63655343973546863 ) ) ;
#2105 = CARTESIAN_POINT ( 'NONE',  ( 3.088035354866395910, 29.48872632781751335, 37.21282823984605415 ) ) ;
#2106 = CARTESIAN_POINT ( 'NONE',  ( 10.49946277638942327, 85.24139308552808814, 18.51030534344659984 ) ) ;
#2107 = DIRECTION ( 'NONE',  ( 0.000000000000000000, 0.000000000000000000, 1.000000000000000000 ) ) ;
#2108 = CARTESIAN_POINT ( 'NONE',  ( 12.33478067921892141, 34.26315789473684958, 30.06830865871189928 ) ) ;
#2109 = PERSON_AND_ORGANIZATION ( #2724, #4541 ) ;
#2110 = CARTESIAN_POINT ( 'NONE',  ( -7.092705680116611511, 60.44061226443886170, 24.83278046170418563 ) ) ;
#2111 = CARTESIAN_POINT ( 'NONE',  ( -27.51859168286655333, 47.16910626898317105, 17.37936296029070959 ) ) ;
#2112 = EDGE_CURVE ( 'NONE', #638, #3657, #1786, .T. ) ;
#2113 = CARTESIAN_POINT ( 'NONE',  ( -8.154567493816633927, 84.12592684427598044, 10.58921971625949077 ) ) ;
#2114 = CARTESIAN_POINT ( 'NONE',  ( 9.635381030900019184, 28.92299043484040411, 31.03969007143885150 ) ) ;
#2115 = FACE_OUTER_BOUND ( 'NONE', #3334, .T. ) ;
#2116 = DIRECTION ( 'NONE',  ( 0.7071067811865485719, 0.000000000000000000, 0.7071067811865465735 ) ) ;
#2117 = CARTESIAN_POINT ( 'NONE',  ( 29.51057997896645091, 31.41754736565129846, 13.61927565968922060 ) ) ;
#2118 = ORIENTED_EDGE ( 'NONE', *, *, #1669, .F. ) ;
#2119 = CARTESIAN_POINT ( 'NONE',  ( -14.20165732473349607, 66.50053860369703784, 35.19949933653370522 ) ) ;
#2120 = AXIS2_PLACEMENT_3D ( 'NONE', #4058, #4806, #2071 ) ;
#2121 = CARTESIAN_POINT ( 'NONE',  ( 7.401080060246700398, 83.72722190320173752, 26.80160745469127903 ) ) ;
#2122 = EDGE_CURVE ( 'NONE', #3302, #4253, #1126, .T. ) ;
#2123 = ORIENTED_EDGE ( 'NONE', *, *, #819, .F. ) ;
#2124 = CARTESIAN_POINT ( 'NONE',  ( -32.36118830018169490, 52.85286167708230920, 13.95768697286291449 ) ) ;
#2125 = CARTESIAN_POINT ( 'NONE',  ( 38.76269675970520012, 52.94736842105259456, 60.23225260641150669 ) ) ;
#2126 = ORIENTED_EDGE ( 'NONE', *, *, #4414, .F. ) ;
#2127 = DIRECTION ( 'NONE',  ( 0.6709236202095759660, 0.3157894736842104533, -0.6709236202095779644 ) ) ;
#2128 = CARTESIAN_POINT ( 'NONE',  ( 31.05244472219219176, 34.31360347546017664, 18.55931603413947428 ) ) ;
#2129 = CARTESIAN_POINT ( 'NONE',  ( 26.33948682786757090, 29.00220822325080405, 26.69162997562564854 ) ) ;
#2130 = CARTESIAN_POINT ( 'NONE',  ( 7.064653017826857173, 31.92251964239395434, 35.97157331265425739 ) ) ;
#2131 = CARTESIAN_POINT ( 'NONE',  ( 14.88096604887712537, 82.96344098517587895, 26.23476065377481703 ) ) ;
#2132 = CARTESIAN_POINT ( 'NONE',  ( 17.58705734630049733, 80.15789473684209554, 31.00552975049194870 ) ) ;
#2133 = CARTESIAN_POINT ( 'NONE',  ( -7.130416312914688248, 60.32853653389265958, 24.84857778448352761 ) ) ;
#2134 = CARTESIAN_POINT ( 'NONE',  ( -23.35888217592674820, 41.42921581427660271, 22.66419481329455010 ) ) ;
#2135 = CARTESIAN_POINT ( 'NONE',  ( 0.000000000000000000, 54.50000000000000000, 0.000000000000000000 ) ) ;
#2136 = CARTESIAN_POINT ( 'NONE',  ( -2.710145009362189938, 24.30826823484310140, 32.39390951952640307 ) ) ;
#2137 = EDGE_CURVE ( 'NONE', #3574, #4654, #2309, .T. ) ;
#2138 = CARTESIAN_POINT ( 'NONE',  ( 9.488292830168399306, 35.84210526315790446, -47.50100000000000477 ) ) ;
#2139 = FACE_OUTER_BOUND ( 'NONE', #817, .T. ) ;
#2140 = CARTESIAN_POINT ( 'NONE',  ( 29.35198589664525315, 30.75966760118959797, 13.96025197899479942 ) ) ;
#2141 = DIRECTION ( 'NONE',  ( 0.9490958603537171800, 0.3149873773017536904, 0.000000000000000000 ) ) ;
#2142 = CARTESIAN_POINT ( 'NONE',  ( -9.488292830168399306, 35.84210526315790446, 34.69420229851370152 ) ) ;
#2143 = ORIENTED_EDGE ( 'NONE', *, *, #4474, .F. ) ;
#2144 = CC_DESIGN_APPROVAL ( #3853, ( #2223 ) ) ;
#2145 = CARTESIAN_POINT ( 'NONE',  ( -31.89663937069049737, 51.06899945727600709, 15.55191327228157405 ) ) ;
#2146 = AXIS2_PLACEMENT_3D ( 'NONE', #1905, #432, #1517 ) ;
#2147 = DIRECTION ( 'NONE',  ( 0.7071067811865460184, 0.000000000000000000, -0.7071067811865491270 ) ) ;
#2148 = ORIENTED_EDGE ( 'NONE', *, *, #1723, .T. ) ;
#2149 = DIRECTION ( 'NONE',  ( 0.7071067811865490160, 0.000000000000000000, 0.7071067811865460184 ) ) ;
#2150 = EDGE_LOOP ( 'NONE', ( #804, #2830, #3894, #217, #4948 ) ) ;
#2151 = VECTOR ( 'NONE', #3534, 1000.000000000000114 ) ;
#2152 = CARTESIAN_POINT ( 'NONE',  ( 29.30743719328892638, 30.11164575497823037, 22.82712657097791009 ) ) ;
#2153 = EDGE_CURVE ( 'NONE', #1562, #1590, #4193, .T. ) ;
#2154 = CARTESIAN_POINT ( 'NONE',  ( 29.29534986223235293, 30.09946318797028297, 22.84856513518892385 ) ) ;
#2155 = CARTESIAN_POINT ( 'NONE',  ( 7.891820172753409857, 32.85806933117429907, 35.58263025515782374 ) ) ;
#2156 = CARTESIAN_POINT ( 'NONE',  ( 10.67151046945302006, 85.17648883747060040, 18.81360485871851651 ) ) ;
#2157 = ORIENTED_EDGE ( 'NONE', *, *, #457, .F. ) ;
#2158 = CARTESIAN_POINT ( 'NONE',  ( 5.128311405214867946, 52.50616605278803206, 26.00123580617604802 ) ) ;
#2159 = ADVANCED_FACE ( 'NONE', ( #2341 ), #4246, .T. ) ;
#2160 = CARTESIAN_POINT ( 'NONE',  ( 23.12578780977293036, 56.20541228147456536, 12.82729589431251149 ) ) ;
#2161 = DIRECTION ( 'NONE',  ( 0.000000000000000000, 0.000000000000000000, -1.000000000000000000 ) ) ;
#2162 = CARTESIAN_POINT ( 'NONE',  ( -1.343183006207757657, 50.61924705198410379, 26.46637436516472164 ) ) ;
#2163 = CARTESIAN_POINT ( 'NONE',  ( 3.727952388122319771, 24.62465752802244978, 32.28711712406189349 ) ) ;
#2164 = DIRECTION ( 'NONE',  ( 0.7071067811865485719, 0.000000000000000000, 0.7071067811865465735 ) ) ;
#2165 = CARTESIAN_POINT ( 'NONE',  ( -14.55582027358694042, 51.35710182502879917, 31.66884215512325085 ) ) ;
#2166 = CARTESIAN_POINT ( 'NONE',  ( 24.16667924100342546, 29.13569681104257469, 21.75579637317625981 ) ) ;
#2167 = CARTESIAN_POINT ( 'NONE',  ( -15.79248061127510461, 54.63758520060267188, 35.09668490379282701 ) ) ;
#2168 = CARTESIAN_POINT ( 'NONE',  ( -15.90732350676972118, 59.78064707065257721, 37.73898023197372709 ) ) ;
#2169 = VERTEX_POINT ( 'NONE', #4457 ) ;
#2170 = CARTESIAN_POINT ( 'NONE',  ( -21.57086166372634040, 47.24602723897432099, 29.13116157767099068 ) ) ;
#2171 = CARTESIAN_POINT ( 'NONE',  ( 48.69280861340030242, 36.56829689731759458, -70.61311883018260005 ) ) ;
#2172 = EDGE_LOOP ( 'NONE', ( #3546, #4678, #680, #185, #2402, #4402, #3865 ) ) ;
#2173 = CARTESIAN_POINT ( 'NONE',  ( -31.05042289706207370, 59.01359572874432757, 9.078346681586639377 ) ) ;
#2174 = VERTEX_POINT ( 'NONE', #1765 ) ;
#2175 = ADVANCED_FACE ( 'NONE', ( #644 ), #4157, .F. ) ;
#2176 = CARTESIAN_POINT ( 'NONE',  ( -30.29559489841699715, 64.65396326142708006, 5.998586231198989260 ) ) ;
#2177 = CARTESIAN_POINT ( 'NONE',  ( -14.62617349989331217, 51.15367599737290050, 31.44303451697376417 ) ) ;
#2178 = VECTOR ( 'NONE', #1129, 1000.000000000000114 ) ;
#2179 = CARTESIAN_POINT ( 'NONE',  ( 7.350714148048390406, 32.21890262908704727, 35.84274979049118315 ) ) ;
#2180 = DIRECTION ( 'NONE',  ( 0.7071067811865461294, 0.000000000000000000, -0.7071067811865489050 ) ) ;
#2181 = ORIENTED_EDGE ( 'NONE', *, *, #3556, .T. ) ;
#2182 = EDGE_CURVE ( 'NONE', #4381, #3113, #1150, .T. ) ;
#2183 = CARTESIAN_POINT ( 'NONE',  ( 22.83221831635019683, 54.50000000000000000, 13.45138679670325921 ) ) ;
#2184 = CARTESIAN_POINT ( 'NONE',  ( -5.385484024951036730, 63.21994981818339454, 24.43789106766217145 ) ) ;
#2185 = DIRECTION ( 'NONE',  ( 1.000000000000000000, 0.000000000000000000, 0.000000000000000000 ) ) ;
#2186 = DIRECTION ( 'NONE',  ( 0.7071067811865461294, 0.000000000000000000, -0.7071067811865489050 ) ) ;
#2187 = CARTESIAN_POINT ( 'NONE',  ( 1.381215405636222027, 24.06405857728129760, 32.47768105724789933 ) ) ;
#2188 = DIRECTION ( 'NONE',  ( 0.7071067811865464625, 0.000000000000000000, -0.7071067811865485719 ) ) ;
#2189 = ORIENTED_EDGE ( 'NONE', *, *, #1603, .F. ) ;
#2190 = CARTESIAN_POINT ( 'NONE',  ( -14.99775787001355987, 52.07076977399279372, 32.48089934817719637 ) ) ;
#2191 = CARTESIAN_POINT ( 'NONE',  ( 21.75277328284444778, 24.12271406013100261, 24.14915980915129978 ) ) ;
#2192 = CARTESIAN_POINT ( 'NONE',  ( -15.63089695149309044, 53.98003964761239359, 34.50767005952155841 ) ) ;
#2193 = CARTESIAN_POINT ( 'NONE',  ( 1.497022530383006478, 86.88731168487895218, 5.421198019238632426 ) ) ;
#2194 = ORIENTED_EDGE ( 'NONE', *, *, #4047, .T. ) ;
#2195 = CARTESIAN_POINT ( 'NONE',  ( 53.03300858899120129, 77.00000000000000000, 45.96194077712550552 ) ) ;
#2196 = DIRECTION ( 'NONE',  ( 0.7071067811865489050, 0.000000000000000000, 0.7071067811865460184 ) ) ;
#2197 = ORIENTED_EDGE ( 'NONE', *, *, #1256, .F. ) ;
#2198 = CARTESIAN_POINT ( 'NONE',  ( -31.74255916579894787, 56.43766231002829414, 7.021030185779860489 ) ) ;
#2199 = CARTESIAN_POINT ( 'NONE',  ( 29.60906736466044009, 31.90926262303928240, 13.40061931203438839 ) ) ;
#2200 = DIRECTION ( 'NONE',  ( 0.7071067811865485719, 0.000000000000000000, 0.7071067811865465735 ) ) ;
#2201 = EDGE_CURVE ( 'NONE', #3705, #3841, #4436, .T. ) ;
#2202 = CARTESIAN_POINT ( 'NONE',  ( -14.52993314430333527, 50.39377592096830938, 30.88930587570421693 ) ) ;
#2203 = CARTESIAN_POINT ( 'NONE',  ( 5.709372228513589498, 30.78955158356367150, 36.50915286716612940 ) ) ;
#2204 = ORIENTED_EDGE ( 'NONE', *, *, #2837, .F. ) ;
#2205 = AXIS2_PLACEMENT_3D ( 'NONE', #3822, #1625, #4696 ) ;
#2206 = CARTESIAN_POINT ( 'NONE',  ( 22.10154633711394112, 52.67649356912223624, 14.62196884185331847 ) ) ;
#2207 = CARTESIAN_POINT ( 'NONE',  ( -5.697324612408533717, 62.87892011099077649, 24.48676575673374600 ) ) ;
#2208 = CARTESIAN_POINT ( 'NONE',  ( 0.000000000000000000, 54.50000000000000000, 0.000000000000000000 ) ) ;
#2209 = CARTESIAN_POINT ( 'NONE',  ( -7.245213669485921493, 32.03965874932436719, 31.82336750893218635 ) ) ;
#2210 = CARTESIAN_POINT ( 'NONE',  ( 12.43721155186544003, 34.61827305196524662, 30.02608480661680090 ) ) ;
#2211 = ORIENTED_EDGE ( 'NONE', *, *, #4844, .T. ) ;
#2212 = CARTESIAN_POINT ( 'NONE',  ( -15.26319152020580105, 53.18185030624449894, 33.82054792332094451 ) ) ;
#2213 = CARTESIAN_POINT ( 'NONE',  ( 17.91954052382454776, 25.99009695062094849, 27.12041957428679950 ) ) ;
#2214 = CARTESIAN_POINT ( 'NONE',  ( 15.18126852826944884, 52.94736842105259456, 70.00000000000000000 ) ) ;
#2215 = PRODUCT_DEFINITION_SHAPE ( 'NONE', 'NONE',  #4470 ) ;
#2216 = CARTESIAN_POINT ( 'NONE',  ( -16.00002233072671487, 57.84518046773175115, 37.19733807219752464 ) ) ;
#2217 = VERTEX_POINT ( 'NONE', #4532 ) ;
#2218 = CARTESIAN_POINT ( 'NONE',  ( -24.82609967429990405, 46.45277660058535218, 26.68482878768450917 ) ) ;
#2219 = CARTESIAN_POINT ( 'NONE',  ( -14.82402313504348079, 51.71004244876084499, 32.01694900513847131 ) ) ;
#2220 = VERTEX_POINT ( 'NONE', #692 ) ;
#2221 = CARTESIAN_POINT ( 'NONE',  ( -24.23450896286040290, 73.02338567342339104, 11.68291254277085578 ) ) ;
#2222 = CARTESIAN_POINT ( 'NONE',  ( -32.47214950668314515, 53.43368463574384464, 13.53347343073217957 ) ) ;
#2223 = PRODUCT_DEFINITION_FORMATION_WITH_SPECIFIED_SOURCE ( 'ANY', '', #2983, .NOT_KNOWN. ) ;
#2224 = DIRECTION ( 'NONE',  ( 0.3131725972587921514, 0.9409665479056704696, -0.1284713199460030542 ) ) ;
#2225 = CARTESIAN_POINT ( 'NONE',  ( 0.000000000000000000, 54.50000000000000000, 0.000000000000000000 ) ) ;
#2226 = CARTESIAN_POINT ( 'NONE',  ( -1.817604551686893277, 24.14707219936140703, 32.44925815703664540 ) ) ;
#2227 = CIRCLE ( 'NONE', #3908, 26.25309637456270195 ) ;
#2228 = VERTEX_POINT ( 'NONE', #260 ) ;
#2229 = CARTESIAN_POINT ( 'NONE',  ( 9.567113509167764818, 36.07893192957377693, 34.66178955569306197 ) ) ;
#2230 = CIRCLE ( 'NONE', #438, 26.50000000000000000 ) ;
#2231 = CARTESIAN_POINT ( 'NONE',  ( 2.826592813252181369, 64.94703899925907820, 24.18926937994110915 ) ) ;
#2232 = CARTESIAN_POINT ( 'NONE',  ( 10.87973074378055216, 85.06671617678337327, 2.399563637122834603 ) ) ;
#2233 = DIRECTION ( 'NONE',  ( 0.7071067811865436870, 0.000000000000000000, 0.7071067811865513475 ) ) ;
#2234 = CARTESIAN_POINT ( 'NONE',  ( -5.402405426104364139, 30.53914585524022129, 32.15121648606906746 ) ) ;
#2235 = CARTESIAN_POINT ( 'NONE',  ( 4.051554379249845184, 86.15729003906169226, 14.67197629659193936 ) ) ;
#2236 = ORIENTED_EDGE ( 'NONE', *, *, #2027, .F. ) ;
#2237 = CARTESIAN_POINT ( 'NONE',  ( -14.57581102178012777, 50.77588099791739040, 22.13122556216069370 ) ) ;
#2238 = CARTESIAN_POINT ( 'NONE',  ( 18.39155398457090484, 30.98216316036868889, 26.93503383907551552 ) ) ;
#2239 = CARTESIAN_POINT ( 'NONE',  ( -16.00782995313393187, 60.29965037530698879, 37.70569511441919275 ) ) ;
#2240 = CARTESIAN_POINT ( 'NONE',  ( -15.58742122083912029, 54.32436796544251933, 34.94309407644599474 ) ) ;
#2241 = CARTESIAN_POINT ( 'NONE',  ( -27.72641357817506957, 46.65112087743578684, 23.57831577862845762 ) ) ;
#2242 = CARTESIAN_POINT ( 'NONE',  ( 0.000000000000000000, 0.000000000000000000, 0.000000000000000000 ) ) ;
#2243 = VERTEX_POINT ( 'NONE', #1379 ) ;
#2244 = CARTESIAN_POINT ( 'NONE',  ( -32.32834010800029745, 63.15084324023749218, 10.47050322799126043 ) ) ;
#2245 = CARTESIAN_POINT ( 'NONE',  ( 20.75636610999079679, 24.39631100862726143, 25.01276337122048687 ) ) ;
#2246 = CARTESIAN_POINT ( 'NONE',  ( 31.81980515339470017, 77.00000000000000000, 31.81980515339460069 ) ) ;
#2247 = CIRCLE ( 'NONE', #1844, 7.500000000000000000 ) ;
#2248 = CARTESIAN_POINT ( 'NONE',  ( -14.63863343796841932, 47.30898248314694854, 29.42121144679393652 ) ) ;
#2249 = CARTESIAN_POINT ( 'NONE',  ( 8.867187857608197277, 34.37690256017752688, 35.06193512724438932 ) ) ;
#2250 = ADVANCED_FACE ( 'NONE', ( #1819 ), #2622, .F. ) ;
#2251 = B_SPLINE_CURVE_WITH_KNOTS ( 'NONE', 3,
 ( #877, #4361, #3590, #3987, #3237, #3960, #4732, #1606, #2375, #489, #4256, #4658, #517, #3618, #2751, #2781, #4756, #110, #56, #1664, #2350, #3211, #1284, #909, #3936, #1578, #2833, #3881, #413, #1963, #3503, #3129, #3907 ),
 .UNSPECIFIED., .F., .F.,
 ( 4, 2, 2, 1, 2, 2, 2, 2, 1, 1, 2, 2, 2, 2, 1, 1, 2, 2, 4 ),
 ( 0.000000000000000000, 0.1249999999999981681, 0.1874999999999977518, 0.2187499999999975298, 0.2343749999999974465, 0.2499999999999973910, 0.3749999999999973910, 0.4374999999999975575, 0.4687499999999974465, 0.4843749999999973910, 0.4921874999999973355, 0.4999999999999973355, 0.6249999999999975575, 0.6874999999999978906, 0.7187499999999978906, 0.7343749999999978906, 0.7421874999999977796, 0.7499999999999976685, 1.000000000000000000 ),
 .UNSPECIFIED. ) ;
#2252 = CARTESIAN_POINT ( 'NONE',  ( 22.23249944656951271, 52.92633922399605240, 14.42106935079092445 ) ) ;
#2253 = CARTESIAN_POINT ( 'NONE',  ( 7.346142717807952138, 59.51152360427334997, 24.96336054755122191 ) ) ;
#2254 = CARTESIAN_POINT ( 'NONE',  ( 13.58498864194375599, 83.90049138590087807, 3.206726673289088225 ) ) ;
#2255 = LINE ( 'NONE', #1085, #2178 ) ;
#2256 = EDGE_CURVE ( 'NONE', #3739, #3305, #670, .T. ) ;
#2257 = CARTESIAN_POINT ( 'NONE',  ( -7.414530004439829902, 32.27004333480095255, 35.81738198838640130 ) ) ;
#2258 = CARTESIAN_POINT ( 'NONE',  ( 9.388283386485827720, 35.54161428213609497, 31.28099850888376210 ) ) ;
#2259 = EDGE_LOOP ( 'NONE', ( #4521, #2469, #1254, #4835 ) ) ;
#2260 = ADVANCED_FACE ( 'NONE', ( #3976 ), #2742, .F. ) ;
#2261 = CARTESIAN_POINT ( 'NONE',  ( -14.60612532294111965, 50.75607327137514346, 22.11130605707600694 ) ) ;
#2262 = CARTESIAN_POINT ( 'NONE',  ( 26.34178524098344809, 28.99961205601685066, 26.69155252903355091 ) ) ;
#2263 = CARTESIAN_POINT ( 'NONE',  ( 16.00000000000000000, 58.17593408615569928, 38.62741699796941930 ) ) ;
#2264 = CARTESIAN_POINT ( 'NONE',  ( 30.88765725297644948, 62.57212666490649866, 6.132526258264650032 ) ) ;
#2265 = CARTESIAN_POINT ( 'NONE',  ( -21.33368677049159601, 47.33785092729686284, 29.27775576380162903 ) ) ;
#2266 = CARTESIAN_POINT ( 'NONE',  ( 3.245314017740484976E-15, 0.000000000000000000, 26.50000000000000000 ) ) ;
#2267 = B_SPLINE_CURVE_WITH_KNOTS ( 'NONE', 3,
 ( #3462, #4983, #2383, #1236, #3084, #2789, #4318, #2484, #4391, #3267, #3244 ),
 .UNSPECIFIED., .F., .F.,
 ( 4, 2, 1, 2, 2, 4 ),
 ( 0.000000000000000000, 0.2499999999999935607, 0.3749999999999900635, 0.4374999999999906186, 0.4999999999999912292, 1.000000000000000000 ),
 .UNSPECIFIED. ) ;
#2268 = ORIENTED_EDGE ( 'NONE', *, *, #4558, .F. ) ;
#2269 = CARTESIAN_POINT ( 'NONE',  ( -8.449528811545302887, 33.65003608348161634, 35.29355144971542302 ) ) ;
#2270 = CARTESIAN_POINT ( 'NONE',  ( 19.83314835963667377, 24.79708568992390383, 25.74680462997637065 ) ) ;
#2271 = CARTESIAN_POINT ( 'NONE',  ( 13.07024728066738639, 84.09064534155608328, 23.04251020624295876 ) ) ;
#2272 = AXIS2_PLACEMENT_3D ( 'NONE', #2246, #2935, #4993 ) ;
#2273 = CARTESIAN_POINT ( 'NONE',  ( -14.72987133694024031, 51.57785971232399902, 31.84268133332025030 ) ) ;
#2274 = CARTESIAN_POINT ( 'NONE',  ( 0.000000000000000000, 58.00000000000000000, 70.00000000000000000 ) ) ;
#2275 = CARTESIAN_POINT ( 'NONE',  ( 21.68794116523266879, 52.04830314431882954, 15.22843608171404384 ) ) ;
#2276 = CARTESIAN_POINT ( 'NONE',  ( 7.357871517944665207, 59.45317836587458515, 24.97153882836553151 ) ) ;
#2277 = CARTESIAN_POINT ( 'NONE',  ( 14.23243924525259985, 81.73684210526320726, 34.36014785153984974 ) ) ;
#2278 = CARTESIAN_POINT ( 'NONE',  ( -4.378596912602041868, 51.91061802053391716, 26.13578541810283440 ) ) ;
#2279 = CARTESIAN_POINT ( 'NONE',  ( -3.338343158732569815, 29.57006580222335046, 37.16605622998640257 ) ) ;
#2280 = CARTESIAN_POINT ( 'NONE',  ( 2.082348419564715059, 86.83605815607330669, 7.540850694136859822 ) ) ;
#2281 = ORIENTED_EDGE ( 'NONE', *, *, #2834, .T. ) ;
#2282 = CARTESIAN_POINT ( 'NONE',  ( -16.06064973006445484, 49.97695389720297499, 21.07964805133794428 ) ) ;
#2283 = CARTESIAN_POINT ( 'NONE',  ( -17.80523589878340118, 49.21530581342319977, 31.07932636624234846 ) ) ;
#2284 = CARTESIAN_POINT ( 'NONE',  ( 16.08800952021541164, 57.17250039867595746, 38.83989077529180634 ) ) ;
#2285 = FACE_OUTER_BOUND ( 'NONE', #242, .T. ) ;
#2286 = CARTESIAN_POINT ( 'NONE',  ( 0.000000000000000000, 77.00000000000000000, 70.00000000000000000 ) ) ;
#2287 = DIRECTION ( 'NONE',  ( 0.000000000000000000, 0.000000000000000000, 1.000000000000000000 ) ) ;
#2288 = ORIENTED_EDGE ( 'NONE', *, *, #4992, .T. ) ;
#2289 = CARTESIAN_POINT ( 'NONE',  ( -23.57155975205684939, 75.26097023340649628, 15.58697490136714947 ) ) ;
#2290 = CARTESIAN_POINT ( 'NONE',  ( 19.86897615348850721, 24.77958693557379632, 25.71916934984694691 ) ) ;
#2291 = DESIGN_CONTEXT ( 'detailed design', #4932, 'design' ) ;
#2292 = CARTESIAN_POINT ( 'NONE',  ( 21.89194891609090021, 78.10526315789479668, 4.447934790641864922 ) ) ;
#2293 = AXIS2_PLACEMENT_3D ( 'NONE', #1705, #4027, #632 ) ;
#2294 = CARTESIAN_POINT ( 'NONE',  ( -14.79346293589343198, 46.34732593633058428, 29.12052523158876483 ) ) ;
#2295 = CARTESIAN_POINT ( 'NONE',  ( 9.134636349409596789, 34.89336049417764229, 34.90949710921658777 ) ) ;
#2296 = ADVANCED_FACE ( 'NONE', ( #4350 ), #3147, .T. ) ;
#2297 = CARTESIAN_POINT ( 'NONE',  ( 22.88446619998699560, 59.35211979038938068, 12.45065395751993265 ) ) ;
#2298 = CARTESIAN_POINT ( 'NONE',  ( 15.90854491709233010, 51.49710979789491461, 21.19363515113215257 ) ) ;
#2299 = CARTESIAN_POINT ( 'NONE',  ( 19.54844307432899697, 32.89607614084619058, 30.75186720337997670 ) ) ;
#2300 = VECTOR ( 'NONE', #3743, 1000.000000000000114 ) ;
#2301 = CARTESIAN_POINT ( 'NONE',  ( 6.841129134078592244, 61.07520102171195475, 24.74316872112520826 ) ) ;
#2302 = CARTESIAN_POINT ( 'NONE',  ( 6.513166225922629060, 86.47119821965209496, 1.961076692810774791 ) ) ;
#2303 = CARTESIAN_POINT ( 'NONE',  ( -4.856511840483719311, 52.28171245415492052, 26.05126949882114573 ) ) ;
#2304 = CARTESIAN_POINT ( 'NONE',  ( -15.14011384723412945, 52.82371399380416932, 33.41163408204029395 ) ) ;
#2305 = CARTESIAN_POINT ( 'NONE',  ( -3.429354553082350154, 29.57769700437029314, 32.37400946125976731 ) ) ;
#2306 = CARTESIAN_POINT ( 'NONE',  ( 3.859743973473320100, 86.83605815607279510, 6.804629350009880007 ) ) ;
#2307 = ORIENTED_EDGE ( 'NONE', *, *, #4984, .F. ) ;
#2308 = CARTESIAN_POINT ( 'NONE',  ( -14.54413599122785250, 50.79668990790440120, 22.15200473121404912 ) ) ;
#2309 = B_SPLINE_CURVE_WITH_KNOTS ( 'NONE', 3,
 ( #3331, #2577, #213, #1007 ),
 .UNSPECIFIED., .F., .F.,
 ( 4, 4 ),
 ( 0.000000000000000000, 1.000000000000000000 ),
 .UNSPECIFIED. ) ;
#2310 = CARTESIAN_POINT ( 'NONE',  ( 17.70847599200158839, 31.65829855502943246, 27.40915562175738174 ) ) ;
#2311 = CARTESIAN_POINT ( 'NONE',  ( 23.66988108024884951, 53.76573208266819393, 45.49896666479660468 ) ) ;
#2312 = DIRECTION ( 'NONE',  ( 0.000000000000000000, -0.6263567254349897695, 0.7795365626462668063 ) ) ;
#2313 = EDGE_CURVE ( 'NONE', #4426, #4036, #3171, .T. ) ;
#2314 = B_SPLINE_CURVE_WITH_KNOTS ( 'NONE', 3,
 ( #564, #1658, #2854, #2095, #155, #462, #2014, #1734, #1304, #2497, #3255, #2119, #1347, #3636, #2878, #4727, #3956, #4379, #4424, #4330, #3278, #3982, #4776, #4404, #3585, #4802, #3205, #873, #483, #1326, #954, #4031, #132 ),
 .UNSPECIFIED., .F., .F.,
 ( 4, 2, 1, 1, 1, 2, 2, 2, 1, 1, 1, 2, 2, 2, 2, 1, 1, 1, 2, 2, 4 ),
 ( 0.000000000000000000, 0.1249999999999557576, 0.1874999999999339695, 0.2187499999999239220, 0.2343749999999188982, 0.2421874999999176770, 0.2499999999999164557, 0.3749999999998996358, 0.4374999999998900879, 0.4687499999998842592, 0.4843749999998813727, 0.4921874999998804290, 0.4999999999998795408, 0.6249999999998820943, 0.6874999999998828715, 0.7187499999998833156, 0.7343749999998827604, 0.7421874999998832045, 0.7460937499998840927, 0.7499999999998850919, 1.000000000000000000 ),
 .UNSPECIFIED. ) ;
#2315 = LINE ( 'NONE', #4301, #2933 ) ;
#2316 = FACE_BOUND ( 'NONE', #1096, .T. ) ;
#2317 = CARTESIAN_POINT ( 'NONE',  ( -7.583190057578089061, 32.48116355104874486, 35.73323341558446486 ) ) ;
#2318 = CARTESIAN_POINT ( 'NONE',  ( 14.35062871369090054, 34.61827305196524662, 34.64548246917324548 ) ) ;
#2319 = CARTESIAN_POINT ( 'NONE',  ( -12.23607893504135191, 72.07560246590955444, 27.12780832286779642 ) ) ;
#2320 = CARTESIAN_POINT ( 'NONE',  ( 11.95585544397369482, 84.68456867958130374, 1.483032417184743768 ) ) ;
#2321 = CARTESIAN_POINT ( 'NONE',  ( -14.85702817826578048, 64.02685258520739353, 36.92985219754449844 ) ) ;
#2322 = CARTESIAN_POINT ( 'NONE',  ( 8.743115839901227204, 34.14597358863840526, 35.13206411834983101 ) ) ;
#2323 = AXIS2_PLACEMENT_3D ( 'NONE', #2456, #4316, #4634 ) ;
#2324 = ADVANCED_FACE ( 'NONE', ( #2366 ), #358, .F. ) ;
#2325 = CARTESIAN_POINT ( 'NONE',  ( 22.85850547692939472, 59.46087241930157319, 12.45505831369553995 ) ) ;
#2326 = CARTESIAN_POINT ( 'NONE',  ( 15.68664377251606545, 51.66057725593137917, 21.35878884157565238 ) ) ;
#2327 = CARTESIAN_POINT ( 'NONE',  ( 19.67386675849548894, 32.74614275561457077, 30.70956612132334840 ) ) ;
#2328 = CARTESIAN_POINT ( 'NONE',  ( -12.33478067921892141, 34.26315789473684958, 30.06830865871189928 ) ) ;
#2329 = CARTESIAN_POINT ( 'NONE',  ( -1.183252741329872076E-14, 87.00000000000000000, -3.201742711833584646E-15 ) ) ;
#2330 = ADVANCED_FACE ( 'NONE', ( #725 ), #3191, .F. ) ;
#2331 = CARTESIAN_POINT ( 'NONE',  ( -4.424327746713842657, 51.94397383129071954, 26.12805143965812249 ) ) ;
#2332 = CARTESIAN_POINT ( 'NONE',  ( 14.49209627643534759, 52.83761055113393468, 22.18623983208673067 ) ) ;
#2333 = CARTESIAN_POINT ( 'NONE',  ( 13.50677707829244234, 63.27844958474995707, 21.04176432814184494 ) ) ;
#2334 = CARTESIAN_POINT ( 'NONE',  ( -9.130225543954420431, 81.23375303726770369, 19.80091902816094773 ) ) ;
#2335 = ORIENTED_EDGE ( 'NONE', *, *, #1230, .T. ) ;
#2336 = CIRCLE ( 'NONE', #4073, 5.000000000000000000 ) ;
#2337 = CARTESIAN_POINT ( 'NONE',  ( -12.61976991426518246, 52.44267579584398931, 23.30220623728787288 ) ) ;
#2338 = CARTESIAN_POINT ( 'NONE',  ( -31.10387136343609882, 49.25827173346770138, 17.74283796366314903 ) ) ;
#2339 = CARTESIAN_POINT ( 'NONE',  ( 24.52893741071499889, 57.57161522352020455, 47.15027091978980422 ) ) ;
#2340 = CARTESIAN_POINT ( 'NONE',  ( -11.87134767775874877, 79.34535049975417564, 17.29405806411844182 ) ) ;
#2341 = FACE_OUTER_BOUND ( 'NONE', #67, .T. ) ;
#2342 = CARTESIAN_POINT ( 'NONE',  ( 30.47202875926874199, 46.92919165793475145, 11.83510067424336576 ) ) ;
#2343 = CARTESIAN_POINT ( 'NONE',  ( -12.61090901508055495, 76.42780215842734037, 20.42426760000416053 ) ) ;
#2344 = LINE ( 'NONE', #352, #480 ) ;
#2345 = CARTESIAN_POINT ( 'NONE',  ( -9.029054061458085201, 34.70107490759288993, 34.96893470822971750 ) ) ;
#2346 = FACE_OUTER_BOUND ( 'NONE', #4323, .T. ) ;
#2347 = ORIENTED_EDGE ( 'NONE', *, *, #1717, .T. ) ;
#2348 = CARTESIAN_POINT ( 'NONE',  ( 11.79842120774611303, 84.74787365170075759, 1.455737849330269063 ) ) ;
#2349 = FACE_OUTER_BOUND ( 'NONE', #4294, .T. ) ;
#2350 = CARTESIAN_POINT ( 'NONE',  ( 7.324577109044962064, 26.58152610802201110, 31.66901111271042168 ) ) ;
#2351 = EDGE_CURVE ( 'NONE', #1854, #3113, #3721, .T. ) ;
#2352 = CARTESIAN_POINT ( 'NONE',  ( 20.26993145428283327, 64.11038790070919902, 14.10980257849511510 ) ) ;
#2353 = CARTESIAN_POINT ( 'NONE',  ( 31.75770178865766624, 52.39988690964713669, 6.915324850426904035 ) ) ;
#2354 = CARTESIAN_POINT ( 'NONE',  ( 5.545750362450313276, 86.54191812967637532, 9.777015333816459375 ) ) ;
#2355 = DIRECTION ( 'NONE',  ( 0.6709236202095759660, 0.3157894736842104533, -0.6709236202095779644 ) ) ;
#2356 = CARTESIAN_POINT ( 'NONE',  ( -5.137420205785672600, 52.53482503996156083, 25.99719400166352656 ) ) ;
#2357 = CARTESIAN_POINT ( 'NONE',  ( -15.15528116161070038, 52.86928610188402189, 33.46658637374202527 ) ) ;
#2358 = CARTESIAN_POINT ( 'NONE',  ( 12.45462892706019353, 59.45034361577629767, 22.86102197049354956 ) ) ;
#2359 = CARTESIAN_POINT ( 'NONE',  ( 16.88918645671704866, 81.12832579678409672, 29.77520132186845458 ) ) ;
#2360 = VERTEX_POINT ( 'NONE', #1265 ) ;
#2361 = CARTESIAN_POINT ( 'NONE',  ( -15.18126472331394972, 52.94735906720839580, 33.56043935950644652 ) ) ;
#2362 = CARTESIAN_POINT ( 'NONE',  ( 16.91253226445592972, 32.67300438718181255, 27.92088965137321921 ) ) ;
#2363 = EDGE_LOOP ( 'NONE', ( #3447, #3196, #2931, #4093, #2427, #4814 ) ) ;
#2364 = CARTESIAN_POINT ( 'NONE',  ( 15.85826656086090303, 55.86428933003530517, 50.24938039663259559 ) ) ;
#2365 = CARTESIAN_POINT ( 'NONE',  ( 31.31946872043049979, 55.03956834532365860, 9.078757943139718734 ) ) ;
#2366 = FACE_OUTER_BOUND ( 'NONE', #161, .T. ) ;
#2367 = CARTESIAN_POINT ( 'NONE',  ( 13.45138679670333914, 54.50000000000000000, 22.83221831635014709 ) ) ;
#2368 = CARTESIAN_POINT ( 'NONE',  ( -6.532465775722489987, 84.58973609869809707, 12.78665714820609978 ) ) ;
#2369 = DIRECTION ( 'NONE',  ( 0.000000000000000000, 0.000000000000000000, 1.000000000000000000 ) ) ;
#2370 = CARTESIAN_POINT ( 'NONE',  ( 12.47133116937918729, 34.49998456115276468, 30.01195199829964722 ) ) ;
#2371 = CARTESIAN_POINT ( 'NONE',  ( -15.44338528261613774, 75.13662681340392169, 23.75252704914545987 ) ) ;
#2372 = ORIENTED_EDGE ( 'NONE', *, *, #522, .T. ) ;
#2373 = CARTESIAN_POINT ( 'NONE',  ( 12.50542666448975915, 34.38161267009829913, 29.99776104682345235 ) ) ;
#2374 = CARTESIAN_POINT ( 'NONE',  ( -14.72928500590186474, 46.70846247061493273, 29.22601705723652188 ) ) ;
#2375 = CARTESIAN_POINT ( 'NONE',  ( 10.70515549114600695, 30.48913690328910420, 30.68634810906164034 ) ) ;
#2376 = CARTESIAN_POINT ( 'NONE',  ( 22.85951948167643266, 59.45663538644466684, 12.45488416701666701 ) ) ;
#2377 = CARTESIAN_POINT ( 'NONE',  ( 19.88381051924697118, 32.50490818938312287, 30.63684953100845476 ) ) ;
#2378 = CARTESIAN_POINT ( 'NONE',  ( 1.472546463815239015, 29.10878817449466283, 37.43502027145490274 ) ) ;
#2379 = CARTESIAN_POINT ( 'NONE',  ( 2.758031722975758271, 86.88867766021496664, 4.862338998818008129 ) ) ;
#2380 = DIRECTION ( 'NONE',  ( -0.2511310285135390230, 0.7545548334713112482, -0.6062839349700881453 ) ) ;
#2381 = AXIS2_PLACEMENT_3D ( 'NONE', #308, #4530, #2526 ) ;
#2382 = CARTESIAN_POINT ( 'NONE',  ( 17.10855027911371096, 83.08378624806522339, 5.884686457708800056 ) ) ;
#2383 = CARTESIAN_POINT ( 'NONE',  ( 33.04071970109648504, 58.85304599477645837, 10.43743522652986044 ) ) ;
#2384 = CARTESIAN_POINT ( 'NONE',  ( 12.60970807723542286, 60.83222195397397059, 22.43096700510002961 ) ) ;
#2385 = APPROVAL_DATE_TIME ( #3917, #3853 ) ;
#2386 = ORIENTED_EDGE ( 'NONE', *, *, #2112, .T. ) ;
#2387 = CARTESIAN_POINT ( 'NONE',  ( -23.25228451102091398, 52.34447025279052212, 12.71146765125002354 ) ) ;
#2388 = AXIS2_PLACEMENT_3D ( 'NONE', #3720, #1040, #2233 ) ;
#2389 = CARTESIAN_POINT ( 'NONE',  ( -22.62968476050340172, 46.83198928202639877, 28.48759496718154693 ) ) ;
#2390 = ORIENTED_EDGE ( 'NONE', *, *, #4100, .F. ) ;
#2391 = CARTESIAN_POINT ( 'NONE',  ( 24.96881506481327406, 59.74369459472359267, 47.99581715014790717 ) ) ;
#2392 = CARTESIAN_POINT ( 'NONE',  ( -7.685055441136849019, 84.48593180084911580, 9.902977257075622930 ) ) ;
#2393 = CARTESIAN_POINT ( 'NONE',  ( -21.01555504043342992, 76.32253240551631279, 11.77032899784223297 ) ) ;
#2394 = DIRECTION ( 'NONE',  ( 0.7071067811865489050, 0.000000000000000000, 0.7071067811865460184 ) ) ;
#2395 = CARTESIAN_POINT ( 'NONE',  ( -7.968543396684870217, 84.29309032761520371, 10.30426118238731981 ) ) ;
#2396 = CARTESIAN_POINT ( 'NONE',  ( -51.87411011101720248, 70.09337681133200704, 51.87411011101670510 ) ) ;
#2397 = CARTESIAN_POINT ( 'NONE',  ( -3.477605036768879110, 86.39260393274925320, 6.483672428444132940 ) ) ;
#2398 = DIRECTION ( 'NONE',  ( 0.000000000000000000, 0.000000000000000000, -1.000000000000000000 ) ) ;
#2399 = ORIENTED_EDGE ( 'NONE', *, *, #2486, .T. ) ;
#2400 = AXIS2_PLACEMENT_3D ( 'NONE', #2286, #1222, #1513 ) ;
#2401 = CARTESIAN_POINT ( 'NONE',  ( 12.47133115285334171, 34.49998461844589315, 30.01195200514489869 ) ) ;
#2402 = ORIENTED_EDGE ( 'NONE', *, *, #4655, .F. ) ;
#2403 = LINE ( 'NONE', #4227, #985 ) ;
#2404 = ADVANCED_FACE ( 'NONE', ( #1997, #861 ), #1557, .T. ) ;
#2405 = CARTESIAN_POINT ( 'NONE',  ( 20.90365074249214672, 63.44652246629159720, 13.61083269286112696 ) ) ;
#2406 = CARTESIAN_POINT ( 'NONE',  ( -15.18126852826944884, 63.05263157894739834, 37.31786063423940192 ) ) ;
#2407 = CARTESIAN_POINT ( 'NONE',  ( -5.664085014204824020, 30.75396709517689686, 36.52654644746520063 ) ) ;
#2408 = CARTESIAN_POINT ( 'NONE',  ( 5.035930170986461007, 86.62402202284158648, 8.878304818518124364 ) ) ;
#2409 = CARTESIAN_POINT ( 'NONE',  ( 11.75731172225683174, 85.22637319502639741, 3.716550897468012149 ) ) ;
#2410 = CARTESIAN_POINT ( 'NONE',  ( -14.77197241599840005, 51.71758665468490079, 32.02141636110219736 ) ) ;
#2411 = CARTESIAN_POINT ( 'NONE',  ( 12.44916359487570645, 58.70004458878284481, 23.01510630007163272 ) ) ;
#2412 = CARTESIAN_POINT ( 'NONE',  ( 23.10428397781705456, 58.00000000000000000, 12.49768226001874005 ) ) ;
#2413 = CARTESIAN_POINT ( 'NONE',  ( -18.04686323930415170, 42.66425024990805071, 27.07430568916005242 ) ) ;
#2414 = EDGE_LOOP ( 'NONE', ( #4504, #3780, #4450, #373 ) ) ;
#2415 = EDGE_CURVE ( 'NONE', #4278, #2439, #471, .T. ) ;
#2416 =( BOUNDED_SURFACE ( )  B_SPLINE_SURFACE ( 3, 2, ( 
 ( #2563, #1390, #1367 ),
 ( #1322, #2920, #4399 ),
 ( #949, #2493, #4444 ),
 ( #996, #2538, #1406 ) ),
 .UNSPECIFIED., .F., .F., .T. ) 
 B_SPLINE_SURFACE_WITH_KNOTS ( ( 4, 4 ),
 ( 3, 3 ),
 ( 8.673617379884039324E-19, 0.003266480839679640046 ),
 ( 0.000000000000000000, 1.000000000000000000 ),
 .UNSPECIFIED. ) 
 GEOMETRIC_REPRESENTATION_ITEM ( )  RATIONAL_B_SPLINE_SURFACE ( (
 ( 1.000000000000000000, 0.8787617550976050129, 1.000000000000000000),
 ( 1.000000000000000000, 0.8760518314772649529, 1.000000000000000000),
 ( 1.000000000000000000, 0.8721619516000020944, 1.000000000000000000),
 ( 1.000000000000000000, 0.8672240554360040043, 1.000000000000000000) ) ) 
 REPRESENTATION_ITEM ( '' )  SURFACE ( )  );
#2417 = CARTESIAN_POINT ( 'NONE',  ( -3.908454257156330325, 86.39855720872139955, 4.843203059619120232 ) ) ;
#2418 = CARTESIAN_POINT ( 'NONE',  ( 12.33478067921892141, 34.26315789473684958, 30.06830865871189928 ) ) ;
#2419 = CARTESIAN_POINT ( 'NONE',  ( 7.304401672025742975, 56.29786573747674083, 25.40993304010583387 ) ) ;
#2420 = CARTESIAN_POINT ( 'NONE',  ( -4.184457390654480413, 86.31255768553410235, 5.193235348826210185 ) ) ;
#2421 = AXIS2_PLACEMENT_3D ( 'NONE', #3914, #2107, #3647 ) ;
#2422 = CARTESIAN_POINT ( 'NONE',  ( -0.6631754880626172799, 87.00000000000000000, 1.218331706875198206 ) ) ;
#2423 = CARTESIAN_POINT ( 'NONE',  ( 28.20031064583674407, 33.35809029090309252, 16.45718386071823147 ) ) ;
#2424 = ORIENTED_EDGE ( 'NONE', *, *, #4621, .T. ) ;
#2425 = DIRECTION ( 'NONE',  ( 0.000000000000000000, -1.000000000000000000, 0.000000000000000000 ) ) ;
#2426 = CARTESIAN_POINT ( 'NONE',  ( 3.000515050847052834, 86.53923019145068452, 10.86582619235542602 ) ) ;
#2427 = ORIENTED_EDGE ( 'NONE', *, *, #552, .T. ) ;
#2428 = DIRECTION ( 'NONE',  ( 0.7071067811865490160, 0.000000000000000000, 0.7071067811865460184 ) ) ;
#2429 = CARTESIAN_POINT ( 'NONE',  ( -9.807863884987762404, 29.14745457905008763, 30.98552842499576343 ) ) ;
#2430 = CARTESIAN_POINT ( 'NONE',  ( 29.52400761576267740, 30.34376117570467102, 22.43365313494241775 ) ) ;
#2431 = CARTESIAN_POINT ( 'NONE',  ( 27.55565462098540053, 29.11919430005963960, 25.37671739747750976 ) ) ;
#2432 = CARTESIAN_POINT ( 'NONE',  ( -6.096649255129086953, 31.07320849280172936, 36.36778317120645454 ) ) ;
#2433 = CARTESIAN_POINT ( 'NONE',  ( 5.379206616748858139, 86.56970301124752609, 9.483416036669190419 ) ) ;
#2434 = CARTESIAN_POINT ( 'NONE',  ( 6.890912458023044529, 86.40541335388687116, 2.080286882907897983 ) ) ;
#2435 = CARTESIAN_POINT ( 'NONE',  ( 1.348132156026399464, 50.58917696039411283, 26.47428180132509468 ) ) ;
#2436 = CARTESIAN_POINT ( 'NONE',  ( 13.28614124652390416, 62.87892010837034462, 21.34337498581997750 ) ) ;
#2437 = CARTESIAN_POINT ( 'NONE',  ( -22.08007588349743600, 50.72550320150763525, 14.65333584804554334 ) ) ;
#2438 = CARTESIAN_POINT ( 'NONE',  ( -27.93453413430329846, 43.48492685764154686, 16.62961045497139523 ) ) ;
#2439 = VERTEX_POINT ( 'NONE', #3514 ) ;
#2440 = CARTESIAN_POINT ( 'NONE',  ( 9.488292830168399306, 35.84210526315790446, 70.00000000000000000 ) ) ;
#2441 = CARTESIAN_POINT ( 'NONE',  ( -20.27940480798530487, 76.66200359991290725, 12.40499491757113226 ) ) ;
#2442 = CARTESIAN_POINT ( 'NONE',  ( 7.292432956857405557, 56.24763188709375328, 25.41685488534016457 ) ) ;
#2443 = CARTESIAN_POINT ( 'NONE',  ( -7.286987132775739617, 83.85344634707199418, 14.58042743905460092 ) ) ;
#2444 = CARTESIAN_POINT ( 'NONE',  ( -15.18126852826944884, 52.94736842105259456, -47.50100000000000477 ) ) ;
#2445 = CARTESIAN_POINT ( 'NONE',  ( 28.02545721220125330, 32.89915864970053150, 16.74689265816405737 ) ) ;
#2446 = VERTEX_POINT ( 'NONE', #2706 ) ;
#2447 = FACE_OUTER_BOUND ( 'NONE', #1789, .T. ) ;
#2448 = CARTESIAN_POINT ( 'NONE',  ( 7.157753001667229498, 83.98344980766015055, 25.92050948635032626 ) ) ;
#2449 = ORIENTED_EDGE ( 'NONE', *, *, #552, .F. ) ;
#2450 = CARTESIAN_POINT ( 'NONE',  ( -31.45945621947769055, 49.96339599632339201, 16.81732656630264344 ) ) ;
#2451 = CARTESIAN_POINT ( 'NONE',  ( -12.15530720784255969, 72.22824297166289398, 26.79794675039094543 ) ) ;
#2452 = CARTESIAN_POINT ( 'NONE',  ( -12.33478067921892141, 78.10526315789479668, 18.62511038469585145 ) ) ;
#2453 = CARTESIAN_POINT ( 'NONE',  ( 29.73555223819784032, 30.61848740225178389, 22.01952107847698770 ) ) ;
#2454 = CARTESIAN_POINT ( 'NONE',  ( 21.59475930656842024, 30.92657649577892442, 29.93979879843734793 ) ) ;
#2455 = CARTESIAN_POINT ( 'NONE',  ( -3.332731500035522210, 29.57132527478027129, 37.16547075472969652 ) ) ;
#2456 = CARTESIAN_POINT ( 'NONE',  ( 0.000000000000000000, 5.000000000000000000, 0.000000000000000000 ) ) ;
#2457 = EDGE_CURVE ( 'NONE', #4875, #1660, #3938, .T. ) ;
#2458 = CARTESIAN_POINT ( 'NONE',  ( 11.81290685702409249, 85.20899531210369560, 3.736654252052454162 ) ) ;
#2459 = CARTESIAN_POINT ( 'NONE',  ( 2.039288087740407374, 50.78256294133048954, 26.42141887556557123 ) ) ;
#2460 = VECTOR ( 'NONE', #1122, 1000.000000000000000 ) ;
#2461 = CARTESIAN_POINT ( 'NONE',  ( 23.14398367331727968, 56.49579707053728583, 12.75246776427519713 ) ) ;
#2462 = CARTESIAN_POINT ( 'NONE',  ( -30.34013074388962039, 52.24850824894103596, 11.89453386233020282 ) ) ;
#2463 = CARTESIAN_POINT ( 'NONE',  ( -24.36158463409714159, 41.63175350344879888, 21.51263442929165848 ) ) ;
#2464 = CARTESIAN_POINT ( 'NONE',  ( 2.139183166091951360, 29.21671000704574439, 32.45475690222968979 ) ) ;
#2465 = CARTESIAN_POINT ( 'NONE',  ( 7.500000000000000000, 58.00000000000000000, 25.17439175034819954 ) ) ;
#2466 = CARTESIAN_POINT ( 'NONE',  ( 32.50000000000000000, 5.000000000000000000, 0.000000000000000000 ) ) ;
#2467 = CARTESIAN_POINT ( 'NONE',  ( -2.923976185946446815, 86.56297082727182612, 5.431354933058891277 ) ) ;
#2468 = CARTESIAN_POINT ( 'NONE',  ( 29.40943248002639976, 30.21363513898939956, 22.64675429639369852 ) ) ;
#2469 = ORIENTED_EDGE ( 'NONE', *, *, #4757, .T. ) ;
#2470 = CARTESIAN_POINT ( 'NONE',  ( 17.78395656007580072, 35.96056003851920480, 31.25818310682529955 ) ) ;
#2471 = CARTESIAN_POINT ( 'NONE',  ( 8.180512605040044960, 82.75291213629003551, 29.62425624102195698 ) ) ;
#2472 = ORIENTED_EDGE ( 'NONE', *, *, #1055, .T. ) ;
#2473 =( BOUNDED_SURFACE ( )  B_SPLINE_SURFACE ( 2, 3, ( 
 ( #642, #2198, #4828, #1862, #2619, #2932, #3402, #236, #1004, #3759, #1028, #1053, #3379, #1428, #2548, #283, #2575, #2597 ),
 ( #2980, #4086, #2173, #1841, #4155, #1791, #4110, #4132, #2221, #4902, #2907, #3710, #4430, #3328, #4855, #982, #690, #1451 ),
 ( #3003, #1401, #2958, #2244, #4483, #3734, #1984, #815, #3124, #2289, #712, #3875, #1904, #3902, #4971, #3448, #3848, #381 ) ),
 .UNSPECIFIED., .F., .F., .F. ) 
 B_SPLINE_SURFACE_WITH_KNOTS ( ( 3, 3 ),
 ( 4, 2, 2, 2, 2, 2, 2, 2, 4 ),
 ( 0.000000000000000000, 1.000000000000000000 ),
 ( 5.951559116020160189, 6.305287036171539405, 6.659014956322920398, 7.012742876474300502, 7.366470796625679718, 7.720198716777059822, 8.073926636928440814, 8.427654557079819142, 8.781382477231201023 ),
 .UNSPECIFIED. ) 
 GEOMETRIC_REPRESENTATION_ITEM ( )  RATIONAL_B_SPLINE_SURFACE ( (
 ( 1.000000000000000000, 1.000000000000000000, 1.000000000000000000, 1.000000000000000000, 1.000000000000000000, 1.000000000000000000, 1.000000000000000000, 1.000000000000000000, 1.000000000000000000, 1.000000000000000000, 1.000000000000000000, 1.000000000000000000, 1.000000000000000000, 1.000000000000000000, 1.000000000000000000, 1.000000000000000000, 1.000000000000000000, 1.000000000000000000),
 ( 0.8793937305515270308, 0.8793937305515270308, 0.8793937305515280300, 0.8793937305515280300, 0.8793937305515280300, 0.8793937305515280300, 0.8793937305515280300, 0.8793937305515280300, 0.8793937305515280300, 0.8793937305515280300, 0.8793937305515290292, 0.8793937305515290292, 0.8793937305515280300, 0.8793937305515280300, 0.8793937305515290292, 0.8793937305515290292, 0.8793937305515270308, 0.8793937305515270308),
 ( 1.000000000000000000, 1.000000000000000000, 1.000000000000000000, 1.000000000000000000, 1.000000000000000000, 1.000000000000000000, 1.000000000000000000, 1.000000000000000000, 1.000000000000000000, 1.000000000000000000, 1.000000000000000000, 1.000000000000000000, 1.000000000000000000, 1.000000000000000000, 1.000000000000000000, 1.000000000000000000, 1.000000000000000000, 1.000000000000000000) ) ) 
 REPRESENTATION_ITEM ( '' )  SURFACE ( )  );
#2474 = CARTESIAN_POINT ( 'NONE',  ( -30.77668365901103797, 48.78298860969784556, 18.48648470172166469 ) ) ;
#2475 = DIRECTION ( 'NONE',  ( 0.7071067811865439090, 0.000000000000000000, 0.7071067811865512365 ) ) ;
#2476 = CARTESIAN_POINT ( 'NONE',  ( 29.37232023120904501, 30.87927623089426277, 13.91158312318071033 ) ) ;
#2477 = AXIS2_PLACEMENT_3D ( 'NONE', #4702, #928, #4007 ) ;
#2478 = CARTESIAN_POINT ( 'NONE',  ( 30.78276218583484791, 33.01402083597967874, 19.45408175825530606 ) ) ;
#2479 = CARTESIAN_POINT ( 'NONE',  ( 26.89753943704760175, 29.01136721090572834, 26.12576075443906021 ) ) ;
#2480 = CARTESIAN_POINT ( 'NONE',  ( -5.000983807726628427, 30.33943940276594375, 36.74232537138742316 ) ) ;
#2481 = EDGE_CURVE ( 'NONE', #4009, #4916, #1661, .T. ) ;
#2482 = CARTESIAN_POINT ( 'NONE',  ( 13.09071387615519022, 84.07964924501388282, 23.07859189152909352 ) ) ;
#2483 = CARTESIAN_POINT ( 'NONE',  ( -7.278872335301923790, 56.19223055196917471, 25.42448399320158714 ) ) ;
#2484 = CARTESIAN_POINT ( 'NONE',  ( 32.75199291108167898, 60.44143144206962148, 10.38902719847156142 ) ) ;
#2485 = APPROVAL_STATUS ( 'not_yet_approved' ) ;
#2486 = EDGE_CURVE ( 'NONE', #1812, #482, #2752, .T. ) ;
#2487 = CIRCLE ( 'NONE', #2323, 32.50000000000000000 ) ;
#2488 = CARTESIAN_POINT ( 'NONE',  ( -12.15866422415395220, 72.18710707553375983, 26.92414756589266034 ) ) ;
#2489 = CARTESIAN_POINT ( 'NONE',  ( -12.35661218448952958, 51.59804534727464898, 30.15135660762681979 ) ) ;
#2490 = CARTESIAN_POINT ( 'NONE',  ( -16.32209168086261641, 43.68046943583527053, 28.11101510908659407 ) ) ;
#2491 = AXIS2_PLACEMENT_3D ( 'NONE', #2640, #2546, #1375 ) ;
#2492 = CARTESIAN_POINT ( 'NONE',  ( 2.867655683183029769, 29.41643835194529899, 37.25436591225054883 ) ) ;
#2493 = CARTESIAN_POINT ( 'NONE',  ( 31.18773322123657010, 53.25754633335462529, 9.529985786695100103 ) ) ;
#2494 = CARTESIAN_POINT ( 'NONE',  ( 0.000000000000000000, 0.000000000000000000, -32.50000000000000000 ) ) ;
#2495 = CARTESIAN_POINT ( 'NONE',  ( 31.19640551000949813, 35.34129507159359918, 18.01365380791565229 ) ) ;
#2496 = ORIENTED_EDGE ( 'NONE', *, *, #4456, .F. ) ;
#2497 = CARTESIAN_POINT ( 'NONE',  ( -14.48275301888319611, 65.66277670551848189, 35.82967456078538504 ) ) ;
#2498 = CARTESIAN_POINT ( 'NONE',  ( 2.037376403483879272, 86.79120636549521350, 7.377662755093802538 ) ) ;
#2499 = ORIENTED_EDGE ( 'NONE', *, *, #3010, .F. ) ;
#2500 = CARTESIAN_POINT ( 'NONE',  ( -28.03052153173880257, 46.74184326138964707, 23.18028567059897327 ) ) ;
#2501 = CARTESIAN_POINT ( 'NONE',  ( -12.65968202395681885, 70.62905610962830849, 30.29058858410510169 ) ) ;
#2502 = ORIENTED_EDGE ( 'NONE', *, *, #4698, .F. ) ;
#2503 = CARTESIAN_POINT ( 'NONE',  ( 29.26947203391730667, 30.49372057485436116, 14.12622782954041867 ) ) ;
#2504 =( BOUNDED_CURVE ( )  B_SPLINE_CURVE ( 3, ( #4652, #1097, #2370, #3825 ),
 .UNSPECIFIED., .F., .T. ) 
 B_SPLINE_CURVE_WITH_KNOTS ( ( 4, 4 ),
 ( 1.960086412494429942, 1.963495408493624916 ),
 .UNSPECIFIED. ) 
 CURVE ( )  GEOMETRIC_REPRESENTATION_ITEM ( )  RATIONAL_B_SPLINE_CURVE ( ( 1.000000000000000000, 0.9999990315624239789, 0.9999990315624239789, 1.000000000000000000 ) ) 
 REPRESENTATION_ITEM ( '' )  );
#2505 = CARTESIAN_POINT ( 'NONE',  ( 30.35535217234841454, 31.73694220476274452, 20.63340241244300799 ) ) ;
#2506 = CARTESIAN_POINT ( 'NONE',  ( 23.27075908027299178, 29.86969221086263815, 29.05114855098764792 ) ) ;
#2507 = CARTESIAN_POINT ( 'NONE',  ( 6.634028317883586823, 31.51599439057667951, 36.15571684935298435 ) ) ;
#2508 = CARTESIAN_POINT ( 'NONE',  ( 8.263326543481682052, 85.95127684463386686, 14.56803238342852858 ) ) ;
#2509 = EDGE_CURVE ( 'NONE', #3841, #2228, #57, .T. ) ;
#2510 = CARTESIAN_POINT ( 'NONE',  ( 2.396890520968860905, 50.89285683242697189, 26.39139744545327915 ) ) ;
#2511 = CARTESIAN_POINT ( 'NONE',  ( -12.16427646181251454, 72.11756457334624315, 27.14739709619507835 ) ) ;
#2512 = CARTESIAN_POINT ( 'NONE',  ( -25.08038643144764990, 41.77603663346319252, 20.68785856994880135 ) ) ;
#2513 = CARTESIAN_POINT ( 'NONE',  ( 32.72076784744823641, 47.50326538306136825, 13.81363547379341838 ) ) ;
#2514 = CARTESIAN_POINT ( 'NONE',  ( 0.5402983034077279978, 29.00081062407724986, 37.49951362607099981 ) ) ;
#2515 = LINE ( 'NONE', #3632, #3184 ) ;
#2516 = CARTESIAN_POINT ( 'NONE',  ( -14.69199957159153946, 51.37780868343729423, 31.60493188407929921 ) ) ;
#2517 = CARTESIAN_POINT ( 'NONE',  ( 26.06445313295470001, 24.99054006825114982, 19.42463713030439720 ) ) ;
#2518 = DIRECTION ( 'NONE',  ( 0.000000000000000000, -1.000000000000000000, 0.000000000000000000 ) ) ;
#2519 = AXIS2_PLACEMENT_3D ( 'NONE', #4528, #4507, #4900 ) ;
#2520 = CARTESIAN_POINT ( 'NONE',  ( 4.250409080363655612, 86.05512996888488431, 15.39209338340379496 ) ) ;
#2521 = EDGE_CURVE ( 'NONE', #4854, #2908, #4473, .T. ) ;
#2522 = EDGE_LOOP ( 'NONE', ( #2819, #1769 ) ) ;
#2523 = CARTESIAN_POINT ( 'NONE',  ( -30.11494762828419525, 48.00740134496181355, 19.85288107275701819 ) ) ;
#2524 = CARTESIAN_POINT ( 'NONE',  ( -13.65869275448435971, 67.62740243158289388, 34.28217674579849472 ) ) ;
#2525 = ORIENTED_EDGE ( 'NONE', *, *, #4100, .T. ) ;
#2526 = DIRECTION ( 'NONE',  ( -0.4258640645926060064, 0.9047871564565141966, 0.000000000000000000 ) ) ;
#2527 = ORIENTED_EDGE ( 'NONE', *, *, #3897, .F. ) ;
#2528 = CARTESIAN_POINT ( 'NONE',  ( 29.93192182225648423, 30.91379755254011030, 21.61164950358523029 ) ) ;
#2529 = CARTESIAN_POINT ( 'NONE',  ( 21.60074140245830421, 30.92204707657434781, 29.93701105188049993 ) ) ;
#2530 = CARTESIAN_POINT ( 'NONE',  ( 7.062610284960666895, 31.92048301152802026, 35.97247528688665597 ) ) ;
#2531 = CARTESIAN_POINT ( 'NONE',  ( 11.25785937039969475, 84.94904725644714460, 19.84731610382718259 ) ) ;
#2532 = ORIENTED_EDGE ( 'NONE', *, *, #3308, .F. ) ;
#2533 = CARTESIAN_POINT ( 'NONE',  ( 6.520674873738061983, 54.28664682062126445, 25.68548849784196619 ) ) ;
#2534 = CARTESIAN_POINT ( 'NONE',  ( 5.817072295949930581E-15, 5.000000000000000000, 47.50000000000000000 ) ) ;
#2535 = CARTESIAN_POINT ( 'NONE',  ( 14.86936998199704263, 83.21351789042614655, 3.657812059657836734 ) ) ;
#2536 = DIRECTION ( 'NONE',  ( 1.000000000000000000, 0.000000000000000000, 0.000000000000000000 ) ) ;
#2537 = CARTESIAN_POINT ( 'NONE',  ( -1.694501163096415075, 24.12271406013100261, 32.45756815892134739 ) ) ;
#2538 = CARTESIAN_POINT ( 'NONE',  ( 31.08259431936267703, 52.41814480953768651, 9.862132767010180601 ) ) ;
#2539 = CARTESIAN_POINT ( 'NONE',  ( -15.29284709370658035, 62.71293413434345609, 37.21253610021150848 ) ) ;
#2540 = CARTESIAN_POINT ( 'NONE',  ( 24.95582132436240030, 29.20551215672595191, 27.90407042298240370 ) ) ;
#2541 = CARTESIAN_POINT ( 'NONE',  ( -15.68248385728871952, 54.18057543263094544, 34.69187265935813258 ) ) ;
#2542 = CARTESIAN_POINT ( 'NONE',  ( -15.72535629173602700, 55.04814221420271281, 35.51829943679554447 ) ) ;
#2543 = ORIENTED_EDGE ( 'NONE', *, *, #2182, .F. ) ;
#2544 = CARTESIAN_POINT ( 'NONE',  ( -30.77647688706155549, 48.78269978890737235, 18.48694624783828999 ) ) ;
#2545 = CIRCLE ( 'NONE', #1889, 5.000000000000000000 ) ;
#2546 = DIRECTION ( 'NONE',  ( 0.9488292830168394421, -0.3157894736842106753, 0.000000000000000000 ) ) ;
#2547 = ORIENTED_EDGE ( 'NONE', *, *, #457, .T. ) ;
#2548 = CARTESIAN_POINT ( 'NONE',  ( -10.88762281305714019, 75.86652932222159507, 22.03564188154814829 ) ) ;
#2549 = EDGE_CURVE ( 'NONE', #1067, #3705, #3066, .T. ) ;
#2550 = ORIENTED_EDGE ( 'NONE', *, *, #4336, .T. ) ;
#2551 = VECTOR ( 'NONE', #1212, 1000.000000000000000 ) ;
#2552 = DIRECTION ( 'NONE',  ( 0.000000000000000000, 0.000000000000000000, 1.000000000000000000 ) ) ;
#2553 = DIRECTION ( 'NONE',  ( 0.000000000000000000, -1.000000000000000000, 0.000000000000000000 ) ) ;
#2554 = CARTESIAN_POINT ( 'NONE',  ( 5.624703609394506643, 30.73154852646260693, 36.53860746331928766 ) ) ;
#2555 = ADVANCED_FACE ( 'NONE', ( #4944 ), #1399, .F. ) ;
#2556 = CARTESIAN_POINT ( 'NONE',  ( 12.50008480178656711, 84.38583070173076806, 22.03738022674032493 ) ) ;
#2557 = ORIENTED_EDGE ( 'NONE', *, *, #2686, .F. ) ;
#2558 = CARTESIAN_POINT ( 'NONE',  ( 21.09353041844474319, 51.39398589944394047, 16.04417917125685378 ) ) ;
#2559 = CARTESIAN_POINT ( 'NONE',  ( -7.500000000000000000, 58.00000000000000000, 25.17439175034819954 ) ) ;
#2560 = CARTESIAN_POINT ( 'NONE',  ( 3.980102097228900204E-15, 0.000000000000000000, 32.50000000000000000 ) ) ;
#2561 = DIRECTION ( 'NONE',  ( 0.000000000000000000, 0.000000000000000000, -1.000000000000000000 ) ) ;
#2562 = CARTESIAN_POINT ( 'NONE',  ( 4.695058921304250177, 24.99054006825254959, 32.16564419515754736 ) ) ;
#2563 = CARTESIAN_POINT ( 'NONE',  ( 31.84934257594310125, 54.50000000000000000, 6.470655104409380520 ) ) ;
#2564 = AXIS2_PLACEMENT_3D ( 'NONE', #3993, #885, #3162 ) ;
#2565 = VERTEX_POINT ( 'NONE', #1163 ) ;
#2566 = CARTESIAN_POINT ( 'NONE',  ( -15.75387260668520106, 54.44713579277200211, 34.94259365597740441 ) ) ;
#2567 = CARTESIAN_POINT ( 'NONE',  ( 24.54508969789585038, 29.32799050986900369, 28.21251618038550291 ) ) ;
#2568 = CARTESIAN_POINT ( 'NONE',  ( -15.69180251126860881, 54.21777537357203869, 34.72554629004354609 ) ) ;
#2569 = CARTESIAN_POINT ( 'NONE',  ( -15.78136928152085794, 55.36047322681937288, 35.75930175564666058 ) ) ;
#2570 = ADVANCED_FACE ( 'NONE', ( #2285 ), #1900, .F. ) ;
#2571 = ORIENTED_EDGE ( 'NONE', *, *, #4852, .F. ) ;
#2572 = CARTESIAN_POINT ( 'NONE',  ( -27.70771913669288367, 46.64602287427469207, 23.60229204335081121 ) ) ;
#2573 = LINE ( 'NONE', #3000, #3533 ) ;
#2574 = VERTEX_POINT ( 'NONE', #2712 ) ;
#2575 = CARTESIAN_POINT ( 'NONE',  ( -7.846828721040411736, 72.22325675012709212, 26.17160506509540241 ) ) ;
#2576 = EDGE_LOOP ( 'NONE', ( #3169, #3689 ) ) ;
#2577 = CARTESIAN_POINT ( 'NONE',  ( -15.47906765409950758, 62.67243452198521680, 37.39937787088221199 ) ) ;
#2578 = DIRECTION ( 'NONE',  ( 1.000000000000000000, 0.000000000000000000, 0.000000000000000000 ) ) ;
#2579 = CIRCLE ( 'NONE', #222, 10.50000000000000178 ) ;
#2580 = CARTESIAN_POINT ( 'NONE',  ( 5.901120955147463043, 30.92678559004553662, 36.44033153708766548 ) ) ;
#2581 = ORIENTED_EDGE ( 'NONE', *, *, #4598, .F. ) ;
#2582 = CARTESIAN_POINT ( 'NONE',  ( 7.121059460942385400, 55.55446926804698649, 25.51228298890598722 ) ) ;
#2583 = CARTESIAN_POINT ( 'NONE',  ( -7.303809784702496977, 59.72637678665425653, 24.93324683284391696 ) ) ;
#2584 = CARTESIAN_POINT ( 'NONE',  ( 9.923033693654188525, 85.76187139188749597, 3.069224844153515264 ) ) ;
#2585 = CARTESIAN_POINT ( 'NONE',  ( -27.39529764747508622, 43.00558444897052368, 17.49748858194064738 ) ) ;
#2586 = CARTESIAN_POINT ( 'NONE',  ( -2.593262135271965363, 29.32799050986909961, 37.30526087569869276 ) ) ;
#2587 = CARTESIAN_POINT ( 'NONE',  ( 9.466498798347831922, 35.77662234713446310, 31.25659431903851981 ) ) ;
#2588 = VERTEX_POINT ( 'NONE', #1595 ) ;
#2589 = CARTESIAN_POINT ( 'NONE',  ( -15.20607080333312844, 62.97811001687215793, 37.11002399480583591 ) ) ;
#2590 = CARTESIAN_POINT ( 'NONE',  ( 25.56019735057565256, 29.08180937333874994, 27.40357160159380001 ) ) ;
#2591 = CARTESIAN_POINT ( 'NONE',  ( -16.12161852290206099, 56.88247546439218638, 36.65582379032941418 ) ) ;
#2592 = CARTESIAN_POINT ( 'NONE',  ( -15.18126472331394972, 52.94735906720839580, 33.56043935950644652 ) ) ;
#2593 = ORIENTED_EDGE ( 'NONE', *, *, #2686, .T. ) ;
#2594 = CARTESIAN_POINT ( 'NONE',  ( -15.77872256736091039, 50.83908760158256968, 31.82468733229828217 ) ) ;
#2595 = CARTESIAN_POINT ( 'NONE',  ( -14.75663558077461346, 51.67150519984934931, 31.96224052289381490 ) ) ;
#2596 = VERTEX_POINT ( 'NONE', #325 ) ;
#2597 = CARTESIAN_POINT ( 'NONE',  ( -7.204506611842769637, 70.58366980116349509, 27.30678762152469830 ) ) ;
#2598 = CARTESIAN_POINT ( 'NONE',  ( -32.70647738208771926, 54.98531644229372262, 12.58503276358388945 ) ) ;
#2599 = CARTESIAN_POINT ( 'NONE',  ( -30.77451967061149674, 63.10258215872642751, 5.986116953588342504 ) ) ;
#2600 = CARTESIAN_POINT ( 'NONE',  ( -14.48724314345544606, 49.48326538697461530, 30.34932259260978071 ) ) ;
#2601 = CARTESIAN_POINT ( 'NONE',  ( 2.926337995481367305, 29.43733414584903585, 37.24242329014328590 ) ) ;
#2602 = VERTEX_POINT ( 'NONE', #2741 ) ;
#2603 = CARTESIAN_POINT ( 'NONE',  ( 21.77391863481546963, 52.16822856241430628, 15.10451828432831434 ) ) ;
#2604 = CARTESIAN_POINT ( 'NONE',  ( 5.294822494478140129, 63.31177180338738708, 24.42473352882629456 ) ) ;
#2605 = CARTESIAN_POINT ( 'NONE',  ( 12.92082402915587913, 84.29309032761590004, 1.651601885214399879 ) ) ;
#2606 = SPHERICAL_SURFACE ( 'NONE', #3429, 32.50000000000000000 ) ;
#2607 = CARTESIAN_POINT ( 'NONE',  ( -11.85269061279722003, 32.78888369102745060, 30.26344307271985201 ) ) ;
#2608 = CARTESIAN_POINT ( 'NONE',  ( 1.485436602313216614, 87.00000000000011369, 3.586161191336293630 ) ) ;
#2609 = EDGE_CURVE ( 'NONE', #4962, #3739, #4495, .T. ) ;
#2610 = ORIENTED_EDGE ( 'NONE', *, *, #2834, .F. ) ;
#2611 = CARTESIAN_POINT ( 'NONE',  ( -15.40970285494799974, 53.20534003949239832, 33.75331840341745249 ) ) ;
#2612 = CARTESIAN_POINT ( 'NONE',  ( 18.67832073955054994, 25.45753543778389982, 26.59820683745544656 ) ) ;
#2613 = CARTESIAN_POINT ( 'NONE',  ( -16.15313982469557530, 58.82658692505525266, 37.46785729647331209 ) ) ;
#2614 = CARTESIAN_POINT ( 'NONE',  ( -15.71791095853615516, 55.00879551475096463, 35.48713872263022040 ) ) ;
#2615 = CARTESIAN_POINT ( 'NONE',  ( -24.74208630650108631, 46.46167337357211125, 26.75958141441402915 ) ) ;
#2616 = CARTESIAN_POINT ( 'NONE',  ( -5.000000000000000000, 39.00000000000000000, 45.00000000000000000 ) ) ;
#2617 = EDGE_CURVE ( 'NONE', #3204, #2565, #3418, .T. ) ;
#2618 = ORIENTED_EDGE ( 'NONE', *, *, #2102, .T. ) ;
#2619 = CARTESIAN_POINT ( 'NONE',  ( -30.38016166732744949, 64.63067836747218564, 5.920604007231550447 ) ) ;
#2620 = CARTESIAN_POINT ( 'NONE',  ( 26.56329570148974639, 25.42350632531688603, 18.72814054337405310 ) ) ;
#2621 = AXIS2_PLACEMENT_3D ( 'NONE', #4977, #3852, #4629 ) ;
#2622 = CYLINDRICAL_SURFACE ( 'NONE', #2272, 5.000000000000001776 ) ;
#2623 = CARTESIAN_POINT ( 'NONE',  ( -14.62451583149567291, 47.41624005173879652, 29.45845158199231051 ) ) ;
#2624 = CARTESIAN_POINT ( 'NONE',  ( 0.000000000000000000, 77.00000000000000000, 45.00000000000000000 ) ) ;
#2625 = EDGE_CURVE ( 'NONE', #4987, #3583, #4286, .T. ) ;
#2626 = CARTESIAN_POINT ( 'NONE',  ( 17.78395654104446422, 35.96056009586194335, 31.25818311478398215 ) ) ;
#2627 = EDGE_CURVE ( 'NONE', #4778, #4671, #4770, .T. ) ;
#2628 = VECTOR ( 'NONE', #1300, 1000.000000000000000 ) ;
#2629 = CARTESIAN_POINT ( 'NONE',  ( 6.931679261980529638, 60.86389019834011549, 24.77302503678066969 ) ) ;
#2630 = CARTESIAN_POINT ( 'NONE',  ( 3.245314017740484976E-15, 0.000000000000000000, 26.50000000000000000 ) ) ;
#2631 = CARTESIAN_POINT ( 'NONE',  ( -3.600647600634081069, 51.41974786400015773, 26.25440161495981073 ) ) ;
#2632 = CARTESIAN_POINT ( 'NONE',  ( -2.084726930260485389, 29.20551215672584888, 37.37758790733420255 ) ) ;
#2633 = CARTESIAN_POINT ( 'NONE',  ( 7.509772356817629557, 86.15729003906218963, 13.23953550864336037 ) ) ;
#2634 = ORIENTED_EDGE ( 'NONE', *, *, #4403, .F. ) ;
#2635 = CARTESIAN_POINT ( 'NONE',  ( -15.78095537187174813, 55.32195768557100024, 35.74292185646164910 ) ) ;
#2636 = CARTESIAN_POINT ( 'NONE',  ( 20.29606356201983530, 29.65956590680239913, 25.46108945360247233 ) ) ;
#2637 = CARTESIAN_POINT ( 'NONE',  ( 16.32130583652538647, 56.66531976781966762, 39.40311790618008558 ) ) ;
#2638 = CARTESIAN_POINT ( 'NONE',  ( -15.99033317856965830, 57.44385226955409252, 37.02052989987553389 ) ) ;
#2639 = CARTESIAN_POINT ( 'NONE',  ( -17.61455923465253193, 49.36067973057568281, 31.15137126737650419 ) ) ;
#2640 = CARTESIAN_POINT ( 'NONE',  ( -16.22997457791959874, 59.90166204986149978, 0.000000000000000000 ) ) ;
#2641 = ORIENTED_EDGE ( 'NONE', *, *, #1180, .F. ) ;
#2642 = CARTESIAN_POINT ( 'NONE',  ( -8.903447479587994096, 34.44707237958641599, 35.04125860723579677 ) ) ;
#2643 = CARTESIAN_POINT ( 'NONE',  ( -12.32861507683677971, 71.95094781086017122, 27.45389857839746028 ) ) ;
#2644 = CARTESIAN_POINT ( 'NONE',  ( 7.924810723795529199, 86.04030459144125587, 13.97126830074785353 ) ) ;
#2645 = CARTESIAN_POINT ( 'NONE',  ( -14.54237834920049544, 48.19869098085493420, 29.75574991885565979 ) ) ;
#2646 = CARTESIAN_POINT ( 'NONE',  ( -4.155384677162334839, 24.78657906811286082, 32.23336435953691392 ) ) ;
#2647 = CARTESIAN_POINT ( 'NONE',  ( 21.87479879662540583, 52.31379053659928502, 14.95797124984838256 ) ) ;
#2648 = EDGE_CURVE ( 'NONE', #272, #3739, #729, .T. ) ;
#2649 = CARTESIAN_POINT ( 'NONE',  ( -2.938936936097452879, 64.90025422259785159, 24.19603794007407060 ) ) ;
#2650 = DIRECTION ( 'NONE',  ( -0.2511310285135385234, -0.7545548334713111371, -0.6062839349700881453 ) ) ;
#2651 = CARTESIAN_POINT ( 'NONE',  ( -3.857906501568628244, 51.56830580215653725, 26.21767800165989826 ) ) ;
#2652 = CARTESIAN_POINT ( 'NONE',  ( -6.251215600719850940, 31.14497352617006243, 32.01450558579402639 ) ) ;
#2653 = CARTESIAN_POINT ( 'NONE',  ( 11.22170224052720577, 77.63120912108495020, 27.09158574199051372 ) ) ;
#2654 = EDGE_LOOP ( 'NONE', ( #186, #4529 ) ) ;
#2655 = CARTESIAN_POINT ( 'NONE',  ( -15.57895065742570040, 61.65855332692900248, 37.71135075972190265 ) ) ;
#2656 = CARTESIAN_POINT ( 'NONE',  ( -32.18251128869505351, 52.02956061555629930, 14.61535144791232099 ) ) ;
#2657 = CARTESIAN_POINT ( 'NONE',  ( 23.98341540431479757, 54.59774769212010881, 46.10165189631509719 ) ) ;
#2658 = CARTESIAN_POINT ( 'NONE',  ( 32.73934116966560026, 60.50932833608550254, 10.38716833313869969 ) ) ;
#2659 = DIRECTION ( 'NONE',  ( 0.7071067811865460184, 0.000000000000000000, -0.7071067811865490160 ) ) ;
#2660 = CARTESIAN_POINT ( 'NONE',  ( 35.35533905932745569, 39.00000000000000000, 28.28427124746184873 ) ) ;
#2661 = EDGE_LOOP ( 'NONE', ( #4409, #4355, #4668, #1986 ) ) ;
#2662 = CARTESIAN_POINT ( 'NONE',  ( -7.663910915844037497, 32.57608840744244105, 35.69450023798130900 ) ) ;
#2663 = CARTESIAN_POINT ( 'NONE',  ( -7.500000000000000000, 58.00000000000000000, 70.00000000000000000 ) ) ;
#2664 = ADVANCED_FACE ( 'NONE', ( #2967 ), #2606, .T. ) ;
#2665 = CARTESIAN_POINT ( 'NONE',  ( 20.61638573195788027, 79.41264603125365795, 3.787728909554446854 ) ) ;
#2666 = B_SPLINE_CURVE_WITH_KNOTS ( 'NONE', 3,
 ( #4510, #1054, #2598, #3450, #4133, #2222, #3403, #4034, #2124, #3258, #1373, #3209, #1738, #4754, #1001, #2070, #3281, #4805, #3684, #208, #1760, #1282, #567, #3661, #4359, #2145, #486, #4382, #958, #4825, #4010, #136, #2928, #2450, #183, #3303, #4779, #2832, #1307, #1350, #2904, #3616, #2045, #932, #4427, #4451, #2858, #978, #905, #2474, #2544, #1688, #3235, #108, #3985, #543, #588, #2523, #515, #3588, #1712, #4057, #1662, #4730, #2099, #3639, #159, #1329, #2881, #4407, #2500, #3798, #2999, #2241, #2572, #686, #662, #4899, #279, #2977, #327, #3419, #4506, #4152, #2218, #3778, #2615, #3022, #4945, #256, #305, #1425, #3325, #3376, #2170, #1879, #4083, #2265, #1859, #1448, #4107, #3398, #4921, #1838, #1492, #1785, #1469, #3349, #4571, #639, #4548, #1094, #3045, #1115, #615, #2639, #4526, #3731, #3755, #4174, #709, #1049, #1072, #3707, #2594, #1813, #232 ),
 .UNSPECIFIED., .F., .F.,
 ( 4, 2, 2, 1, 1, 1, 1, 2, 2, 2, 2, 1, 1, 1, 1, 2, 2, 2, 2, 1, 1, 1, 1, 1, 2, 2, 2, 2, 2, 1, 1, 1, 1, 1, 2, 2, 2, 2, 1, 1, 1, 1, 2, 2, 2, 2, 1, 1, 1, 1, 2, 2, 2, 2, 1, 1, 1, 2, 2, 2, 2, 1, 1, 1, 1, 1, 2, 2, 2, 2, 2, 1, 1, 1, 1, 2, 2, 2, 1, 1, 1, 2, 2, 4 ),
 ( 0.000000000000000000, 0.06250000000069104444, 0.09375000000103682340, 0.1093750000012096574, 0.1171875000012958384, 0.1210937500013389706, 0.1230468750013605367, 0.1240234375013710422, 0.1250000000013815338, 0.1562500000017195134, 0.1718750000018888224, 0.1796875000019731994, 0.1835937500020153323, 0.1855468750020366486, 0.1865234375020473623, 0.1870117187520528856, 0.1875000000020583812, 0.2187500000024074909, 0.2343750000025819624, 0.2421875000026689206, 0.2460937500027121361, 0.2480468750027338132, 0.2490234375027446379, 0.2495117187527500224, 0.2497558593777527980, 0.2500000000027555180, 0.2812500000030863645, 0.2968750000032517877, 0.3046875000033338887, 0.3085937500033745784, 0.3105468750033944514, 0.3115234375034046099, 0.3120117187534100500, 0.3122558593784127701, 0.3123779296909125480, 0.3125000000034123815, 0.3437500000032803760, 0.3593750000032143177, 0.3671875000031814551, 0.3710937500031649683, 0.3730468750031566971, 0.3740234375031524228, 0.3745117187531500913, 0.3750000000031477598, 0.4375000000028361202, 0.4687500000026803004, 0.4843750000026023073, 0.4921875000025636160, 0.4960937500025443536, 0.4980468750025348612, 0.4990234375025300317, 0.5000000000025252023, 0.5625000000022091218, 0.5937500000020512481, 0.6093750000019723112, 0.6171875000019328983, 0.6210937500019132473, 0.6230468750019034774, 0.6250000000018938184, 0.6875000000015853985, 0.7187500000014310775, 0.7343750000013538060, 0.7421875000013150592, 0.7460937500012957413, 0.7480468750012861934, 0.7490234375012814194, 0.7495117187512790879, 0.7500000000012766455, 0.8125000000009485746, 0.8437500000007843726, 0.8593750000007023271, 0.8671875000006614709, 0.8710937500006411538, 0.8730468750006310508, 0.8740234375006258327, 0.8745117187506233902, 0.8750000000006208367, 0.9062500000004660716, 0.9218750000003888001, 0.9296875000003499423, 0.9335937500003308465, 0.9355468750003210765, 0.9375000000003114176, 1.000000000000000000 ),
 .UNSPECIFIED. ) ;
#2667 = AXIS2_PLACEMENT_3D ( 'NONE', #4715, #3889, #65 ) ;
#2668 = FACE_OUTER_BOUND ( 'NONE', #4729, .T. ) ;
#2669 = CARTESIAN_POINT ( 'NONE',  ( -6.007333731383543096, 25.69749931994477521, 31.93999852763136005 ) ) ;
#2670 = EDGE_CURVE ( 'NONE', #3583, #865, #3677, .T. ) ;
#2671 = CARTESIAN_POINT ( 'NONE',  ( 21.52956347882355459, 62.62528548693069297, 13.15142845233057045 ) ) ;
#2672 = CARTESIAN_POINT ( 'NONE',  ( 17.29234849633225224, 50.76374790571767193, 20.08045687794675871 ) ) ;
#2673 = CARTESIAN_POINT ( 'NONE',  ( -2.913941961379349799, 64.91085542638529660, 24.19450384607410598 ) ) ;
#2674 = LINE ( 'NONE', #1994, #4226 ) ;
#2675 = CIRCLE ( 'NONE', #733, 26.25309637456269840 ) ;
#2676 = CARTESIAN_POINT ( 'NONE',  ( 23.28003304440149890, 52.94736842105259456, 44.74958889110784810 ) ) ;
#2677 = CARTESIAN_POINT ( 'NONE',  ( 14.54471564080648527, 52.77336060291477082, 22.15177958917567480 ) ) ;
#2678 = CARTESIAN_POINT ( 'NONE',  ( -3.652224832943208543, 29.65956590680172056, 32.35519318513711085 ) ) ;
#2679 = CARTESIAN_POINT ( 'NONE',  ( -1.836970198721029983E-15, 87.00000000000000000, -6.652257551141249995E-15 ) ) ;
#2680 = ORIENTED_EDGE ( 'NONE', *, *, #3584, .T. ) ;
#2681 = CARTESIAN_POINT ( 'NONE',  ( -12.81731861571045528, 52.23179811118299654, 23.19453686081945065 ) ) ;
#2682 = CARTESIAN_POINT ( 'NONE',  ( 17.37937924891465613, 32.03965874932978153, 27.62565868259334678 ) ) ;
#2683 = CARTESIAN_POINT ( 'NONE',  ( 16.08800952021289277, 58.82749960132907319, 38.83989077529169265 ) ) ;
#2684 = CARTESIAN_POINT ( 'NONE',  ( 31.32087238092953285, 57.61788203766676020, 8.620889620894306660 ) ) ;
#2685 = CARTESIAN_POINT ( 'NONE',  ( 31.67927469333140067, 51.36842105263159652, 7.257654917702700104 ) ) ;
#2686 = EDGE_CURVE ( 'NONE', #212, #2588, #4549, .T. ) ;
#2687 = DIRECTION ( 'NONE',  ( 0.000000000000000000, -0.9047871564565147517, -0.4258640645926048962 ) ) ;
#2688 = VERTEX_POINT ( 'NONE', #3317 ) ;
#2689 = CARTESIAN_POINT ( 'NONE',  ( -7.623886900862291149, 32.52876309909768082, 35.71375314286076730 ) ) ;
#2690 = DIRECTION ( 'NONE',  ( 0.7071067811865490160, 0.000000000000000000, 0.7071067811865460184 ) ) ;
#2691 = CARTESIAN_POINT ( 'NONE',  ( 17.35574035147252303, 26.47611395466378781, 27.47818071883306956 ) ) ;
#2692 = CARTESIAN_POINT ( 'NONE',  ( 17.17050923260654116, 81.96717071979782077, 2.642814034494080033 ) ) ;
#2693 = AXIS2_PLACEMENT_3D ( 'NONE', #4114, #1845, #645 ) ;
#2694 = CARTESIAN_POINT ( 'NONE',  ( -15.17384911574615636, 44.71313244257174802, 28.74040643766482006 ) ) ;
#2695 = ADVANCED_FACE ( 'NONE', ( #4098 ), #1365, .T. ) ;
#2696 = CARTESIAN_POINT ( 'NONE',  ( 2.548851956282079655E-15, 24.00000000000000000, 32.50000000000000000 ) ) ;
#2697 = AXIS2_PLACEMENT_3D ( 'NONE', #1782, #205, #1467 ) ;
#2698 = CARTESIAN_POINT ( 'NONE',  ( 22.41486544635721501, 60.87343478675778385, 12.61757555759002614 ) ) ;
#2699 = CARTESIAN_POINT ( 'NONE',  ( 17.48342434824344593, 50.69877551358975154, 19.91458671085287335 ) ) ;
#2700 = CARTESIAN_POINT ( 'NONE',  ( 31.81239176419559911, 53.44374655876993074, 6.652531443484075879 ) ) ;
#2701 = VECTOR ( 'NONE', #723, 1000.000000000000114 ) ;
#2702 = CARTESIAN_POINT ( 'NONE',  ( 5.306224887934464896, 63.30038134269205585, 24.42636554185667563 ) ) ;
#2703 = CARTESIAN_POINT ( 'NONE',  ( 0.000000000000000000, 77.00000000000000000, 45.00000000000000000 ) ) ;
#2704 = CARTESIAN_POINT ( 'NONE',  ( 12.33478067921892141, 34.26315789473684958, 30.06830865871189928 ) ) ;
#2705 = CARTESIAN_POINT ( 'NONE',  ( -15.13483994847730507, 52.80786790014637688, 33.39241564590621891 ) ) ;
#2706 = CARTESIAN_POINT ( 'NONE',  ( 3.980102097228900204E-15, 0.000000000000000000, 32.50000000000000000 ) ) ;
#2707 = CARTESIAN_POINT ( 'NONE',  ( -12.33478067921892141, 78.10526315789479668, 18.62511038469585145 ) ) ;
#2708 = ORIENTED_EDGE ( 'NONE', *, *, #83, .T. ) ;
#2709 = CARTESIAN_POINT ( 'NONE',  ( -14.47038176820881183, 50.84576723025599421, 22.20019598303963093 ) ) ;
#2710 = AXIS2_PLACEMENT_3D ( 'NONE', #4415, #2939, #193 ) ;
#2711 = CARTESIAN_POINT ( 'NONE',  ( 16.00000000000000000, 58.21419239276350055, 50.69848480983489480 ) ) ;
#2712 = CARTESIAN_POINT ( 'NONE',  ( -9.488292830168399306, 80.15789473684209554, 21.49051198234134574 ) ) ;
#2713 = DIRECTION ( 'NONE',  ( 0.000000000000000000, 0.000000000000000000, -1.000000000000000000 ) ) ;
#2714 = CARTESIAN_POINT ( 'NONE',  ( 49.49747468305839959, 58.00000000000000000, 49.49747468305830722 ) ) ;
#2715 = CARTESIAN_POINT ( 'NONE',  ( -12.36381922972750935, 75.63452536824779315, 21.54950980435109287 ) ) ;
#2716 = PLANE ( 'NONE',  #2726 ) ;
#2717 = CARTESIAN_POINT ( 'NONE',  ( -7.585937470709927410, 32.48436052249734018, 35.73192136458672508 ) ) ;
#2718 = CARTESIAN_POINT ( 'NONE',  ( -27.90670932737853249, 71.77714147737586359, 12.29906554707946853 ) ) ;
#2719 = ORIENTED_EDGE ( 'NONE', *, *, #3567, .T. ) ;
#2720 = EDGE_CURVE ( 'NONE', #847, #4962, #1641, .T. ) ;
#2721 = CARTESIAN_POINT ( 'NONE',  ( 2.610128545363773256, 86.89410214753516470, 0.2663805772916421621 ) ) ;
#2722 = CARTESIAN_POINT ( 'NONE',  ( -14.92036109838502789, 45.71603211056123683, 28.95098093898785763 ) ) ;
#2723 = CARTESIAN_POINT ( 'NONE',  ( -0.3622099730326507339, 24.00000000000000711, 32.50000000000000000 ) ) ;
#2724 = PERSON ( 'UNSPECIFIED', 'UNSPECIFIED', 'UNSPECIFIED', ('UNSPECIFIED'), ('UNSPECIFIED'), ('UNSPECIFIED') ) ;
#2725 = AXIS2_PLACEMENT_3D ( 'NONE', #1934, #1575, #4279 ) ;
#2726 = AXIS2_PLACEMENT_3D ( 'NONE', #1514, #4250, #21 ) ;
#2727 = CARTESIAN_POINT ( 'NONE',  ( 21.99772314725245792, 61.80321823527415859, 12.84869759611840756 ) ) ;
#2728 = CARTESIAN_POINT ( 'NONE',  ( 15.31836632659482689, 51.96927100777519826, 21.62400124688713277 ) ) ;
#2729 = CARTESIAN_POINT ( 'NONE',  ( 19.91891162146813699, 32.46577082472092002, 30.62444743753669485 ) ) ;
#2730 = CARTESIAN_POINT ( 'NONE',  ( 5.196656437902832160, 86.59925215736967630, 9.161618613630952979 ) ) ;
#2731 = CARTESIAN_POINT ( 'NONE',  ( 28.28427124746194821, 39.00000000000000000, 35.35533905932734910 ) ) ;
#2732 = CARTESIAN_POINT ( 'NONE',  ( -4.460250751814207604, 51.97037559985040645, 26.12194367972751863 ) ) ;
#2733 = CARTESIAN_POINT ( 'NONE',  ( -14.86642035056750366, 52.00136738047704910, 32.38455203408387462 ) ) ;
#2734 = CARTESIAN_POINT ( 'NONE',  ( 12.45976736106341853, 58.38566998643487693, 23.06636907886159094 ) ) ;
#2735 = CARTESIAN_POINT ( 'NONE',  ( -9.414004922224179950, 80.89335445518101153, 16.71302304424907348 ) ) ;
#2736 = ORIENTED_EDGE ( 'NONE', *, *, #1569, .F. ) ;
#2737 = CARTESIAN_POINT ( 'NONE',  ( -15.75954167571764764, 60.78015622325389700, 37.78838285613474568 ) ) ;
#2738 = CARTESIAN_POINT ( 'NONE',  ( 13.98309984829270114, 30.74241613242460147, 29.33869101447604777 ) ) ;
#2739 = ORIENTED_EDGE ( 'NONE', *, *, #1270, .T. ) ;
#2740 = CARTESIAN_POINT ( 'NONE',  ( 16.65754264034020693, 56.67660232513715357, 40.21486535810885954 ) ) ;
#2741 = CARTESIAN_POINT ( 'NONE',  ( 30.66265966592374781, 63.28070175438599421, 6.241039890295090764 ) ) ;
#2742 = SPHERICAL_SURFACE ( 'NONE', #3562, 26.50000000000000000 ) ;
#2743 = DIRECTION ( 'NONE',  ( 0.3157894736842105088, 0.9488292830168392200, 2.664535259100375381E-14 ) ) ;
#2744 = CARTESIAN_POINT ( 'NONE',  ( -6.872603405011139976, 85.05498597004010719, 8.744362095500500587 ) ) ;
#2745 = FACE_OUTER_BOUND ( 'NONE', #3465, .T. ) ;
#2746 = CARTESIAN_POINT ( 'NONE',  ( -7.741365761095862830, 32.66916745501268338, 35.65696815567927302 ) ) ;
#2747 = LINE ( 'NONE', #3903, #1822 ) ;
#2748 = ORIENTED_EDGE ( 'NONE', *, *, #125, .T. ) ;
#2749 = FACE_OUTER_BOUND ( 'NONE', #4437, .T. ) ;
#2750 = CARTESIAN_POINT ( 'NONE',  ( -14.69006707931690237, 46.94808438721524624, 29.30036454208502050 ) ) ;
#2751 = CARTESIAN_POINT ( 'NONE',  ( 8.522550551938772756, 27.67085748056547700, 31.36291544721817814 ) ) ;
#2752 = LINE ( 'NONE', #437, #2151 ) ;
#2753 = B_SPLINE_CURVE_WITH_KNOTS ( 'NONE', 3,
 ( #1697, #3136, #1235, #469, #915, #553, #4686, #4664, #3539, #3967, #3597, #1290, #34, #2382, #1670, #1995, #2025, #3188, #3994, #62, #858, #2788, #2458, #2409, #3512, #3568, #90, #1639, #117, #524, #3625, #4713, #2434, #1263, #2813, #1585, #4342, #1210, #886, #2759, #2052, #3217, #3243, #2079, #4290, #143 ),
 .UNSPECIFIED., .F., .F.,
 ( 4, 2, 2, 1, 1, 1, 1, 1, 2, 2, 2, 2, 1, 1, 1, 1, 1, 2, 2, 2, 2, 1, 1, 1, 1, 1, 1, 2, 2, 2, 4 ),
 ( 0.000000000000000000, 0.1249999999999901468, 0.1874999999999850675, 0.2187499999999827083, 0.2343749999999818479, 0.2421874999999815981, 0.2460937499999819866, 0.2480468749999822087, 0.2490234374999827915, 0.2499999999999834022, 0.3749999999999942268, 0.4374999999999993894, 0.4687500000000015543, 0.4843750000000029976, 0.4921875000000036082, 0.4960937500000040523, 0.4980468750000042188, 0.4990234375000042744, 0.5000000000000044409, 0.6249999999999985567, 0.6874999999999955591, 0.7187499999999940048, 0.7343749999999932276, 0.7421874999999927836, 0.7460937499999925615, 0.7480468749999924505, 0.7490234374999922284, 0.7495117187499922284, 0.7499999999999921174, 0.8749999999999961142, 1.000000000000000000 ),
 .UNSPECIFIED. ) ;
#2754 = CARTESIAN_POINT ( 'NONE',  ( 31.67927469333140067, 51.36842105263159652, 7.257654917702700104 ) ) ;
#2755 = CARTESIAN_POINT ( 'NONE',  ( 1.141692737276495562, 29.06381910445178107, 37.46177250616779020 ) ) ;
#2756 = CARTESIAN_POINT ( 'NONE',  ( 2.053815276897225761, 86.93893189343003769, 3.621243233182684484 ) ) ;
#2757 = VECTOR ( 'NONE', #3023, 1000.000000000000000 ) ;
#2758 = CARTESIAN_POINT ( 'NONE',  ( 0.000000000000000000, 39.00000000000000000, 70.00000000000000000 ) ) ;
#2759 = CARTESIAN_POINT ( 'NONE',  ( 5.952319924868397116, 86.55635143466710701, 1.786710232024807388 ) ) ;
#2760 = CARTESIAN_POINT ( 'NONE',  ( -15.07912347535826925, 52.64046073288082539, 33.18786466702098181 ) ) ;
#2761 = CARTESIAN_POINT ( 'NONE',  ( 13.43188700289916149, 63.15052661227116459, 21.14258200828636802 ) ) ;
#2762 = CARTESIAN_POINT ( 'NONE',  ( -8.468174380805070456, 82.47948686385529982, 14.31487825715197104 ) ) ;
#2763 = DIRECTION ( 'NONE',  ( 0.000000000000000000, 0.000000000000000000, 1.000000000000000000 ) ) ;
#2764 = ORIENTED_EDGE ( 'NONE', *, *, #3526, .T. ) ;
#2765 = CARTESIAN_POINT ( 'NONE',  ( -23.18716919177188629, 52.22069688150295264, 12.82990069856261073 ) ) ;
#2766 = CARTESIAN_POINT ( 'NONE',  ( 17.82326951104119672, 35.84210526315790446, 31.24174191523270139 ) ) ;
#2767 = ORIENTED_EDGE ( 'NONE', *, *, #2509, .T. ) ;
#2768 = CARTESIAN_POINT ( 'NONE',  ( 16.89769642785749326, 58.58696189078295902, 40.79464788898751948 ) ) ;
#2769 = CARTESIAN_POINT ( 'NONE',  ( -4.562169676434463916, 86.17452848312795766, 5.678142919923934606 ) ) ;
#2770 = CARTESIAN_POINT ( 'NONE',  ( 8.371999559503720434, 33.50644506753780405, 35.33812743522175026 ) ) ;
#2771 = PLANE ( 'NONE',  #2205 ) ;
#2772 = CARTESIAN_POINT ( 'NONE',  ( -12.43599066375510986, 75.88741251087893147, 21.18811010665494976 ) ) ;
#2773 = DIRECTION ( 'NONE',  ( 0.6709236202095760770, 0.3157894736842102867, -0.6709236202095779644 ) ) ;
#2774 = EDGE_CURVE ( 'NONE', #3984, #2097, #850, .T. ) ;
#2775 = CARTESIAN_POINT ( 'NONE',  ( -4.868590983591584376, 85.73806583958351268, 9.238730480077027352 ) ) ;
#2776 = CARTESIAN_POINT ( 'NONE',  ( -22.77256234557783543, 75.58706182076501534, 16.28794905528070203 ) ) ;
#2777 = ORIENTED_EDGE ( 'NONE', *, *, #1410, .T. ) ;
#2778 = CARTESIAN_POINT ( 'NONE',  ( 9.754743313656661030, 85.48520801205643238, 1.129857990674556500 ) ) ;
#2779 = B_SPLINE_CURVE_WITH_KNOTS ( 'NONE', 3,
 ( #382, #1932, #3475, #2371, #1542, #3097, #3175, #871, #2776, #4623, #4700, #2718, #1959, #3125, #1250, #3152, #4653, #1197 ),
 .UNSPECIFIED., .F., .F.,
 ( 4, 2, 2, 2, 2, 2, 2, 2, 4 ),
 ( 0.000000000000000000, 0.1250000000000000000, 0.2500000000000000000, 0.3750000000000000000, 0.5000000000000000000, 0.6250000000000000000, 0.7500000000000000000, 0.8750000000000000000, 1.000000000000000000 ),
 .UNSPECIFIED. ) ;
#2780 = CARTESIAN_POINT ( 'NONE',  ( -14.79936019127011626, 46.31579376325714748, 29.11172082453711596 ) ) ;
#2781 = CARTESIAN_POINT ( 'NONE',  ( 8.334228041826978739, 27.48494301315402311, 31.41371355364649176 ) ) ;
#2782 = DIRECTION ( 'NONE',  ( 0.000000000000000000, -1.000000000000000000, 0.000000000000000000 ) ) ;
#2783 = CARTESIAN_POINT ( 'NONE',  ( 17.91214845696742231, 35.60830718843978104, 31.22057708159939438 ) ) ;
#2784 = CARTESIAN_POINT ( 'NONE',  ( -7.067208281411339499, 31.92507382160505358, 35.97044337427609406 ) ) ;
#2785 = EDGE_CURVE ( 'NONE', #1186, #1427, #3674, .T. ) ;
#2786 = DIRECTION ( 'NONE',  ( 0.000000000000000000, 0.000000000000000000, 1.000000000000000000 ) ) ;
#2787 = SECURITY_CLASSIFICATION ( '', '', #3245 ) ;
#2788 = CARTESIAN_POINT ( 'NONE',  ( 11.92379193004946281, 85.17409337929979074, 3.776851618164596136 ) ) ;
#2789 = CARTESIAN_POINT ( 'NONE',  ( 32.81772896505149362, 60.12635547967593652, 10.39051413582516048 ) ) ;
#2790 = EDGE_CURVE ( 'NONE', #1186, #4381, #527, .T. ) ;
#2791 = CIRCLE ( 'NONE', #4707, 5.000000000000000888 ) ;
#2792 = CARTESIAN_POINT ( 'NONE',  ( 12.60620715842504147, 60.81361184008058984, 22.43818595208092503 ) ) ;
#2793 = CARTESIAN_POINT ( 'NONE',  ( -23.11438153147352992, 52.08768353174071564, 12.96076190363097247 ) ) ;
#2794 = VECTOR ( 'NONE', #1878, 1000.000000000000227 ) ;
#2795 = CARTESIAN_POINT ( 'NONE',  ( -24.67200986247793537, 45.72939221397850673, 21.17539960348778294 ) ) ;
#2796 = ORIENTED_EDGE ( 'NONE', *, *, #125, .F. ) ;
#2797 = CARTESIAN_POINT ( 'NONE',  ( -17.99232497812081633, 42.76804324984895800, 27.06606108688190560 ) ) ;
#2798 = CARTESIAN_POINT ( 'NONE',  ( -14.88209256590026719, 77.51289956283252991, 17.54686942144867245 ) ) ;
#2799 = CARTESIAN_POINT ( 'NONE',  ( 7.314569846901927797, 56.34228283041818486, 25.40380807079207770 ) ) ;
#2800 = CARTESIAN_POINT ( 'NONE',  ( -12.68322718334090027, 76.62604552343280773, 20.14806061539728432 ) ) ;
#2801 = DIRECTION ( 'NONE',  ( 0.000000000000000000, 0.000000000000000000, -1.000000000000000000 ) ) ;
#2802 = CARTESIAN_POINT ( 'NONE',  ( 0.000000000000000000, 12.00000000000000000, 0.000000000000000000 ) ) ;
#2803 = ORIENTED_EDGE ( 'NONE', *, *, #1429, .T. ) ;
#2804 = CARTESIAN_POINT ( 'NONE',  ( 15.48048732163167607, 35.54161428213579654, 28.75752501420393514 ) ) ;
#2805 = CARTESIAN_POINT ( 'NONE',  ( 3.648650463835175550, 86.31154764204583785, 13.21267699763313175 ) ) ;
#2806 = EDGE_LOOP ( 'NONE', ( #2827, #1494 ) ) ;
#2807 = CARTESIAN_POINT ( 'NONE',  ( 49.49747468305839959, 39.00000000000000000, 49.49747468305830722 ) ) ;
#2808 = CARTESIAN_POINT ( 'NONE',  ( -12.33478067921892141, 34.26315789473684958, 30.06830865871189928 ) ) ;
#2809 = CARTESIAN_POINT ( 'NONE',  ( 30.79309802936237261, 33.05416136983605213, 19.42231512959460460 ) ) ;
#2810 = CARTESIAN_POINT ( 'NONE',  ( 19.90508654912026643, 32.48116355107261199, 30.62933677462899240 ) ) ;
#2811 = CARTESIAN_POINT ( 'NONE',  ( -0.5159612801047934738, 29.01242638240836769, 37.49251633951465834 ) ) ;
#2812 = CARTESIAN_POINT ( 'NONE',  ( -22.85350128978905104, 63.05263157894739834, -44.32305713649540024 ) ) ;
#2813 = CARTESIAN_POINT ( 'NONE',  ( 6.183380500653862910, 86.52104116733890748, 1.858590992083794635 ) ) ;
#2814 = CARTESIAN_POINT ( 'NONE',  ( 4.450106777395964386, 51.96290142714502025, 26.12367738814211648 ) ) ;
#2815 = CARTESIAN_POINT ( 'NONE',  ( 12.59811335925645892, 60.76981854474426115, 22.45502839669987694 ) ) ;
#2816 = APPROVAL_DATE_TIME ( #1617, #2078 ) ;
#2817 = CARTESIAN_POINT ( 'NONE',  ( -20.20083922455358305, 49.60757502025315802, 17.15182389262178830 ) ) ;
#2818 = CARTESIAN_POINT ( 'NONE',  ( -9.708169147286090706, 50.45656079281560125, 31.01614824261200098 ) ) ;
#2819 = ORIENTED_EDGE ( 'NONE', *, *, #1032, .F. ) ;
#2820 = CARTESIAN_POINT ( 'NONE',  ( -25.04081098031039332, 41.77435144203249706, 20.72879599390746463 ) ) ;
#2821 = CARTESIAN_POINT ( 'NONE',  ( -26.51503844863806236, 71.65796179697836976, 7.673290084692548696 ) ) ;
#2822 = DIRECTION ( 'NONE',  ( 0.000000000000000000, -1.000000000000000000, 0.000000000000000000 ) ) ;
#2823 = CARTESIAN_POINT ( 'NONE',  ( -12.12263140713913501, 74.43267546169855109, 23.29780242158540560 ) ) ;
#2824 = AXIS2_PLACEMENT_3D ( 'NONE', #1468, #3346, #1071 ) ;
#2825 = CARTESIAN_POINT ( 'NONE',  ( -6.541170646468502881, 84.58209506910364439, 12.80630393800786138 ) ) ;
#2826 = CARTESIAN_POINT ( 'NONE',  ( 26.30095717266534905, 30.28850160058894048, 19.24952900950367862 ) ) ;
#2827 = ORIENTED_EDGE ( 'NONE', *, *, #3308, .T. ) ;
#2828 = DIRECTION ( 'NONE',  ( 0.08165661541242127952, 0.9307481772807317810, -0.3564267493440744228 ) ) ;
#2829 = CARTESIAN_POINT ( 'NONE',  ( 4.526693215601977904, 85.91681465644109039, 16.39260286414047130 ) ) ;
#2830 = ORIENTED_EDGE ( 'NONE', *, *, #3155, .F. ) ;
#2831 =( BOUNDED_CURVE ( )  B_SPLINE_CURVE ( 3, ( #216, #3312, #4790, #4833 ),
 .UNSPECIFIED., .F., .T. ) 
 B_SPLINE_CURVE_WITH_KNOTS ( ( 4, 4 ),
 ( 5.961896717914780375, 6.283185307179590673 ),
 .UNSPECIFIED. ) 
 CURVE ( )  GEOMETRIC_REPRESENTATION_ITEM ( )  RATIONAL_B_SPLINE_CURVE ( ( 1.000000000000000000, 0.9914162870737729394, 0.9914162870737729394, 1.000000000000000000 ) ) 
 REPRESENTATION_ITEM ( '' )  );
#2832 = CARTESIAN_POINT ( 'NONE',  ( -31.44820818785212069, 49.93941297442768246, 16.84756111396234957 ) ) ;
#2833 = CARTESIAN_POINT ( 'NONE',  ( 4.531171328937388942, 24.93995230040249567, 32.18276406443324333 ) ) ;
#2834 = EDGE_CURVE ( 'NONE', #2169, #614, #4527, .T. ) ;
#2835 = CARTESIAN_POINT ( 'NONE',  ( 29.93992818255024702, 30.92678559004840722, 21.59448289457099790 ) ) ;
#2836 = CARTESIAN_POINT ( 'NONE',  ( 28.40360349729633782, 29.43733414603716980, 24.26513661513852682 ) ) ;
#2837 = EDGE_CURVE ( 'NONE', #2853, #1325, #4563, .T. ) ;
#2838 = CARTESIAN_POINT ( 'NONE',  ( -6.323535219508388927, 31.25213534541365590, 36.28059453271895762 ) ) ;
#2839 = DIRECTION ( 'NONE',  ( -0.7157634222084372499, -0.6983428408944036825, 0.000000000000000000 ) ) ;
#2840 = CARTESIAN_POINT ( 'NONE',  ( -7.389135401581208740, 56.67980759355751275, 25.35721902322690724 ) ) ;
#2841 = CARTESIAN_POINT ( 'NONE',  ( 2.031211955477673747, 50.78028414177030925, 26.42204171026671133 ) ) ;
#2842 = CARTESIAN_POINT ( 'NONE',  ( 15.04762961622783379, 64.91085542644604800, 19.16856585777221156 ) ) ;
#2843 = EDGE_CURVE ( 'NONE', #1660, #3850, #2255, .T. ) ;
#2844 = CARTESIAN_POINT ( 'NONE',  ( -22.09341851252735367, 50.73850040531338834, 14.63321219301886167 ) ) ;
#2845 = CARTESIAN_POINT ( 'NONE',  ( -11.94980896025690775, 52.19503923747436858, 30.31450668798100878 ) ) ;
#2846 = B_SPLINE_CURVE_WITH_KNOTS ( 'NONE', 3,
 ( #162, #4784, #4485, #2199, #3735, #3238, #2476, #2861, #2503, #4384, #4410, #547, #3641, #3285, #4809, #1354, #3073, #1452, #3004, #4881, #4156, #3827, #666, #2620, #1143, #4903, #691, #3026, #4597, #4926, #1518, #3423, #3803, #4950, #3050, #2245, #4531, #4200, #4973, #2290, #2270, #1496, #738, #1473, #4178, #2691, #713, #4575, #3760, #1884, #1863, #1098, #4553, #3782, #4224, #284, #1430, #1119, #1817, #356, #765, #332, #3381 ),
 .UNSPECIFIED., .F., .F.,
 ( 4, 2, 2, 1, 2, 2, 2, 2, 1, 1, 2, 2, 2, 2, 1, 1, 2, 2, 2, 2, 1, 1, 1, 2, 2, 2, 2, 1, 1, 2, 2, 2, 2, 1, 2, 2, 4 ),
 ( 0.000000000000000000, 0.06249999999999542033, 0.09374999999999310274, 0.1093749999999919092, 0.1171874999999912431, 0.1249999999999905909, 0.1874999999999855393, 0.2187499999999829581, 0.2343749999999816536, 0.2421874999999810152, 0.2460937499999808209, 0.2499999999999806544, 0.3124999999999825140, 0.3437499999999833467, 0.3593749999999839018, 0.3671874999999839573, 0.3710937499999840683, 0.3749999999999841793, 0.4999999999999893419, 0.5624999999999920064, 0.5937499999999934497, 0.6093749999999942268, 0.6171874999999944489, 0.6210937499999945599, 0.6249999999999946709, 0.6874999999999951150, 0.7187499999999952260, 0.7343749999999951150, 0.7421874999999951150, 0.7460937499999952260, 0.7499999999999952260, 0.8124999999999973355, 0.8437499999999984457, 0.8593749999999988898, 0.8671874999999988898, 0.8749999999999987788, 1.000000000000000000 ),
 .UNSPECIFIED. ) ;
#2847 = CARTESIAN_POINT ( 'NONE',  ( -15.26187955266909846, 44.41104739144864766, 28.69361153644224771 ) ) ;
#2848 = DIRECTION ( 'NONE',  ( 0.000000000000000000, 0.000000000000000000, 1.000000000000000000 ) ) ;
#2849 = CARTESIAN_POINT ( 'NONE',  ( 7.410063127866471255, 56.83211709268611145, 25.33615974055654618 ) ) ;
#2850 = LINE ( 'NONE', #1728, #2628 ) ;
#2851 = FACE_OUTER_BOUND ( 'NONE', #661, .T. ) ;
#2852 = DIRECTION ( 'NONE',  ( 0.7071067811865461294, 0.000000000000000000, -0.7071067811865489050 ) ) ;
#2853 = VERTEX_POINT ( 'NONE', #2676 ) ;
#2854 = CARTESIAN_POINT ( 'NONE',  ( -15.05236376888493410, 63.96223240523544717, 36.86304279053838684 ) ) ;
#2855 = CARTESIAN_POINT ( 'NONE',  ( 8.467503908470474627, 82.32145697341331925, 30.66308081334167923 ) ) ;
#2856 = TOROIDAL_SURFACE ( 'NONE', #1537, 30.29203427834160323, 5.000000000000000000 ) ;
#2857 = ORIENTED_EDGE ( 'NONE', *, *, #4043, .F. ) ;
#2858 = CARTESIAN_POINT ( 'NONE',  ( -30.78066010261770558, 48.78855286300507288, 18.47759161742904865 ) ) ;
#2859 = EDGE_CURVE ( 'NONE', #103, #2439, #3227, .T. ) ;
#2860 = CARTESIAN_POINT ( 'NONE',  ( -12.45520778387937888, 71.24342474055269747, 29.22656493798530164 ) ) ;
#2861 = CARTESIAN_POINT ( 'NONE',  ( 29.31108747927072855, 30.64753074221134099, 14.03967437723851219 ) ) ;
#2862 = CARTESIAN_POINT ( 'NONE',  ( 31.02443727434126686, 34.14597358911475311, 18.65980427578049117 ) ) ;
#2863 = EDGE_CURVE ( 'NONE', #3048, #638, #1051, .T. ) ;
#2864 = CARTESIAN_POINT ( 'NONE',  ( 26.43568751133560113, 28.99978568795462053, 26.59750237880981771 ) ) ;
#2865 = CARTESIAN_POINT ( 'NONE',  ( -5.900834013716848681, 30.92657649559387067, 36.44043550159977940 ) ) ;
#2866 = CARTESIAN_POINT ( 'NONE',  ( 7.550870904589467969, 86.13415653789590465, 13.31208725430489537 ) ) ;
#2867 = CARTESIAN_POINT ( 'NONE',  ( -7.171569920461914549, 55.80344080059595058, 25.47793539861843470 ) ) ;
#2868 = CARTESIAN_POINT ( 'NONE',  ( 5.981898459053188510, 53.47185116377385583, 25.81687012694323968 ) ) ;
#2869 = CARTESIAN_POINT ( 'NONE',  ( 0.000000000000000000, 0.000000000000000000, 0.000000000000000000 ) ) ;
#2870 = CARTESIAN_POINT ( 'NONE',  ( -20.50736513326404875, 49.71318206982319765, 16.78389921896871684 ) ) ;
#2871 = CARTESIAN_POINT ( 'NONE',  ( -25.98164617567195833, 46.17094514213942347, 19.56765843741316147 ) ) ;
#2872 = CARTESIAN_POINT ( 'NONE',  ( -7.439691240497733560, 84.66072360160848120, 9.551535283994702752 ) ) ;
#2873 = CARTESIAN_POINT ( 'NONE',  ( -1.350215549833094109, 24.07583827534955034, 32.47375606453999808 ) ) ;
#2874 = DIRECTION ( 'NONE',  ( 0.000000000000000000, 0.000000000000000000, -1.000000000000000000 ) ) ;
#2875 = CARTESIAN_POINT ( 'NONE',  ( -7.901398885109821357, 83.12929911634380176, 16.16395351979704387 ) ) ;
#2876 = CARTESIAN_POINT ( 'NONE',  ( 29.78116459824789786, 32.79368437583095641, 13.01695952830937841 ) ) ;
#2877 = EDGE_LOOP ( 'NONE', ( #633, #42, #2719, #836, #4542, #2372 ) ) ;
#2878 = CARTESIAN_POINT ( 'NONE',  ( -13.78825360484655249, 67.73068536179920329, 34.05518091197949815 ) ) ;
#2879 = CARTESIAN_POINT ( 'NONE',  ( 4.581133682976558319, 85.88905754023109296, 16.58974011775555013 ) ) ;
#2880 = EDGE_LOOP ( 'NONE', ( #263, #1648, #569, #1792 ) ) ;
#2881 = CARTESIAN_POINT ( 'NONE',  ( -28.47140627329882179, 46.90630387468993234, 22.57047063697887879 ) ) ;
#2882 = CARTESIAN_POINT ( 'NONE',  ( -12.27986904313272021, 71.77025209083511470, 28.06417517158445207 ) ) ;
#2883 = EDGE_CURVE ( 'NONE', #614, #485, #1790, .T. ) ;
#2884 = CIRCLE ( 'NONE', #3919, 10.50000000000000000 ) ;
#2885 = ORIENTED_EDGE ( 'NONE', *, *, #1973, .F. ) ;
#2886 = CARTESIAN_POINT ( 'NONE',  ( 14.83094318358010000, 61.48060941828259729, -14.83094318358016039 ) ) ;
#2887 = CARTESIAN_POINT ( 'NONE',  ( 30.63159858643335198, 32.48828524033510945, 19.89869859623648551 ) ) ;
#2888 = CARTESIAN_POINT ( 'NONE',  ( 22.66568441468756845, 30.20519336834790636, 29.39735188644191410 ) ) ;
#2889 = CARTESIAN_POINT ( 'NONE',  ( 7.685207224906625889, 32.60007617266710156, 35.68447976102580554 ) ) ;
#2890 = CARTESIAN_POINT ( 'NONE',  ( 7.500000000000000000, 58.00000000000000000, 25.17439175034819954 ) ) ;
#2891 = CARTESIAN_POINT ( 'NONE',  ( 3.902281638813016151, 51.59513500637768146, 26.21110959913715632 ) ) ;
#2892 = AXIS2_PLACEMENT_3D ( 'NONE', #3544, #1318, #863 ) ;
#2893 = CARTESIAN_POINT ( 'NONE',  ( -7.425226657502406624, 59.06344621277810347, 25.02621661870909264 ) ) ;
#2894 = CARTESIAN_POINT ( 'NONE',  ( -29.98569590945191976, 51.09710502494049678, 12.74771910857185908 ) ) ;
#2895 = CARTESIAN_POINT ( 'NONE',  ( -29.85903030203172293, 46.39412262917903718, 12.86960739816603549 ) ) ;
#2896 = CIRCLE ( 'NONE', #4813, 5.000000000000001776 ) ;
#2897 = CARTESIAN_POINT ( 'NONE',  ( 5.316863908411470163, 25.28986718055049820, 32.06794366351645209 ) ) ;
#2898 = FACE_BOUND ( 'NONE', #2576, .T. ) ;
#2899 = CARTESIAN_POINT ( 'NONE',  ( -15.88802968517882341, 59.91168634607556953, 37.51178639030819539 ) ) ;
#2900 = CARTESIAN_POINT ( 'NONE',  ( 26.95342175572175236, 25.82045270851204677, 18.16194011703994704 ) ) ;
#2901 = CARTESIAN_POINT ( 'NONE',  ( 42.78823848096265436, 35.84210526315790446, 56.20671088515399560 ) ) ;
#2902 = CARTESIAN_POINT ( 'NONE',  ( 9.139088115281444047, 81.09081147891143360, 33.09453837319573211 ) ) ;
#2903 = VERTEX_POINT ( 'NONE', #4366 ) ;
#2904 = CARTESIAN_POINT ( 'NONE',  ( -30.92352459149519461, 48.99596892579791785, 18.15218539808737930 ) ) ;
#2905 = CARTESIAN_POINT ( 'NONE',  ( -14.57357631038883916, 64.87851945500469242, 36.45215620361810238 ) ) ;
#2906 = ORIENTED_EDGE ( 'NONE', *, *, #906, .F. ) ;
#2907 = CARTESIAN_POINT ( 'NONE',  ( -20.36624957756445298, 75.25312014937908600, 14.88091291451070930 ) ) ;
#2908 = VERTEX_POINT ( 'NONE', #444 ) ;
#2909 = CARTESIAN_POINT ( 'NONE',  ( 30.66699976597453059, 32.60007617355320519, 19.79847547778878436 ) ) ;
#2910 = CARTESIAN_POINT ( 'NONE',  ( 22.80907712884730287, 30.12195220956671093, 29.31758256384834382 ) ) ;
#2911 = CARTESIAN_POINT ( 'NONE',  ( 4.582271585235630162, 30.11164575498049345, 36.86470357191535641 ) ) ;
#2912 = CARTESIAN_POINT ( 'NONE',  ( 6.535218157629094193, 86.36154239575026281, 11.52156005563531238 ) ) ;
#2913 = ORIENTED_EDGE ( 'NONE', *, *, #1121, .F. ) ;
#2914 = CYLINDRICAL_SURFACE ( 'NONE', #1987, 15.49999999999999822 ) ;
#2915 = CARTESIAN_POINT ( 'NONE',  ( -6.939620470514433315, 60.84459353614325039, 24.77575120541555620 ) ) ;
#2916 = DIRECTION ( 'NONE',  ( 0.000000000000000000, 0.000000000000000000, 1.000000000000000000 ) ) ;
#2917 = CARTESIAN_POINT ( 'NONE',  ( 0.000000000000000000, 0.000000000000000000, 0.000000000000000000 ) ) ;
#2918 = AXIS2_PLACEMENT_3D ( 'NONE', #843, #1939, #4660 ) ;
#2919 = CARTESIAN_POINT ( 'NONE',  ( -0.6637703065445089701, 24.01430022545084952, 32.49503537389075092 ) ) ;
#2920 = CARTESIAN_POINT ( 'NONE',  ( 31.26605793834206892, 54.13400055311903714, 9.263995043364209536 ) ) ;
#2921 = EDGE_CURVE ( 'NONE', #904, #3583, #2753, .T. ) ;
#2922 = CARTESIAN_POINT ( 'NONE',  ( -15.52046841997304583, 61.89849507680731477, 37.43094287828378697 ) ) ;
#2923 = CARTESIAN_POINT ( 'NONE',  ( 28.97300127752425070, 29.51100767682455128, 14.72644302994394039 ) ) ;
#2924 = CARTESIAN_POINT ( 'NONE',  ( -16.03431196187903751, 55.99187828208624040, 36.12713949807007197 ) ) ;
#2925 = B_SPLINE_CURVE_WITH_KNOTS ( 'NONE', 3,
 ( #4632, #2783, #4259, #439, #1204, #4313, #3, #3185, #4606, #3080, #3104, #3482, #3160, #4232, #3883, #4285, #1637, #3507, #4709, #1551, #30, #3564, #1965, #1580, #364, #2299, #2327, #415, #1176, #1260, #2377, #797, #3910, #1149, #2810, #2729, #391, #3132, #823, #4683, #1991, #3535, #58, #1232, #4980, #854, #3940, #772, #466, #3857, #2022, #745, #1524, #1912, #3458, #1666, #1716, #2454, #3593, #2529, #113, #1766, #912, #4831, #4760, #2888, #3214, #3964, #2910, #140, #3240, #4387, #2506, #4433, #4363, #2104, #1380, #214, #573, #3263, #596, #964, #4412, #491, #4811, #2049, #3621, #3644, #1694, #4788, #1312, #1334, #2129, #2864, #938, #2479, #986, #4339, #164, #4015, #2431, #882, #4734, #1357, #1287, #2836, #549, #3991, #520, #2075, #4039, #3666, #190, #3310, #1745, #3287, #4064, #2154, #3691, #2152, #139, #2430, #112, #2453, #519, #4062, #4733, #910, #2528, #4038, #2835, #571, #4013, #1333, #4362, #937, #1693, #2505, #594, #3212, #3690, #163, #490, #1259, #187, #3989, #2074, #3239, #4785, #1744, #1665, #4385, #1636, #3183, #2887, #548, #2909, #1286, #984, #3643, #2478, #2809, #3619, #2103, #4759, #1715, #1311, #3262, #4411, #2862, #963, #2128, #3286, #4708, #3665, #4810, #4338, #880, #1356 ),
 .UNSPECIFIED., .F., .F.,
 ( 4, 2, 2, 1, 1, 1, 2, 2, 2, 2, 1, 1, 1, 1, 2, 2, 2, 1, 1, 1, 1, 1, 2, 2, 2, 2, 2, 1, 1, 1, 2, 2, 2, 2, 1, 1, 1, 1, 2, 2, 2, 2, 1, 1, 1, 2, 2, 2, 1, 1, 1, 2, 2, 2, 1, 1, 2, 2, 2, 2, 2, 2, 1, 2, 2, 2, 1, 1, 1, 2, 2, 2, 1, 1, 1, 1, 2, 2, 2, 2, 1, 1, 1, 1, 2, 2, 2, 2, 1, 1, 1, 1, 2, 2, 2, 2, 1, 1, 1, 1, 2, 2, 2, 1, 1, 1, 2, 2, 2, 2, 1, 1, 1, 2, 2, 4 ),
 ( 0.000000000000000000, 0.03125000000000622419, 0.04687500000000978384, 0.05468750000001153938, 0.05859375000001268430, 0.06054687500001328104, 0.06152343750001346145, 0.06250000000001364187, 0.09375000000002625677, 0.1093750000000321132, 0.1171875000000350414, 0.1210937500000368733, 0.1230468750000376782, 0.1240234375000379419, 0.1245117187500376504, 0.1250000000000373590, 0.1406250000000300038, 0.1484375000000262845, 0.1523437500000245082, 0.1542968750000236200, 0.1552734375000228983, 0.1557617187500227873, 0.1560058593750230649, 0.1562500000000233702, 0.1718750000000122125, 0.1796875000000069389, 0.1835937500000043854, 0.1855468750000032752, 0.1865234375000027200, 0.1870117187500023315, 0.1872558593750020539, 0.1875000000000017486, 0.2187500000000298095, 0.2343750000000440759, 0.2421875000000508205, 0.2460937500000542066, 0.2480468750000558165, 0.2490234375000565104, 0.2495117187500569544, 0.2500000000000574540, 0.2812500000000869305, 0.2968750000001019185, 0.3046875000001097455, 0.3085937500001136868, 0.3105468750001154632, 0.3115234375001164624, 0.3125000000001174061, 0.3437500000001454392, 0.3593750000001593725, 0.3671875000001660894, 0.3710937500001693645, 0.3730468750001709743, 0.3750000000001726397, 0.4062500000001942335, 0.4218750000002050582, 0.4296875000002106093, 0.4335937500002133849, 0.4375000000002161604, 0.4687500000002366440, 0.4843750000002467471, 0.5000000000002567946, 0.5312500000002772227, 0.5468750000002874367, 0.5546875000002927658, 0.5625000000002980949, 0.5937500000003205214, 0.6093750000003316236, 0.6171875000003373968, 0.6210937500003399503, 0.6230468750003411715, 0.6250000000003422818, 0.6562500000003559375, 0.6718750000003630429, 0.6796875000003667067, 0.6835937500003687051, 0.6855468750003698153, 0.6865234375003705924, 0.6875000000003712586, 0.7187500000003945733, 0.7343750000004063416, 0.7421875000004122258, 0.7460937500004150014, 0.7480468750004165557, 0.7490234375004173328, 0.7495117187504177769, 0.7500000000004182210, 0.7812500000004517497, 0.7968750000004688472, 0.8046875000004770628, 0.8085937500004812817, 0.8105468750004830580, 0.8115234375004839462, 0.8120117187504845013, 0.8125000000004850564, 0.8281250000005075940, 0.8359375000005189182, 0.8398437500005252465, 0.8417968750005292433, 0.8427734375005306866, 0.8432617187505309087, 0.8435058593755305756, 0.8437500000005303535, 0.8593750000004783951, 0.8671875000004521938, 0.8710937500004394263, 0.8730468750004326539, 0.8740234375004293232, 0.8750000000004259926, 0.9062500000003125278, 0.9218750000002557954, 0.9296875000002275957, 0.9335937500002131628, 0.9355468750002058353, 0.9365234375002025047, 0.9375000000001991740, 1.000000000000000000 ),
 .UNSPECIFIED. ) ;
#2926 = CARTESIAN_POINT ( 'NONE',  ( -15.83862021810845988, 60.26692393737665299, 37.77052156681119754 ) ) ;
#2927 = ORIENTED_EDGE ( 'NONE', *, *, #3005, .F. ) ;
#2928 = CARTESIAN_POINT ( 'NONE',  ( -31.47201537920316738, 49.99036439896467243, 16.78346562403783793 ) ) ;
#2929 = ADVANCED_FACE ( 'NONE', ( #828 ), #4764, .T. ) ;
#2930 = LINE ( 'NONE', #2616, #810 ) ;
#2931 = ORIENTED_EDGE ( 'NONE', *, *, #911, .T. ) ;
#2932 = CARTESIAN_POINT ( 'NONE',  ( -28.71980381991654951, 68.44279661301638384, 6.435037690809100042 ) ) ;
#2933 = VECTOR ( 'NONE', #2394, 1000.000000000000114 ) ;
#2934 = EDGE_LOOP ( 'NONE', ( #4907, #1687 ) ) ;
#2935 = DIRECTION ( 'NONE',  ( 0.7071067811865490160, 0.000000000000000000, 0.7071067811865460184 ) ) ;
#2936 = B_SPLINE_CURVE_WITH_KNOTS ( 'NONE', 3,
 ( #1770, #2533, #602, #942, #2868, #4765, #3968, #4021, #194, #1316, #1671, #3670, #4739, #2158, #3695, #4714, #3626, #554, #3648, #2814, #168, #4792, #1748, #219, #1338, #1264, #4344, #967, #144, #3218, #2891, #2080, #887, #4416, #3291, #3995, #2510, #1698, #4042, #525, #4815, #2459, #2841, #2435, #3598, #496 ),
 .UNSPECIFIED., .F., .F.,
 ( 4, 2, 2, 2, 1, 1, 2, 2, 2, 2, 1, 2, 2, 1, 1, 2, 1, 1, 2, 2, 2, 2, 1, 1, 1, 2, 2, 4 ),
 ( 0.000000000000000000, 0.1250000000000023870, 0.1875000000000026090, 0.2187500000000026368, 0.2343750000000018874, 0.2421875000000015266, 0.2460937500000012490, 0.2500000000000009992, 0.3749999999999969469, 0.4062499999999950040, 0.4140624999999951150, 0.4160156249999937272, 0.4179687499999923395, 0.4218749999999907851, 0.4374999999999875100, 0.4687499999999798495, 0.4843749999999761302, 0.4921874999999749090, 0.4960937499999743538, 0.4999999999999739098, 0.6249999999999712452, 0.6874999999999700240, 0.7187499999999694689, 0.7343749999999688027, 0.7421874999999690248, 0.7460937499999690248, 0.7499999999999691358, 1.000000000000000000 ),
 .UNSPECIFIED. ) ;
#2937 = DIRECTION ( 'NONE',  ( 0.000000000000000000, 0.000000000000000000, 1.000000000000000000 ) ) ;
#2938 = CARTESIAN_POINT ( 'NONE',  ( 8.389761717231390747, 33.55226208355519901, 35.32610042237963199 ) ) ;
#2939 = DIRECTION ( 'NONE',  ( 0.000000000000000000, -1.000000000000000000, 0.000000000000000000 ) ) ;
#2940 = ORIENTED_EDGE ( 'NONE', *, *, #285, .F. ) ;
#2941 = CARTESIAN_POINT ( 'NONE',  ( 22.21725216301960515, 52.89681800885659868, 14.44451585717201780 ) ) ;
#2942 = CARTESIAN_POINT ( 'NONE',  ( -7.371181732235798201, 59.38418852593699881, 24.98121805898496817 ) ) ;
#2943 = DIRECTION ( 'NONE',  ( -0.9531036608373971708, -0.3026440346320270480, 0.000000000000000000 ) ) ;
#2944 = CARTESIAN_POINT ( 'NONE',  ( -30.82794150059786276, 49.54922658079679110, 10.29210872908996421 ) ) ;
#2945 = CARTESIAN_POINT ( 'NONE',  ( 0.7023877944301820664, 24.00121593599499903, 32.49957847588689930 ) ) ;
#2946 = CIRCLE ( 'NONE', #3592, 7.499999999999997335 ) ;
#2947 = DIRECTION ( 'NONE',  ( 1.000000000000000000, 0.000000000000000000, -1.224646799147354193E-16 ) ) ;
#2948 = VECTOR ( 'NONE', #4509, 1000.000000000000227 ) ;
#2949 = CARTESIAN_POINT ( 'NONE',  ( -15.87155971318260050, 61.10435592164449758, 37.70425734683625052 ) ) ;
#2950 = CARTESIAN_POINT ( 'NONE',  ( 23.07496356433500040, 29.97169029178215283, 29.16718363967310168 ) ) ;
#2951 = CARTESIAN_POINT ( 'NONE',  ( -15.95572921334090921, 60.63372631775372668, 37.71565819791363339 ) ) ;
#2952 = CARTESIAN_POINT ( 'NONE',  ( -15.97557562520897712, 57.03047390703033415, 36.82791836400657814 ) ) ;
#2953 = ORIENTED_EDGE ( 'NONE', *, *, #883, .T. ) ;
#2954 = CARTESIAN_POINT ( 'NONE',  ( 59.65296372179169992, 36.56829689731759458, -59.65296372179109596 ) ) ;
#2955 = AXIS2_PLACEMENT_3D ( 'NONE', #5, #749, #1915 ) ;
#2956 = DIRECTION ( 'NONE',  ( 0.000000000000000000, -1.000000000000000000, 0.000000000000000000 ) ) ;
#2957 = ORIENTED_EDGE ( 'NONE', *, *, #3199, .T. ) ;
#2958 = CARTESIAN_POINT ( 'NONE',  ( -32.92269887175604737, 59.57640258375830200, 10.95062265628255993 ) ) ;
#2959 = ORIENTED_EDGE ( 'NONE', *, *, #2863, .T. ) ;
#2960 = CARTESIAN_POINT ( 'NONE',  ( -33.58827921314225051, 58.00000000000000000, -33.58827921314215104 ) ) ;
#2961 = DIRECTION ( 'NONE',  ( 1.000000000000000000, 0.000000000000000000, 0.000000000000000000 ) ) ;
#2962 = CARTESIAN_POINT ( 'NONE',  ( 5.808658739050231112, 30.85987567287570243, 36.47377998813662714 ) ) ;
#2963 = ORIENTED_EDGE ( 'NONE', *, *, #4336, .F. ) ;
#2964 = CARTESIAN_POINT ( 'NONE',  ( 20.13903038796850709, 50.78878157571318042, 17.22409563240687191 ) ) ;
#2965 = CARTESIAN_POINT ( 'NONE',  ( -6.062679334172835333, 62.42197535796772456, 24.55211645888577721 ) ) ;
#2966 = CARTESIAN_POINT ( 'NONE',  ( 12.69860854008815387, 84.31847847021782627, 2.926494117632956193 ) ) ;
#2967 = FACE_OUTER_BOUND ( 'NONE', #4613, .T. ) ;
#2968 = CARTESIAN_POINT ( 'NONE',  ( 6.664469302627793468, 31.49411085814687894, 31.93867485853094124 ) ) ;
#2969 = CARTESIAN_POINT ( 'NONE',  ( 4.980581167116629793, 85.68705157031310193, 18.03627990325309938 ) ) ;
#2970 = AXIS2_PLACEMENT_3D ( 'NONE', #4096, #1437, #4393 ) ;
#2971 = EDGE_LOOP ( 'NONE', ( #849, #1372, #383, #671, #3824 ) ) ;
#2972 = CARTESIAN_POINT ( 'NONE',  ( -15.18126852826944884, 52.94736842105259456, 70.00000000000000000 ) ) ;
#2973 = CARTESIAN_POINT ( 'NONE',  ( 22.00766655248404646, 24.07583827534955034, 23.91715969518405416 ) ) ;
#2974 = CARTESIAN_POINT ( 'NONE',  ( -16.17384632425918767, 58.19704437969890165, 37.27225709937454923 ) ) ;
#2975 = CARTESIAN_POINT ( 'NONE',  ( 1.160538309654120637, 86.93799054898828160, 4.202681208032060134 ) ) ;
#2976 = ORIENTED_EDGE ( 'NONE', *, *, #2549, .T. ) ;
#2977 = CARTESIAN_POINT ( 'NONE',  ( -26.01720116622670176, 46.40289486085843151, 25.54521163276366735 ) ) ;
#2978 = CARTESIAN_POINT ( 'NONE',  ( 9.606482298606699999, 36.19722042038635124, 34.64548246917324548 ) ) ;
#2979 = ORIENTED_EDGE ( 'NONE', *, *, #1359, .F. ) ;
#2980 = CARTESIAN_POINT ( 'NONE',  ( -30.95102290639378140, 55.52952473478183038, 10.22505971010722625 ) ) ;
#2981 = DIRECTION ( 'NONE',  ( -0.9488292830168392200, 0.3157894736842106198, 0.000000000000000000 ) ) ;
#2982 = CARTESIAN_POINT ( 'NONE',  ( -31.70196177765122059, 56.02603528979189207, 7.185362809447350507 ) ) ;
#2983 = PRODUCT ( 'PP18.5A', 'PP18.5A', '', ( #1643 ) ) ;
#2984 = DIRECTION ( 'NONE',  ( 0.000000000000000000, -1.000000000000000000, 0.000000000000000000 ) ) ;
#2985 = CARTESIAN_POINT ( 'NONE',  ( 3.985432916403441439, 29.82758357022217055, 37.02080649456727457 ) ) ;
#2986 = ORIENTED_EDGE ( 'NONE', *, *, #2670, .T. ) ;
#2987 = CARTESIAN_POINT ( 'NONE',  ( 21.78175551549064792, 52.17919580790580625, 15.09321300652089803 ) ) ;
#2988 = CARTESIAN_POINT ( 'NONE',  ( -3.420830124437075348, 64.67549949528735453, 24.22857504971740283 ) ) ;
#2989 = CARTESIAN_POINT ( 'NONE',  ( 16.50059748492505207, 82.39644194341640571, 2.456530572083905017 ) ) ;
#2990 = CARTESIAN_POINT ( 'NONE',  ( -28.66754971490205861, 44.37299087486302795, 15.31208623859469142 ) ) ;
#2991 = CARTESIAN_POINT ( 'NONE',  ( -8.756042859381928167, 34.16263011567620111, 35.12525758401349663 ) ) ;
#2992 = EDGE_CURVE ( 'NONE', #2903, #1796, #2579, .T. ) ;
#2993 = CARTESIAN_POINT ( 'NONE',  ( 9.527716962450391236, 35.96056003851904848, 34.67802952236394987 ) ) ;
#2994 = VERTEX_POINT ( 'NONE', #1720 ) ;
#2995 = DIRECTION ( 'NONE',  ( 0.7071067811865490160, 0.000000000000000000, 0.7071067811865461294 ) ) ;
#2996 = CARTESIAN_POINT ( 'NONE',  ( 19.43857839639202822, 30.14795850893954920, 26.15780060594073220 ) ) ;
#2997 = CARTESIAN_POINT ( 'NONE',  ( -15.72182835456022865, 54.33964014239721507, 34.83486803333008908 ) ) ;
#2998 = CARTESIAN_POINT ( 'NONE',  ( -15.83860269815314581, 55.71683642981221851, 36.02049479973554469 ) ) ;
#2999 = CARTESIAN_POINT ( 'NONE',  ( -27.77000050666707054, 46.66322655634530037, 23.52218675675668180 ) ) ;
#3000 = CARTESIAN_POINT ( 'NONE',  ( 15.18126852826944884, 52.94736842105259456, -47.50100000000000477 ) ) ;
#3001 = ORIENTED_EDGE ( 'NONE', *, *, #906, .T. ) ;
#3002 = AXIS2_PLACEMENT_3D ( 'NONE', #3304, #1426, #1449 ) ;
#3003 = CARTESIAN_POINT ( 'NONE',  ( -32.82329888108949945, 56.09233158979590428, 12.09733568480296029 ) ) ;
#3004 = CARTESIAN_POINT ( 'NONE',  ( 27.90571099365570262, 27.13401506038271549, 16.65900473927169756 ) ) ;
#3005 = EDGE_CURVE ( 'NONE', #3739, #3800, #3706, .T. ) ;
#3006 = DIRECTION ( 'NONE',  ( 1.000000000000000000, 0.000000000000000000, 0.000000000000000000 ) ) ;
#3007 = CARTESIAN_POINT ( 'NONE',  ( -14.56758765539894895, 47.91207650102320059, 29.64083674414190028 ) ) ;
#3008 = CARTESIAN_POINT ( 'NONE',  ( -5.000000000000000000, 77.00000000000000000, 70.00000000000000000 ) ) ;
#3009 = ORIENTED_EDGE ( 'NONE', *, *, #453, .F. ) ;
#3010 = EDGE_CURVE ( 'NONE', #1677, #3583, #1605, .T. ) ;
#3011 = CARTESIAN_POINT ( 'NONE',  ( 21.48164536673992941, 51.79746417415900339, 15.51747912169595089 ) ) ;
#3012 = CARTESIAN_POINT ( 'NONE',  ( 4.848885597678432191, 63.72312658769241267, 24.36576822099836548 ) ) ;
#3013 = CARTESIAN_POINT ( 'NONE',  ( 0.000000000000000000, 5.000000000000000000, 0.000000000000000000 ) ) ;
#3014 = CARTESIAN_POINT ( 'NONE',  ( -1.869843780621318619, 50.73659947799720982, 26.43399968400636979 ) ) ;
#3015 = CARTESIAN_POINT ( 'NONE',  ( -9.638889005800699294, 28.90506500206199902, 31.04173105629255147 ) ) ;
#3016 = CARTESIAN_POINT ( 'NONE',  ( 7.750360263156410134, 83.34058116727061361, 28.06653729087890170 ) ) ;
#3017 = VERTEX_POINT ( 'NONE', #4898 ) ;
#3018 = CARTESIAN_POINT ( 'NONE',  ( -11.54207533324210999, 53.80344106837195284, 23.85660456880200542 ) ) ;
#3019 = CARTESIAN_POINT ( 'NONE',  ( 26.89820897039655279, 29.00081062407724986, 26.13411178198940021 ) ) ;
#3020 = CARTESIAN_POINT ( 'NONE',  ( 5.000000000000000000, 77.00000000000000000, 45.00000000000000000 ) ) ;
#3021 = CARTESIAN_POINT ( 'NONE',  ( 1.493694186568381266, 86.88781466940459097, 5.409145099108420673 ) ) ;
#3022 = CARTESIAN_POINT ( 'NONE',  ( -24.72423159113450808, 46.46363647837515032, 26.77539187407662169 ) ) ;
#3023 = DIRECTION ( 'NONE',  ( -0.6916548014802289535, 0.2079116908177599810, 0.6916548014802219591 ) ) ;
#3024 = ORIENTED_EDGE ( 'NONE', *, *, #649, .F. ) ;
#3025 = CARTESIAN_POINT ( 'NONE',  ( -8.652380314172216202, 33.97974910192158404, 35.18328644477622191 ) ) ;
#3026 = CARTESIAN_POINT ( 'NONE',  ( 25.89537743013781679, 24.89520877547844435, 19.63876580369149849 ) ) ;
#3027 = CARTESIAN_POINT ( 'NONE',  ( 1.285136420411108205, 86.97843029068154408, 0.1301609099480759146 ) ) ;
#3028 = EDGE_CURVE ( 'NONE', #2994, #2066, #1508, .T. ) ;
#3029 = CARTESIAN_POINT ( 'NONE',  ( -14.54008897680749612, 48.22690359767992874, 29.76731494520061005 ) ) ;
#3030 = CARTESIAN_POINT ( 'NONE',  ( 8.857310377080953145, 34.35797366400950636, 35.06755604185093489 ) ) ;
#3031 = AXIS2_PLACEMENT_3D ( 'NONE', #1231, #2782, #4312 ) ;
#3032 = CARTESIAN_POINT ( 'NONE',  ( 9.527716981535258256, 35.96056009586194335, 34.67802951453393945 ) ) ;
#3033 = AXIS2_PLACEMENT_3D ( 'NONE', #4421, #3297, #2947 ) ;
#3034 = CARTESIAN_POINT ( 'NONE',  ( 7.500000000000000888, 58.38499981159446861, 25.12086516055236274 ) ) ;
#3035 = CARTESIAN_POINT ( 'NONE',  ( -1.133995161147816096E-14, 87.00000000000000000, -6.007283148289879216E-15 ) ) ;
#3036 = CARTESIAN_POINT ( 'NONE',  ( -5.309951154039450394, 52.70283140425866719, 25.96256822705809952 ) ) ;
#3037 = CARTESIAN_POINT ( 'NONE',  ( -9.138547342006191343, 34.86522665710799629, 31.35423439321396089 ) ) ;
#3038 = CARTESIAN_POINT ( 'NONE',  ( 16.00226356027619801, 82.05312486061249899, 28.21157906770080004 ) ) ;
#3039 = EDGE_CURVE ( 'NONE', #1977, #3920, #881, .T. ) ;
#3040 = ORIENTED_EDGE ( 'NONE', *, *, #4403, .T. ) ;
#3041 = CARTESIAN_POINT ( 'NONE',  ( -15.95029200347925347, 59.29438817394670025, 37.64745215817554680 ) ) ;
#3042 = CARTESIAN_POINT ( 'NONE',  ( 20.83801998066905270, 31.54654390528465058, 30.27341397724520178 ) ) ;
#3043 = CARTESIAN_POINT ( 'NONE',  ( 24.27216315313249950, 60.34783327611820170, 46.65669161761760364 ) ) ;
#3044 = CARTESIAN_POINT ( 'NONE',  ( 31.05943131410909430, 59.56926412749794508, 8.532470426085524196 ) ) ;
#3045 = CARTESIAN_POINT ( 'NONE',  ( -17.91671249974247360, 49.15477371187422762, 31.02440452241936697 ) ) ;
#3046 = EDGE_CURVE ( 'NONE', #2033, #1743, #2092, .T. ) ;
#3047 = DIRECTION ( 'NONE',  ( -0.9488292830168393310, 0.3157894736842106198, 0.000000000000000000 ) ) ;
#3048 = VERTEX_POINT ( 'NONE', #4525 ) ;
#3049 = CARTESIAN_POINT ( 'NONE',  ( -8.060875110913558572, 33.08203546394840089, 35.49718536139318559 ) ) ;
#3050 = CARTESIAN_POINT ( 'NONE',  ( 21.16001711934405449, 24.26894701563197998, 24.67041840441295975 ) ) ;
#3051 = CARTESIAN_POINT ( 'NONE',  ( 6.098248662289621258, 86.41611695970929929, 0.6503022785042760212 ) ) ;
#3052 = CARTESIAN_POINT ( 'NONE',  ( -13.99048211582553947, 66.63049946912138921, 34.94077463215986512 ) ) ;
#3053 = CARTESIAN_POINT ( 'NONE',  ( -1.276106906651847783, 24.07136859412840479, 32.47545074218938055 ) ) ;
#3054 = CARTESIAN_POINT ( 'NONE',  ( 22.83182911700901485, 59.57014555469123707, 12.46007120198636819 ) ) ;
#3055 = CARTESIAN_POINT ( 'NONE',  ( 17.03447647516589925, 50.85807337536697048, 20.30185455771546899 ) ) ;
#3056 = CARTESIAN_POINT ( 'NONE',  ( 3.315711683603604687, 64.74346648333175835, 24.21871983808554418 ) ) ;
#3057 = DIRECTION ( 'NONE',  ( 0.7071067811865485719, 0.000000000000000000, 0.7071067811865465735 ) ) ;
#3058 = CARTESIAN_POINT ( 'NONE',  ( -4.012663841543967713, 51.66175152460070308, 26.19479247997499627 ) ) ;
#3059 = ADVANCED_FACE ( 'NONE', ( #206 ), #3729, .T. ) ;
#3060 = CARTESIAN_POINT ( 'NONE',  ( -3.583736662757905034, 29.66053149002229716, 37.11452893608884551 ) ) ;
#3061 = CARTESIAN_POINT ( 'NONE',  ( 8.633289788946488130, 82.05312486061178845, 31.26390794455664945 ) ) ;
#3062 = VERTEX_POINT ( 'NONE', #3301 ) ;
#3063 = CARTESIAN_POINT ( 'NONE',  ( -16.68834461685517567, 49.74386140029903203, 20.58516918346790447 ) ) ;
#3064 = CARTESIAN_POINT ( 'NONE',  ( 16.76212995179217558, 32.89299525624718967, 28.01397386581659887 ) ) ;
#3065 = CARTESIAN_POINT ( 'NONE',  ( 24.50256206686014693, 58.85642413499250125, 47.09957143014170100 ) ) ;
#3066 = LINE ( 'NONE', #4617, #1014 ) ;
#3067 = ADVANCED_FACE ( 'NONE', ( #4823 ), #1371, .T. ) ;
#3068 = FACE_OUTER_BOUND ( 'NONE', #1442, .T. ) ;
#3069 = CARTESIAN_POINT ( 'NONE',  ( 0.000000000000000000, 58.00000000000000000, -47.50100000000000477 ) ) ;
#3070 = ORIENTED_EDGE ( 'NONE', *, *, #326, .T. ) ;
#3071 = CARTESIAN_POINT ( 'NONE',  ( -8.878833512803055328, 34.39930811904679331, 35.05530256752759044 ) ) ;
#3072 = DIRECTION ( 'NONE',  ( 0.7071067811865490160, 0.000000000000000000, 0.7071067811865460184 ) ) ;
#3073 = CARTESIAN_POINT ( 'NONE',  ( 27.99193225482210678, 27.28170777474428021, 16.51392231983282954 ) ) ;
#3074 = CARTESIAN_POINT ( 'NONE',  ( 8.290898099251482023, 85.92802824011077689, 0.9213558628087136215 ) ) ;
#3075 = AXIS2_PLACEMENT_3D ( 'NONE', #2960, #2200, #3309 ) ;
#3076 = CARTESIAN_POINT ( 'NONE',  ( -14.79722057048273598, 46.32720258749888131, 29.11489790681678613 ) ) ;
#3077 = DIRECTION ( 'NONE',  ( 0.000000000000000000, -0.6263567254349940994, 0.7795365626462630315 ) ) ;
#3078 = CARTESIAN_POINT ( 'NONE',  ( 22.85342295668791834, 59.48202256853603842, 12.45594835170606807 ) ) ;
#3079 = CARTESIAN_POINT ( 'NONE',  ( 18.50660815505826307, 50.49979740696271335, 18.97013323010233421 ) ) ;
#3080 = CARTESIAN_POINT ( 'NONE',  ( 18.49545124202879265, 34.42390871598926338, 31.06998614961705840 ) ) ;
#3081 = CARTESIAN_POINT ( 'NONE',  ( -12.40300596451341875, 71.82814896082798839, 27.78743604142944790 ) ) ;
#3082 = FACE_OUTER_BOUND ( 'NONE', #953, .T. ) ;
#3083 = CARTESIAN_POINT ( 'NONE',  ( 12.40309193435170698, 34.49998456115281442, 30.04021761493397946 ) ) ;
#3084 = CARTESIAN_POINT ( 'NONE',  ( 32.88080917831385364, 59.80914477148093056, 10.39496475563474043 ) ) ;
#3085 = CARTESIAN_POINT ( 'NONE',  ( -6.671831078145610050, 31.54654390528445518, 36.14124154781019627 ) ) ;
#3086 = CARTESIAN_POINT ( 'NONE',  ( 11.35386793324308563, 75.43361133462272505, 27.41066194982949611 ) ) ;
#3087 = ADVANCED_FACE ( 'NONE', ( #562 ), #3299, .F. ) ;
#3088 = VERTEX_POINT ( 'NONE', #4005 ) ;
#3089 = CARTESIAN_POINT ( 'NONE',  ( -12.68864341157085640, 52.36872233242193886, 23.26474475106769546 ) ) ;
#3090 = CARTESIAN_POINT ( 'NONE',  ( 19.08734427996265026, 33.49494408832524783, 30.89933748457695017 ) ) ;
#3091 = CARTESIAN_POINT ( 'NONE',  ( 16.00000000000000000, 57.78580760723650656, 50.69848480983489480 ) ) ;
#3092 = CARTESIAN_POINT ( 'NONE',  ( 31.58980266404315529, 59.28422553422129937, 5.965185548783029645 ) ) ;
#3093 = CARTESIAN_POINT ( 'NONE',  ( -27.25642859294507403, 70.66194792309251227, 7.231340720772980291 ) ) ;
#3094 = CARTESIAN_POINT ( 'NONE',  ( -12.19682576128480100, 72.01976609982300204, 27.46802878943820048 ) ) ;
#3095 = FACE_OUTER_BOUND ( 'NONE', #1733, .T. ) ;
#3096 = CARTESIAN_POINT ( 'NONE',  ( -8.930948029830942048, 34.50108225270885498, 35.02552527067081201 ) ) ;
#3097 = CARTESIAN_POINT ( 'NONE',  ( -18.41343113203823378, 76.19611381910006287, 20.46399901137981914 ) ) ;
#3098 = ORIENTED_EDGE ( 'NONE', *, *, #4558, .T. ) ;
#3099 = CARTESIAN_POINT ( 'NONE',  ( 12.53949788866090032, 34.26315789473679985, 29.98351201410984856 ) ) ;
#3100 = DIRECTION ( 'NONE',  ( 0.7071067811865485719, 0.000000000000000000, 0.7071067811865465735 ) ) ;
#3101 = DIRECTION ( 'NONE',  ( 0.000000000000000000, 0.000000000000000000, 1.000000000000000000 ) ) ;
#3102 = CARTESIAN_POINT ( 'NONE',  ( 22.41861140532152419, 60.86389019795042543, 12.61573658278118693 ) ) ;
#3103 = CARTESIAN_POINT ( 'NONE',  ( 17.57839053187950284, 50.67053194144474304, 19.83064248430463650 ) ) ;
#3104 = CARTESIAN_POINT ( 'NONE',  ( 18.50429777725099001, 34.40846269874182184, 31.06756651765703836 ) ) ;
#3105 = AXIS2_PLACEMENT_3D ( 'NONE', #1249, #1627, #2801 ) ;
#3106 = CARTESIAN_POINT ( 'NONE',  ( 3.783673667865722123, 86.79281579655722112, 6.670737495769612835 ) ) ;
#3107 = DIRECTION ( 'NONE',  ( 0.6709236202095760770, -0.3157894736842102867, -0.6709236202095779644 ) ) ;
#3108 = CARTESIAN_POINT ( 'NONE',  ( -7.099504088229265264, 55.57673949740055264, 25.50905203386491493 ) ) ;
#3109 = CARTESIAN_POINT ( 'NONE',  ( -14.99040860806867670, 52.37390573045696129, 32.85634932920907403 ) ) ;
#3110 = CARTESIAN_POINT ( 'NONE',  ( 14.81802685231854610, 64.75571195938928781, 19.42993113853880871 ) ) ;
#3111 = CARTESIAN_POINT ( 'NONE',  ( -9.488292830168399306, 80.15789473684209554, 21.49051198234134574 ) ) ;
#3112 = AXIS2_PLACEMENT_3D ( 'NONE', #2138, #1805, #4747 ) ;
#3113 = VERTEX_POINT ( 'NONE', #1755 ) ;
#3114 = CARTESIAN_POINT ( 'NONE',  ( -15.99488029180074911, 57.31536816631920317, 36.98065470586384862 ) ) ;
#3115 = CARTESIAN_POINT ( 'NONE',  ( 12.53949788866090032, 34.26315789473679985, 29.98351201410984856 ) ) ;
#3116 = VERTEX_POINT ( 'NONE', #2065 ) ;
#3117 = VECTOR ( 'NONE', #1646, 1000.000000000000000 ) ;
#3118 = CARTESIAN_POINT ( 'NONE',  ( 24.31818980583290113, 55.86428933003530517, 46.74516545192999928 ) ) ;
#3119 = CARTESIAN_POINT ( 'NONE',  ( -10.45982657783136638, 81.71984817838456649, 14.35028937177800046 ) ) ;
#3120 = CARTESIAN_POINT ( 'NONE',  ( -26.15606681400670652, 72.09864617742445603, 7.899865203394752733 ) ) ;
#3121 = CARTESIAN_POINT ( 'NONE',  ( 32.06597531829675063, 41.78050589935885029, 15.85242407808780030 ) ) ;
#3122 = CARTESIAN_POINT ( 'NONE',  ( -12.16771496402596675, 74.73951299118695601, 22.84659461121929525 ) ) ;
#3123 = CARTESIAN_POINT ( 'NONE',  ( 9.488292830168399306, 80.15789473684209554, -47.50100000000000477 ) ) ;
#3124 = CARTESIAN_POINT ( 'NONE',  ( -26.10678493756344665, 73.58619252844158609, 13.55518851746754017 ) ) ;
#3125 = CARTESIAN_POINT ( 'NONE',  ( -30.36013412446012438, 68.19311381355213086, 10.92300080002349638 ) ) ;
#3126 = EDGE_LOOP ( 'NONE', ( #4147, #2764, #401, #1027 ) ) ;
#3127 = CARTESIAN_POINT ( 'NONE',  ( 11.23632744098948955, 84.96702878775107592, 1.360744829984386062 ) ) ;
#3128 = CARTESIAN_POINT ( 'NONE',  ( 31.24174191523275113, 35.84210526315790446, 17.82326951104110080 ) ) ;
#3129 = CARTESIAN_POINT ( 'NONE',  ( 1.451183365424695504, 23.99999999999999645, 32.50000000000000000 ) ) ;
#3130 = CIRCLE ( 'NONE', #957, 30.29203427834154994 ) ;
#3131 = DIRECTION ( 'NONE',  ( 0.000000000000000000, -1.000000000000000000, 0.000000000000000000 ) ) ;
#3132 = CARTESIAN_POINT ( 'NONE',  ( 20.10187451925523305, 32.26716724408592540, 30.55874171150867724 ) ) ;
#3133 = CARTESIAN_POINT ( 'NONE',  ( -6.032095575480973082, 31.02387787015675613, 36.39208561735529912 ) ) ;
#3134 = CARTESIAN_POINT ( 'NONE',  ( 2.622865270770329715, 86.89941544737301626, 4.624074276020384566 ) ) ;
#3135 = CARTESIAN_POINT ( 'NONE',  ( 4.076204606554019172, 86.80117167366898911, 0.8035472749231697964 ) ) ;
#3136 = CARTESIAN_POINT ( 'NONE',  ( 21.22912231667976357, 80.66033883814088767, 8.047139661135373601 ) ) ;
#3137 = CARTESIAN_POINT ( 'NONE',  ( 14.01873486811405911, 53.47404538681545461, 22.49000221286998880 ) ) ;
#3138 = CARTESIAN_POINT ( 'NONE',  ( 12.45479059496677721, 59.45433578042875666, 22.86006888013566396 ) ) ;
#3139 = CARTESIAN_POINT ( 'NONE',  ( -11.19389403310070108, 80.75337728795770431, 15.68177257787974810 ) ) ;
#3140 = ORIENTED_EDGE ( 'NONE', *, *, #2625, .T. ) ;
#3141 = CARTESIAN_POINT ( 'NONE',  ( -19.82272321719477759, 49.50791586628348995, 17.58841361827644079 ) ) ;
#3142 = CARTESIAN_POINT ( 'NONE',  ( -31.71910148735674539, 50.54419925737289532, 16.10222224743009889 ) ) ;
#3143 = ORIENTED_EDGE ( 'NONE', *, *, #2521, .F. ) ;
#3144 = CARTESIAN_POINT ( 'NONE',  ( 29.98351201410990186, 34.26315789473684958, 12.53949788866079906 ) ) ;
#3145 = CARTESIAN_POINT ( 'NONE',  ( 31.32690402760745485, 60.75630325256609865, 5.989525987841520127 ) ) ;
#3146 = ADVANCED_FACE ( 'NONE', ( #3276 ), #4143, .F. ) ;
#3147 = PLANE ( 'NONE',  #897 ) ;
#3148 = FACE_OUTER_BOUND ( 'NONE', #4111, .T. ) ;
#3149 = CARTESIAN_POINT ( 'NONE',  ( -5.410819403630980240, 85.82505508463900412, 6.780700676899319213 ) ) ;
#3150 = DIRECTION ( 'NONE',  ( 0.000000000000000000, 1.000000000000000000, 0.000000000000000000 ) ) ;
#3151 = CARTESIAN_POINT ( 'NONE',  ( -4.652555862877388648, 85.85536819757574278, 8.801164455597987768 ) ) ;
#3152 = CARTESIAN_POINT ( 'NONE',  ( -32.07397868022459164, 63.99592639273122785, 10.47083234550828301 ) ) ;
#3153 = ORIENTED_EDGE ( 'NONE', *, *, #361, .F. ) ;
#3154 = CARTESIAN_POINT ( 'NONE',  ( 11.97406215970625176, 84.67719494740347841, 1.486208280780244584 ) ) ;
#3155 = EDGE_CURVE ( 'NONE', #4426, #2066, #169, .T. ) ;
#3156 = CARTESIAN_POINT ( 'NONE',  ( -12.41892340464304034, 71.78200646674090990, 27.98180865218165181 ) ) ;
#3157 = CARTESIAN_POINT ( 'NONE',  ( 60.23225260641159906, 63.05263157894739834, 38.76269675970500117 ) ) ;
#3158 = EDGE_CURVE ( 'NONE', #4085, #1743, #879, .T. ) ;
#3159 = CARTESIAN_POINT ( 'NONE',  ( -9.488292830168399306, 35.84210526315790446, 70.00000000000000000 ) ) ;
#3160 = CARTESIAN_POINT ( 'NONE',  ( 18.62927023461405085, 34.19151551775976117, 31.03330316629157437 ) ) ;
#3161 = CARTESIAN_POINT ( 'NONE',  ( 2.505912454745911067, 29.31815694441080566, 37.31159741572051303 ) ) ;
#3162 = DIRECTION ( 'NONE',  ( 0.7071067811865439090, 0.000000000000000000, 0.7071067811865512365 ) ) ;
#3163 = CARTESIAN_POINT ( 'NONE',  ( -7.262064681567421687, 56.12565775806848478, 25.43364650896736734 ) ) ;
#3164 = CARTESIAN_POINT ( 'NONE',  ( 31.28876231300362676, 46.23243857904836318, 8.962220525716661612 ) ) ;
#3165 = CARTESIAN_POINT ( 'NONE',  ( 12.56922620217321729, 60.60184905760857532, 22.51745689953915530 ) ) ;
#3166 = APPROVAL_STATUS ( 'not_yet_approved' ) ;
#3167 = CARTESIAN_POINT ( 'NONE',  ( -22.91658288230420837, 51.75706245779867487, 13.30757014896212809 ) ) ;
#3168 = CARTESIAN_POINT ( 'NONE',  ( -15.27567554307344899, 48.59165725322667129, 28.76064619975498360 ) ) ;
#3169 = ORIENTED_EDGE ( 'NONE', *, *, #4236, .F. ) ;
#3170 = CARTESIAN_POINT ( 'NONE',  ( -18.19310407233450277, 42.67467064516249309, 26.93079110084883254 ) ) ;
#3171 = LINE ( 'NONE', #867, #4834 ) ;
#3172 = CARTESIAN_POINT ( 'NONE',  ( 12.83955636846296322, 56.16061940675580644, 23.12224721443920572 ) ) ;
#3173 = CARTESIAN_POINT ( 'NONE',  ( -1.159737256779203474, 87.00000000001664091, 1.729161577347097190 ) ) ;
#3174 = CARTESIAN_POINT ( 'NONE',  ( -2.938921211616374318, 86.55838604579564333, 5.459757071400209938 ) ) ;
#3175 = CARTESIAN_POINT ( 'NONE',  ( -19.48662424247757485, 76.26206989335614139, 19.37097948046462292 ) ) ;
#3176 = ORIENTED_EDGE ( 'NONE', *, *, #4262, .T. ) ;
#3177 = CARTESIAN_POINT ( 'NONE',  ( 0.000000000000000000, 39.00000000000000000, 70.00000000000000000 ) ) ;
#3178 = CARTESIAN_POINT ( 'NONE',  ( 6.890665771232194814, 84.25164525883417355, 24.95330898847373291 ) ) ;
#3179 = ORIENTED_EDGE ( 'NONE', *, *, #2625, .F. ) ;
#3180 = CARTESIAN_POINT ( 'NONE',  ( -12.10069240705415972, 72.30861088145711335, 26.74776501859284750 ) ) ;
#3181 = CARTESIAN_POINT ( 'NONE',  ( -8.396671990763142190, 27.54209643034453237, 31.39765092321951556 ) ) ;
#3182 = ADVANCED_FACE ( 'NONE', ( #375 ), #688, .T. ) ;
#3183 = CARTESIAN_POINT ( 'NONE',  ( 30.63137776174836446, 32.48758800788323242, 19.89932388041182065 ) ) ;
#3184 = VECTOR ( 'NONE', #4050, 1000.000000000000114 ) ;
#3185 = CARTESIAN_POINT ( 'NONE',  ( 18.45165251921268634, 34.50108225267258177, 31.08192034782286228 ) ) ;
#3186 = CARTESIAN_POINT ( 'NONE',  ( -2.224152616754012879, 29.24958417359172813, 37.35175595660493997 ) ) ;
#3187 = CARTESIAN_POINT ( 'NONE',  ( 2.726824896310322988, 86.89119861064637007, 4.807324180404349612 ) ) ;
#3188 = CARTESIAN_POINT ( 'NONE',  ( 13.66581379060826684, 84.57763650118474175, 4.429711228369496823 ) ) ;
#3189 = CARTESIAN_POINT ( 'NONE',  ( 29.98351201410990186, 34.26315789473684958, 12.53949788866079906 ) ) ;
#3190 = AXIS2_PLACEMENT_3D ( 'NONE', #3876, #4997, #409 ) ;
#3191 = SPHERICAL_SURFACE ( 'NONE', #2667, 26.50000000000000000 ) ;
#3192 = APPROVAL_STATUS ( 'not_yet_approved' ) ;
#3193 = CARTESIAN_POINT ( 'NONE',  ( 23.15465746082077914, 57.28273906612564303, 12.58796631083983009 ) ) ;
#3194 = VECTOR ( 'NONE', #776, 1000.000000000000114 ) ;
#3195 = CARTESIAN_POINT ( 'NONE',  ( -11.71037715124530010, 47.67825228855269870, 30.32221974106785112 ) ) ;
#3196 = ORIENTED_EDGE ( 'NONE', *, *, #1944, .T. ) ;
#3197 = CARTESIAN_POINT ( 'NONE',  ( -23.77940456603877095, 41.54488451093378387, 22.15855703548284339 ) ) ;
#3198 = CARTESIAN_POINT ( 'NONE',  ( -16.18847009535597437, 77.53725994990163883, 16.23300583021244847 ) ) ;
#3199 = EDGE_CURVE ( 'NONE', #865, #1854, #4738, .T. ) ;
#3200 = CARTESIAN_POINT ( 'NONE',  ( -5.000000000000000000, 39.00000000000000000, 70.00000000000000000 ) ) ;
#3201 = CARTESIAN_POINT ( 'NONE',  ( -12.12351239014344095, 74.43939199553921071, 23.28787652361626570 ) ) ;
#3202 = CARTESIAN_POINT ( 'NONE',  ( -5.648953234962819536, 85.25162648846962554, 10.86348225647875232 ) ) ;
#3203 = CARTESIAN_POINT ( 'NONE',  ( 28.03325265885384709, 27.32375975929349821, 16.45299174175395152 ) ) ;
#3204 = VERTEX_POINT ( 'NONE', #1827 ) ;
#3205 = CARTESIAN_POINT ( 'NONE',  ( -13.00149707591573289, 70.06386982448508149, 31.10538423511756534 ) ) ;
#3206 = CARTESIAN_POINT ( 'NONE',  ( 3.232011238018036359, 86.46375107549975780, 11.70408693231211750 ) ) ;
#3207 = ORIENTED_EDGE ( 'NONE', *, *, #1653, .T. ) ;
#3208 = EDGE_CURVE ( 'NONE', #2003, #3715, #1084, .T. ) ;
#3209 = CARTESIAN_POINT ( 'NONE',  ( -32.33936116700329677, 52.74766340381095375, 14.03920487407704876 ) ) ;
#3210 = CARTESIAN_POINT ( 'NONE',  ( -11.14420939745244077, 40.81751533913474361, 30.73848723562543128 ) ) ;
#3211 = CARTESIAN_POINT ( 'NONE',  ( 6.744909600370363911, 26.15099907646679611, 31.79837297097884274 ) ) ;
#3212 = CARTESIAN_POINT ( 'NONE',  ( 30.41368062583629595, 31.87852923889365897, 20.48540409536121132 ) ) ;
#3213 = AXIS2_PLACEMENT_3D ( 'NONE', #4365, #32, #1966 ) ;
#3214 = CARTESIAN_POINT ( 'NONE',  ( 22.74967506524468774, 30.15613036753454423, 29.35081272432893940 ) ) ;
#3215 = CARTESIAN_POINT ( 'NONE',  ( 0.5457299400376353082, 29.01136721090519899, 37.49313512623419342 ) ) ;
#3216 = CARTESIAN_POINT ( 'NONE',  ( 2.752065941132240123, 86.88916154490222254, 4.851821598925893930 ) ) ;
#3217 = CARTESIAN_POINT ( 'NONE',  ( 5.292896361824119822, 86.65528971322356711, 1.581940878186452348 ) ) ;
#3218 = CARTESIAN_POINT ( 'NONE',  ( 3.919139362236345292, 51.60543635307966071, 26.20859406116757029 ) ) ;
#3219 = CARTESIAN_POINT ( 'NONE',  ( 16.36072377776924824, 65.50005542868417763, 17.73472041125542376 ) ) ;
#3220 = CYLINDRICAL_SURFACE ( 'NONE', #2892, 5.000000000000000000 ) ;
#3221 = CARTESIAN_POINT ( 'NONE',  ( -16.88530807063817107, 47.46004353430596012, 27.82982286170970099 ) ) ;
#3222 = EDGE_CURVE ( 'NONE', #2602, #2688, #1692, .T. ) ;
#3223 = CARTESIAN_POINT ( 'NONE',  ( -4.024364196362984814, 86.36156239939049328, 4.990446644389023412 ) ) ;
#3224 = CARTESIAN_POINT ( 'NONE',  ( 11.23684904606168011, 31.41754736565675188, 30.49741339368965143 ) ) ;
#3225 = DIRECTION ( 'NONE',  ( 0.7071067811865461294, 0.000000000000000000, -0.7071067811865489050 ) ) ;
#3226 = CARTESIAN_POINT ( 'NONE',  ( -2.007892337274369776, 86.84875894499820959, 3.688521760615460110 ) ) ;
#3227 = CIRCLE ( 'NONE', #1922, 7.500000000000000000 ) ;
#3228 = CARTESIAN_POINT ( 'NONE',  ( -2.597656187949653805, 86.65716815799176231, 4.813252389780006801 ) ) ;
#3229 = CARTESIAN_POINT ( 'NONE',  ( 30.28314069850659962, 31.54956304054870486, 20.82214866195925040 ) ) ;
#3230 = ORIENTED_EDGE ( 'NONE', *, *, #3380, .F. ) ;
#3231 = DIRECTION ( 'NONE',  ( 0.000000000000000000, 0.000000000000000000, 1.000000000000000000 ) ) ;
#3232 = CARTESIAN_POINT ( 'NONE',  ( 2.544652094600578174, 86.67427287789325874, 9.214614623249255843 ) ) ;
#3233 = EDGE_CURVE ( 'NONE', #2220, #4924, #2336, .T. ) ;
#3234 = VERTEX_POINT ( 'NONE', #1387 ) ;
#3235 = CARTESIAN_POINT ( 'NONE',  ( -30.77674275081084687, 48.78307095139479799, 18.48635317940805933 ) ) ;
#3236 = DIRECTION ( 'NONE',  ( 0.7071067811865489050, 0.000000000000000000, 0.7071067811865460184 ) ) ;
#3237 = CARTESIAN_POINT ( 'NONE',  ( 11.30560975171378146, 31.58455319668539119, 30.47070835041870751 ) ) ;
#3238 = CARTESIAN_POINT ( 'NONE',  ( 29.43005460187691114, 31.11411243251945180, 13.78874825690581751 ) ) ;
#3239 = CARTESIAN_POINT ( 'NONE',  ( 30.60318914413545599, 32.39977944370790652, 19.97882105964300692 ) ) ;
#3240 = CARTESIAN_POINT ( 'NONE',  ( 22.82579173416485929, 30.11240547399649259, 29.30818903956427945 ) ) ;
#3241 = CARTESIAN_POINT ( 'NONE',  ( -5.894632798933790774, 30.92204707659456986, 36.44269424756864595 ) ) ;
#3242 = CARTESIAN_POINT ( 'NONE',  ( 13.80470249526666393, 83.67843711206310786, 24.33739033166939691 ) ) ;
#3243 = CARTESIAN_POINT ( 'NONE',  ( 4.473681610556815791, 86.76260456784336839, 1.330708350373749793 ) ) ;
#3244 = CARTESIAN_POINT ( 'NONE',  ( 32.02537382117184706, 63.05263157894739834, 10.55581797446532200 ) ) ;
#3245 = SECURITY_CLASSIFICATION_LEVEL ( 'unclassified' ) ;
#3246 = CARTESIAN_POINT ( 'NONE',  ( -22.82360462619074326, 51.61578994698984957, 13.46655823764863769 ) ) ;
#3247 = CARTESIAN_POINT ( 'NONE',  ( -14.21825957673540053, 52.49811206562660004, 32.29315821379415041 ) ) ;
#3248 = CARTESIAN_POINT ( 'NONE',  ( -7.795445965219824025, 84.40380717043606751, 10.06294531142213167 ) ) ;
#3249 = CARTESIAN_POINT ( 'NONE',  ( 5.008358333798859086, 30.34065395205210081, 36.74136477754710484 ) ) ;
#3250 = EDGE_CURVE ( 'NONE', #3385, #2360, #651, .T. ) ;
#3251 = CARTESIAN_POINT ( 'NONE',  ( -12.05212102471581836, 73.28689695525679326, 25.03385770254043408 ) ) ;
#3252 = FACE_OUTER_BOUND ( 'NONE', #781, .T. ) ;
#3253 = CARTESIAN_POINT ( 'NONE',  ( 29.52151232469410047, 30.34065395205225002, 22.43862404381090059 ) ) ;
#3254 = VERTEX_POINT ( 'NONE', #2630 ) ;
#3255 = CARTESIAN_POINT ( 'NONE',  ( -14.33727247173898078, 66.09665016921292136, 35.52069856861356101 ) ) ;
#3256 = CARTESIAN_POINT ( 'NONE',  ( 7.952835871476991336, 83.06791065505397853, 28.79976728308165690 ) ) ;
#3257 = ORIENTED_EDGE ( 'NONE', *, *, #2627, .F. ) ;
#3258 = CARTESIAN_POINT ( 'NONE',  ( -32.34851108031217137, 52.79147945286244692, 14.00509652884735523 ) ) ;
#3259 = CARTESIAN_POINT ( 'NONE',  ( -14.80233226523669998, 51.80880664897159704, 32.00289316920834892 ) ) ;
#3260 = ORIENTED_EDGE ( 'NONE', *, *, #3039, .T. ) ;
#3261 = CARTESIAN_POINT ( 'NONE',  ( 0.000000000000000000, 54.50000000000000000, 0.000000000000000000 ) ) ;
#3262 = CARTESIAN_POINT ( 'NONE',  ( 30.97671880531163779, 33.88061774042756014, 18.82695232196521928 ) ) ;
#3263 = CARTESIAN_POINT ( 'NONE',  ( 24.08604713804249187, 29.50581890092736614, 28.52695052458061653 ) ) ;
#3264 = CARTESIAN_POINT ( 'NONE',  ( 7.587786783343147157, 32.48651450128948426, 35.73104221553835913 ) ) ;
#3265 = CARTESIAN_POINT ( 'NONE',  ( 13.02736280546176673, 84.11357801050696992, 22.96690738019626821 ) ) ;
#3266 = DIRECTION ( 'NONE',  ( 0.7071067811865442421, 0.000000000000000000, 0.7071067811865507924 ) ) ;
#3267 = CARTESIAN_POINT ( 'NONE',  ( 32.30396189233985638, 62.24094562333422687, 10.45236273548742112 ) ) ;
#3268 = PERSON_AND_ORGANIZATION ( #2724, #4541 ) ;
#3269 = CIRCLE ( 'NONE', #4386, 5.000000000000000000 ) ;
#3270 = CARTESIAN_POINT ( 'NONE',  ( -5.351995074327938973, 63.25418641997814007, 24.43298464854220953 ) ) ;
#3271 = CARTESIAN_POINT ( 'NONE',  ( -31.47966739754524923, 53.66015837348189876, 8.085179777386109379 ) ) ;
#3272 = CARTESIAN_POINT ( 'NONE',  ( -10.36583598701061781, 81.84534770528699710, 14.17855717647910119 ) ) ;
#3273 = CARTESIAN_POINT ( 'NONE',  ( 3.006172073956767665, 29.43073347734131673, 32.40758135747798718 ) ) ;
#3274 = CARTESIAN_POINT ( 'NONE',  ( 49.49747468305839959, 77.00000000000000000, 49.49747468305830722 ) ) ;
#3275 = CARTESIAN_POINT ( 'NONE',  ( -15.99471828941854845, 58.50027622901514945, 37.21021549632742165 ) ) ;
#3276 = FACE_OUTER_BOUND ( 'NONE', #538, .T. ) ;
#3277 = ORIENTED_EDGE ( 'NONE', *, *, #3233, .T. ) ;
#3278 = CARTESIAN_POINT ( 'NONE',  ( -13.43442670708159881, 68.78148112678944415, 32.88845144612024995 ) ) ;
#3279 = CARTESIAN_POINT ( 'NONE',  ( 6.696676125669145385, 84.43146311954836847, 24.25067524303646849 ) ) ;
#3280 = ORIENTED_EDGE ( 'NONE', *, *, #4961, .T. ) ;
#3281 = CARTESIAN_POINT ( 'NONE',  ( -32.10325647998759280, 51.75859232373868934, 14.87895210066726293 ) ) ;
#3282 = CARTESIAN_POINT ( 'NONE',  ( -14.21325086155266071, 65.96116268969930729, 35.67472114831574714 ) ) ;
#3283 = AXIS2_PLACEMENT_3D ( 'NONE', #2466, #4076, #2874 ) ;
#3284 = ORIENTED_EDGE ( 'NONE', *, *, #3046, .F. ) ;
#3285 = CARTESIAN_POINT ( 'NONE',  ( 28.39568584009355590, 28.05685956409199378, 15.81139165913749522 ) ) ;
#3286 = CARTESIAN_POINT ( 'NONE',  ( 31.05957090755563854, 34.35797366411167530, 18.53344244606411095 ) ) ;
#3287 = CARTESIAN_POINT ( 'NONE',  ( 29.25667624644549036, 30.06104748730010456, 22.91678127578010660 ) ) ;
#3288 = CARTESIAN_POINT ( 'NONE',  ( 7.044972864849428085, 31.90292101070645003, 35.98025718960210639 ) ) ;
#3289 = CARTESIAN_POINT ( 'NONE',  ( 8.753992993478163953, 85.81893771013722017, 15.43306417605218250 ) ) ;
#3290 = ORIENTED_EDGE ( 'NONE', *, *, #883, .F. ) ;
#3291 = CARTESIAN_POINT ( 'NONE',  ( 2.781389200028309361, 51.03273877040697215, 26.35387752007150652 ) ) ;
#3292 = CARTESIAN_POINT ( 'NONE',  ( -7.500000000000000888, 58.38566998580841272, 25.12077198611651951 ) ) ;
#3293 = CARTESIAN_POINT ( 'NONE',  ( 18.88331536543860167, 82.19490560622340070, 6.705964013492750730 ) ) ;
#3294 = ADVANCED_FACE ( 'NONE', ( #1460 ), #4890, .F. ) ;
#3295 = CARTESIAN_POINT ( 'NONE',  ( -27.72852764385462976, 43.29675962968874359, 16.96339203179197952 ) ) ;
#3296 = CARTESIAN_POINT ( 'NONE',  ( 2.393789142053035057, 24.25121819337669749, 32.41348722764429624 ) ) ;
#3297 = DIRECTION ( 'NONE',  ( 1.224646799147353947E-16, 0.000000000000000000, 1.000000000000000000 ) ) ;
#3298 = CARTESIAN_POINT ( 'NONE',  ( -15.75989984076188932, 60.77707314334875832, 37.55224559096127734 ) ) ;
#3299 = CYLINDRICAL_SURFACE ( 'NONE', #1285, 5.000000000000001776 ) ;
#3300 = CARTESIAN_POINT ( 'NONE',  ( -14.86769756761871975, 51.77202240729099714, 32.10623810185134630 ) ) ;
#3301 = CARTESIAN_POINT ( 'NONE',  ( 6.633249580710800508, 54.50000000000000000, 25.65638322133500182 ) ) ;
#3302 = VERTEX_POINT ( 'NONE', #3363 ) ;
#3303 = CARTESIAN_POINT ( 'NONE',  ( -31.45040688542083274, 49.94409024733332103, 16.84165685130894374 ) ) ;
#3304 = CARTESIAN_POINT ( 'NONE',  ( 0.000000000000000000, 0.000000000000000000, 0.000000000000000000 ) ) ;
#3305 = VERTEX_POINT ( 'NONE', #3388 ) ;
#3306 = DIRECTION ( 'NONE',  ( 0.7071067811865461294, 0.000000000000000000, -0.7071067811865489050 ) ) ;
#3307 = ORIENTED_EDGE ( 'NONE', *, *, #3521, .F. ) ;
#3308 = EDGE_CURVE ( 'NONE', #4916, #4009, #3350, .T. ) ;
#3309 = DIRECTION ( 'NONE',  ( 0.7071067811865461294, 0.000000000000000000, -0.7071067811865490160 ) ) ;
#3310 = CARTESIAN_POINT ( 'NONE',  ( 29.09204506277981395, 29.90735768992297494, 23.20053443149071981 ) ) ;
#3311 = CARTESIAN_POINT ( 'NONE',  ( 8.591182269788964376, 33.88061773972564339, 35.21651358230459294 ) ) ;
#3312 = CARTESIAN_POINT ( 'NONE',  ( 15.72472664194132008, 54.58025683347841550, 49.82623842470430020 ) ) ;
#3313 = ORIENTED_EDGE ( 'NONE', *, *, #4913, .T. ) ;
#3314 = CARTESIAN_POINT ( 'NONE',  ( 21.77387561544193773, 52.16816917323571090, 15.10458011043461113 ) ) ;
#3315 = CARTESIAN_POINT ( 'NONE',  ( 23.12712129211343637, 56.22291015040983098, 12.82255501604736381 ) ) ;
#3316 = CARTESIAN_POINT ( 'NONE',  ( 16.92521445294759985, 82.13038735929899303, 2.571381381933369958 ) ) ;
#3317 = CARTESIAN_POINT ( 'NONE',  ( 32.02537382117184706, 63.05263157894739834, 10.55581797446532200 ) ) ;
#3318 = CARTESIAN_POINT ( 'NONE',  ( 6.689931625794229397, 31.54956304054844907, 36.13689666129065614 ) ) ;
#3319 = CARTESIAN_POINT ( 'NONE',  ( -12.05182247344674451, 73.31308418143599681, 24.99292122027340923 ) ) ;
#3320 = CARTESIAN_POINT ( 'NONE',  ( -15.13372073475264834, 52.79159526720039963, 33.40083558230455196 ) ) ;
#3321 = CARTESIAN_POINT ( 'NONE',  ( 23.28653171822479351, 29.00048636079283781, 22.67527149481528070 ) ) ;
#3322 = CARTESIAN_POINT ( 'NONE',  ( -15.68807850932145698, 54.20286862010552653, 34.71207270293953684 ) ) ;
#3323 = CARTESIAN_POINT ( 'NONE',  ( -15.73369914543209092, 55.09278666593687035, 35.55344024836131922 ) ) ;
#3324 = EDGE_LOOP ( 'NONE', ( #1921, #1310, #2618, #1043 ) ) ;
#3325 = CARTESIAN_POINT ( 'NONE',  ( -22.06615091632934877, 47.06869652973626472, 28.81234774510932084 ) ) ;
#3326 = CARTESIAN_POINT ( 'NONE',  ( -44.32305713649544998, 63.05263157894739834, -22.85350128978889828 ) ) ;
#3327 = ORIENTED_EDGE ( 'NONE', *, *, #3526, .F. ) ;
#3328 = CARTESIAN_POINT ( 'NONE',  ( -14.02848356485443482, 74.87177295799337173, 21.33331203490174843 ) ) ;
#3329 = AXIS2_PLACEMENT_3D ( 'NONE', #3261, #1403, #2101 ) ;
#3330 = ORIENTED_EDGE ( 'NONE', *, *, #3556, .F. ) ;
#3331 = CARTESIAN_POINT ( 'NONE',  ( -15.53898514344314918, 62.46565105509900206, 37.45928775045540249 ) ) ;
#3332 = CARTESIAN_POINT ( 'NONE',  ( -9.488292830168399306, 80.15789473684209554, 70.00000000000000000 ) ) ;
#3333 = CARTESIAN_POINT ( 'NONE',  ( 7.585469989254961298, 32.48381609186082386, 35.73214991272874386 ) ) ;
#3334 = EDGE_LOOP ( 'NONE', ( #3330, #1059, #1950, #1109, #3257 ) ) ;
#3335 = CARTESIAN_POINT ( 'NONE',  ( 20.60346269578401035, 51.03382636574273334, 16.66614198542040981 ) ) ;
#3336 = CARTESIAN_POINT ( 'NONE',  ( -5.328040580446983476, 63.27844958482634041, 24.42950790858245114 ) ) ;
#3337 = CARTESIAN_POINT ( 'NONE',  ( 19.86285694433464499, 79.70680566140734413, 5.935354424066373369 ) ) ;
#3338 = CARTESIAN_POINT ( 'NONE',  ( -31.28293309171845848, 51.91209761164262915, 8.842255172528966867 ) ) ;
#3339 = CARTESIAN_POINT ( 'NONE',  ( 7.236404801191129721, 32.09344553598259608, 35.89580225097999744 ) ) ;
#3340 = AXIS2_PLACEMENT_3D ( 'NONE', #972, #1019, #2090 ) ;
#3341 = CARTESIAN_POINT ( 'NONE',  ( 9.349156967892907844, 35.42405402508274648, 31.29308701548224292 ) ) ;
#3342 = ORIENTED_EDGE ( 'NONE', *, *, #2843, .T. ) ;
#3343 = CARTESIAN_POINT ( 'NONE',  ( -15.16862341917625656, 52.89231009489786572, 33.31721230370632014 ) ) ;
#3344 = CARTESIAN_POINT ( 'NONE',  ( 21.42916384387190121, 31.05094393605294911, 30.01743027177889900 ) ) ;
#3345 = CARTESIAN_POINT ( 'NONE',  ( 16.83321564669538617, 57.10033668401226237, 40.63897751261094982 ) ) ;
#3346 = DIRECTION ( 'NONE',  ( 0.000000000000000000, -1.000000000000000000, 0.000000000000000000 ) ) ;
#3347 = ADVANCED_FACE ( 'NONE', ( #1774 ), #1206, .F. ) ;
#3348 = EDGE_LOOP ( 'NONE', ( #2197, #1700, #3492, #3277 ) ) ;
#3349 = CARTESIAN_POINT ( 'NONE',  ( -18.31461016472526282, 48.89141180408780230, 30.85286035574261732 ) ) ;
#3350 = CIRCLE ( 'NONE', #4545, 47.50000000000000000 ) ;
#3351 = FACE_OUTER_BOUND ( 'NONE', #4012, .T. ) ;
#3352 = EDGE_LOOP ( 'NONE', ( #210, #2976, #2040, #2767, #647, #1620, #1515, #3280, #53 ) ) ;
#3353 = FACE_OUTER_BOUND ( 'NONE', #4750, .T. ) ;
#3354 = CARTESIAN_POINT ( 'NONE',  ( -20.97412099300385080, 61.48060941828259729, 0.000000000000000000 ) ) ;
#3355 = CARTESIAN_POINT ( 'NONE',  ( -31.55145405113875157, 54.50000000000000000, 7.794597312169510239 ) ) ;
#3356 = CARTESIAN_POINT ( 'NONE',  ( -14.34351222444242602, 41.22717936767171665, 29.18211247987164825 ) ) ;
#3357 = CARTESIAN_POINT ( 'NONE',  ( 6.793341966256877917, 31.66135756078936581, 36.08892226335943576 ) ) ;
#3358 = AXIS2_PLACEMENT_3D ( 'NONE', #180, #2828, #3658 ) ;
#3359 = VERTEX_POINT ( 'NONE', #3836 ) ;
#3360 = EDGE_CURVE ( 'NONE', #2853, #1562, #1105, .T. ) ;
#3361 = CARTESIAN_POINT ( 'NONE',  ( -7.500000000000000000, 58.00000000000000000, 25.17439175034819954 ) ) ;
#3362 = CARTESIAN_POINT ( 'NONE',  ( -12.19682576128480100, 72.01976609982300204, 27.46802878943820048 ) ) ;
#3363 = CARTESIAN_POINT ( 'NONE',  ( 3.980102097228900204E-15, 5.000000000000000000, 32.50000000000000000 ) ) ;
#3364 = CARTESIAN_POINT ( 'NONE',  ( -28.56124800231206962, 44.23325366681064708, 15.50895322947093291 ) ) ;
#3365 = CARTESIAN_POINT ( 'NONE',  ( -2.768319424113562022, 29.36936741895027936, 32.42117685189665366 ) ) ;
#3366 = CARTESIAN_POINT ( 'NONE',  ( 7.409266717098839550, 83.73600923859120826, 26.83132829348790338 ) ) ;
#3367 = CIRCLE ( 'NONE', #1179, 10.00000000000000000 ) ;
#3368 = ORIENTED_EDGE ( 'NONE', *, *, #4095, .T. ) ;
#3369 = ADVANCED_FACE ( 'NONE', ( #4635 ), #1941, .T. ) ;
#3370 = CARTESIAN_POINT ( 'NONE',  ( -15.96741151542784287, 59.06080757910252998, 37.36417629832799747 ) ) ;
#3371 = CARTESIAN_POINT ( 'NONE',  ( 15.78878433706490014, 28.08482502818004889, 28.40820482214585141 ) ) ;
#3372 = DIRECTION ( 'NONE',  ( 0.000000000000000000, 0.000000000000000000, -1.000000000000000000 ) ) ;
#3373 = AXIS2_PLACEMENT_3D ( 'NONE', #4108, #3757, #1839 ) ;
#3374 = CARTESIAN_POINT ( 'NONE',  ( -13.08306755687859457, 46.64305909723762511, 33.05075458753411510 ) ) ;
#3375 = VERTEX_POINT ( 'NONE', #4209 ) ;
#3376 = CARTESIAN_POINT ( 'NONE',  ( -21.83944974646898274, 47.14655942787969423, 28.96119709620275984 ) ) ;
#3377 = CARTESIAN_POINT ( 'NONE',  ( -9.488292830168399306, 35.84210526315790446, 34.69420229851370152 ) ) ;
#3378 = VERTEX_POINT ( 'NONE', #1553 ) ;
#3379 = CARTESIAN_POINT ( 'NONE',  ( -14.91103737171241939, 77.56491101639059593, 17.50169315334815323 ) ) ;
#3380 = EDGE_CURVE ( 'NONE', #1325, #4482, #4185, .T. ) ;
#3381 = CARTESIAN_POINT ( 'NONE',  ( 12.53949788866090032, 34.26315789473684958, 29.98351201410984856 ) ) ;
#3382 = CARTESIAN_POINT ( 'NONE',  ( 33.25097078730230038, 54.55350317618195533, 11.12645180924335797 ) ) ;
#3383 = CARTESIAN_POINT ( 'NONE',  ( -14.52019764124135115, 48.49771108281695575, 29.88120794151580739 ) ) ;
#3384 = DIRECTION ( 'NONE',  ( 0.2511310285135425757, 0.7545548334713073624, 0.6062839349700912539 ) ) ;
#3385 = VERTEX_POINT ( 'NONE', #2731 ) ;
#3386 = CARTESIAN_POINT ( 'NONE',  ( 22.35154924179799352, 53.16963764492946609, 14.23636667407376599 ) ) ;
#3387 = CARTESIAN_POINT ( 'NONE',  ( 7.333940355684007706, 59.57014554928048256, 24.95514203725650759 ) ) ;
#3388 = CARTESIAN_POINT ( 'NONE',  ( -12.76081632409858102, 76.82532421354849816, 19.87439220564534992 ) ) ;
#3389 = CARTESIAN_POINT ( 'NONE',  ( -30.92059330662577565, 49.97813668819787836, 10.00883506608897022 ) ) ;
#3390 = CARTESIAN_POINT ( 'NONE',  ( -9.117454317578880918, 34.85925579403340180, 34.91935739188835441 ) ) ;
#3391 = CARTESIAN_POINT ( 'NONE',  ( 8.212758279787360394, 82.71124897676939725, 29.74102863533460095 ) ) ;
#3392 = ORIENTED_EDGE ( 'NONE', *, *, #4257, .T. ) ;
#3393 = CARTESIAN_POINT ( 'NONE',  ( -13.27169636255945662, 51.79214245915709824, 22.93740921385937526 ) ) ;
#3394 = CARTESIAN_POINT ( 'NONE',  ( 23.94185529239869936, 24.06405857728129760, 21.98852173318904946 ) ) ;
#3395 = CARTESIAN_POINT ( 'NONE',  ( -15.68752654623249043, 61.95295226936328703, 37.60783676301519307 ) ) ;
#3396 = CARTESIAN_POINT ( 'NONE',  ( 19.92541494335359786, 64.63157894736839637, 48.10420699215579532 ) ) ;
#3397 = EDGE_CURVE ( 'NONE', #643, #1677, #1563, .T. ) ;
#3398 = CARTESIAN_POINT ( 'NONE',  ( -20.85995294370959385, 47.52600054235867333, 29.56643730095726141 ) ) ;
#3399 = CARTESIAN_POINT ( 'NONE',  ( -15.18126852826944884, 63.05263157894739834, 37.31786063423940192 ) ) ;
#3400 = EDGE_LOOP ( 'NONE', ( #1882, #2194, #2118, #2777, #2940 ) ) ;
#3401 = AXIS2_PLACEMENT_3D ( 'NONE', #960, #4011, #1330 ) ;
#3402 = CARTESIAN_POINT ( 'NONE',  ( -27.66382917657704965, 70.21397181613498617, 6.958596408722960369 ) ) ;
#3403 = CARTESIAN_POINT ( 'NONE',  ( -32.43404054941147763, 53.22201698404784764, 13.68165195535031131 ) ) ;
#3404 = CARTESIAN_POINT ( 'NONE',  ( 12.81064382848042094, 84.22771974181340227, 22.58485251872181721 ) ) ;
#3405 = CARTESIAN_POINT ( 'NONE',  ( -14.54145849056207140, 48.20998505598169004, 29.76037492879147095 ) ) ;
#3406 = CARTESIAN_POINT ( 'NONE',  ( -4.570134788456072350, 24.95161695643453470, 32.17881079240044784 ) ) ;
#3407 = EDGE_CURVE ( 'NONE', #3088, #410, #4392, .T. ) ;
#3408 = CARTESIAN_POINT ( 'NONE',  ( 21.35218174611864583, 51.65561403754099956, 15.69509027827993641 ) ) ;
#3409 = CARTESIAN_POINT ( 'NONE',  ( 5.277697704112511268, 63.32882359847214104, 24.42229034987403580 ) ) ;
#3410 = CARTESIAN_POINT ( 'NONE',  ( 4.027973037062734463, 86.84875894499801063, 1.188384461903371880 ) ) ;
#3411 = CARTESIAN_POINT ( 'NONE',  ( -2.620045598598647718, 50.96436171597117948, 26.37181159156368793 ) ) ;
#3412 = CARTESIAN_POINT ( 'NONE',  ( -10.85804264273519770, 30.74241613242319815, 30.63313209220964950 ) ) ;
#3413 = CARTESIAN_POINT ( 'NONE',  ( 6.669713807600239797, 84.46900070104440772, 24.15317029718475084 ) ) ;
#3414 = VERTEX_POINT ( 'NONE', #1527 ) ;
#3415 = CARTESIAN_POINT ( 'NONE',  ( -12.65602326530695798, 52.40360030057492935, 23.28251350484483595 ) ) ;
#3416 = CARTESIAN_POINT ( 'NONE',  ( 21.45621211905979564, 29.20360583882675698, 24.44608735532698418 ) ) ;
#3417 = CARTESIAN_POINT ( 'NONE',  ( 24.48278321933940305, 59.07027109170910251, 47.06155192674979304 ) ) ;
#3418 = LINE ( 'NONE', #3797, #2794 ) ;
#3419 = CARTESIAN_POINT ( 'NONE',  ( -25.37291296736079360, 46.41187701195027415, 26.18044277309230949 ) ) ;
#3420 = CARTESIAN_POINT ( 'NONE',  ( 31.84934257594310125, 54.50000000000000000, 6.470655104409390290 ) ) ;
#3421 = ORIENTED_EDGE ( 'NONE', *, *, #1230, .F. ) ;
#3422 = CARTESIAN_POINT ( 'NONE',  ( -8.077498723451183693, 33.10473441222696067, 35.48868424561461410 ) ) ;
#3423 = CARTESIAN_POINT ( 'NONE',  ( 24.02208049652126221, 24.00295497275234524, 21.93841942252628030 ) ) ;
#3425 = CARTESIAN_POINT ( 'NONE',  ( 11.89042936502769976, 84.71098087330084070, 1.471651334514950227 ) ) ;
#3424 = LOCAL_TIME ( 9, 7, 23.00000000000000000, #66 ) ;
#3426 = AXIS2_PLACEMENT_3D ( 'NONE', #1503, #3057, #4582 ) ;
#3427 = CYLINDRICAL_SURFACE ( 'NONE', #2693, 5.000000000000000000 ) ;
#3428 = CARTESIAN_POINT ( 'NONE',  ( -6.462040827600890047, 25.97851141370343697, 31.85255225561726888 ) ) ;
#3429 = AXIS2_PLACEMENT_3D ( 'NONE', #2135, #677, #2536 ) ;
#3430 = B_SPLINE_CURVE_WITH_KNOTS ( 'NONE', 3,
 ( #2559, #3292, #577, #2893, #4817, #1339, #1386, #2942, #4794, #4466, #1015, #628, #4023, #945, #1801, #2583, #4045, #2133, #2110, #1724, #1412, #3672, #196, #3718, #2915, #4440, #604, #3650, #2965, #171, #2207, #4070, #3696, #220, #2184, #3270, #244, #3336, #4492, #1037, #4119, #650, #3742, #2988, #699, #4933, #1127, #2649, #2673, #4516, #4956, #4909, #747, #3433, #1151, #1459, #3483, #1062, #675, #2231, #338, #3056, #3810, #1502, #4208, #3012, #392, #315, #4140, #3409, #2604, #2702, #4536, #3768, #4234, #722, #4561, #1940, #1083, #1890, #2301, #4184, #3835, #294, #4581, #2629, #365, #1914, #773, #4163, #4, #1849, #3387, #2253, #3459, #3788, #4981, #1869, #2276, #4607, #1526, #1480, #3034, #1104 ),
 .UNSPECIFIED., .F., .F.,
 ( 4, 2, 2, 2, 1, 1, 1, 1, 2, 2, 2, 2, 1, 1, 1, 2, 2, 2, 2, 2, 1, 1, 1, 2, 2, 2, 2, 1, 1, 2, 2, 2, 2, 2, 1, 1, 2, 2, 2, 2, 1, 1, 1, 1, 2, 2, 2, 2, 2, 1, 1, 1, 2, 2, 2, 2, 1, 1, 1, 1, 1, 2, 2, 2, 4 ),
 ( 0.000000000000000000, 0.03125000000019888258, 0.04687500000029875408, 0.05468750000034928310, 0.05859375000037448517, 0.06054687500038624659, 0.06152343750039218628, 0.06201171875039509368, 0.06225585937539555165, 0.06250000000039600268, 0.09375000000040910331, 0.1093750000004156259, 0.1171875000004189427, 0.1210937500004206080, 0.1230468750004209688, 0.1240234375004211770, 0.1250000000004213851, 0.1875000000004342915, 0.2187500000004407585, 0.2343750000004439504, 0.2421875000004463374, 0.2460937500004468370, 0.2480468750004471146, 0.2490234375004472256, 0.2500000000004473089, 0.3125000000004090062, 0.3437500000003903544, 0.3593750000003806400, 0.3671875000003757550, 0.3710937500003737566, 0.3750000000003717582, 0.5000000000003150813, 0.5625000000002867706, 0.5937500000002725598, 0.6093750000002655653, 0.6171875000002620126, 0.6210937500002605693, 0.6250000000002590150, 0.6875000000002338130, 0.7187500000002211564, 0.7343750000002147171, 0.7421875000002109424, 0.7460937500002090550, 0.7480468750002075007, 0.7490234375002072786, 0.7500000000002070566, 0.8125000000002472467, 0.8437500000002665645, 0.8593750000002763345, 0.8671875000002808864, 0.8710937500002831069, 0.8730468750002842171, 0.8740234375002847722, 0.8750000000002852163, 0.9062500000002837730, 0.9218750000002831069, 0.9296875000002831069, 0.9335937500002831069, 0.9355468750002827738, 0.9365234375002825518, 0.9370117187502824407, 0.9372558593752819966, 0.9375000000002815526, 0.9687500000001408873, 1.000000000000000000 ),
 .UNSPECIFIED. ) ;
#3431 = CARTESIAN_POINT ( 'NONE',  ( 15.85246719539487259, 51.53764849711930651, 21.23557775201646436 ) ) ;
#3432 = B_SPLINE_CURVE_WITH_KNOTS ( 'NONE', 3,
 ( #3553, #2422, #2011, #3610, #129, #459, #3228, #4748, #1301, #4676, #1600, #2467, #4773, #77, #3174, #561, #2397, #536, #3151, #2775, #101, #3953, #481, #925, #2038, #2091, #3202, #4724, #1275, #4376, #2825, #4004, #4028, #3633, #152, #1706, #4699, #2875, #51, #4400, #1225, #4327, #951, #4304, #870 ),
 .UNSPECIFIED., .F., .F.,
 ( 4, 2, 2, 2, 1, 1, 1, 1, 1, 2, 2, 2, 2, 1, 1, 1, 1, 1, 2, 2, 2, 2, 1, 1, 1, 1, 1, 2, 2, 4 ),
 ( 0.000000000000000000, 0.1250000000000011102, 0.1875000000000017208, 0.2187500000000020817, 0.2343750000000022204, 0.2421875000000023592, 0.2460937500000025813, 0.2480468750000024425, 0.2490234375000026368, 0.2495117187500025535, 0.2500000000000024425, 0.3749999999999769629, 0.4374999999999641953, 0.4687499999999577560, 0.4843749999999542588, 0.4921874999999529821, 0.4960937499999523159, 0.4980468749999520384, 0.4990234374999520384, 0.4999999999999520384, 0.6249999999999846789, 0.6875000000000007772, 0.7187500000000087708, 0.7343750000000125455, 0.7421875000000143219, 0.7460937500000150990, 0.7480468750000148770, 0.7490234375000144329, 0.7500000000000139888, 1.000000000000000000 ),
 .UNSPECIFIED. ) ;
#3433 = CARTESIAN_POINT ( 'NONE',  ( 1.702086902522562228, 65.30847162376993253, 24.13699826351463784 ) ) ;
#3434 = FACE_OUTER_BOUND ( 'NONE', #3352, .T. ) ;
#3435 = ADVANCED_FACE ( 'NONE', ( #3082 ), #3511, .T. ) ;
#3436 = CARTESIAN_POINT ( 'NONE',  ( -5.251658137246843161, 52.64529246941063434, 25.97435411177897890 ) ) ;
#3437 = CARTESIAN_POINT ( 'NONE',  ( -8.285090426709059486, 33.35286776204772963, 31.58117101864990417 ) ) ;
#3438 = CARTESIAN_POINT ( 'NONE',  ( 6.614677551226590069, 86.35605756125700339, 11.66150638881846113 ) ) ;
#3439 = ORIENTED_EDGE ( 'NONE', *, *, #4089, .F. ) ;
#3440 = CARTESIAN_POINT ( 'NONE',  ( -16.56344618550600245, 49.78574117397742071, 20.68590009844410105 ) ) ;
#3441 = EDGE_CURVE ( 'NONE', #3378, #508, #2545, .T. ) ;
#3442 = CARTESIAN_POINT ( 'NONE',  ( -32.04482038149755141, 51.51519369770179679, 15.08918134832610036 ) ) ;
#3443 = CARTESIAN_POINT ( 'NONE',  ( 15.90975495897985148, 56.28956861396439848, 50.41252938225210301 ) ) ;
#3444 = CARTESIAN_POINT ( 'NONE',  ( -11.20240050000400167, 80.60623789554364294, 15.79608310240567270 ) ) ;
#3445 = DIRECTION ( 'NONE',  ( -0.9488292830168394421, 0.3157894736842106753, 3.516094827294536003E-30 ) ) ;
#3446 = SPHERICAL_SURFACE ( 'NONE', #959, 32.50000000000000000 ) ;
#3447 = ORIENTED_EDGE ( 'NONE', *, *, #1973, .T. ) ;
#3448 = CARTESIAN_POINT ( 'NONE',  ( -12.91654872601946025, 72.79252808525889407, 26.98400055607530135 ) ) ;
#3449 = FACE_OUTER_BOUND ( 'NONE', #82, .T. ) ;
#3450 = CARTESIAN_POINT ( 'NONE',  ( -32.58814892146744313, 54.13999747787801198, 13.07178366255122626 ) ) ;
#3451 = LINE ( 'NONE', #3477, #542 ) ;
#3452 = DIRECTION ( 'NONE',  ( 1.000000000000000000, 0.000000000000000000, 0.000000000000000000 ) ) ;
#3453 = CARTESIAN_POINT ( 'NONE',  ( -7.806386587964422752, 27.00514246437670351, 31.54861384458543938 ) ) ;
#3454 = EDGE_CURVE ( 'NONE', #1736, #2602, #2227, .T. ) ;
#3455 = CARTESIAN_POINT ( 'NONE',  ( 22.37760065958632794, 60.96711902597108690, 12.63612180028816923 ) ) ;
#3456 = CARTESIAN_POINT ( 'NONE',  ( 16.30470828221292479, 51.23496567866584428, 20.89071564583826657 ) ) ;
#3457 = AXIS2_PLACEMENT_3D ( 'NONE', #3545, #3518, #1160 ) ;
#3458 = CARTESIAN_POINT ( 'NONE',  ( 21.53724866720774145, 30.97035977817521868, 29.96648004555536104 ) ) ;
#3459 = CARTESIAN_POINT ( 'NONE',  ( 7.352124800683615291, 59.48202256711272895, 24.96749589179205842 ) ) ;
#3460 = DIRECTION ( 'NONE',  ( 1.000000000000000000, 0.000000000000000000, 0.000000000000000000 ) ) ;
#3461 = DIRECTION ( 'NONE',  ( 1.000000000000000000, 0.000000000000000000, 0.000000000000000000 ) ) ;
#3462 = CARTESIAN_POINT ( 'NONE',  ( 33.14258845192784975, 58.00000000000000000, 10.51517145395823860 ) ) ;
#3463 = CARTESIAN_POINT ( 'NONE',  ( -7.079060408303259777, 26.39518930921790130, 31.72459245549925200 ) ) ;
#3464 = CARTESIAN_POINT ( 'NONE',  ( 17.26443127136469968, 80.64867041099390121, 30.43674827854169962 ) ) ;
#3465 = EDGE_LOOP ( 'NONE', ( #3815, #3904, #1847, #4030 ) ) ;
#3466 = CARTESIAN_POINT ( 'NONE',  ( -15.89164511116405265, 59.88225168400099818, 37.74239742879090187 ) ) ;
#3467 = CARTESIAN_POINT ( 'NONE',  ( 18.64585054635249861, 34.16263011567440344, 31.02876511080905431 ) ) ;
#3468 = CARTESIAN_POINT ( 'NONE',  ( 24.48278321933944923, 56.92972890828989563, 47.06155192674970067 ) ) ;
#3469 =( BOUNDED_SURFACE ( )  B_SPLINE_SURFACE ( 3, 2, ( 
 ( #2100, #3640, #1634 ),
 ( #4408, #3210, #1689 ),
 ( #1713, #1257, #4360 ),
 ( #908, #3662, #3259 ) ),
 .UNSPECIFIED., .F., .F., .T. ) 
 B_SPLINE_SURFACE_WITH_KNOTS ( ( 4, 4 ),
 ( 3, 3 ),
 ( 1.960086412494429942, 2.119098961886785037 ),
 ( 0.000000000000000000, 1.000000000000000000 ),
 .UNSPECIFIED. ) 
 GEOMETRIC_REPRESENTATION_ITEM ( )  RATIONAL_B_SPLINE_SURFACE ( (
 ( 1.000000000000000000, 0.8246547166311789523, 1.000000000000000000),
 ( 1.000000000000000000, 0.8387604528742730325, 1.000000000000000000),
 ( 1.000000000000000000, 0.8520434725893270000, 1.000000000000000000),
 ( 1.000000000000000000, 0.8644556773041460751, 1.000000000000000000) ) ) 
 REPRESENTATION_ITEM ( '' )  SURFACE ( )  );
#3470 = CARTESIAN_POINT ( 'NONE',  ( 32.23917449386780021, 62.42970826928370087, 10.47642189841230120 ) ) ;
#3471 = CARTESIAN_POINT ( 'NONE',  ( -28.30824387762678285, 69.02728963120104311, 6.671408086894893508 ) ) ;
#3472 = CARTESIAN_POINT ( 'NONE',  ( 13.01751618754479978, 55.57673950773460092, 23.05773116016755253 ) ) ;
#3473 = FACE_OUTER_BOUND ( 'NONE', #1035, .T. ) ;
#3474 = CARTESIAN_POINT ( 'NONE',  ( -7.569956973093899144, 32.46577082625206856, 35.73955193393722851 ) ) ;
#3475 = CARTESIAN_POINT ( 'NONE',  ( -13.75262271485396681, 73.75473157817162928, 25.85868783907755741 ) ) ;
#3476 = EDGE_LOOP ( 'NONE', ( #3207, #2550 ) ) ;
#3477 = CARTESIAN_POINT ( 'NONE',  ( 13.43741419367749934, 47.70773823745990683, 43.89417020678084214 ) ) ;
#3478 = CARTESIAN_POINT ( 'NONE',  ( -13.94282955906339971, 66.77367758311760326, 35.07459492684719748 ) ) ;
#3479 = DIRECTION ( 'NONE',  ( 1.000000000000000000, 0.000000000000000000, 0.000000000000000000 ) ) ;
#3480 = CARTESIAN_POINT ( 'NONE',  ( 22.86034528766602847, 59.45317836575981829, 12.45474359675789167 ) ) ;
#3481 = CARTESIAN_POINT ( 'NONE',  ( 17.26747349986310454, 50.77274307412137944, 20.10185177262654577 ) ) ;
#3482 = CARTESIAN_POINT ( 'NONE',  ( 18.50955877608964784, 34.39930811909164277, 31.06612554798134695 ) ) ;
#3483 = CARTESIAN_POINT ( 'NONE',  ( 2.476644954540490939, 65.08120596828300108, 24.16986885530092266 ) ) ;
#3484 = CARTESIAN_POINT ( 'NONE',  ( 6.555471381850180634, 86.31411441879505730, 1.345516353927776354 ) ) ;
#3485 = CARTESIAN_POINT ( 'NONE',  ( -7.047727692721116100, 55.43046356297919175, 25.52910667215844498 ) ) ;
#3486 = CARTESIAN_POINT ( 'NONE',  ( -15.13071625424770694, 52.79547774098875834, 33.37737849468490481 ) ) ;
#3487 = CARTESIAN_POINT ( 'NONE',  ( 12.58224058774280607, 60.68074922049707709, 22.48869144465755099 ) ) ;
#3488 = CARTESIAN_POINT ( 'NONE',  ( -7.807455923462560676, 83.25414412251490148, 15.90712514411024969 ) ) ;
#3489 = ORIENTED_EDGE ( 'NONE', *, *, #3521, .T. ) ;
#3490 = CARTESIAN_POINT ( 'NONE',  ( -16.66449544810571837, 49.75170493924502324, 20.60448603716411142 ) ) ;
#3491 = CARTESIAN_POINT ( 'NONE',  ( -28.90413432579119757, 47.09621551005109552, 21.94651600213574838 ) ) ;
#3492 = ORIENTED_EDGE ( 'NONE', *, *, #4698, .T. ) ;
#3493 = CARTESIAN_POINT ( 'NONE',  ( 16.21678128172656486, 56.81416768160150355, 39.15077330838081338 ) ) ;
#3494 = CARTESIAN_POINT ( 'NONE',  ( -10.55908769036340011, 81.58430145201425887, 14.53380483926994238 ) ) ;
#3495 = CARTESIAN_POINT ( 'NONE',  ( -16.76594220588512840, 77.52057700467383938, 15.66037974244618702 ) ) ;
#3496 = CARTESIAN_POINT ( 'NONE',  ( 30.69784743975789709, 40.20155694829039561, 10.83143230204836094 ) ) ;
#3497 = CARTESIAN_POINT ( 'NONE',  ( -12.07496757436044277, 74.00525561578993461, 23.93334119939845550 ) ) ;
#3498 = CARTESIAN_POINT ( 'NONE',  ( -7.215087483523029199, 32.07575085272889481, 35.90441981059558429 ) ) ;
#3499 = DIRECTION ( 'NONE',  ( 0.000000000000000000, 0.000000000000000000, 1.000000000000000000 ) ) ;
#3500 = ORIENTED_EDGE ( 'NONE', *, *, #1929, .T. ) ;
#3501 = CARTESIAN_POINT ( 'NONE',  ( 16.99841445339122714, 82.07897358443035785, 2.594152482441581586 ) ) ;
#3502 = CARTESIAN_POINT ( 'NONE',  ( 70.61311883018319691, 36.56829689731759458, -48.69280861339949240 ) ) ;
#3503 = CARTESIAN_POINT ( 'NONE',  ( 2.869992662555918894, 24.27409488517070812, 32.40272995343751461 ) ) ;
#3504 = VECTOR ( 'NONE', #4477, 1000.000000000000000 ) ;
#3505 = ADVANCED_FACE ( 'NONE', ( #3885, #1967, #1891, #3434 ), #33, .T. ) ;
#3506 = CARTESIAN_POINT ( 'NONE',  ( 18.27099233925763144, 65.30847162417562402, 15.86387795983604221 ) ) ;
#3507 = CARTESIAN_POINT ( 'NONE',  ( 19.24658886976181194, 33.28198451297005533, 30.84943259761682910 ) ) ;
#3508 = CARTESIAN_POINT ( 'NONE',  ( -7.132503336953202933, 31.99080943047896852, 35.94146776757254713 ) ) ;
#3509 = EDGE_CURVE ( 'NONE', #4482, #1427, #936, .T. ) ;
#3510 = DIRECTION ( 'NONE',  ( 0.000000000000000000, 0.000000000000000000, 1.000000000000000000 ) ) ;
#3511 = PLANE ( 'NONE',  #4867 ) ;
#3512 = CARTESIAN_POINT ( 'NONE',  ( 11.73345254538537041, 85.23380509899054402, 3.707934163949498263 ) ) ;
#3513 = CARTESIAN_POINT ( 'NONE',  ( -15.15340925482746748, 52.86366172197581648, 33.45990454765059496 ) ) ;
#3514 = CARTESIAN_POINT ( 'NONE',  ( 7.500000000000000000, 58.00000000000000000, 70.00000000000000000 ) ) ;
#3515 = VECTOR ( 'NONE', #1721, 1000.000000000000000 ) ;
#3516 = VERTEX_POINT ( 'NONE', #1128 ) ;
#3517 = CARTESIAN_POINT ( 'NONE',  ( -20.55330650396729197, 49.73112805177289886, 16.72757086014662065 ) ) ;
#3518 = DIRECTION ( 'NONE',  ( 0.3131725972587916518, -0.9409665479056704696, 0.1284713199460032484 ) ) ;
#3519 = ORIENTED_EDGE ( 'NONE', *, *, #991, .F. ) ;
#3520 = CARTESIAN_POINT ( 'NONE',  ( 24.11454850360095037, 55.01786309261100172, 46.35371993556189807 ) ) ;
#3521 = EDGE_CURVE ( 'NONE', #1427, #1840, #2674, .T. ) ;
#3522 = CARTESIAN_POINT ( 'NONE',  ( 31.37723019570075422, 56.32422873272505370, 8.794449014371291895 ) ) ;
#3523 = CARTESIAN_POINT ( 'NONE',  ( -22.45072289714724079, 75.49728114371538368, 10.58205311279158600 ) ) ;
#3524 = DIRECTION ( 'NONE',  ( 0.7071067811865490160, 0.000000000000000000, 0.7071067811865460184 ) ) ;
#3525 = CARTESIAN_POINT ( 'NONE',  ( -4.846374714434159792, 85.76187139188949971, 9.186914115022940308 ) ) ;
#3526 = EDGE_CURVE ( 'NONE', #2596, #2588, #1611, .T. ) ;
#3527 = LINE ( 'NONE', #2266, #50 ) ;
#3528 = CARTESIAN_POINT ( 'NONE',  ( -9.169018369126694878, 35.00671471546800007, 34.88701132139505745 ) ) ;
#3529 = DIRECTION ( 'NONE',  ( 0.2511310285135385234, -0.7545548334713111371, 0.6062839349700881453 ) ) ;
#3530 = ORIENTED_EDGE ( 'NONE', *, *, #3005, .T. ) ;
#3531 = CARTESIAN_POINT ( 'NONE',  ( 16.34213768933977917, 82.48936957440719198, 2.416910997756894108 ) ) ;
#3532 = DIRECTION ( 'NONE',  ( 0.000000000000000000, 0.000000000000000000, -1.000000000000000000 ) ) ;
#3533 = VECTOR ( 'NONE', #1814, 1000.000000000000000 ) ;
#3534 = DIRECTION ( 'NONE',  ( 0.7071067811865489050, 0.000000000000000000, 0.7071067811865460184 ) ) ;
#3535 = CARTESIAN_POINT ( 'NONE',  ( 20.34216488460150174, 32.01965622619960783, 30.46890959468968063 ) ) ;
#3536 = CARTESIAN_POINT ( 'NONE',  ( -0.1144203900845190275, 28.99978568795464184, 37.50012819929416708 ) ) ;
#3537 = CYLINDRICAL_SURFACE ( 'NONE', #2564, 10.49999999999999645 ) ;
#3538 = DIRECTION ( 'NONE',  ( 0.2232968782694355891, 0.9488292830168393310, -0.2232968782694365883 ) ) ;
#3539 = CARTESIAN_POINT ( 'NONE',  ( 17.30428413139452104, 82.98573622564362040, 5.975272151025999179 ) ) ;
#3540 = CARTESIAN_POINT ( 'NONE',  ( -15.12949958264279537, 52.79182209777467705, 33.37294042338371014 ) ) ;
#3541 = CARTESIAN_POINT ( 'NONE',  ( 12.45393932481806232, 59.43291413622019803, 22.86516798657617500 ) ) ;
#3542 = APPLICATION_PROTOCOL_DEFINITION ( 'international standard', 'config_control_design', 1994, #4932 ) ;
#3543 = ORIENTED_EDGE ( 'NONE', *, *, #2481, .F. ) ;
#3544 = CARTESIAN_POINT ( 'NONE',  ( 0.000000000000000000, 77.00000000000000000, 45.00000000000000000 ) ) ;
#3545 = CARTESIAN_POINT ( 'NONE',  ( -14.23243924525259985, 34.26315789473684958, 34.69420229851370152 ) ) ;
#3546 = ORIENTED_EDGE ( 'NONE', *, *, #529, .F. ) ;
#3547 = CARTESIAN_POINT ( 'NONE',  ( 23.48748266503010029, 53.35383752939890201, 45.14835487313309415 ) ) ;
#3548 = CARTESIAN_POINT ( 'NONE',  ( -17.39022279705759289, 43.07083866014369278, 27.45781727388680338 ) ) ;
#3549 = CARTESIAN_POINT ( 'NONE',  ( 10.07383794543405919, 29.51100767682245163, 30.90017340389435319 ) ) ;
#3550 = CARTESIAN_POINT ( 'NONE',  ( 12.94455516617213320, 55.80344080818176167, 23.08668661446660053 ) ) ;
#3551 = CARTESIAN_POINT ( 'NONE',  ( -2.314118191706525884, 86.80117167371851394, 3.450505645901128737 ) ) ;
#3552 = PLANE ( 'NONE',  #1374 ) ;
#3553 = CARTESIAN_POINT ( 'NONE',  ( 0.000000000000000000, 87.00000000000000000, 0.000000000000000000 ) ) ;
#3554 = SPHERICAL_SURFACE ( 'NONE', #3996, 5.000000000000000000 ) ;
#3555 = ORIENTED_EDGE ( 'NONE', *, *, #2648, .F. ) ;
#3556 = EDGE_CURVE ( 'NONE', #3657, #4778, #443, .T. ) ;
#3557 = LINE ( 'NONE', #80, #2073 ) ;
#3558 = CARTESIAN_POINT ( 'NONE',  ( 5.897989120541562436, 85.07553385643360855, 21.35850543323227413 ) ) ;
#3559 = EDGE_LOOP ( 'NONE', ( #2610, #1088, #4037, #2527, #3891, #3143, #330, #1052 ) ) ;
#3560 = CARTESIAN_POINT ( 'NONE',  ( -14.89322411345022346, 63.91809733483553657, 36.74122908935771648 ) ) ;
#3561 =( NAMED_UNIT ( * ) SI_UNIT ( $, .STERADIAN. ) SOLID_ANGLE_UNIT ( ) );
#3562 = AXIS2_PLACEMENT_3D ( 'NONE', #4272, #1221, #1596 ) ;
#3563 = CARTESIAN_POINT ( 'NONE',  ( 20.65787982538519785, 63.72312658749049064, 13.80052005041710927 ) ) ;
#3564 = CARTESIAN_POINT ( 'NONE',  ( 19.39116684083001729, 33.09382344868313908, 30.80318672214912112 ) ) ;
#3565 = CARTESIAN_POINT ( 'NONE',  ( -3.602919290541602759, 29.67072294966729373, 37.10891966022317234 ) ) ;
#3566 = LINE ( 'NONE', #2812, #3609 ) ;
#3567 = EDGE_CURVE ( 'NONE', #14, #3850, #4311, .T. ) ;
#3568 = CARTESIAN_POINT ( 'NONE',  ( 11.71753916393961248, 85.23875618832182965, 3.702189449431338097 ) ) ;
#3569 = CARTESIAN_POINT ( 'NONE',  ( -15.08159730298380730, 52.64789365983960323, 33.19701182949961549 ) ) ;
#3570 = CARTESIAN_POINT ( 'NONE',  ( 12.45299841087662784, 59.40800256544905977, 22.87105153404011304 ) ) ;
#3571 = AXIS2_PLACEMENT_3D ( 'NONE', #4620, #3524, #4673 ) ;
#3572 = CARTESIAN_POINT ( 'NONE',  ( -22.03791368933758577, 50.68493306537620668, 14.71670414494623991 ) ) ;
#3573 = CARTESIAN_POINT ( 'NONE',  ( -22.10027170907569882, 41.46827650702125112, 23.89313754521635147 ) ) ;
#3574 = VERTEX_POINT ( 'NONE', #3826 ) ;
#3575 = ADVANCED_FACE ( 'NONE', ( #2346 ), #23, .T. ) ;
#3576 = CARTESIAN_POINT ( 'NONE',  ( -22.18463903529723424, 41.53459041955964182, 23.76079689961846952 ) ) ;
#3577 = CARTESIAN_POINT ( 'NONE',  ( -26.21723528702604611, 72.02496071745756012, 7.860831695698211163 ) ) ;
#3578 = CARTESIAN_POINT ( 'NONE',  ( 31.90838544781946595, 55.96272848949357126, 6.180038988619552143 ) ) ;
#3579 = CARTESIAN_POINT ( 'NONE',  ( -12.13914127355028327, 74.55364654910552247, 23.11937815096802495 ) ) ;
#3580 = B_SPLINE_CURVE_WITH_KNOTS ( 'NONE', 3,
 ( #1299, #504, #2036, #1273, #3951, #478, #4351, #4746, #3607, #126, #3578, #1680 ),
 .UNSPECIFIED., .F., .F.,
 ( 4, 2, 2, 2, 2, 4 ),
 ( 0.000000000000000000, 0.2499999999999997780, 0.3749999999999997780, 0.4375000000000000000, 0.5000000000000002220, 1.000000000000000000 ),
 .UNSPECIFIED. ) ;
#3581 = CYLINDRICAL_SURFACE ( 'NONE', #3105, 32.50000000000000000 ) ;
#3582 = CARTESIAN_POINT ( 'NONE',  ( 30.90772720449719912, 33.50644506753690166, 19.06793188326630073 ) ) ;
#3583 = VERTEX_POINT ( 'NONE', #816 ) ;
#3584 = EDGE_CURVE ( 'NONE', #2596, #3793, #1161, .T. ) ;
#3585 = CARTESIAN_POINT ( 'NONE',  ( -13.07442811521476855, 69.84809915047512163, 31.43471636507383238 ) ) ;
#3586 = CARTESIAN_POINT ( 'NONE',  ( 9.332171251549777224, 80.62698170093858607, 33.79478160281956889 ) ) ;
#3587 = EDGE_LOOP ( 'NONE', ( #2571, #4624, #2181, #182 ) ) ;
#3588 = CARTESIAN_POINT ( 'NONE',  ( -30.00184490625856881, 47.89990455048271656, 20.06720042351509292 ) ) ;
#3589 = CARTESIAN_POINT ( 'NONE',  ( -12.55895039333067942, 70.93171699236469863, 29.75461121092409655 ) ) ;
#3590 = CARTESIAN_POINT ( 'NONE',  ( 11.88974887320203422, 32.88803023378260804, 30.24860425056927937 ) ) ;
#3591 = FACE_OUTER_BOUND ( 'NONE', #4358, .T. ) ;
#3592 = AXIS2_PLACEMENT_3D ( 'NONE', #1475, #1794, #312 ) ;
#3593 = CARTESIAN_POINT ( 'NONE',  ( 21.59946919794321119, 30.92301024813481547, 29.93760396384863043 ) ) ;
#3594 = CARTESIAN_POINT ( 'NONE',  ( -1.807965046561361255, 29.16442057077343719, 37.40201432749468324 ) ) ;
#3595 = ADVANCED_FACE ( 'NONE', ( #4596 ), #3554, .F. ) ;
#3596 = CARTESIAN_POINT ( 'NONE',  ( 1.843163690508490493, 86.95117762611923240, 3.249990635142969264 ) ) ;
#3597 = CARTESIAN_POINT ( 'NONE',  ( 17.15306634593620316, 83.06160382774463358, 5.905212951947690136 ) ) ;
#3598 = CARTESIAN_POINT ( 'NONE',  ( 0.6655932201931565872, 50.49999999999999289, 26.49999999999998934 ) ) ;
#3599 = AXIS2_PLACEMENT_3D ( 'NONE', #4277, #3072, #791 ) ;
#3600 = CARTESIAN_POINT ( 'NONE',  ( 12.46589448506473374, 59.72637678226114133, 22.79504134081371092 ) ) ;
#3601 = EDGE_CURVE ( 'NONE', #2097, #3984, #269, .T. ) ;
#3602 = DIRECTION ( 'NONE',  ( 0.000000000000000000, -1.000000000000000000, 0.000000000000000000 ) ) ;
#3603 = CARTESIAN_POINT ( 'NONE',  ( -30.86303746829075223, 54.82523367488326471, 10.48485129863168908 ) ) ;
#3604 = ORIENTED_EDGE ( 'NONE', *, *, #889, .F. ) ;
#3605 = CARTESIAN_POINT ( 'NONE',  ( -1.638893113420218262, 86.91286827174741347, 2.009263514837400066 ) ) ;
#3606 = CARTESIAN_POINT ( 'NONE',  ( 9.321613123247960431, 35.34129507159045147, 34.79676664627825033 ) ) ;
#3607 = CARTESIAN_POINT ( 'NONE',  ( 31.61451953001652981, 59.10049957376288887, 5.970101406917176057 ) ) ;
#3608 = CARTESIAN_POINT ( 'NONE',  ( -5.109151038941390333, 85.95848368330109679, 6.385648002251850031 ) ) ;
#3609 = VECTOR ( 'NONE', #1177, 1000.000000000000114 ) ;
#3610 = CARTESIAN_POINT ( 'NONE',  ( -1.977403149793803161, 86.80570122237401165, 3.648988092453096854 ) ) ;
#3611 = CARTESIAN_POINT ( 'NONE',  ( 31.13899663865240086, 34.86245625052475106, 18.24345427699034872 ) ) ;
#3612 = ORIENTED_EDGE ( 'NONE', *, *, #2883, .F. ) ;
#3613 = CYLINDRICAL_SURFACE ( 'NONE', #2477, 16.00000000000000000 ) ;
#3614 = CARTESIAN_POINT ( 'NONE',  ( 3.003014512575705730, 86.53844372545145802, 10.87487751891585575 ) ) ;
#3615 = ORIENTED_EDGE ( 'NONE', *, *, #4807, .T. ) ;
#3616 = CARTESIAN_POINT ( 'NONE',  ( -30.87606583818929096, 48.92571539791669011, 18.26115483259209071 ) ) ;
#3617 = CARTESIAN_POINT ( 'NONE',  ( -13.34327100639760033, 68.57512683668450393, 33.20886263940879957 ) ) ;
#3618 = CARTESIAN_POINT ( 'NONE',  ( 8.892140127703392238, 28.05001912301787215, 31.26092092354478069 ) ) ;
#3619 = CARTESIAN_POINT ( 'NONE',  ( 30.79743312753735296, 33.07115350150229460, 19.40894523785464898 ) ) ;
#3620 = CIRCLE ( 'NONE', #695, 16.00000000000000000 ) ;
#3621 = CARTESIAN_POINT ( 'NONE',  ( 25.29315396241227987, 29.13675940567502565, 27.62447585740246581 ) ) ;
#3622 = CARTESIAN_POINT ( 'NONE',  ( -2.609475615751672972, 29.34285282224902858, 37.29712280015382930 ) ) ;
#3623 = CARTESIAN_POINT ( 'NONE',  ( -15.34742416828394873, 63.08004414466099519, 37.24784033840305142 ) ) ;
#3624 = ADVANCED_FACE ( 'NONE', ( #3449 ), #4223, .T. ) ;
#3625 = CARTESIAN_POINT ( 'NONE',  ( 8.056226106286754174, 86.18533062591008331, 2.452519193813292198 ) ) ;
#3626 = CARTESIAN_POINT ( 'NONE',  ( 4.529237115894167331, 52.02180001557593414, 26.11007643578573933 ) ) ;
#3627 = APPROVAL_ROLE ( '' ) ;
#3628 = CARTESIAN_POINT ( 'NONE',  ( -21.82747119310775830, 50.49552695545550307, 15.02716773767943792 ) ) ;
#3629 = CARTESIAN_POINT ( 'NONE',  ( -29.78177998209492472, 50.55149588035232711, 13.21216751151809810 ) ) ;
#3630 = CARTESIAN_POINT ( 'NONE',  ( -26.37977003593583802, 42.32976288591550684, 18.98820365099137675 ) ) ;
#3631 = CARTESIAN_POINT ( 'NONE',  ( -0.3215196675825864880, 23.99941808408575028, 32.50020173067209583 ) ) ;
#3632 = CARTESIAN_POINT ( 'NONE',  ( 42.78823848096265436, 80.15789473684209554, 56.20671088515399560 ) ) ;
#3633 = CARTESIAN_POINT ( 'NONE',  ( -7.541637680800959309, 83.56808813480611775, 15.22156433834067712 ) ) ;
#3634 = CARTESIAN_POINT ( 'NONE',  ( 24.60761096829897099, 29.26438005728272884, 21.27570320140123528 ) ) ;
#3635 = ORIENTED_EDGE ( 'NONE', *, *, #2609, .F. ) ;
#3636 = CARTESIAN_POINT ( 'NONE',  ( -13.90231728116168419, 67.39146842365495615, 34.39647901293994892 ) ) ;
#3637 = CARTESIAN_POINT ( 'NONE',  ( 6.043356061354995035, 84.96781792253693766, 21.88489557883282899 ) ) ;
#3638 = ORIENTED_EDGE ( 'NONE', *, *, #441, .T. ) ;
#3639 = CARTESIAN_POINT ( 'NONE',  ( -29.59896282300313786, 47.53770133879847037, 20.81384043574061238 ) ) ;
#3640 = CARTESIAN_POINT ( 'NONE',  ( -9.349156967893017978, 35.42405402508306622, 31.29308701548220029 ) ) ;
#3641 = CARTESIAN_POINT ( 'NONE',  ( 28.51453364104935062, 28.31923024251792853, 15.59575835705533997 ) ) ;
#3642 =( BOUNDED_SURFACE ( )  B_SPLINE_SURFACE ( 3, 2, ( 
 ( #2210, #2587, #726 ),
 ( #372, #3792, #4869 ),
 ( #4520, #2258, #2993 ),
 ( #4565, #3341, #4960 ) ),
 .UNSPECIFIED., .F., .F., .T. ) 
 B_SPLINE_SURFACE_WITH_KNOTS ( ( 4, 4 ),
 ( 3, 3 ),
 ( 4.319689898685965090, 4.323098894685155180 ),
 ( 0.000000000000000000, 1.000000000000000000 ),
 .UNSPECIFIED. ) 
 GEOMETRIC_REPRESENTATION_ITEM ( )  RATIONAL_B_SPLINE_SURFACE ( (
 ( 1.000000000000000000, 0.8255607932652179182, 1.000000000000000000),
 ( 1.000000000000000000, 0.8252591458479299202, 1.000000000000000000),
 ( 1.000000000000000000, 0.8249571201334039428, 1.000000000000000000),
 ( 1.000000000000000000, 0.8246547166311779531, 1.000000000000000000) ) ) 
 REPRESENTATION_ITEM ( '' )  SURFACE ( )  );
#3643 = CARTESIAN_POINT ( 'NONE',  ( 30.76118793646464766, 32.93179542893641099, 19.51991597848529025 ) ) ;
#3644 = CARTESIAN_POINT ( 'NONE',  ( 25.31672447749829757, 29.13173015525549658, 27.60512593289726269 ) ) ;
#3645 = CARTESIAN_POINT ( 'NONE',  ( 7.512562752895659557, 32.39977948306606947, 35.76688240484644155 ) ) ;
#3646 = CARTESIAN_POINT ( 'NONE',  ( 9.837233149121116682, 85.47647380712922427, 17.34288709856229005 ) ) ;
#3647 = DIRECTION ( 'NONE',  ( 1.000000000000000000, 0.000000000000000000, 0.000000000000000000 ) ) ;
#3648 = CARTESIAN_POINT ( 'NONE',  ( 4.462620684025345952, 51.97212964249106903, 26.12154383557340864 ) ) ;
#3649 = AXIS2_PLACEMENT_3D ( 'NONE', #2242, #3708, #3779 ) ;
#3650 = CARTESIAN_POINT ( 'NONE',  ( -6.475926683965812281, 61.81472943808860521, 24.63858814634919270 ) ) ;
#3651 = CARTESIAN_POINT ( 'NONE',  ( -30.54712722128395086, 48.40751700686039527, 11.11195387820685987 ) ) ;
#3652 = CARTESIAN_POINT ( 'NONE',  ( -10.36144473454969983, 81.85114553532909554, 14.17058051391615336 ) ) ;
#3653 = CARTESIAN_POINT ( 'NONE',  ( 4.323919008776291761, 29.94529895452512847, 32.28891445262647864 ) ) ;
#3654 = CARTESIAN_POINT ( 'NONE',  ( -12.05145776413928971, 73.42501268436990358, 24.81871008343689411 ) ) ;
#3655 = CARTESIAN_POINT ( 'NONE',  ( -15.87113423463373074, 55.91447559253709443, 35.95057999392815873 ) ) ;
#3656 = CARTESIAN_POINT ( 'NONE',  ( 28.50340019990502682, 34.34077099209567763, 15.93896141096186447 ) ) ;
#3657 = VERTEX_POINT ( 'NONE', #1226 ) ;
#3658 = DIRECTION ( 'NONE',  ( 0.000000000000000000, 0.3576210166739188234, 0.9338668044390017187 ) ) ;
#3659 = CARTESIAN_POINT ( 'NONE',  ( 3.329716943556410236, 86.42961666907206109, 12.05785771478666923 ) ) ;
#3660 = EDGE_LOOP ( 'NONE', ( #4214, #2499, #566 ) ) ;
#3661 = CARTESIAN_POINT ( 'NONE',  ( -31.95713692470459577, 51.26143555337092295, 15.35860835766564847 ) ) ;
#3662 = CARTESIAN_POINT ( 'NONE',  ( -14.62843725991438859, 51.28631718377443605, 29.14785104086099210 ) ) ;
#3663 = VERTEX_POINT ( 'NONE', #1628 ) ;
#3664 = CARTESIAN_POINT ( 'NONE',  ( 17.82326951104125001, 35.84210526315790446, 31.24174191523270139 ) ) ;
#3665 = CARTESIAN_POINT ( 'NONE',  ( 31.06457759802293950, 34.38950239642706919, 18.51520611673700856 ) ) ;
#3666 = CARTESIAN_POINT ( 'NONE',  ( 28.80117048426627591, 29.67683322973777038, 23.67356750752951555 ) ) ;
#3667 = CARTESIAN_POINT ( 'NONE',  ( 6.061939623757768736, 31.04455038517982146, 36.38166168153657765 ) ) ;
#3668 = EDGE_CURVE ( 'NONE', #3048, #1562, #2791, .T. ) ;
#3669 = DIRECTION ( 'NONE',  ( -0.6916548014802289535, 0.2079116908177599810, 0.6916548014802219591 ) ) ;
#3670 = CARTESIAN_POINT ( 'NONE',  ( 5.477034134618063987, 52.87630224816325608, 25.92782745356214491 ) ) ;
#3671 = CIRCLE ( 'NONE', #2697, 26.50000000000000000 ) ;
#3672 = CARTESIAN_POINT ( 'NONE',  ( -6.969891463874663629, 60.76981854645006820, 24.78631423727627592 ) ) ;
#3673 = CARTESIAN_POINT ( 'NONE',  ( -19.41070027978815205, 42.09412869826030601, 26.12525111875159922 ) ) ;
#3674 = LINE ( 'NONE', #4072, #4314 ) ;
#3675 = CARTESIAN_POINT ( 'NONE',  ( -1.687541548156826776, 29.12634178646217364, 32.47411697664089303 ) ) ;
#3676 = PLANE ( 'NONE',  #3112 ) ;
#3677 = CIRCLE ( 'NONE', #1892, 32.50000000000000000 ) ;
#3678 = EDGE_CURVE ( 'NONE', #4082, #847, #2779, .T. ) ;
#3679 = CARTESIAN_POINT ( 'NONE',  ( -16.16570381519015243, 58.17141544030339873, 37.24479266205969452 ) ) ;
#3680 = CARTESIAN_POINT ( 'NONE',  ( 27.44094856572789709, 26.41994544714095028, 17.41641610343074831 ) ) ;
#3681 = CARTESIAN_POINT ( 'NONE',  ( -15.16820363243761172, 52.47154256802269146, 32.97570680076381677 ) ) ;
#3682 = CARTESIAN_POINT ( 'NONE',  ( -15.70444727862707524, 61.07787834371151092, 37.77688632267049940 ) ) ;
#3683 = ORIENTED_EDGE ( 'NONE', *, *, #494, .T. ) ;
#3684 = CARTESIAN_POINT ( 'NONE',  ( -32.02258929619239325, 51.47552577104160321, 15.14710600259249951 ) ) ;
#3685 = EDGE_CURVE ( 'NONE', #643, #2994, #2747, .T. ) ;
#3686 = LINE ( 'NONE', #3326, #544 ) ;
#3687 = ORIENTED_EDGE ( 'NONE', *, *, #4992, .F. ) ;
#3688 = DIRECTION ( 'NONE',  ( 0.000000000000000000, -1.000000000000000000, 0.000000000000000000 ) ) ;
#3689 = ORIENTED_EDGE ( 'NONE', *, *, #2122, .F. ) ;
#3690 = CARTESIAN_POINT ( 'NONE',  ( 30.42343193380587962, 31.90292101117247370, 20.46033576112203534 ) ) ;
#3691 = CARTESIAN_POINT ( 'NONE',  ( 29.30306191507488123, 30.10722295213460953, 22.83489547045164159 ) ) ;
#3692 = CARTESIAN_POINT ( 'NONE',  ( 8.010586751702611252, 33.01402083526298981, 35.52281301855133933 ) ) ;
#3693 = CARTESIAN_POINT ( 'NONE',  ( 10.82837559788209525, 85.11613430029095184, 19.09014767860641371 ) ) ;
#3694 = EDGE_LOOP ( 'NONE', ( #1711, #1602, #2532, #4176 ) ) ;
#3695 = CARTESIAN_POINT ( 'NONE',  ( 4.840242902234935585, 52.26470353822401904, 26.05475776815186961 ) ) ;
#3696 = CARTESIAN_POINT ( 'NONE',  ( -5.509205709223879310, 63.08938122167692342, 24.45660629468306269 ) ) ;
#3697 = DIRECTION ( 'NONE',  ( 0.000000000000000000, -1.000000000000000000, 0.000000000000000000 ) ) ;
#3698 = CARTESIAN_POINT ( 'NONE',  ( -26.94633832635694048, 42.68599353649291572, 18.17007643410563134 ) ) ;
#3699 = CARTESIAN_POINT ( 'NONE',  ( 8.188481022389471065, 27.32375975929489798, 31.45652508519220092 ) ) ;
#3700 = CARTESIAN_POINT ( 'NONE',  ( 32.50000000000000000, 54.50000000000000000, 0.000000000000000000 ) ) ;
#3701 = CARTESIAN_POINT ( 'NONE',  ( -14.85737634182324030, 52.04892015046320353, 32.54617088402974900 ) ) ;
#3702 = CARTESIAN_POINT ( 'NONE',  ( 24.83235277621039927, 24.32948491381565148, 20.96942829126380303 ) ) ;
#3703 = DIRECTION ( 'NONE',  ( 0.3122894087252998663, -0.9409665479056705806, -0.1306035256816903412 ) ) ;
#3704 = CARTESIAN_POINT ( 'NONE',  ( -15.99323593261223841, 57.53314319436547208, 37.06150957305575844 ) ) ;
#3705 = VERTEX_POINT ( 'NONE', #52 ) ;
#3706 = CIRCLE ( 'NONE', #1039, 32.50000000000000000 ) ;
#3707 = CARTESIAN_POINT ( 'NONE',  ( -16.27328595757638752, 50.41393892206178862, 31.65523237979446591 ) ) ;
#3708 = DIRECTION ( 'NONE',  ( 0.000000000000000000, -1.000000000000000000, 0.000000000000000000 ) ) ;
#3709 = ORIENTED_EDGE ( 'NONE', *, *, #2648, .T. ) ;
#3710 = CARTESIAN_POINT ( 'NONE',  ( -17.73305930036054789, 75.73001053880598477, 17.37074976310654151 ) ) ;
#3711 = ORIENTED_EDGE ( 'NONE', *, *, #1060, .T. ) ;
#3712 = CARTESIAN_POINT ( 'NONE',  ( -30.02044369201107799, 65.41511442143324473, 6.044673623308256971 ) ) ;
#3713 = CARTESIAN_POINT ( 'NONE',  ( -14.50561409480602215, 50.03096953710524275, 30.66186474256311101 ) ) ;
#3714 = CARTESIAN_POINT ( 'NONE',  ( 5.894000233929244104, 30.92158550959292640, 36.44292424879625969 ) ) ;
#3715 = VERTEX_POINT ( 'NONE', #1601 ) ;
#3716 = CARTESIAN_POINT ( 'NONE',  ( 21.90730712633040511, 52.36277706257039455, 14.91032139190320116 ) ) ;
#3717 = EDGE_CURVE ( 'NONE', #4998, #1823, #4677, .T. ) ;
#3718 = CARTESIAN_POINT ( 'NONE',  ( -6.944678787474637183, 60.83222195448214364, 24.77749896799792495 ) ) ;
#3719 = CARTESIAN_POINT ( 'NONE',  ( 0.000000000000000000, 58.00000000000000000, -47.50100000000000477 ) ) ;
#3720 = CARTESIAN_POINT ( 'NONE',  ( -51.87411011101720248, 70.09337681133200704, 51.87411011101670510 ) ) ;
#3721 = CIRCLE ( 'NONE', #351, 4.999999999999999112 ) ;
#3722 = CARTESIAN_POINT ( 'NONE',  ( 2.731500098517949837, 24.32948491381565148, 32.38674998323254783 ) ) ;
#3723 = CARTESIAN_POINT ( 'NONE',  ( -12.05819197657202935, 72.85831484638605104, 25.70484829899936585 ) ) ;
#3724 = EDGE_CURVE ( 'NONE', #3516, #4087, #1248, .T. ) ;
#3725 = EDGE_LOOP ( 'NONE', ( #1456, #3615, #3733, #96, #1960, #3730, #2013, #2157, #989, #3612, #1024, #2449, #2126, #2885 ) ) ;
#3726 = CARTESIAN_POINT ( 'NONE',  ( -14.89519890242683431, 52.14397085247676245, 32.47216822312542206 ) ) ;
#3727 = CARTESIAN_POINT ( 'NONE',  ( 24.61246115564724946, 24.25121819337669749, 21.22713208549440012 ) ) ;
#3728 = CARTESIAN_POINT ( 'NONE',  ( -16.14114362917827350, 57.21297136979679010, 36.82457217308316189 ) ) ;
#3729 = CYLINDRICAL_SURFACE ( 'NONE', #2824, 32.50000000000000000 ) ;
#3730 = ORIENTED_EDGE ( 'NONE', *, *, #300, .F. ) ;
#3731 = CARTESIAN_POINT ( 'NONE',  ( -16.92776906393944358, 49.87620233775233913, 31.41982472684727412 ) ) ;
#3732 = DIRECTION ( 'NONE',  ( 0.7071067811865461294, 0.000000000000000000, -0.7071067811865489050 ) ) ;
#3733 = ORIENTED_EDGE ( 'NONE', *, *, #4690, .T. ) ;
#3734 = CARTESIAN_POINT ( 'NONE',  ( -30.35290984257035163, 68.25630987317229881, 10.91122832281418020 ) ) ;
#3735 = CARTESIAN_POINT ( 'NONE',  ( 29.54104379967733962, 31.58790578635957402, 13.55018452541005658 ) ) ;
#3736 = CYLINDRICAL_SURFACE ( 'NONE', #3961, 7.499999999999997335 ) ;
#3737 = CARTESIAN_POINT ( 'NONE',  ( 0.000000000000000000, 77.00000000000000000, 45.00000000000000000 ) ) ;
#3738 = CARTESIAN_POINT ( 'NONE',  ( 4.377217752123691241, 30.00845368951950576, 36.92091019947034169 ) ) ;
#3739 = VERTEX_POINT ( 'NONE', #2012 ) ;
#3740 = CARTESIAN_POINT ( 'NONE',  ( 22.29594213587935769, 53.05344156100094466, 14.32296486972277805 ) ) ;
#3741 = ADVANCED_FACE ( 'NONE', ( #2851 ), #3930, .T. ) ;
#3742 = CARTESIAN_POINT ( 'NONE',  ( -3.738241994036838545, 64.50638423407120570, 24.25303786132838724 ) ) ;
#3743 = DIRECTION ( 'NONE',  ( 0.7071067811865489050, 0.000000000000000000, 0.7071067811865460184 ) ) ;
#3744 = CARTESIAN_POINT ( 'NONE',  ( -31.04970032230485444, 50.63405350239651881, 9.600431613119040364 ) ) ;
#3745 = CARTESIAN_POINT ( 'NONE',  ( -7.956255132457992651, 32.89299525624581833, 31.66148664454313888 ) ) ;
#3746 = CARTESIAN_POINT ( 'NONE',  ( 0.000000000000000000, 54.50000000000000000, -26.50000000000000000 ) ) ;
#3747 = EDGE_CURVE ( 'NONE', #3749, #2217, #4353, .T. ) ;
#3748 = AXIS2_PLACEMENT_3D ( 'NONE', #1816, #3688, #619 ) ;
#3749 = VERTEX_POINT ( 'NONE', #1682 ) ;
#3750 = CARTESIAN_POINT ( 'NONE',  ( -15.49683762722265001, 53.99655081093639808, 34.62512648858179887 ) ) ;
#3751 = CARTESIAN_POINT ( 'NONE',  ( 22.44579272975815343, 30.32673130056149802, 29.52339199929115310 ) ) ;
#3752 = CARTESIAN_POINT ( 'NONE',  ( 23.28003304440149890, 63.05263157894739834, 44.74958889110784810 ) ) ;
#3753 = CARTESIAN_POINT ( 'NONE',  ( 1.504783488928756574, 86.88613482821338607, 5.449302575618048650 ) ) ;
#3754 = EDGE_LOOP ( 'NONE', ( #1048, #977, #289, #4489 ) ) ;
#3755 = CARTESIAN_POINT ( 'NONE',  ( -16.72456862604725814, 50.03687258564447404, 31.49570970737606501 ) ) ;
#3756 = AXIS2_PLACEMENT_3D ( 'NONE', #3719, #1802, #3789 ) ;
#3757 = DIRECTION ( 'NONE',  ( 0.000000000000000000, 0.000000000000000000, 1.000000000000000000 ) ) ;
#3758 = ORIENTED_EDGE ( 'NONE', *, *, #1121, .T. ) ;
#3759 = CARTESIAN_POINT ( 'NONE',  ( -20.94677242582159948, 76.47179440223320057, 11.79454936041971891 ) ) ;
#3760 = CARTESIAN_POINT ( 'NONE',  ( 16.85969032240605614, 26.93570409652088671, 27.78492638214549260 ) ) ;
#3761 = DIRECTION ( 'NONE',  ( 0.2511310285135378573, 0.7545548334713116923, 0.6062839349700878122 ) ) ;
#3762 = AXIS2_PLACEMENT_3D ( 'NONE', #4122, #1831, #4145 ) ;
#3763 = CARTESIAN_POINT ( 'NONE',  ( -14.51280131928380435, 48.62493916895542156, 29.93737998868506978 ) ) ;
#3764 = CARTESIAN_POINT ( 'NONE',  ( -3.388929533774731162, 24.51712551784782335, 32.32328925995091851 ) ) ;
#3765 = ORIENTED_EDGE ( 'NONE', *, *, #4603, .T. ) ;
#3766 = CARTESIAN_POINT ( 'NONE',  ( 21.77516768581585538, 52.16997392497182062, 15.10271715800449321 ) ) ;
#3767 = ADVANCED_FACE ( 'NONE', ( #3252 ), #3581, .T. ) ;
#3768 = CARTESIAN_POINT ( 'NONE',  ( 5.624611228080391712, 62.98028882336892309, 24.47222753704346943 ) ) ;
#3769 = CARTESIAN_POINT ( 'NONE',  ( 10.08495445188069972, 85.39043280941619685, 1.175002947544805831 ) ) ;
#3770 = CARTESIAN_POINT ( 'NONE',  ( -8.626408640725831134, 33.93518941254415466, 35.19750239374995715 ) ) ;
#3771 = CARTESIAN_POINT ( 'NONE',  ( 10.12246779422490128, 80.76495962635384274, 24.43779903350587546 ) ) ;
#3772 = ORIENTED_EDGE ( 'NONE', *, *, #3028, .F. ) ;
#3773 = CARTESIAN_POINT ( 'NONE',  ( -12.95688532691811012, 52.08999494385312090, 23.11718709385529635 ) ) ;
#3774 = CARTESIAN_POINT ( 'NONE',  ( 18.21739705412372956, 31.14497352617277670, 27.05795093797801343 ) ) ;
#3775 = CARTESIAN_POINT ( 'NONE',  ( -15.81075056888136743, 61.42981140011065833, 37.69035001643501204 ) ) ;
#3776 = AXIS2_PLACEMENT_3D ( 'NONE', #3823, #2773, #2687 ) ;
#3777 = CARTESIAN_POINT ( 'NONE',  ( -15.98996280005916404, 58.61334413923827924, 37.47244988414488631 ) ) ;
#3778 = CARTESIAN_POINT ( 'NONE',  ( -24.77571327978595406, 46.45806298979045579, 26.72971309826575492 ) ) ;
#3779 = DIRECTION ( 'NONE',  ( 0.000000000000000000, 0.000000000000000000, -1.000000000000000000 ) ) ;
#3780 = ORIENTED_EDGE ( 'NONE', *, *, #1569, .T. ) ;
#3781 = DIRECTION ( 'NONE',  ( -1.000000000000000000, 0.000000000000000000, 0.000000000000000000 ) ) ;
#3782 = CARTESIAN_POINT ( 'NONE',  ( 15.19297130384299521, 28.84273128326047697, 28.73117295499148582 ) ) ;
#3783 = DIRECTION ( 'NONE',  ( 0.7071067811865490160, 0.000000000000000000, 0.7071067811865460184 ) ) ;
#3784 = CARTESIAN_POINT ( 'NONE',  ( 0.000000000000000000, 5.000000000000000000, 0.000000000000000000 ) ) ;
#3785 = CARTESIAN_POINT ( 'NONE',  ( -14.54296748366995651, 48.19151072669861691, 29.75281558078599886 ) ) ;
#3786 = CARTESIAN_POINT ( 'NONE',  ( -2.872970580318018996, 24.36507601876584417, 32.37461239789632117 ) ) ;
#3787 = CARTESIAN_POINT ( 'NONE',  ( 21.28741904784407524, 51.58911468131275058, 15.78276956315201751 ) ) ;
#3788 = CARTESIAN_POINT ( 'NONE',  ( 7.355085630636475358, 59.46722457992895272, 24.96957008618583274 ) ) ;
#3789 = DIRECTION ( 'NONE',  ( 1.000000000000000000, 0.000000000000000000, 0.000000000000000000 ) ) ;
#3790 = CARTESIAN_POINT ( 'NONE',  ( 12.43721155186544003, 34.61827305196529636, 30.02608480661680090 ) ) ;
#3791 = CARTESIAN_POINT ( 'NONE',  ( -8.159170622295240705, 27.31582001170774987, 31.46027319161164826 ) ) ;
#3792 = CARTESIAN_POINT ( 'NONE',  ( 9.427397468713015982, 35.65913747301988224, 31.26883427723514330 ) ) ;
#3793 = VERTEX_POINT ( 'NONE', #845 ) ;
#3794 = CARTESIAN_POINT ( 'NONE',  ( -15.36948786337914541, 50.29754352120276906, 21.59258483028548170 ) ) ;
#3795 = CARTESIAN_POINT ( 'NONE',  ( 22.38735797484480017, 29.03052073929844212, 23.56589600120545214 ) ) ;
#3796 = CARTESIAN_POINT ( 'NONE',  ( 16.05560623624085537, 58.67751460645264672, 38.76166232765861253 ) ) ;
#3797 = CARTESIAN_POINT ( 'NONE',  ( 9.488292830168399306, 80.15789473684209554, 70.00000000000000000 ) ) ;
#3798 = CARTESIAN_POINT ( 'NONE',  ( -27.85703636586099563, 46.68828548280388446, 23.40919348570806235 ) ) ;
#3799 = CARTESIAN_POINT ( 'NONE',  ( 49.49747468305839959, 39.00000000000000000, 49.49747468305830722 ) ) ;
#3800 = VERTEX_POINT ( 'NONE', #2064 ) ;
#3801 = AXIS2_PLACEMENT_3D ( 'NONE', #1398, #1470, #4878 ) ;
#3802 = CARTESIAN_POINT ( 'NONE',  ( -9.321483424366867609, 35.36973174029465383, 34.79627080069462153 ) ) ;
#3803 = CARTESIAN_POINT ( 'NONE',  ( 22.48442870209661137, 23.99855665825725737, 23.47821576430671797 ) ) ;
#3804 = CARTESIAN_POINT ( 'NONE',  ( 17.31675757507136382, 81.87100783451617758, 2.684783325322574132 ) ) ;
#3805 = CARTESIAN_POINT ( 'NONE',  ( -12.33478067921892141, 34.26315789473684958, 30.06830865871189928 ) ) ;
#3806 = EDGE_CURVE ( 'NONE', #3920, #3841, #506, .T. ) ;
#3807 = CARTESIAN_POINT ( 'NONE',  ( 8.876288225003250432, 34.39439666595018252, 35.05675303291876332 ) ) ;
#3808 = CARTESIAN_POINT ( 'NONE',  ( 21.28923308349254029, 51.59094607232518115, 15.78032219458864027 ) ) ;
#3809 = EDGE_CURVE ( 'NONE', #3583, #2574, #3432, .T. ) ;
#3810 = CARTESIAN_POINT ( 'NONE',  ( 3.741633611479805221, 64.51858225679508507, 24.25132371677340615 ) ) ;
#3811 = CARTESIAN_POINT ( 'NONE',  ( 12.85348409243610135, 60.54986149584490107, -12.85348409243614043 ) ) ;
#3812 = CARTESIAN_POINT ( 'NONE',  ( -4.438067356617240833, 51.95404346858690303, 26.12572030836921755 ) ) ;
#3813 = CARTESIAN_POINT ( 'NONE',  ( -9.488292830168399306, 35.84210526315790446, 34.69420229851370152 ) ) ;
#3814 = CARTESIAN_POINT ( 'NONE',  ( 12.36267064236589874, 84.46900070104540248, 21.79507036621974692 ) ) ;
#3815 = ORIENTED_EDGE ( 'NONE', *, *, #1929, .F. ) ;
#3816 = CARTESIAN_POINT ( 'NONE',  ( -12.68208002162738524, 52.37571841900972203, 23.26832375786861462 ) ) ;
#3817 = CARTESIAN_POINT ( 'NONE',  ( -17.24165868813649993, 49.61933833540130223, 31.30436614454335142 ) ) ;
#3818 = CARTESIAN_POINT ( 'NONE',  ( 24.53553390593275196, 58.21419239276350055, 47.16295090390219968 ) ) ;
#3819 =( BOUNDED_CURVE ( )  B_SPLINE_CURVE ( 3, ( #1799, #4139, #2626, #1036 ),
 .UNSPECIFIED., .F., .T. ) 
 B_SPLINE_CURVE_WITH_KNOTS ( ( 4, 4 ),
 ( 4.319689898685965090, 4.323098894685155180 ),
 .UNSPECIFIED. ) 
 CURVE ( )  GEOMETRIC_REPRESENTATION_ITEM ( )  RATIONAL_B_SPLINE_CURVE ( ( 1.000000000000000000, 0.9999990315624239789, 0.9999990315624239789, 1.000000000000000000 ) ) 
 REPRESENTATION_ITEM ( '' )  );
#3820 = CARTESIAN_POINT ( 'NONE',  ( -11.38208623835049060, 80.29064559697050640, 16.18037106870411534 ) ) ;
#3821 = CIRCLE ( 'NONE', #1152, 5.000000000000000000 ) ;
#3822 = CARTESIAN_POINT ( 'NONE',  ( -9.488292830168399306, 35.84210526315790446, -47.50100000000000477 ) ) ;
#3823 = CARTESIAN_POINT ( 'NONE',  ( -26.87904301104649818, 80.15789473684209554, -40.29751541523789626 ) ) ;
#3824 = ORIENTED_EDGE ( 'NONE', *, *, #2182, .T. ) ;
#3825 = CARTESIAN_POINT ( 'NONE',  ( 12.43721155186544003, 34.61827305196529636, 30.02608480661680090 ) ) ;
#3826 = CARTESIAN_POINT ( 'NONE',  ( -15.53898514344314918, 62.46565105509900206, 37.45928775045540249 ) ) ;
#3827 = CARTESIAN_POINT ( 'NONE',  ( 27.26013809714433478, 26.15853492583135420, 17.70631936290049779 ) ) ;
#3828 = CARTESIAN_POINT ( 'NONE',  ( 3.041652573081515154, 86.85585812328532995, 0.3114535122207663931 ) ) ;
#3829 = CARTESIAN_POINT ( 'NONE',  ( -15.08841586080814601, 45.02713582705943196, 28.79845704641939008 ) ) ;
#3830 = CYLINDRICAL_SURFACE ( 'NONE', #1737, 5.000000000000001776 ) ;
#3831 = AXIS2_PLACEMENT_3D ( 'NONE', #1565, #1113, #2312 ) ;
#3832 = CARTESIAN_POINT ( 'NONE',  ( 22.84626885503078242, 59.51152360707288125, 12.45725419318841887 ) ) ;
#3833 = CARTESIAN_POINT ( 'NONE',  ( 16.42934734574867406, 51.16194353591406241, 20.79276994708370552 ) ) ;
#3834 = CARTESIAN_POINT ( 'NONE',  ( 2.548851956282079655E-15, 24.00000000000000000, 32.50000000000000000 ) ) ;
#3835 = CARTESIAN_POINT ( 'NONE',  ( 6.911392577933408887, 60.91258573706903690, 24.76614534158920122 ) ) ;
#3836 = CARTESIAN_POINT ( 'NONE',  ( 15.18126852826944884, 52.94736842105259456, 48.10420699215579532 ) ) ;
#3837 = CARTESIAN_POINT ( 'NONE',  ( -2.007558128254820939, 50.77367292425994805, 26.42384900007373716 ) ) ;
#3838 = CARTESIAN_POINT ( 'NONE',  ( -14.98251038051613371, 52.35017451010197220, 32.82653366829129027 ) ) ;
#3839 = CARTESIAN_POINT ( 'NONE',  ( -4.307850127752190339, 29.97169029178205335, 36.94077655170275420 ) ) ;
#3840 = CARTESIAN_POINT ( 'NONE',  ( 5.749036956913764485, 85.41700312874458234, 13.87940299196069027 ) ) ;
#3841 = VERTEX_POINT ( 'NONE', #2972 ) ;
#3842 = CARTESIAN_POINT ( 'NONE',  ( -12.67164591089592385, 52.38686905823708173, 23.27400839877243399 ) ) ;
#3843 = CARTESIAN_POINT ( 'NONE',  ( 16.00000000000000000, 58.00000000000000000, 50.69848480983489480 ) ) ;
#3844 = CARTESIAN_POINT ( 'NONE',  ( 16.83321564669537906, 58.89966331598335358, 40.63897751261089297 ) ) ;
#3845 = DIRECTION ( 'NONE',  ( -0.2511310285135390230, 0.7545548334713112482, -0.6062839349700881453 ) ) ;
#3846 = CIRCLE ( 'NONE', #4886, 5.000000000000000000 ) ;
#3847 = FACE_OUTER_BOUND ( 'NONE', #3324, .T. ) ;
#3848 = CARTESIAN_POINT ( 'NONE',  ( -12.14290342422919977, 71.55445989901389225, 28.12980961559469861 ) ) ;
#3849 = DIRECTION ( 'NONE',  ( 0.9488292830168395531, 0.3157894736842095096, 0.000000000000000000 ) ) ;
#3850 = VERTEX_POINT ( 'NONE', #973 ) ;
#3851 = CARTESIAN_POINT ( 'NONE',  ( -14.54199643360630034, 64.97340517584910913, 36.39847134533165018 ) ) ;
#3852 = DIRECTION ( 'NONE',  ( 0.1306035256816892587, 0.9409665479056704696, -0.3122894087253010875 ) ) ;
#3853 = APPROVAL ( #2485, 'UNSPECIFIED' ) ;
#3854 = CARTESIAN_POINT ( 'NONE',  ( 22.80244316032672103, 59.68586614063158180, 12.46650686472379732 ) ) ;
#3855 = CARTESIAN_POINT ( 'NONE',  ( 15.33675834899698565, 51.95291508129453462, 21.61095889749338994 ) ) ;
#3856 = VECTOR ( 'NONE', #3697, 1000.000000000000000 ) ;
#3857 = CARTESIAN_POINT ( 'NONE',  ( 20.89063452008955579, 31.49964488045329247, 30.25126383582410483 ) ) ;
#3858 = CARTESIAN_POINT ( 'NONE',  ( 5.817072295949930581E-15, 12.00000000000000000, 47.50000000000000000 ) ) ;
#3859 = CARTESIAN_POINT ( 'NONE',  ( 2.042759955775608205, 87.00000000004985168, 0.4026437984561813677 ) ) ;
#3860 = CARTESIAN_POINT ( 'NONE',  ( -4.333215176356205234, 51.87830237016845558, 26.14333710062299332 ) ) ;
#3861 = CARTESIAN_POINT ( 'NONE',  ( 14.50149771147562205, 52.82604735764431325, 22.18009513777185759 ) ) ;
#3862 = CARTESIAN_POINT ( 'NONE',  ( 13.73285459747764037, 63.65415912005634169, 20.73955816938679320 ) ) ;
#3863 = CARTESIAN_POINT ( 'NONE',  ( -10.14969270053090078, 82.13038735929879408, 13.78617512490038166 ) ) ;
#3864 = ADVANCED_FACE ( 'NONE', ( #2139 ), #4051, .T. ) ;
#3865 = ORIENTED_EDGE ( 'NONE', *, *, #1645, .F. ) ;
#3866 = CARTESIAN_POINT ( 'NONE',  ( -16.63097116047431712, 49.76285242852542012, 20.63157354785712627 ) ) ;
#3867 = CARTESIAN_POINT ( 'NONE',  ( -30.86015413098339977, 48.87352003029280212, 18.31909050390840221 ) ) ;
#3868 = CARTESIAN_POINT ( 'NONE',  ( 23.98341540431459862, 61.40225230788180255, 46.10165189631419480 ) ) ;
#3869 = CARTESIAN_POINT ( 'NONE',  ( 31.10886771372590687, 59.24424995993142318, 8.541405789599407328 ) ) ;
#3870 = CARTESIAN_POINT ( 'NONE',  ( 8.884399869463745603, 34.34077099209572737, 31.42549526699399109 ) ) ;
#3871 = CARTESIAN_POINT ( 'NONE',  ( 32.72135755744545094, 47.50998708630619660, 13.81106142108204082 ) ) ;
#3872 = ADVANCED_FACE ( 'NONE', ( #634 ), #1731, .T. ) ;
#3873 = CARTESIAN_POINT ( 'NONE',  ( -12.28444726006750010, 75.33392763110475698, 21.98133520326687673 ) ) ;
#3874 = CARTESIAN_POINT ( 'NONE',  ( -5.000000000000000000, 39.00000000000000000, 45.00000000000000000 ) ) ;
#3875 = CARTESIAN_POINT ( 'NONE',  ( -19.60533527504030005, 76.29281739379820237, 19.24302573779829828 ) ) ;
#3876 = CARTESIAN_POINT ( 'NONE',  ( 0.000000000000000000, 0.000000000000000000, 0.000000000000000000 ) ) ;
#3877 = ORIENTED_EDGE ( 'NONE', *, *, #3747, .F. ) ;
#3878 = CARTESIAN_POINT ( 'NONE',  ( 13.94515813705288210, 83.81572281901809163, 1.852898253669429396 ) ) ;
#3879 = EDGE_CURVE ( 'NONE', #2000, #4854, #717, .T. ) ;
#3880 = DIRECTION ( 'NONE',  ( 0.7071067811865489050, 0.000000000000000000, 0.7071067811865460184 ) ) ;
#3881 = CARTESIAN_POINT ( 'NONE',  ( 4.408871845616512353, 24.88886472652324144, 32.19958928011585897 ) ) ;
#3882 = CARTESIAN_POINT ( 'NONE',  ( 19.79400995258102469, 64.51858225656195600, 14.50254095322078740 ) ) ;
#3883 = CARTESIAN_POINT ( 'NONE',  ( 18.98159044314907717, 33.65003608143189950, 30.93102868226323920 ) ) ;
#3884 = CARTESIAN_POINT ( 'NONE',  ( -14.86769756761871975, 51.77202240729099714, 32.10623810185134630 ) ) ;
#3885 = FACE_BOUND ( 'NONE', #927, .T. ) ;
#3886 = CARTESIAN_POINT ( 'NONE',  ( -1.722617928552893973, 50.69960766050841983, 26.44415742786283374 ) ) ;
#3887 = CARTESIAN_POINT ( 'NONE',  ( 14.60428270943312690, 52.70203464489949141, 22.11256339051508846 ) ) ;
#3888 = EDGE_CURVE ( 'NONE', #3715, #2217, #1654, .T. ) ;
#3889 = DIRECTION ( 'NONE',  ( 0.000000000000000000, 1.000000000000000000, 0.000000000000000000 ) ) ;
#3890 = CARTESIAN_POINT ( 'NONE',  ( 9.314234679713859322, 80.64867041099380174, 33.72982753033605263 ) ) ;
#3891 = ORIENTED_EDGE ( 'NONE', *, *, #3988, .F. ) ;
#3892 = CARTESIAN_POINT ( 'NONE',  ( -22.06742685859341435, 50.71324251286395679, 14.67238644681402882 ) ) ;
#3893 = CARTESIAN_POINT ( 'NONE',  ( 16.33330842443385578, 33.59358873848857741, 28.27272524219103289 ) ) ;
#3894 = ORIENTED_EDGE ( 'NONE', *, *, #4262, .F. ) ;
#3895 = CARTESIAN_POINT ( 'NONE',  ( 16.32130583652486777, 59.33468023218127030, 39.40311790617795396 ) ) ;
#3896 = CARTESIAN_POINT ( 'NONE',  ( 32.66601865276599881, 60.83338014877519839, 10.39140059581393949 ) ) ;
#3897 = EDGE_CURVE ( 'NONE', #711, #2174, #146, .T. ) ;
#3898 = CARTESIAN_POINT ( 'NONE',  ( 8.643730035309749482, 33.94503157712974684, 35.18932314628975178 ) ) ;
#3899 = CARTESIAN_POINT ( 'NONE',  ( 12.86884790620308650, 56.05612258484426746, 23.11328840612202740 ) ) ;
#3900 = CARTESIAN_POINT ( 'NONE',  ( -2.610260038484314649, 86.80338662855190535, 3.196718859188514728 ) ) ;
#3901 = CARTESIAN_POINT ( 'NONE',  ( 60.23225260641159906, 52.94736842105259456, 38.76269675970500117 ) ) ;
#3902 = CARTESIAN_POINT ( 'NONE',  ( -15.90075953954149846, 75.43457981298449511, 23.20558800957844880 ) ) ;
#3903 = CARTESIAN_POINT ( 'NONE',  ( 21.53617870980960092, 68.29226176254009317, 40.53955210573295176 ) ) ;
#3904 = ORIENTED_EDGE ( 'NONE', *, *, #4075, .T. ) ;
#3905 = CARTESIAN_POINT ( 'NONE',  ( 15.28474354229059529, 83.10511330372416694, 2.153990640497049025 ) ) ;
#3906 = DIRECTION ( 'NONE',  ( 0.000000000000000000, -1.000000000000000000, 0.000000000000000000 ) ) ;
#3907 = CARTESIAN_POINT ( 'NONE',  ( 2.548851956282079655E-15, 24.00000000000000000, 32.50000000000000000 ) ) ;
#3908 = AXIS2_PLACEMENT_3D ( 'NONE', #3811, #2355, #340 ) ;
#3909 = CARTESIAN_POINT ( 'NONE',  ( 23.06643496172766916, 58.38499982655708465, 12.45983324392941327 ) ) ;
#3910 = CARTESIAN_POINT ( 'NONE',  ( 19.89913863229355684, 32.48779094199102957, 30.63143925192744277 ) ) ;
#3911 = CARTESIAN_POINT ( 'NONE',  ( -4.583747092960280156, 30.11240547397946443, 36.86429133536070424 ) ) ;
#3912 = CARTESIAN_POINT ( 'NONE',  ( 0.000000000000000000, 87.00000000000000000, 0.000000000000000000 ) ) ;
#3913 = DIRECTION ( 'NONE',  ( 0.7071067811865489050, 0.000000000000000000, 0.7071067811865460184 ) ) ;
#3914 = CARTESIAN_POINT ( 'NONE',  ( 0.000000000000000000, 58.00000000000000000, -47.50100000000000477 ) ) ;
#3915 = CARTESIAN_POINT ( 'NONE',  ( 31.67927469333140067, 51.36842105263159652, 7.257654917702700104 ) ) ;
#3916 = DIRECTION ( 'NONE',  ( 0.000000000000000000, 0.000000000000000000, -1.000000000000000000 ) ) ;
#3917 = DATE_AND_TIME ( #1673, #19 ) ;
#3918 = ADVANCED_FACE ( 'NONE', ( #1675 ), #3220, .F. ) ;
#3919 = AXIS2_PLACEMENT_3D ( 'NONE', #4665, #1211, #829 ) ;
#3920 = VERTEX_POINT ( 'NONE', #2361 ) ;
#3921 = CARTESIAN_POINT ( 'NONE',  ( -23.24803553976092374, 52.33625966807557717, 12.71923404489799303 ) ) ;
#3922 = CARTESIAN_POINT ( 'NONE',  ( -25.01575796874925217, 46.37069874275109527, 26.57989045235875025 ) ) ;
#3923 = EDGE_LOOP ( 'NONE', ( #2634, #1214, #4775 ) ) ;
#3924 = CARTESIAN_POINT ( 'NONE',  ( 23.28003304440149890, 52.94736842105259456, 44.74958889110784810 ) ) ;
#3925 = CARTESIAN_POINT ( 'NONE',  ( 0.000000000000000000, 87.00000000000000000, 0.000000000000000000 ) ) ;
#3926 = CARTESIAN_POINT ( 'NONE',  ( -20.72278248070252715, 76.46586745883479352, 12.02028287408478135 ) ) ;
#3927 = CARTESIAN_POINT ( 'NONE',  ( 12.76923107455155204, 56.41839988888054336, 23.14238664134651557 ) ) ;
#3928 = CARTESIAN_POINT ( 'NONE',  ( -6.909928374661705952, 84.31847847021789732, 11.04861604599861380 ) ) ;
#3929 = DIRECTION ( 'NONE',  ( -0.6916548014802289535, 0.2079116908177600087, 0.6916548014802219591 ) ) ;
#3930 = CYLINDRICAL_SURFACE ( 'NONE', #4626, 16.00000000000001066 ) ;
#3931 = CARTESIAN_POINT ( 'NONE',  ( -51.87411011101720248, 70.09337681133200704, 51.87411011101670510 ) ) ;
#3932 = EDGE_LOOP ( 'NONE', ( #875, #513, #2399, #282 ) ) ;
#3933 = CARTESIAN_POINT ( 'NONE',  ( 17.70524681473879980, 36.19722042038625176, 31.29086436812535155 ) ) ;
#3934 = ORIENTED_EDGE ( 'NONE', *, *, #2720, .F. ) ;
#3935 = CARTESIAN_POINT ( 'NONE',  ( -13.29585344903501820, 69.19310326859719851, 32.41594250588350690 ) ) ;
#3936 = CARTESIAN_POINT ( 'NONE',  ( 5.053643454808626423, 25.17779636751111028, 32.10508160658280019 ) ) ;
#3937 = EDGE_CURVE ( 'NONE', #2066, #3204, #4741, .T. ) ;
#3938 = B_SPLINE_CURVE_WITH_KNOTS ( 'NONE', 3,
 ( #419, #2734, #2411, #36, #1672, #2054, #2028, #802, #3570, #3541, #4319, #2358, #446, #3138, #92, #3600, #1183, #4611, #1587, #3165, #3487, #2815, #2792, #2384, #4345, #1615, #3945, #4239, #779, #831, #2436, #4666, #3969, #2761, #4638, #1237, #4688, #2333, #1156, #3862, #396, #4292, #1945, #8, #3110, #4265, #4368, #1292, #2842, #917, #3219, #4740, #4284, #3506, #2020, #1147, #362, #4579, #743, #822, #1607, #28, #3882, #2352, #853, #3563, #414, #2405, #1522, #4230, #3939, #4258, #796, #1124, #2671, #4604, #2727, #1937, #86, #4659, #1549, #3455, #465, #1, #2698, #3102, #1964, #1990, #4206, #4630, #770, #3854, #3054, #3832, #3078, #389, #2325, #2376, #3480, #2297, #1910, #1579, #3909, #4978 ),
 .UNSPECIFIED., .F., .F.,
 ( 4, 2, 2, 2, 1, 1, 1, 1, 2, 2, 2, 2, 1, 1, 1, 2, 2, 2, 2, 2, 1, 1, 1, 2, 2, 2, 2, 1, 1, 2, 2, 2, 2, 2, 1, 1, 2, 2, 2, 2, 1, 1, 1, 1, 2, 2, 2, 2, 2, 1, 1, 1, 2, 2, 2, 2, 1, 1, 1, 1, 1, 2, 2, 2, 4 ),
 ( 0.000000000000000000, 0.03125000000013360146, 0.04687500000020083241, 0.05468750000023512442, 0.05859375000025226349, 0.06054687500026073588, 0.06152343750026589148, 0.06201171875026846581, 0.06225585937526888214, 0.06250000000026928459, 0.09375000000024109881, 0.1093750000002270684, 0.1171875000002200462, 0.1210937500002165629, 0.1230468750002147865, 0.1240234375002133571, 0.1250000000002119138, 0.1875000000001321998, 0.2187500000000919820, 0.2343750000000724421, 0.2421875000000626443, 0.2460937500000577594, 0.2480468750000552058, 0.2490234375000546507, 0.2500000000000540679, 0.3125000000000286438, 0.3437500000000159872, 0.3593750000000092704, 0.3671875000000059397, 0.3710937500000041633, 0.3750000000000023870, 0.4999999999999304445, 0.5624999999998943068, 0.5937499999998764322, 0.6093749999998676614, 0.6171874999998632205, 0.6210937499998612221, 0.6249999999998592237, 0.6874999999998286926, 0.7187499999998132605, 0.7343749999998050448, 0.7421874999998009370, 0.7460937499997983835, 0.7480468749997964961, 0.7490234374997960520, 0.7499999999997957190, 0.8124999999997639666, 0.8437499999997482014, 0.8593749999997407629, 0.8671874999997374323, 0.8710937499997361000, 0.8730468749997357669, 0.8740234374997361000, 0.8749999999997363220, 0.9062499999997696287, 0.9218749999997861710, 0.9296874999997942757, 0.9335937499997984945, 0.9355468749998004929, 0.9365234374998016031, 0.9370117187498020472, 0.9372558593748024913, 0.9374999999998028244, 0.9687499999999015232, 1.000000000000000000 ),
 .UNSPECIFIED. ) ;
#3939 = CARTESIAN_POINT ( 'NONE',  ( 21.01489959794259477, 63.31177180337377308, 13.52688981587411732 ) ) ;
#3940 = CARTESIAN_POINT ( 'NONE',  ( 20.43767353243918805, 31.92507382156060203, 30.43221533206354223 ) ) ;
#3941 = CARTESIAN_POINT ( 'NONE',  ( -4.667709201487578952, 30.15613036711544126, 36.84060821934186691 ) ) ;
#3942 = CARTESIAN_POINT ( 'NONE',  ( 5.469239546839855137, 86.55478148663074478, 9.642132123232791230 ) ) ;
#3943 = CARTESIAN_POINT ( 'NONE',  ( -7.471684775396601808, 57.28155961274737251, 25.27401461192232901 ) ) ;
#3944 = CARTESIAN_POINT ( 'NONE',  ( 13.45138679670333914, 54.50000000000000000, 22.83221831635014709 ) ) ;
#3945 = CARTESIAN_POINT ( 'NONE',  ( 12.71068758349339589, 61.35993592762594773, 22.22455223178081241 ) ) ;
#3946 = CARTESIAN_POINT ( 'NONE',  ( -20.31312446314403175, 49.64268247422351266, 17.01905397718742918 ) ) ;
#3947 = CARTESIAN_POINT ( 'NONE',  ( -14.08353313474631996, 45.31659490529180090, 29.29878091793920092 ) ) ;
#3948 = ORIENTED_EDGE ( 'NONE', *, *, #1410, .F. ) ;
#3949 = CARTESIAN_POINT ( 'NONE',  ( -18.32695469666406396, 42.61358519569127168, 26.83988220262480340 ) ) ;
#3950 = CARTESIAN_POINT ( 'NONE',  ( 9.349156967893005543, 35.42405402508306622, 31.29308701548220029 ) ) ;
#3951 = CARTESIAN_POINT ( 'NONE',  ( 31.39978695825662669, 60.39384083209360199, 5.975442547482939126 ) ) ;
#3952 = CARTESIAN_POINT ( 'NONE',  ( -12.23713824892584690, 75.11743830698851809, 22.29533276450225188 ) ) ;
#3953 = CARTESIAN_POINT ( 'NONE',  ( -5.327486110168762501, 85.46411728023704768, 10.18543597960025515 ) ) ;
#3954 = CARTESIAN_POINT ( 'NONE',  ( 27.40928079810919726, 31.67545742012940124, 17.70431355331618661 ) ) ;
#3955 = ORIENTED_EDGE ( 'NONE', *, *, #3717, .F. ) ;
#3956 = CARTESIAN_POINT ( 'NONE',  ( -13.70753147611070766, 67.97063417382881312, 33.80314831673452858 ) ) ;
#3957 = CARTESIAN_POINT ( 'NONE',  ( 8.793174514601895808, 81.76911936204926690, 31.84185805740456843 ) ) ;
#3958 = ORIENTED_EDGE ( 'NONE', *, *, #3360, .F. ) ;
#3959 = DIRECTION ( 'NONE',  ( 0.7071067811865461294, 0.000000000000000000, -0.7071067811865489050 ) ) ;
#3960 = CARTESIAN_POINT ( 'NONE',  ( 11.05799221632170948, 31.11021722220660024, 30.56106228442246220 ) ) ;
#3961 = AXIS2_PLACEMENT_3D ( 'NONE', #1843, #621, #1164 ) ;
#3962 = CARTESIAN_POINT ( 'NONE',  ( 15.18126852826944884, 63.05263157894739834, 48.10420699215579532 ) ) ;
#3963 = EDGE_CURVE ( 'NONE', #1660, #3375, #1621, .T. ) ;
#3964 = CARTESIAN_POINT ( 'NONE',  ( 22.79131089031762514, 30.13212714928294034, 29.32755011127233047 ) ) ;
#3965 = CARTESIAN_POINT ( 'NONE',  ( -4.602208328239927759, 30.12195220944295571, 36.85911454937048859 ) ) ;
#3966 = SPHERICAL_SURFACE ( 'NONE', #3213, 32.50000000000000000 ) ;
#3967 = CARTESIAN_POINT ( 'NONE',  ( 17.20358095138235299, 83.03634929131250431, 5.928558796192075597 ) ) ;
#3968 = CARTESIAN_POINT ( 'NONE',  ( 5.737776611055304343, 53.16901356704211423, 25.87168045320542475 ) ) ;
#3969 = CARTESIAN_POINT ( 'NONE',  ( 13.39783543904802166, 63.08938122025088546, 21.18902887280334468 ) ) ;
#3970 = COORDINATED_UNIVERSAL_TIME_OFFSET ( 8, 0, .AHEAD. ) ;
#3971 = AXIS2_PLACEMENT_3D ( 'NONE', #3354, #2981, #310 ) ;
#3972 = CARTESIAN_POINT ( 'NONE',  ( -21.56041112118849767, 50.28294335784946156, 15.40866314161157291 ) ) ;
#3973 = CARTESIAN_POINT ( 'NONE',  ( 0.000000000000000000, 54.50000000000000000, 0.000000000000000000 ) ) ;
#3974 = ORIENTED_EDGE ( 'NONE', *, *, #2790, .T. ) ;
#3975 = CARTESIAN_POINT ( 'NONE',  ( -25.46999461642332818, 41.91203400933131462, 20.19861270848580759 ) ) ;
#3976 = FACE_OUTER_BOUND ( 'NONE', #1003, .T. ) ;
#3977 = CARTESIAN_POINT ( 'NONE',  ( 7.386211409674123374, 56.69172141263792497, 25.35556433786687336 ) ) ;
#3978 = CARTESIAN_POINT ( 'NONE',  ( -12.12190511110437541, 74.42712319286982847, 23.30600891535533137 ) ) ;
#3979 = DIRECTION ( 'NONE',  ( 0.000000000000000000, 0.000000000000000000, 1.000000000000000000 ) ) ;
#3980 = CARTESIAN_POINT ( 'NONE',  ( 27.73066495442089163, 32.26404266622822092, 17.21347190388074466 ) ) ;
#3981 = ORIENTED_EDGE ( 'NONE', *, *, #494, .F. ) ;
#3982 = CARTESIAN_POINT ( 'NONE',  ( -13.25944249873682956, 69.30014982685443670, 32.21187618163767041 ) ) ;
#3983 = CARTESIAN_POINT ( 'NONE',  ( 4.475424084705892369, 85.94262792704428477, 16.20694427599858400 ) ) ;
#3984 = VERTEX_POINT ( 'NONE', #556 ) ;
#3985 = CARTESIAN_POINT ( 'NONE',  ( -30.49941179617356113, 48.41851136983326143, 19.08864637168836609 ) ) ;
#3986 = CARTESIAN_POINT ( 'NONE',  ( -12.88951507176853895, 69.93849374406170227, 31.45098058036840172 ) ) ;
#3987 = CARTESIAN_POINT ( 'NONE',  ( 11.45973756673945942, 31.90628876612178999, 30.41295713582128357 ) ) ;
#3988 = EDGE_CURVE ( 'NONE', #2908, #711, #4648, .T. ) ;
#3989 = CARTESIAN_POINT ( 'NONE',  ( 30.54239123905828635, 32.21890258710180888, 20.14691165253534777 ) ) ;
#3990 = LOCAL_TIME ( 9, 7, 23.00000000000000000, #3970 ) ;
#3991 = CARTESIAN_POINT ( 'NONE',  ( 28.49701393560997431, 29.48872632787927373, 24.12987245540153580 ) ) ;
#3992 = CARTESIAN_POINT ( 'NONE',  ( -4.760007716490294527, 30.20519336755184625, 36.81412601807718232 ) ) ;
#3993 = CARTESIAN_POINT ( 'NONE',  ( 59.65296372179169992, 36.56829689731759458, -59.65296372179109596 ) ) ;
#3994 = CARTESIAN_POINT ( 'NONE',  ( 12.94604150367363005, 84.83446202518055657, 4.155188606536720286 ) ) ;
#3995 = CARTESIAN_POINT ( 'NONE',  ( 2.626421377476575891, 50.97303881870018216, 26.36979628525318731 ) ) ;
#3996 = AXIS2_PLACEMENT_3D ( 'NONE', #2318, #4972, #78 ) ;
#3997 = CARTESIAN_POINT ( 'NONE',  ( 23.13919840217952739, 56.40150246071318207, 12.77566277043468190 ) ) ;
#3998 = CARTESIAN_POINT ( 'NONE',  ( -14.24643916303657498, 49.48621459112577270, 29.29335941406910493 ) ) ;
#3999 = CARTESIAN_POINT ( 'NONE',  ( -9.985753282660809305, 82.34657783864375347, 13.48856629114253280 ) ) ;
#4000 = CARTESIAN_POINT ( 'NONE',  ( 2.101153921957300330, 29.21965660908955087, 37.36932690359044784 ) ) ;
#4001 = CARTESIAN_POINT ( 'NONE',  ( 31.81980515339470017, 77.00000000000000000, 31.81980515339460069 ) ) ;
#4002 = FACE_OUTER_BOUND ( 'NONE', #2880, .T. ) ;
#4003 = VECTOR ( 'NONE', #1393, 1000.000000000000114 ) ;
#4004 = CARTESIAN_POINT ( 'NONE',  ( -7.109116618177295344, 84.03770066676200656, 14.14736813934815984 ) ) ;
#4005 = CARTESIAN_POINT ( 'NONE',  ( 5.000000000000000000, 39.00000000000000000, 70.00000000000000000 ) ) ;
#4006 = ORIENTED_EDGE ( 'NONE', *, *, #3685, .F. ) ;
#4007 = DIRECTION ( 'NONE',  ( 1.000000000000000000, 0.000000000000000000, 0.000000000000000000 ) ) ;
#4008 = CARTESIAN_POINT ( 'NONE',  ( 6.233272874334431002, 84.82169675495229910, 22.57257833882422560 ) ) ;
#4009 = VERTEX_POINT ( 'NONE', #2534 ) ;
#4010 = CARTESIAN_POINT ( 'NONE',  ( -31.54473757315650317, 50.15065440568973543, 16.58518223779551803 ) ) ;
#4011 = DIRECTION ( 'NONE',  ( 0.2240350517812545739, 0.6731415555821190777, -0.7047614786024101186 ) ) ;
#4012 = EDGE_LOOP ( 'NONE', ( #1376, #2986, #2913, #4804 ) ) ;
#4013 = CARTESIAN_POINT ( 'NONE',  ( 30.01215830315742750, 31.04455038880806583, 21.43928106594544758 ) ) ;
#4014 = CIRCLE ( 'NONE', #47, 26.50000000000000000 ) ;
#4015 = CARTESIAN_POINT ( 'NONE',  ( 27.51180427799224404, 29.10878817449511757, 25.42930909763573766 ) ) ;
#4016 = CARTESIAN_POINT ( 'NONE',  ( -3.422645166311208076, 29.60374492206965158, 37.14698589068094492 ) ) ;
#4017 =( BOUNDED_CURVE ( )  B_SPLINE_CURVE ( 3, ( #837, #2391, #452, #1377 ),
 .UNSPECIFIED., .F., .T. ) 
 B_SPLINE_CURVE_WITH_KNOTS ( ( 4, 4 ),
 ( 5.961896717914780375, 6.604473896444400083 ),
 .UNSPECIFIED. ) 
 CURVE ( )  GEOMETRIC_REPRESENTATION_ITEM ( )  RATIONAL_B_SPLINE_CURVE ( ( 1.000000000000000000, 0.9658861886778929984, 0.9658861886778929984, 1.000000000000000000 ) ) 
 REPRESENTATION_ITEM ( '' )  );
#4018 = CARTESIAN_POINT ( 'NONE',  ( 17.00829339916121796, 81.09607609631038372, 29.98518379788636423 ) ) ;
#4019 = AXIS2_PLACEMENT_3D ( 'NONE', #209, #281, #3732 ) ;
#4020 = CARTESIAN_POINT ( 'NONE',  ( -7.334928640413274081, 56.41839987608880591, 25.39334841212268046 ) ) ;
#4021 = CARTESIAN_POINT ( 'NONE',  ( 5.637132692961182912, 53.05274191188723165, 25.89361138179064525 ) ) ;
#4022 = APPROVAL_ROLE ( '' ) ;
#4023 = CARTESIAN_POINT ( 'NONE',  ( -7.357957287750896747, 59.45274402761560140, 24.97159973641289454 ) ) ;
#4024 = CARTESIAN_POINT ( 'NONE',  ( -31.17025478126415194, 51.27665249865139430, 9.210255562893319592 ) ) ;
#4025 = CARTESIAN_POINT ( 'NONE',  ( -8.825951696424985116, 83.55078645884312039, 11.60473606558742965 ) ) ;
#4026 = CARTESIAN_POINT ( 'NONE',  ( 4.781935602629750370, 30.21363513898980102, 36.80928267231960405 ) ) ;
#4027 = DIRECTION ( 'NONE',  ( -0.6916548014802289535, 0.2079116908177599810, 0.6916548014802219591 ) ) ;
#4028 = CARTESIAN_POINT ( 'NONE',  ( -7.288171369110722608, 83.85177938310236812, 14.58355021426383047 ) ) ;
#4029 = CARTESIAN_POINT ( 'NONE',  ( 27.62608481736135246, 32.06001069541427029, 17.37564610215735428 ) ) ;
#4030 = ORIENTED_EDGE ( 'NONE', *, *, #1603, .T. ) ;
#4031 = CARTESIAN_POINT ( 'NONE',  ( -12.57906400803032376, 71.31103336313626073, 28.97860302926499187 ) ) ;
#4032 = CARTESIAN_POINT ( 'NONE',  ( 3.522878013137433317, 86.35991839194907982, 12.75726039349065566 ) ) ;
#4033 = ORIENTED_EDGE ( 'NONE', *, *, #819, .T. ) ;
#4034 = CARTESIAN_POINT ( 'NONE',  ( -32.38607908004761526, 52.97575812740026180, 13.86407332015320293 ) ) ;
#4035 = CARTESIAN_POINT ( 'NONE',  ( -13.59905696104063999, 67.80658569084380360, 34.05514296007554975 ) ) ;
#4036 = VERTEX_POINT ( 'NONE', #4889 ) ;
#4037 = ORIENTED_EDGE ( 'NONE', *, *, #4598, .T. ) ;
#4038 = CARTESIAN_POINT ( 'NONE',  ( 29.93672639632337606, 30.92158550959864627, 21.60135132885930176 ) ) ;
#4039 = CARTESIAN_POINT ( 'NONE',  ( 28.66862082036469062, 29.58806730035451693, 23.87761417833962696 ) ) ;
#4040 = CARTESIAN_POINT ( 'NONE',  ( 6.971365576308353518, 31.83043026517534813, 36.01252401383693069 ) ) ;
#4041 = CARTESIAN_POINT ( 'NONE',  ( 10.14886885264332150, 85.36958672812477289, 17.89226454298787772 ) ) ;
#4042 = CARTESIAN_POINT ( 'NONE',  ( 2.151262208159307132, 50.81496439808644539, 26.41256915200542821 ) ) ;
#4043 = EDGE_CURVE ( 'NONE', #2217, #3715, #775, .T. ) ;
#4044 = VECTOR ( 'NONE', #3236, 1000.000000000000114 ) ;
#4045 = CARTESIAN_POINT ( 'NONE',  ( -7.238480865799187924, 59.97840124748998392, 24.89786389764277175 ) ) ;
#4046 = CARTESIAN_POINT ( 'NONE',  ( -28.19282334159184700, 47.84948440959645666, 16.28376757085247561 ) ) ;
#4047 = EDGE_CURVE ( 'NONE', #1418, #307, #907, .T. ) ;
#4048 = CARTESIAN_POINT ( 'NONE',  ( 33.19839116048835592, 52.94736842105259456, 11.72883531378175981 ) ) ;
#4049 = CARTESIAN_POINT ( 'NONE',  ( -0.5105925434894980075, 29.00953348372159724, 37.49427158528600046 ) ) ;
#4050 = DIRECTION ( 'NONE',  ( -0.2232968782694355891, -0.9488292830168393310, 0.2232968782694365883 ) ) ;
#4051 = PLANE ( 'NONE',  #1010 ) ;
#4052 = CARTESIAN_POINT ( 'NONE',  ( 25.04130519863751303, 29.43073347733724532, 20.78993588081950605 ) ) ;
#4053 = CARTESIAN_POINT ( 'NONE',  ( -15.34742416828394873, 63.08004414466099519, 37.24784033840305142 ) ) ;
#4054 = CARTESIAN_POINT ( 'NONE',  ( 8.668504756520839294, 81.99230731481794976, 31.39057870691496532 ) ) ;
#4055 = B_SPLINE_CURVE_WITH_KNOTS ( 'NONE', 3,
 ( #3300, #3681, #1046, #2192, #1445, #2541, #3322, #2568, #4897, #2997, #2167, #303, #229, #2924, #4080, #2591, #4524, #1070, #3728, #4822, #4501, #2974, #2613, #683, #1857, #975, #4126, #659, #4447, #2239, #2951, #3775, #3395, #253 ),
 .UNSPECIFIED., .F., .F.,
 ( 4, 2, 1, 2, 2, 1, 1, 2, 2, 1, 2, 2, 1, 1, 2, 2, 2, 1, 1, 2, 4 ),
 ( 0.000000000000000000, 0.2499999999999317213, 0.2812499999999228950, 0.2851562499999228395, 0.2890624999999227840, 0.2968749999999216183, 0.3124999999999213962, 0.3749999999999201750, 0.4999999999999189537, 0.5624999999999187317, 0.5703124999999185096, 0.5781249999999182876, 0.5937499999999197309, 0.6249999999999242828, 0.7499999999999428235, 0.7812499999999482636, 0.7890624999999495959, 0.7968749999999509281, 0.8124999999999550360, 0.8749999999999700240, 1.000000000000000000 ),
 .UNSPECIFIED. ) ;
#4056 = ORIENTED_EDGE ( 'NONE', *, *, #290, .F. ) ;
#4057 = CARTESIAN_POINT ( 'NONE',  ( -29.95633415895019525, 47.85839733049374445, 20.15202726754415252 ) ) ;
#4058 = CARTESIAN_POINT ( 'NONE',  ( 0.000000000000000000, 0.000000000000000000, 0.000000000000000000 ) ) ;
#4059 = ORIENTED_EDGE ( 'NONE', *, *, #3380, .T. ) ;
#4060 = CARTESIAN_POINT ( 'NONE',  ( 31.81980515339470017, 39.00000000000000000, 31.81980515339460069 ) ) ;
#4061 = DIRECTION ( 'NONE',  ( -0.7071067811865485719, 2.173097682055585420E-16, -0.7071067811865464625 ) ) ;
#4062 = CARTESIAN_POINT ( 'NONE',  ( 29.85300538691658190, 30.78955158363244848, 21.77873374857727384 ) ) ;
#4063 = B_SPLINE_CURVE_WITH_KNOTS ( 'NONE', 3,
 ( #2273, #623, #2177, #4487, #1865, #2202, #1033, #4953, #261, #3713, #1820, #239, #4883, #1057, #2600, #4136, #4090, #3763, #3383, #4905, #1454, #3029, #3405, #2645, #3785, #4929, #3007, #4556, #4533, #1079, #2623, #693, #2248, #334, #718, #2750, #2374, #5000, #1172, #4577, #2294, #3076, #2780, #55, #2722, #3829, #2694, #4681 ),
 .UNSPECIFIED., .F., .F.,
 ( 4, 2, 2, 1, 1, 1, 1, 2, 2, 2, 2, 1, 1, 1, 1, 2, 2, 2, 2, 1, 2, 2, 2, 1, 1, 1, 2, 2, 2, 4 ),
 ( 0.000000000000000000, 0.1249999999999273359, 0.1874999999998905598, 0.2187499999998721578, 0.2343749999998626377, 0.2421874999998576139, 0.2460937499998548106, 0.2480468749998531175, 0.2499999999998514244, 0.3749999999997076783, 0.4374999999996361244, 0.4687499999996002642, 0.4843749999995834443, 0.4921874999995760613, 0.4960937499995731748, 0.4980468749995727307, 0.4999999999995723421, 0.5624999999995975442, 0.5937499999996110889, 0.6093749999996187494, 0.6171874999996225242, 0.6249999999996264100, 0.6874999999996570521, 0.7187499999996738165, 0.7343749999996821431, 0.7421874999996849187, 0.7460937499996876943, 0.7499999999996905808, 0.8749999999998452349, 1.000000000000000000 ),
 .UNSPECIFIED. ) ;
#4064 = CARTESIAN_POINT ( 'NONE',  ( 29.28377074817033332, 30.08786067541044318, 22.86905690567344607 ) ) ;
#4065 = CARTESIAN_POINT ( 'NONE',  ( 3.387753285400265657, 29.58806730039260913, 37.15579909341526843 ) ) ;
#4066 = CARTESIAN_POINT ( 'NONE',  ( 10.75672144098035155, 85.14384298669828866, 18.96382495291717518 ) ) ;
#4067 = ORIENTED_EDGE ( 'NONE', *, *, #3046, .T. ) ;
#4068 = LINE ( 'NONE', #1291, #3515 ) ;
#4069 = B_SPLINE_CURVE_WITH_KNOTS ( 'NONE', 3,
 ( #3915, #3164, #4687, #3189 ),
 .UNSPECIFIED., .F., .F.,
 ( 4, 4 ),
 ( 0.000000000000000000, 1.000000000000000000 ),
 .UNSPECIFIED. ) ;
#4070 = CARTESIAN_POINT ( 'NONE',  ( -5.622508127749037854, 62.96487637487632583, 24.47445038301093234 ) ) ;
#4071 = CARTESIAN_POINT ( 'NONE',  ( 13.66068282608766005, 84.58973609869509858, 4.422381130318415288 ) ) ;
#4072 = CARTESIAN_POINT ( 'NONE',  ( -26.87904301104649818, 35.84210526315790446, -40.29751541523789626 ) ) ;
#4073 = AXIS2_PLACEMENT_3D ( 'NONE', #4097, #2916, #2185 ) ;
#4074 = CARTESIAN_POINT ( 'NONE',  ( -1.047766504391187015, 29.04950349543710075, 32.49000891107559141 ) ) ;
#4075 = EDGE_CURVE ( 'NONE', #485, #4278, #3430, .T. ) ;
#4076 = DIRECTION ( 'NONE',  ( 0.000000000000000000, -1.000000000000000000, 0.000000000000000000 ) ) ;
#4077 = VECTOR ( 'NONE', #558, 1000.000000000000227 ) ;
#4078 = CARTESIAN_POINT ( 'NONE',  ( -16.02060009697775200, 60.20771109392259746, 37.69931730793094715 ) ) ;
#4079 = CARTESIAN_POINT ( 'NONE',  ( 27.90984464843769786, 29.21965660908940166, 24.93836427537319977 ) ) ;
#4080 = CARTESIAN_POINT ( 'NONE',  ( -16.10149229349880784, 56.63983788332993186, 36.51950454142347979 ) ) ;
#4081 = CARTESIAN_POINT ( 'NONE',  ( -15.81164115540294901, 60.44918072774324713, 37.77945279401525625 ) ) ;
#4082 = VERTEX_POINT ( 'NONE', #3081 ) ;
#4083 = CARTESIAN_POINT ( 'NONE',  ( -21.36769015178802888, 47.32445777624633365, 29.25693788612753465 ) ) ;
#4084 = CARTESIAN_POINT ( 'NONE',  ( -14.86769756761871975, 51.77202240729099714, 32.10623810185134630 ) ) ;
#4085 = VERTEX_POINT ( 'NONE', #2328 ) ;
#4086 = CARTESIAN_POINT ( 'NONE',  ( -31.11774688075842477, 57.21998059623615518, 9.550184074489036945 ) ) ;
#4087 = VERTEX_POINT ( 'NONE', #3858 ) ;
#4088 = CARTESIAN_POINT ( 'NONE',  ( -31.42867489244251189, 59.95481798427515940, 6.275574888555490283 ) ) ;
#4089 = EDGE_CURVE ( 'NONE', #2688, #904, #3130, .T. ) ;
#4090 = CARTESIAN_POINT ( 'NONE',  ( -14.50032648896369558, 48.87363707200064056, 30.04986038637950330 ) ) ;
#4091 = CARTESIAN_POINT ( 'NONE',  ( 6.238668529162151977, 31.18052794650860804, 36.31459343983348020 ) ) ;
#4092 = DIRECTION ( 'NONE',  ( 0.7071067811865490160, 0.000000000000000000, 0.7071067811865460184 ) ) ;
#4093 = ORIENTED_EDGE ( 'NONE', *, *, #4283, .F. ) ;
#4094 = CARTESIAN_POINT ( 'NONE',  ( 20.89777719375882015, 51.23349689781663585, 16.29783699172510580 ) ) ;
#4095 = EDGE_CURVE ( 'NONE', #1736, #904, #368, .T. ) ;
#4096 = CARTESIAN_POINT ( 'NONE',  ( 0.000000000000000000, 12.00000000000000000, 0.000000000000000000 ) ) ;
#4097 = CARTESIAN_POINT ( 'NONE',  ( 0.000000000000000000, 77.00000000000000000, 70.00000000000000000 ) ) ;
#4098 = FACE_OUTER_BOUND ( 'NONE', #1117, .T. ) ;
#4099 = CARTESIAN_POINT ( 'NONE',  ( 2.356014576261893811, 29.26438005728070380, 32.44440259270860594 ) ) ;
#4100 = EDGE_CURVE ( 'NONE', #1977, #3705, #4662, .T. ) ;
#4101 = CARTESIAN_POINT ( 'NONE',  ( -12.05221545823571105, 73.27973689506275434, 25.04506147286226181 ) ) ;
#4102 = ORIENTED_EDGE ( 'NONE', *, *, #157, .T. ) ;
#4103 = CARTESIAN_POINT ( 'NONE',  ( -16.16135511523595270, 58.45695948403869835, 37.34446942208274578 ) ) ;
#4104 = CARTESIAN_POINT ( 'NONE',  ( 21.76939625499181474, 29.12634178646354854, 24.15594039946524063 ) ) ;
#4105 = CARTESIAN_POINT ( 'NONE',  ( 15.31654962476810056, 62.64616247059149856, 48.53286615563870754 ) ) ;
#4106 = ORIENTED_EDGE ( 'NONE', *, *, #4628, .T. ) ;
#4107 = CARTESIAN_POINT ( 'NONE',  ( -21.30307847658164988, 47.34997167936201379, 29.29643872079330791 ) ) ;
#4108 = CARTESIAN_POINT ( 'NONE',  ( 0.000000000000000000, 77.00000000000000000, -47.50100000000000477 ) ) ;
#4109 = ORIENTED_EDGE ( 'NONE', *, *, #3158, .T. ) ;
#4110 = CARTESIAN_POINT ( 'NONE',  ( -27.55938019218169543, 69.23871215411681135, 9.495715582338069893 ) ) ;
#4111 = EDGE_LOOP ( 'NONE', ( #4939, #131, #4067, #1784, #1464 ) ) ;
#4112 = EDGE_CURVE ( 'NONE', #2688, #4998, #3566, .T. ) ;
#4113 = DIRECTION ( 'NONE',  ( -0.6709236202095760770, 0.3157894736842104533, 0.6709236202095779644 ) ) ;
#4114 = CARTESIAN_POINT ( 'NONE',  ( 0.000000000000000000, 39.00000000000000000, 45.00000000000000000 ) ) ;
#4115 = CARTESIAN_POINT ( 'NONE',  ( 7.478681614558491120, 32.36122064547290478, 35.78292228539939401 ) ) ;
#4116 = VERTEX_POINT ( 'NONE', #3884 ) ;
#4117 = EDGE_CURVE ( 'NONE', #1977, #4654, #1759, .T. ) ;
#4118 = CARTESIAN_POINT ( 'NONE',  ( 53.03300858899120129, 39.00000000000000000, 45.96194077712550552 ) ) ;
#4119 = CARTESIAN_POINT ( 'NONE',  ( -4.561445900069490911, 63.97369546901884974, 24.32983962986271109 ) ) ;
#4120 = DIRECTION ( 'NONE',  ( 0.000000000000000000, 0.000000000000000000, -1.000000000000000000 ) ) ;
#4121 = CARTESIAN_POINT ( 'NONE',  ( -5.616858182631402130, 30.67929751501675284, 32.11908233293429049 ) ) ;
#4122 = CARTESIAN_POINT ( 'NONE',  ( 14.35062871369090054, 34.61827305196529636, 34.64548246917324548 ) ) ;
#4123 = ORIENTED_EDGE ( 'NONE', *, *, #4786, .T. ) ;
#4124 = CARTESIAN_POINT ( 'NONE',  ( -14.71039572868356160, 51.69580527702089512, 32.11069379525614664 ) ) ;
#4125 = CARTESIAN_POINT ( 'NONE',  ( 20.47780200038529941, 24.49198576477214928, 25.24545642765680142 ) ) ;
#4126 = CARTESIAN_POINT ( 'NONE',  ( -16.07232506008251960, 59.76082843716105231, 37.64458058595828049 ) ) ;
#4127 = CARTESIAN_POINT ( 'NONE',  ( 0.000000000000000000, 87.00000000000000000, 0.000000000000000000 ) ) ;
#4128 = ORIENTED_EDGE ( 'NONE', *, *, #3407, .T. ) ;
#4129 = CYLINDRICAL_SURFACE ( 'NONE', #4601, 5.000000000000001776 ) ;
#4130 = CARTESIAN_POINT ( 'NONE',  ( -14.72987133694024031, 51.57785971232399902, 31.84268133332025030 ) ) ;
#4131 = ORIENTED_EDGE ( 'NONE', *, *, #2883, .T. ) ;
#4132 = CARTESIAN_POINT ( 'NONE',  ( -25.43604236550800834, 71.90399914090703248, 10.81786714854067100 ) ) ;
#4133 = CARTESIAN_POINT ( 'NONE',  ( -32.54469103558447785, 53.85727492675279393, 13.24786107044917571 ) ) ;
#4134 = CARTESIAN_POINT ( 'NONE',  ( -29.39352412821076044, 66.89630047311970884, 6.226292673880211126 ) ) ;
#4135 = EDGE_CURVE ( 'NONE', #4671, #4036, #3620, .T. ) ;
#4136 = CARTESIAN_POINT ( 'NONE',  ( -14.49510278998606161, 49.03175607501832900, 30.12502130525004773 ) ) ;
#4137 = CARTESIAN_POINT ( 'NONE',  ( 6.531715057001449054, 31.42682494146852079, 36.19749767256263340 ) ) ;
#4138 = ORIENTED_EDGE ( 'NONE', *, *, #3208, .T. ) ;
#4139 = CARTESIAN_POINT ( 'NONE',  ( 17.74461560417772077, 36.07893192957381956, 31.27455728160554571 ) ) ;
#4140 = CARTESIAN_POINT ( 'NONE',  ( 5.237592508592760154, 63.36837365840897007, 24.41662348313867881 ) ) ;
#4141 = CARTESIAN_POINT ( 'NONE',  ( 21.90532295598009682, 80.15789473684209554, 8.486850551788499786 ) ) ;
#4142 = CARTESIAN_POINT ( 'NONE',  ( -32.97958697921395554, 57.67697550561217668, 11.46470303564421300 ) ) ;
#4143 =( BOUNDED_SURFACE ( )  B_SPLINE_SURFACE ( 3, 2, ( 
 ( #153, #900, #1369 ),
 ( #4446, #1707, #2495 ),
 ( #2876, #3656, #3611 ),
 ( #2117, #2423, #4377 ),
 ( #2140, #2445, #3582 ),
 ( #4725, #3980, #4801 ),
 ( #2923, #4029, #1302 ),
 ( #178, #3954, #2039 ),
 ( #584, #102, #1656 ),
 ( #130, #203, #3229 ),
 ( #3203, #1276, #1345 ),
 ( #2093, #2826, #952 ),
 ( #3680, #4774, #4401 ),
 ( #926, #4354, #3253 ),
 ( #2900, #4423, #2468 ),
 ( #507, #974, #537 ),
 ( #2517, #4052, #1683 ),
 ( #4749, #3634, #1324 ),
 ( #4523, #1466, #1069 ),
 ( #3702, #2166, #4079 ),
 ( #3727, #635, #1876 ),
 ( #3394, #4170, #4476 ),
 ( #1489, #3321, #3019 ),
 ( #228, #4500, #2262 ),
 ( #4872, #998, #1045 ),
 ( #2973, #3795, #1780 ),
 ( #2191, #4544, #2590 ),
 ( #1021, #4104, #2540 ),
 ( #4125, #3416, #2567 ),
 ( #4149, #4847, #658 ),
 ( #1090, #1856, #323 ),
 ( #611, #4918, #1392 ),
 ( #2612, #2636, #2950 ),
 ( #2213, #682, #3751 ),
 ( #252, #2996, #1809 ),
 ( #1444, #706, #3344 ),
 ( #1421, #274, #1834 ),
 ( #4941, #2238, #3042 ),
 ( #3371, #3774, #4896 ),
 ( #302, #2310, #1534 ),
 ( #450, #2682, #4191 ),
 ( #4642, #2362, #1111 ),
 ( #2738, #3064, #3090 ),
 ( #41, #1135, #1924 ),
 ( #4589, #3893, #3467 ),
 ( #757, #1510, #4216 ),
 ( #1592, #4670, #4243 ),
 ( #3115, #1188, #2766 ) ),
 .UNSPECIFIED., .F., .F., .T. ) 
 B_SPLINE_SURFACE_WITH_KNOTS ( ( 4, 2, 2, 2, 2, 2, 2, 2, 2, 2, 2, 2, 2, 2, 2, 2, 2, 2, 2, 2, 2, 2, 2, 4 ),
 ( 3, 3 ),
 ( 0.000000000000000000, 0.002359253772100165011, 0.004718507544200330021, 0.005898134430250410142, 0.007077761316300489394, 0.009437015088400649634, 0.01061664197445071935, 0.01179626886050082028, 0.01415552263260098052, 0.01533514951865105023, 0.01651477640470114944, 0.01887403017680129927, 0.02005365706285140021, 0.02123328394890144910, 0.02359253772100164750, 0.02477216460705169987, 0.02595179149310180081, 0.02831104526520195064, 0.02949067215125205157, 0.03067029903730210047, 0.03302955280940229887, 0.03420917969545234777, 0.03538880658150245218, 0.03774806035360259854 ),
 ( 0.000000000000000000, 1.000000000000000000 ),
 .UNSPECIFIED. ) 
 GEOMETRIC_REPRESENTATION_ITEM ( )  RATIONAL_B_SPLINE_SURFACE ( (
 ( 1.000000000000000000, 0.8246547166311789523, 1.000000000000000000),
 ( 1.000000000000000000, 0.8208181550329030074, 1.000000000000000000),
 ( 1.000000000000000000, 0.8162164725890059813, 1.000000000000000000),
 ( 1.000000000000000000, 0.8058178796744009942, 1.000000000000000000),
 ( 1.000000000000000000, 0.8000195206746639753, 1.000000000000000000),
 ( 1.000000000000000000, 0.7906637784151480108, 1.000000000000000000),
 ( 1.000000000000000000, 0.7874331997424709462, 1.000000000000000000),
 ( 1.000000000000000000, 0.7809124452975759745, 1.000000000000000000),
 ( 1.000000000000000000, 0.7776090037120489962, 1.000000000000000000),
 ( 1.000000000000000000, 0.7676516041945810054, 1.000000000000000000),
 ( 1.000000000000000000, 0.7609480753113029294, 1.000000000000000000),
 ( 1.000000000000000000, 0.7511494018608060319, 1.000000000000000000),
 ( 1.000000000000000000, 0.7479126458400660038, 1.000000000000000000),
 ( 1.000000000000000000, 0.7416726727312640266, 1.000000000000000000),
 ( 1.000000000000000000, 0.7386714648084630186, 1.000000000000000000),
 ( 1.000000000000000000, 0.7301105082456499362, 1.000000000000000000),
 ( 1.000000000000000000, 0.7249920863292659279, 1.000000000000000000),
 ( 1.000000000000000000, 0.7185600259135960233, 1.000000000000000000),
 ( 1.000000000000000000, 0.7166238892317650100, 1.000000000000000000),
 ( 1.000000000000000000, 0.7132323769607400443, 1.000000000000000000),
 ( 1.000000000000000000, 0.7117919984170479886, 1.000000000000000000),
 ( 1.000000000000000000, 0.7083246170544810205, 1.000000000000000000),
 ( 1.000000000000000000, 0.7071297090585780820, 1.000000000000000000),
 ( 1.000000000000000000, 0.7070958084929260812, 1.000000000000000000),
 ( 1.000000000000000000, 0.7073770797169369740, 1.000000000000000000),
 ( 1.000000000000000000, 0.7085325800185189316, 1.000000000000000000),
 ( 1.000000000000000000, 0.7094108146989279717, 1.000000000000000000),
 ( 1.000000000000000000, 0.7128498258599010873, 1.000000000000000000),
 ( 1.000000000000000000, 0.7162225262939140302, 1.000000000000000000),
 ( 1.000000000000000000, 0.7226134807902759860, 1.000000000000000000),
 ( 1.000000000000000000, 0.7249657322172010643, 1.000000000000000000),
 ( 1.000000000000000000, 0.7300652623625469850, 1.000000000000000000),
 ( 1.000000000000000000, 0.7328133987087640522, 1.000000000000000000),
 ( 1.000000000000000000, 0.7414133387435020150, 1.000000000000000000),
 ( 1.000000000000000000, 0.7476615933980069739, 1.000000000000000000),
 ( 1.000000000000000000, 0.7574176027393130228, 1.000000000000000000),
 ( 1.000000000000000000, 0.7607341934048329479, 1.000000000000000000),
 ( 1.000000000000000000, 0.7674370747504370982, 1.000000000000000000),
 ( 1.000000000000000000, 0.7708271262985409988, 1.000000000000000000),
 ( 1.000000000000000000, 0.7808494120619320356, 1.000000000000000000),
 ( 1.000000000000000000, 0.7873870140307539511, 1.000000000000000000),
 ( 1.000000000000000000, 0.7966741355583469852, 1.000000000000000000),
 ( 1.000000000000000000, 0.7996837067600700566, 1.000000000000000000),
 ( 1.000000000000000000, 0.8054816568025290335, 1.000000000000000000),
 ( 1.000000000000000000, 0.8082787283830650260, 1.000000000000000000),
 ( 1.000000000000000000, 0.8161909488636740484, 1.000000000000000000),
 ( 1.000000000000000000, 0.8208191621743280431, 1.000000000000000000),
 ( 1.000000000000000000, 0.8246547166311789523, 1.000000000000000000) ) ) 
 REPRESENTATION_ITEM ( '' )  SURFACE ( )  );
#4144 = CARTESIAN_POINT ( 'NONE',  ( -8.352340494311361496, 33.49494408832379833, 35.34592164471955300 ) ) ;
#4145 = DIRECTION ( 'NONE',  ( 0.9488292830168389980, -0.3157894736842109529, 0.000000000000000000 ) ) ;
#4146 = AXIS2_PLACEMENT_3D ( 'NONE', #4060, #2149, #3306 ) ;
#4147 = ORIENTED_EDGE ( 'NONE', *, *, #3584, .F. ) ;
#4148 = CARTESIAN_POINT ( 'NONE',  ( -16.15702773152764848, 57.34277414965409747, 36.90895076659604968 ) ) ;
#4149 = CARTESIAN_POINT ( 'NONE',  ( 19.70758639367695153, 24.85509870335075178, 25.84505561587524980 ) ) ;
#4150 = LINE ( 'NONE', #4873, #1829 ) ;
#4151 = CARTESIAN_POINT ( 'NONE',  ( -15.46334623894755467, 62.13735645319412981, 37.62779210676336561 ) ) ;
#4152 = CARTESIAN_POINT ( 'NONE',  ( -24.94328618919353246, 46.44134694992607137, 26.57952886999311559 ) ) ;
#4153 = FACE_OUTER_BOUND ( 'NONE', #70, .T. ) ;
#4154 = EDGE_LOOP ( 'NONE', ( #4829, #2069, #4378, #3421, #4333, #587 ) ) ;
#4155 = CARTESIAN_POINT ( 'NONE',  ( -29.92916369725490355, 64.36773381710669639, 8.590149978800669217 ) ) ;
#4156 = CARTESIAN_POINT ( 'NONE',  ( 27.57776790234373365, 26.58905401270986602, 17.20584489834077146 ) ) ;
#4157 = CYLINDRICAL_SURFACE ( 'NONE', #3075, 7.499999999999997335 ) ;
#4158 = CIRCLE ( 'NONE', #1337, 5.000000000000001776 ) ;
#4159 = CARTESIAN_POINT ( 'NONE',  ( -13.36781197506316232, 37.84454953543445299, 29.64453309442465567 ) ) ;
#4160 = CARTESIAN_POINT ( 'NONE',  ( -2.525535258333788668, 24.28005811808658621, 32.40363011581379737 ) ) ;
#4161 = CARTESIAN_POINT ( 'NONE',  ( 21.81197628423404922, 52.22196351419199090, 15.04949387217771317 ) ) ;
#4162 = CC_DESIGN_PERSON_AND_ORGANIZATION_ASSIGNMENT ( #2109, #1722, ( #2223 ) ) ;
#4163 = CARTESIAN_POINT ( 'NONE',  ( 7.237262136839033744, 59.97206728681668153, 24.89873423252147333 ) ) ;
#4164 = CARTESIAN_POINT ( 'NONE',  ( 15.19062077756419882, 83.15692527034448744, 2.131689892782729689 ) ) ;
#4165 = CARTESIAN_POINT ( 'NONE',  ( -6.761706233081357098, 54.74345286727899662, 25.62317179678909795 ) ) ;
#4166 = CARTESIAN_POINT ( 'NONE',  ( -8.923277799645878972, 28.08482502817865267, 31.25199074250604880 ) ) ;
#4167 = CARTESIAN_POINT ( 'NONE',  ( 7.026092478073558745, 84.52750522181757731, 16.96248775105758000 ) ) ;
#4168 = ORIENTED_EDGE ( 'NONE', *, *, #4484, .T. ) ;
#4169 = CARTESIAN_POINT ( 'NONE',  ( -14.59694222733406122, 50.76205834036009179, 22.11734496188453747 ) ) ;
#4170 = CARTESIAN_POINT ( 'NONE',  ( 23.57770357443586562, 29.02500659599042621, 22.37728320099034107 ) ) ;
#4171 = CARTESIAN_POINT ( 'NONE',  ( 24.11454850360225066, 60.98213690738689507, 46.35371993556369574 ) ) ;
#4172 = AXIS2_PLACEMENT_3D ( 'NONE', #3069, #1881, #380 ) ;
#4173 = DIRECTION ( 'NONE',  ( -0.3157894736842106198, -0.9488292830168392200, 0.000000000000000000 ) ) ;
#4174 = CARTESIAN_POINT ( 'NONE',  ( -16.49042720203941670, 50.22999174691647539, 31.57960525984294264 ) ) ;
#4175 = DIRECTION ( 'NONE',  ( 0.000000000000000000, 0.000000000000000000, -1.000000000000000000 ) ) ;
#4176 = ORIENTED_EDGE ( 'NONE', *, *, #609, .F. ) ;
#4177 = CARTESIAN_POINT ( 'NONE',  ( 31.67927469333140067, 51.36842105263159652, 7.257654917702700104 ) ) ;
#4178 = CARTESIAN_POINT ( 'NONE',  ( 17.73204172433424475, 26.15341653340029993, 27.23808457554967077 ) ) ;
#4179 = CARTESIAN_POINT ( 'NONE',  ( 8.244027221007803163, 85.95645982980254018, 14.53400855778119194 ) ) ;
#4180 = ADVANCED_FACE ( 'NONE', ( #115 ), #3966, .T. ) ;
#4181 = DIRECTION ( 'NONE',  ( 0.000000000000000000, 0.000000000000000000, 1.000000000000000000 ) ) ;
#4182 = CARTESIAN_POINT ( 'NONE',  ( -5.615973011384868485, 25.46917512971061370, 32.01180361126562701 ) ) ;
#4183 = CARTESIAN_POINT ( 'NONE',  ( 21.60419451545907066, 51.94183547315093108, 15.34687827827947615 ) ) ;
#4184 = CARTESIAN_POINT ( 'NONE',  ( 6.888265760392607184, 60.96711902550975992, 24.75844058600967657 ) ) ;
#4185 = LINE ( 'NONE', #4663, #2701 ) ;
#4186 = CARTESIAN_POINT ( 'NONE',  ( -4.575191933586646442, 52.05676164868908984, 26.10203064045095900 ) ) ;
#4187 = ADVANCED_FACE ( 'NONE', ( #914 ), #3537, .F. ) ;
#4188 = CARTESIAN_POINT ( 'NONE',  ( -9.349156967893017978, 35.42405402508306622, 31.29308701548220029 ) ) ;
#4189 = ORIENTED_EDGE ( 'NONE', *, *, #388, .F. ) ;
#4190 = CARTESIAN_POINT ( 'NONE',  ( -15.00112888618367712, 50.49990731241367570, 21.85115510721198717 ) ) ;
#4191 = CARTESIAN_POINT ( 'NONE',  ( 19.73241382427685053, 32.65950502594944993, 30.69261509328794801 ) ) ;
#4192 = CARTESIAN_POINT ( 'NONE',  ( 16.65754264034018206, 59.32339767486750048, 40.21486535810884533 ) ) ;
#4193 = CIRCLE ( 'NONE', #4591, 5.000000000000002665 ) ;
#4194 = CARTESIAN_POINT ( 'NONE',  ( 30.66879291807484975, 61.51742880628605548, 8.571622320631593794 ) ) ;
#4195 = CARTESIAN_POINT ( 'NONE',  ( -15.26187955266909846, 44.41104739144864766, 28.69361153644224771 ) ) ;
#4196 =( BOUNDED_SURFACE ( )  B_SPLINE_SURFACE ( 3, 2, ( 
 ( #3752, #612, #1022 ),
 ( #1835, #4848, #4105 ),
 ( #1810, #3345, #1190 ),
 ( #3868, #2740, #4990 ),
 ( #4171, #1091, #1951 ),
 ( #3043, #4943, #43 ),
 ( #15, #2637, #1511 ),
 ( #4546, #3493, #707 ),
 ( #1535, #4569, #402 ),
 ( #3417, #2284, #759 ),
 ( #3065, #4590, #1925 ),
 ( #1490, #4616, #4644 ),
 ( #3818, #1136, #2711 ),
 ( #4244, #2263, #3091 ),
 ( #2339, #1162, #4270 ),
 ( #1594, #3796, #324 ),
 ( #3468, #2683, #348 ),
 ( #1899, #808, #1564 ),
 ( #784, #1877, #3443 ),
 ( #3118, #3895, #2364 ),
 ( #4965, #425, #1978 ),
 ( #3520, #1112, #4217 ),
 ( #2657, #4192, #731 ),
 ( #2311, #3844, #376 ),
 ( #3547, #2768, #1218 ),
 ( #3924, #2004, #71 ) ),
 .UNSPECIFIED., .F., .F., .T. ) 
 B_SPLINE_SURFACE_WITH_KNOTS ( ( 4, 2, 2, 2, 2, 2, 2, 2, 2, 2, 2, 2, 4 ),
 ( 3, 3 ),
 ( 5.961896717914780375, 6.042218865230980285, 6.122541012547180195, 6.162702086205279706, 6.202863159863380105, 6.243024233521489386, 6.283185307179590673, 6.323346380837690184, 6.363507454495790583, 6.403668528153890094, 6.443829601811989605, 6.524151749128189515, 6.604473896444400083 ),
 ( 0.000000000000000000, 1.000000000000000000 ),
 .UNSPECIFIED. ) 
 GEOMETRIC_REPRESENTATION_ITEM ( )  RATIONAL_B_SPLINE_SURFACE ( (
 ( 1.000000000000000000, 0.4812125383690850078, 1.000000000000000000),
 ( 1.000000000000000000, 0.4669849561762959844, 1.000000000000000000),
 ( 1.000000000000000000, 0.4536432654999840164, 1.000000000000000000),
 ( 1.000000000000000000, 0.4296600252949385190, 1.000000000000000000),
 ( 1.000000000000000000, 0.4190217324449589942, 1.000000000000000000),
 ( 1.000000000000000000, 0.4058275995975184625, 1.000000000000000000),
 ( 1.000000000000000000, 0.4018901349855155125, 1.000000000000000000),
 ( 1.000000000000000000, 0.3950468235555895102, 1.000000000000000000),
 ( 1.000000000000000000, 0.3921413295761969620, 1.000000000000000000),
 ( 1.000000000000000000, 0.3874524168347699971, 1.000000000000000000),
 ( 1.000000000000000000, 0.3856693078135099984, 1.000000000000000000),
 ( 1.000000000000000000, 0.3832847240108545050, 1.000000000000000000),
 ( 1.000000000000000000, 0.3826834323650900038, 1.000000000000000000),
 ( 1.000000000000000000, 0.3826834323650900038, 1.000000000000000000),
 ( 1.000000000000000000, 0.3832847240107050135, 1.000000000000000000),
 ( 1.000000000000000000, 0.3856693078136579911, 1.000000000000000000),
 ( 1.000000000000000000, 0.3874524168347145414, 1.000000000000000000),
 ( 1.000000000000000000, 0.3921413295762524731, 1.000000000000000000),
 ( 1.000000000000000000, 0.3950468235556439667, 1.000000000000000000),
 ( 1.000000000000000000, 0.4018901349854560046, 1.000000000000000000),
 ( 1.000000000000000000, 0.4058275995975174633, 1.000000000000000000),
 ( 1.000000000000000000, 0.4190217324449584946, 1.000000000000000000),
 ( 1.000000000000000000, 0.4296600252948665211, 1.000000000000000000),
 ( 1.000000000000000000, 0.4536432655000560143, 1.000000000000000000),
 ( 1.000000000000000000, 0.4669849561762430268, 1.000000000000000000),
 ( 1.000000000000000000, 0.4812125383690840086, 1.000000000000000000) ) ) 
 REPRESENTATION_ITEM ( '' )  SURFACE ( )  );
#4197 = PLANE ( 'NONE',  #1588 ) ;
#4198 = ORIENTED_EDGE ( 'NONE', *, *, #1060, .F. ) ;
#4199 = LINE ( 'NONE', #4552, #4938 ) ;
#4200 = CARTESIAN_POINT ( 'NONE',  ( 20.04052215453214458, 24.69788193398567344, 25.58594735527162811 ) ) ;
#4201 = UNCERTAINTY_MEASURE_WITH_UNIT (LENGTH_MEASURE( 1.000000000000000082E-05 ), #436, 'distance_accuracy_value', 'NONE');
#4202 = CARTESIAN_POINT ( 'NONE',  ( 19.10130560841624003, 80.68889238658161389, 3.201600160944244600 ) ) ;
#4203 = CARTESIAN_POINT ( 'NONE',  ( -13.70844709537494843, 67.47790924220423392, 34.17495903662828027 ) ) ;
#4204 = AXIS2_PLACEMENT_3D ( 'NONE', #2714, #4967, #2659 ) ;
#4205 = CARTESIAN_POINT ( 'NONE',  ( 9.488292830168399306, 35.84210526315790446, 34.69420229851370152 ) ) ;
#4206 = CARTESIAN_POINT ( 'NONE',  ( 22.68714144117558362, 60.09381076101853836, 12.50078127068992906 ) ) ;
#4207 = CARTESIAN_POINT ( 'NONE',  ( 15.57194745973498584, 51.75110239917886190, 21.44260034572942075 ) ) ;
#4208 = CARTESIAN_POINT ( 'NONE',  ( 4.556477804057700531, 63.96254877830197216, 24.33140177684913041 ) ) ;
#4209 = CARTESIAN_POINT ( 'NONE',  ( 22.83221831635019683, 54.50000000000000000, 13.45138679670325921 ) ) ;
#4210 = DIRECTION ( 'NONE',  ( 0.000000000000000000, 0.000000000000000000, 1.000000000000000000 ) ) ;
#4211 = CARTESIAN_POINT ( 'NONE',  ( 13.55170522799851973, 54.28635813931877152, 22.77311665555259168 ) ) ;
#4212 = CARTESIAN_POINT ( 'NONE',  ( -3.371240775879565277, 24.49198576477074951, 32.33122609241329570 ) ) ;
#4213 = FACE_OUTER_BOUND ( 'NONE', #3660, .T. ) ;
#4214 = ORIENTED_EDGE ( 'NONE', *, *, #4257, .F. ) ;
#4215 = CARTESIAN_POINT ( 'NONE',  ( -15.35471454196209962, 62.50752772735879148, 37.51621720192185450 ) ) ;
#4216 = CARTESIAN_POINT ( 'NONE',  ( 18.24470063135984788, 34.85925579403704688, 31.13872818159955003 ) ) ;
#4217 = CARTESIAN_POINT ( 'NONE',  ( 15.72546892750979808, 55.01786309261100172, 49.82859047180599532 ) ) ;
#4218 = CARTESIAN_POINT ( 'NONE',  ( 33.28338891943985800, 56.62786248210220208, 10.66300322368586073 ) ) ;
#4219 = CARTESIAN_POINT ( 'NONE',  ( 12.83542576738341623, 56.17564445674577200, 23.12345313444559025 ) ) ;
#4220 = AXIS2_PLACEMENT_3D ( 'NONE', #2624, #1936, #3479 ) ;
#4221 = CARTESIAN_POINT ( 'NONE',  ( 0.000000000000000000, 39.00000000000000000, 45.00000000000000000 ) ) ;
#4222 = CARTESIAN_POINT ( 'NONE',  ( -7.603546804264381898, 32.50490819018349953, 35.72350131123256745 ) ) ;
#4223 = CYLINDRICAL_SURFACE ( 'NONE', #3190, 32.50000000000000000 ) ;
#4224 = CARTESIAN_POINT ( 'NONE',  ( 14.98994325327120869, 29.12454531117813161, 28.83747759089989060 ) ) ;
#4225 = CARTESIAN_POINT ( 'NONE',  ( 3.647572172039283522, 86.79758500149466727, 0.3752331488159159067 ) ) ;
#4226 = VECTOR ( 'NONE', #3538, 1000.000000000000114 ) ;
#4227 = CARTESIAN_POINT ( 'NONE',  ( -40.29751541523799574, 35.84210526315790446, -26.87904301104634897 ) ) ;
#4228 = CARTESIAN_POINT ( 'NONE',  ( -1.996641518617338296, 24.17763264979777560, 32.43873400572925902 ) ) ;
#4229 = EDGE_CURVE ( 'NONE', #410, #3088, #3846, .T. ) ;
#4230 = CARTESIAN_POINT ( 'NONE',  ( 21.00106295415167068, 63.32882359844847997, 13.53727128285669679 ) ) ;
#4231 = CARTESIAN_POINT ( 'NONE',  ( 18.26418112670912564, 50.52171664791767824, 19.20357374979694853 ) ) ;
#4232 = CARTESIAN_POINT ( 'NONE',  ( 18.76018363729107108, 33.97974909982268343, 30.99649722268108576 ) ) ;
#4233 = AXIS2_PLACEMENT_3D ( 'NONE', #940, #4092, #2180 ) ;
#4234 = CARTESIAN_POINT ( 'NONE',  ( 5.924236093120453184, 62.62528548412470286, 24.52316457313998654 ) ) ;
#4235 = DIRECTION ( 'NONE',  ( 0.000000000000000000, 0.000000000000000000, 1.000000000000000000 ) ) ;
#4236 = EDGE_CURVE ( 'NONE', #4253, #3302, #2487, .T. ) ;
#4237 = CARTESIAN_POINT ( 'NONE',  ( -4.515210510032837909, 52.01113472505056734, 26.11252528718662447 ) ) ;
#4238 = CARTESIAN_POINT ( 'NONE',  ( 15.09126043261637484, 52.17955881010484376, 21.78310012836259446 ) ) ;
#4239 = CARTESIAN_POINT ( 'NONE',  ( 12.84294108297132730, 61.81472943361352890, 22.00128443209757734 ) ) ;
#4240 = CARTESIAN_POINT ( 'NONE',  ( 16.68419760026920073, 81.36419886385459677, 29.41381124040644934 ) ) ;
#4241 = ORIENTED_EDGE ( 'NONE', *, *, #4112, .F. ) ;
#4242 = CARTESIAN_POINT ( 'NONE',  ( -16.30592612925591567, 49.87955729098979418, 20.88966071942051883 ) ) ;
#4243 = CARTESIAN_POINT ( 'NONE',  ( 18.01362539167605092, 35.34136982093585289, 31.19641227669484707 ) ) ;
#4244 = CARTESIAN_POINT ( 'NONE',  ( 24.53553390593275196, 57.78580760723650656, 47.16295090390219968 ) ) ;
#4245 = CARTESIAN_POINT ( 'NONE',  ( -31.55145405113875157, 54.50000000000000000, 7.794597312169510239 ) ) ;
#4246 = PLANE ( 'NONE',  #721 ) ;
#4247 = CARTESIAN_POINT ( 'NONE',  ( 31.26584623924619777, 45.93104851009860568, 9.062247959327971003 ) ) ;
#4248 = CIRCLE ( 'NONE', #2725, 10.50000000000000000 ) ;
#4249 = CARTESIAN_POINT ( 'NONE',  ( -6.129648766709649976, 84.91776179050809503, 11.88953213351865834 ) ) ;
#4250 = DIRECTION ( 'NONE',  ( 0.7071067811865490160, 0.000000000000000000, 0.7071067811865461294 ) ) ;
#4251 = CARTESIAN_POINT ( 'NONE',  ( -7.394121703648802502, 32.26716724632545663, 35.82246527491511756 ) ) ;
#4252 = CARTESIAN_POINT ( 'NONE',  ( 9.488292830168399306, 35.84210526315790446, -47.50100000000000477 ) ) ;
#4253 = VERTEX_POINT ( 'NONE', #1582 ) ;
#4254 = CARTESIAN_POINT ( 'NONE',  ( 3.060515553976024705, 86.85405775145892449, 0.3134373256410121766 ) ) ;
#4255 = LINE ( 'NONE', #3502, #2460 ) ;
#4256 = CARTESIAN_POINT ( 'NONE',  ( 10.23033639733466593, 29.71331984541797411, 30.85050252600969145 ) ) ;
#4257 = EDGE_CURVE ( 'NONE', #3583, #643, #1631, .T. ) ;
#4258 = CARTESIAN_POINT ( 'NONE',  ( 21.02411631515285961, 63.30038134268516359, 13.51998111362456889 ) ) ;
#4259 = CARTESIAN_POINT ( 'NONE',  ( 18.01339490314551384, 35.36973174015604116, 31.19596318324475703 ) ) ;
#4260 = CARTESIAN_POINT ( 'NONE',  ( 25.25994105702800141, 81.73684210526320726, 5.132232450740610297 ) ) ;
#4261 = DIRECTION ( 'NONE',  ( 0.000000000000000000, 0.000000000000000000, 1.000000000000000000 ) ) ;
#4262 = EDGE_CURVE ( 'NONE', #3359, #4426, #2831, .T. ) ;
#4263 = CARTESIAN_POINT ( 'NONE',  ( -5.379792632220733672, 52.77416975627538420, 25.94817763360439855 ) ) ;
#4264 = CARTESIAN_POINT ( 'NONE',  ( -14.97853714910157841, 52.33823643543992432, 32.81152134456398528 ) ) ;
#4265 = CARTESIAN_POINT ( 'NONE',  ( 14.94191923992394599, 64.84178601405673703, 19.28841406443634554 ) ) ;
#4266 = CARTESIAN_POINT ( 'NONE',  ( 9.001196126825819377, 81.36419886385479572, 32.59621465044040178 ) ) ;
#4267 = ORIENTED_EDGE ( 'NONE', *, *, #4394, .T. ) ;
#4268 = CARTESIAN_POINT ( 'NONE',  ( -11.93159864597910058, 53.26454287664220999, 23.66288036798758299 ) ) ;
#4269 = ORIENTED_EDGE ( 'NONE', *, *, #1806, .F. ) ;
#4270 = CARTESIAN_POINT ( 'NONE',  ( 15.99569832374935352, 57.57161522352020455, 50.68485428058179565 ) ) ;
#4271 = CARTESIAN_POINT ( 'NONE',  ( 30.94598365669122941, 60.21993980039580663, 8.528811833987621327 ) ) ;
#4272 = CARTESIAN_POINT ( 'NONE',  ( 0.000000000000000000, 54.50000000000000000, 0.000000000000000000 ) ) ;
#4273 = CARTESIAN_POINT ( 'NONE',  ( 33.14258845192784975, 58.00000000000000000, 10.51517145395823860 ) ) ;
#4274 = CARTESIAN_POINT ( 'NONE',  ( -4.486393967813211425, 85.96219931243589940, 6.865460144808697152 ) ) ;
#4275 = DIRECTION ( 'NONE',  ( 0.000000000000000000, -1.000000000000000000, 0.000000000000000000 ) ) ;
#4276 = CARTESIAN_POINT ( 'NONE',  ( -9.115035603816991738, 34.88485447151746399, 34.91883473319126097 ) ) ;
#4277 = CARTESIAN_POINT ( 'NONE',  ( 49.49747468305839959, 58.00000000000000000, 49.49747468305830722 ) ) ;
#4278 = VERTEX_POINT ( 'NONE', #2890 ) ;
#4279 = DIRECTION ( 'NONE',  ( -0.7071067811865440200, 0.000000000000000000, -0.7071067811865509034 ) ) ;
#4280 = VECTOR ( 'NONE', #1576, 1000.000000000000000 ) ;
#4281 = CARTESIAN_POINT ( 'NONE',  ( -13.05168983286679918, 69.91615347593720742, 31.39989688382630106 ) ) ;
#4282 = CARTESIAN_POINT ( 'NONE',  ( -9.309061551427761927, 28.52933059002092619, 31.13831812219529738 ) ) ;
#4283 = EDGE_CURVE ( 'NONE', #299, #2903, #1382, .T. ) ;
#4284 = CARTESIAN_POINT ( 'NONE',  ( 17.74291272699166910, 65.45255145182382250, 16.36240118797774912 ) ) ;
#4285 = CARTESIAN_POINT ( 'NONE',  ( 19.05956670424227895, 33.53813070579602140, 30.90749468912349229 ) ) ;
#4286 = B_SPLINE_CURVE_WITH_KNOTS ( 'NONE', 3,
 ( #4570, #785, #2340, #3820, #3444, #1512, #403, #1952, #3494, #3119, #4645, #1191, #502, #3272, #3652, #3999, #1678, #4025, #866, #2113, #4743, #3248, #2392, #2005, #893, #1320, #2872, #123, #4796, #173, #4396, #1649, #4349, #947, #2769, #1242, #532, #3223, #1726, #2417, #72, #4299, #4694, #1703, #838, #1296, #3605, #2059, #3925 ),
 .UNSPECIFIED., .F., .F.,
 ( 4, 2, 2, 2, 1, 1, 1, 1, 2, 2, 2, 2, 2, 1, 1, 1, 1, 2, 2, 2, 2, 2, 1, 1, 1, 1, 1, 2, 2, 2, 4 ),
 ( 0.000000000000000000, 0.1250000000000175970, 0.1875000000000263956, 0.2187500000000306422, 0.2343750000000327793, 0.2421875000000337508, 0.2460937500000343336, 0.2480468750000341671, 0.2490234375000340283, 0.2500000000000338618, 0.3750000000000380806, 0.4375000000000401901, 0.4687500000000412448, 0.4843750000000419664, 0.4921875000000421330, 0.4960937500000421330, 0.4980468750000421330, 0.4990234375000421885, 0.5000000000000421885, 0.6250000000000714984, 0.6875000000000861533, 0.7187500000000935918, 0.7343750000000973666, 0.7421875000000993650, 0.7460937500001005862, 0.7480468750001010303, 0.7490234375001011413, 0.7495117187501012523, 0.7500000000001014744, 0.8750000000000507372, 1.000000000000000000 ),
 .UNSPECIFIED. ) ;
#4287 = CARTESIAN_POINT ( 'NONE',  ( 0.9429956991324027760, 29.04367484198481009, 37.47380337036050690 ) ) ;
#4288 = CARTESIAN_POINT ( 'NONE',  ( 0.000000000000000000, 39.00000000000000000, 70.00000000000000000 ) ) ;
#4289 = CARTESIAN_POINT ( 'NONE',  ( -26.87904301104649818, 35.84210526315790446, -40.29751541523789626 ) ) ;
#4290 = CARTESIAN_POINT ( 'NONE',  ( 1.330433658020790499, 87.00000000000002842, 0.3925568401780066830 ) ) ;
#4291 = CARTESIAN_POINT ( 'NONE',  ( -15.08603261005720420, 52.66122009906922585, 33.21339670879191885 ) ) ;
#4292 = CARTESIAN_POINT ( 'NONE',  ( 14.37113241511897144, 64.38204315973302982, 19.95324342642357607 ) ) ;
#4293 = COORDINATED_UNIVERSAL_TIME_OFFSET ( 8, 0, .AHEAD. ) ;
#4294 = EDGE_LOOP ( 'NONE', ( #4269, #3024, #4573, #4306, #451, #956, #4870, #3098 ) ) ;
#4295 = CARTESIAN_POINT ( 'NONE',  ( -22.31865751304452061, 50.96924554782496841, 14.28903326378724614 ) ) ;
#4296 = CARTESIAN_POINT ( 'NONE',  ( -27.59615086237105075, 46.59752783165760093, 23.76402055166655103 ) ) ;
#4297 = ORIENTED_EDGE ( 'NONE', *, *, #64, .T. ) ;
#4298 = LINE ( 'NONE', #665, #2948 ) ;
#4299 = CARTESIAN_POINT ( 'NONE',  ( -3.880722073207568013, 86.40725612605714900, 4.808016592669125622 ) ) ;
#4300 = CARTESIAN_POINT ( 'NONE',  ( 12.11810213575308026, 33.51196020658440489, 30.15719567732939765 ) ) ;
#4301 = CARTESIAN_POINT ( 'NONE',  ( -40.29751541523799574, 80.15789473684209554, -26.87904301104634897 ) ) ;
#4302 = CARTESIAN_POINT ( 'NONE',  ( -12.18297303288969680, 74.82939823822020742, 22.71516149160764542 ) ) ;
#4303 = FACE_OUTER_BOUND ( 'NONE', #872, .T. ) ;
#4304 = CARTESIAN_POINT ( 'NONE',  ( -9.153839916681940636, 81.16280067751186778, 19.91234690533093499 ) ) ;
#4305 = DIRECTION ( 'NONE',  ( -0.2232968782694355891, 0.9488292830168393310, 0.2232968782694365883 ) ) ;
#4306 = ORIENTED_EDGE ( 'NONE', *, *, #522, .F. ) ;
#4307 = CARTESIAN_POINT ( 'NONE',  ( 6.027977141885145329, 86.42965345229343654, 0.6420138640755514992 ) ) ;
#4308 = DIRECTION ( 'NONE',  ( 0.000000000000000000, 0.000000000000000000, 1.000000000000000000 ) ) ;
#4309 =( NAMED_UNIT ( * ) PLANE_ANGLE_UNIT ( ) SI_UNIT ( $, .RADIAN. ) );
#4310 = LOCAL_TIME ( 9, 7, 23.00000000000000000, #4293 ) ;
#4311 = CIRCLE ( 'NONE', #3599, 7.499999999999997335 ) ;
#4312 = DIRECTION ( 'NONE',  ( 0.000000000000000000, 0.000000000000000000, -1.000000000000000000 ) ) ;
#4313 = CARTESIAN_POINT ( 'NONE',  ( 18.34226550854580751, 34.70107490750341839, 31.11127621759927209 ) ) ;
#4314 = VECTOR ( 'NONE', #1851, 1000.000000000000114 ) ;
#4315 = CARTESIAN_POINT ( 'NONE',  ( -5.960366666149466752, 30.97035977693819220, 36.41863582983709335 ) ) ;
#4316 = DIRECTION ( 'NONE',  ( 0.000000000000000000, -1.000000000000000000, 0.000000000000000000 ) ) ;
#4317 = CARTESIAN_POINT ( 'NONE',  ( -7.274733916163170555, 56.17564445626970127, 25.42676711540834233 ) ) ;
#4318 = CARTESIAN_POINT ( 'NONE',  ( 32.77417737611438042, 60.33753189681186768, 10.38903432294315010 ) ) ;
#4319 = CARTESIAN_POINT ( 'NONE',  ( 12.45440088768881104, 59.44465315981609876, 22.86237828483066536 ) ) ;
#4320 = DATE_TIME_ROLE ( 'classification_date' ) ;
#4321 = DIRECTION ( 'NONE',  ( 0.000000000000000000, 0.000000000000000000, -1.000000000000000000 ) ) ;
#4322 = CARTESIAN_POINT ( 'NONE',  ( -29.33025047549875097, 45.37457759716389916, 14.01534552473519923 ) ) ;
#4323 = EDGE_LOOP ( 'NONE', ( #962, #2472 ) ) ;
#4324 = CARTESIAN_POINT ( 'NONE',  ( -15.79010014249477400, 44.02715115519245614, 28.41268509218915028 ) ) ;
#4325 = CARTESIAN_POINT ( 'NONE',  ( 7.286428792307234836, 56.22291056496791128, 25.42025981988270189 ) ) ;
#4326 = CARTESIAN_POINT ( 'NONE',  ( -12.38914730318030166, 75.72695939145589250, 21.41702091103613981 ) ) ;
#4327 = CARTESIAN_POINT ( 'NONE',  ( -7.931391808133394505, 83.09040594504593003, 16.24492703434520990 ) ) ;
#4328 = DIRECTION ( 'NONE',  ( 0.3131221126078021499, -0.9408148604075364796, -0.1296994257210672685 ) ) ;
#4329 = ORIENTED_EDGE ( 'NONE', *, *, #4761, .F. ) ;
#4330 = CARTESIAN_POINT ( 'NONE',  ( -13.55398819936424104, 68.42686500383547354, 33.30940256857535076 ) ) ;
#4331 = CARTESIAN_POINT ( 'NONE',  ( 6.390303207747396463, 84.69298730795662777, 23.14119835232149569 ) ) ;
#4332 = EDGE_CURVE ( 'NONE', #614, #2000, #1674, .T. ) ;
#4333 = ORIENTED_EDGE ( 'NONE', *, *, #2137, .T. ) ;
#4334 = DIRECTION ( 'NONE',  ( 0.7071067811865490160, 0.000000000000000000, 0.7071067811865460184 ) ) ;
#4335 = CARTESIAN_POINT ( 'NONE',  ( -22.27457071415750178, 58.00000000000000000, -44.90198771212695306 ) ) ;
#4336 = EDGE_CURVE ( 'NONE', #3385, #1812, #135, .T. ) ;
#4337 =( BOUNDED_SURFACE ( )  B_SPLINE_SURFACE ( 3, 2, ( 
 ( #1066, #1087, #2679 ),
 ( #1895, #2608, #754 ),
 ( #2306, #4915, #2280 ),
 ( #3438, #654, #1108 ),
 ( #2633, #3840, #2235 ),
 ( #1417, #4167, #2969 ),
 ( #703, #4497, #1042 ),
 ( #1441, #1463, #320 ),
 ( #3814, #1873, #3413 ),
 ( #1506, #3771, #3366 ),
 ( #4893, #4540, #3016 ),
 ( #298, #1853, #3391 ),
 ( #343, #4937, #1485 ),
 ( #3038, #2653, #3061 ),
 ( #4586, #1132, #37 ),
 ( #4240, #4612, #4266 ),
 ( #2359, #1531, #780 ),
 ( #3464, #3086, #3890 ),
 ( #803, #4986, #1157 ),
 ( #420, #1946, #4639 ) ),
 .UNSPECIFIED., .F., .F., .T. ) 
 B_SPLINE_SURFACE_WITH_KNOTS ( ( 4, 2, 2, 2, 2, 2, 2, 2, 2, 4 ),
 ( 3, 3 ),
 ( 4.712388980384689674, 5.024765914767209907, 5.180954381958470023, 5.337142849149730139, 5.493331316340990256, 5.649519783532250372, 5.727614017127879542, 5.805708250723510488, 5.883802484319150317, 5.961896717914780375 ),
 ( 0.000000000000000000, 1.000000000000000000 ),
 .UNSPECIFIED. ) 
 GEOMETRIC_REPRESENTATION_ITEM ( )  RATIONAL_B_SPLINE_SURFACE ( (
 ( 1.000000000000000000, 1.000000000000000000, 1.000000000000000000),
 ( 1.000000000000000000, 1.000062505086894094, 1.000000000000000000),
 ( 1.000000000000000000, 0.9859531234904900243, 1.000000000000000000),
 ( 1.000000000000000000, 0.9452918618351089375, 1.000000000000000000),
 ( 1.000000000000000000, 0.9285032797742789334, 1.000000000000000000),
 ( 1.000000000000000000, 0.8890983394508160664, 1.000000000000000000),
 ( 1.000000000000000000, 0.8664797284681059475, 1.000000000000000000),
 ( 1.000000000000000000, 0.8163689191431720005, 1.000000000000000000),
 ( 1.000000000000000000, 0.7888717815919560339, 1.000000000000000000),
 ( 1.000000000000000000, 0.7303734796908120108, 1.000000000000000000),
 ( 1.000000000000000000, 0.6993616581570730739, 1.000000000000000000),
 ( 1.000000000000000000, 0.6517195303463260148, 1.000000000000000000),
 ( 1.000000000000000000, 0.6356573257505880870, 1.000000000000000000),
 ( 1.000000000000000000, 0.6035182426162050140, 1.000000000000000000),
 ( 1.000000000000000000, 0.5874405006473369939, 1.000000000000000000),
 ( 1.000000000000000000, 0.5557084166776899981, 1.000000000000000000),
 ( 1.000000000000000000, 0.5400531302904989506, 1.000000000000000000),
 ( 1.000000000000000000, 0.5097229328458909858, 1.000000000000000000),
 ( 1.000000000000000000, 0.4950498066026929878, 1.000000000000000000),
 ( 1.000000000000000000, 0.4812125383690830094, 1.000000000000000000) ) ) 
 REPRESENTATION_ITEM ( '' )  SURFACE ( )  );
#4338 = CARTESIAN_POINT ( 'NONE',  ( 31.14390544011756390, 34.89336049435562614, 18.22557882730584566 ) ) ;
#4339 = CARTESIAN_POINT ( 'NONE',  ( 27.29677205097948445, 29.06381910445280425, 25.68217469784779539 ) ) ;
#4340 = CARTESIAN_POINT ( 'NONE',  ( 1.340241354323554956, 29.08999406774786678, 37.44619416259121891 ) ) ;
#4341 = CARTESIAN_POINT ( 'NONE',  ( 3.287193304769893132, 86.84568229077066803, 5.795237145875181461 ) ) ;
#4342 = CARTESIAN_POINT ( 'NONE',  ( 6.003819296154882856, 86.54858498099449093, 1.802710166128191460 ) ) ;
#4343 = AXIS2_PLACEMENT_3D ( 'NONE', #4448, #4874, #1423 ) ;
#4344 = CARTESIAN_POINT ( 'NONE',  ( 4.055628819351475123, 51.69099156513947690, 26.18783834205196470 ) ) ;
#4345 = CARTESIAN_POINT ( 'NONE',  ( 12.61204899273108104, 60.84459353588631814, 22.42615438000363781 ) ) ;
#4346 = CARTESIAN_POINT ( 'NONE',  ( 0.000000000000000000, 12.00000000000000000, 0.000000000000000000 ) ) ;
#4347 = CARTESIAN_POINT ( 'NONE',  ( -31.38980934336875350, 52.83956598025630313, 8.431693782964799766 ) ) ;
#4348 = ORIENTED_EDGE ( 'NONE', *, *, #4968, .F. ) ;
#4349 = CARTESIAN_POINT ( 'NONE',  ( -5.217316538044865837, 85.91228433612614879, 6.526879708620624498 ) ) ;
#4350 = FACE_OUTER_BOUND ( 'NONE', #3476, .T. ) ;
#4351 = CARTESIAN_POINT ( 'NONE',  ( 31.52943944246077024, 59.65712061874278049, 5.965197903187091200 ) ) ;
#4352 = CARTESIAN_POINT ( 'NONE',  ( -12.47997549578728105, 76.03243288743715311, 20.98184872949185831 ) ) ;
#4353 = LINE ( 'NONE', #2494, #2063 ) ;
#4354 = CARTESIAN_POINT ( 'NONE',  ( 25.88918281901179697, 29.94529895452583190, 19.77423791419793986 ) ) ;
#4355 = ORIENTED_EDGE ( 'NONE', *, *, #509, .F. ) ;
#4356 = CARTESIAN_POINT ( 'NONE',  ( 17.74461558510855141, 36.07893198686630143, 31.27455728950274860 ) ) ;
#4357 = CARTESIAN_POINT ( 'NONE',  ( 4.499364050910834578, 85.93061348619094986, 16.29363767404352714 ) ) ;
#4358 = EDGE_LOOP ( 'NONE', ( #2979, #321, #3342, #1657 ) ) ;
#4359 = CARTESIAN_POINT ( 'NONE',  ( -31.95554591224976448, 51.25636815160587645, 15.36369470184851949 ) ) ;
#4360 = CARTESIAN_POINT ( 'NONE',  ( -13.10606868164136074, 46.71216887617560332, 33.03892387422970245 ) ) ;
#4361 = CARTESIAN_POINT ( 'NONE',  ( 12.13327737833468767, 33.56457089135864891, 30.15097040902038117 ) ) ;
#4362 = CARTESIAN_POINT ( 'NONE',  ( 30.21411607882337336, 31.42682494748520838, 20.97687604978969134 ) ) ;
#4363 = CARTESIAN_POINT ( 'NONE',  ( 23.74451119888057704, 29.64697096775364571, 28.75440465555082170 ) ) ;
#4364 = CARTESIAN_POINT ( 'NONE',  ( -5.908174220792306031, 30.93194311371563643, 36.43775983360409043 ) ) ;
#4365 = CARTESIAN_POINT ( 'NONE',  ( 0.000000000000000000, 54.50000000000000000, 0.000000000000000000 ) ) ;
#4366 = CARTESIAN_POINT ( 'NONE',  ( -44.44948890855850010, 70.09337681133200704, 59.29873131347549275 ) ) ;
#4367 = DIRECTION ( 'NONE',  ( 0.7071067811865490160, 0.000000000000000000, 0.7071067811865460184 ) ) ;
#4368 = CARTESIAN_POINT ( 'NONE',  ( 14.99534952730368964, 64.87707886789857525, 19.22775898186872823 ) ) ;
#4369 = APPROVAL_DATE_TIME ( #528, #4585 ) ;
#4370 = CARTESIAN_POINT ( 'NONE',  ( 23.15193151736164623, 56.69171606662443708, 12.70625253153820822 ) ) ;
#4371 = CARTESIAN_POINT ( 'NONE',  ( -31.04030313957969867, 50.52924588482790114, 9.643607273458959739 ) ) ;
#4372 = CARTESIAN_POINT ( 'NONE',  ( -23.41963228705262523, 41.52017914970758738, 22.53645446555271192 ) ) ;
#4373 = CARTESIAN_POINT ( 'NONE',  ( -20.05666155590896693, 76.75535469675929789, 12.59979524979279120 ) ) ;
#4374 = CARTESIAN_POINT ( 'NONE',  ( 31.24174191523275113, 35.84210526315779788, 17.82326951104115054 ) ) ;
#4375 = FACE_OUTER_BOUND ( 'NONE', #2806, .T. ) ;
#4376 = CARTESIAN_POINT ( 'NONE',  ( -6.121336530774361684, 84.92727437170411520, 11.86890383498993096 ) ) ;
#4377 = CARTESIAN_POINT ( 'NONE',  ( 30.99464914482275191, 33.94503157713010211, 18.77056889939564854 ) ) ;
#4378 = ORIENTED_EDGE ( 'NONE', *, *, #2774, .F. ) ;
#4379 = CARTESIAN_POINT ( 'NONE',  ( -13.69145680623111794, 68.01840483355597655, 33.75200087492400058 ) ) ;
#4380 = CARTESIAN_POINT ( 'NONE',  ( 8.254868196759590049, 82.64569668442138095, 29.89343386323604079 ) ) ;
#4381 = VERTEX_POINT ( 'NONE', #1747 ) ;
#4382 = CARTESIAN_POINT ( 'NONE',  ( -31.70284581744166985, 50.53195862556430029, 16.13675177100456182 ) ) ;
#4383 = CARTESIAN_POINT ( 'NONE',  ( -12.26343759237347975, 71.81962245603870088, 28.02161127451419986 ) ) ;
#4384 = CARTESIAN_POINT ( 'NONE',  ( 29.24870786939536416, 30.41871197617532729, 14.16917886119985681 ) ) ;
#4385 = CARTESIAN_POINT ( 'NONE',  ( 30.63018277561205949, 32.48381608573934898, 19.90270824726870202 ) ) ;
#4386 = AXIS2_PLACEMENT_3D ( 'NONE', #1846, #3384, #3077 ) ;
#4387 = CARTESIAN_POINT ( 'NONE',  ( 23.05392087898117026, 29.98261362645227734, 29.17966770216296268 ) ) ;
#4388 = CARTESIAN_POINT ( 'NONE',  ( -7.063791122788564358, 31.92166253427018674, 35.97195339975391448 ) ) ;
#4389 = CARTESIAN_POINT ( 'NONE',  ( 14.28206185395482208, 83.37544893725521433, 25.17896238078207816 ) ) ;
#4390 = CARTESIAN_POINT ( 'NONE',  ( -7.206202265451094213, 55.91861162813347619, 25.46211841154363142 ) ) ;
#4391 = CARTESIAN_POINT ( 'NONE',  ( 32.53948317747683205, 61.40271869556240603, 10.39583219433189143 ) ) ;
#4392 = CIRCLE ( 'NONE', #4942, 5.000000000000000000 ) ;
#4393 = DIRECTION ( 'NONE',  ( 0.000000000000000000, 0.000000000000000000, -1.000000000000000000 ) ) ;
#4394 = EDGE_CURVE ( 'NONE', #1840, #563, #1431, .T. ) ;
#4395 = CARTESIAN_POINT ( 'NONE',  ( -17.44014417912122994, 47.13601281912593777, 27.47964938390439471 ) ) ;
#4396 = CARTESIAN_POINT ( 'NONE',  ( -6.414915595865701370, 85.32630993663842389, 8.117652136628025872 ) ) ;
#4397 = CARTESIAN_POINT ( 'NONE',  ( 6.862448149984982315, 31.67545742013491861, 31.90012848959180758 ) ) ;
#4398 = CIRCLE ( 'NONE', #200, 10.00000000000000888 ) ;
#4399 = CARTESIAN_POINT ( 'NONE',  ( 33.25040269204379939, 54.51715208084700492, 11.13457328780980049 ) ) ;
#4400 = CARTESIAN_POINT ( 'NONE',  ( -7.924821463143431721, 83.09895232378022456, 16.22716099746509144 ) ) ;
#4401 = CARTESIAN_POINT ( 'NONE',  ( 29.73483825627624810, 30.61329696470345141, 22.02365943905359913 ) ) ;
#4402 = ORIENTED_EDGE ( 'NONE', *, *, #1723, .F. ) ;
#4403 = EDGE_CURVE ( 'NONE', #3583, #1736, #857, .T. ) ;
#4404 = CARTESIAN_POINT ( 'NONE',  ( -13.11668894476351532, 69.72298425090124852, 31.61796922374417207 ) ) ;
#4405 = CARTESIAN_POINT ( 'NONE',  ( 4.487628223369016567, 85.93651006311461060, 16.25113904329704440 ) ) ;
#4406 = ORIENTED_EDGE ( 'NONE', *, *, #2021, .F. ) ;
#4407 = CARTESIAN_POINT ( 'NONE',  ( -28.17809738145012943, 46.79381711124436549, 22.97914012551199647 ) ) ;
#4408 = CARTESIAN_POINT ( 'NONE',  ( -13.92855511856743966, 39.78857660875304703, 29.41450207502120051 ) ) ;
#4409 = ORIENTED_EDGE ( 'NONE', *, *, #698, .T. ) ;
#4410 = CARTESIAN_POINT ( 'NONE',  ( 29.05025957346486010, 29.71876999690064736, 14.57721108539287691 ) ) ;
#4411 = CARTESIAN_POINT ( 'NONE',  ( 30.99667946080954550, 33.98811052548789746, 18.75776187274207274 ) ) ;
#4412 = CARTESIAN_POINT ( 'NONE',  ( 24.83896652732698840, 29.24958417388370435, 27.98439332453831696 ) ) ;
#4413 = CARTESIAN_POINT ( 'NONE',  ( 7.566878643826195017, 32.46221600563472975, 35.74103705410612974 ) ) ;
#4414 = EDGE_CURVE ( 'NONE', #1361, #299, #4248, .T. ) ;
#4415 = CARTESIAN_POINT ( 'NONE',  ( 0.000000000000000000, 54.50000000000000000, 0.000000000000000000 ) ) ;
#4416 = CARTESIAN_POINT ( 'NONE',  ( 3.250272449531572683, 51.23234540645627533, 26.30156724938163038 ) ) ;
#4417 = CARTESIAN_POINT ( 'NONE',  ( 22.96710168330172763, 54.98757908156187568, 13.22243743051332387 ) ) ;
#4418 = CARTESIAN_POINT ( 'NONE',  ( -28.50110912813020647, 48.22966919516786533, 15.74658815032592862 ) ) ;
#4419 = CARTESIAN_POINT ( 'NONE',  ( 32.06696116213205272, 41.78760866336963886, 15.85006680201929363 ) ) ;
#4420 = CARTESIAN_POINT ( 'NONE',  ( 0.4322262490420430425, 29.00048636079148778, 32.49990272749878528 ) ) ;
#4421 = CARTESIAN_POINT ( 'NONE',  ( 0.000000000000000000, 54.50000000000000000, 0.000000000000000000 ) ) ;
#4422 = CARTESIAN_POINT ( 'NONE',  ( -16.11619126489449982, 59.32252283317799879, 37.57521676784534748 ) ) ;
#4423 = CARTESIAN_POINT ( 'NONE',  ( 25.74989734806312924, 29.84524668701094186, 19.94646578283936478 ) ) ;
#4424 = CARTESIAN_POINT ( 'NONE',  ( -13.68300565950177017, 68.04351771713142227, 33.72493826719028931 ) ) ;
#4425 = CARTESIAN_POINT ( 'NONE',  ( 4.689142184161782190, 85.83291461085667606, 16.98084211866999382 ) ) ;
#4426 = VERTEX_POINT ( 'NONE', #1907 ) ;
#4427 = CARTESIAN_POINT ( 'NONE',  ( -30.79350645338324099, 48.80663559070909940, 18.44872886221159902 ) ) ;
#4428 = CYLINDRICAL_SURFACE ( 'NONE', #2120, 47.50000000000000000 ) ;
#4429 = ORIENTED_EDGE ( 'NONE', *, *, #825, .T. ) ;
#4430 = CARTESIAN_POINT ( 'NONE',  ( -16.43358621609803549, 75.65182046201250898, 18.69372681358182575 ) ) ;
#4431 = ORIENTED_EDGE ( 'NONE', *, *, #592, .F. ) ;
#4432 = CARTESIAN_POINT ( 'NONE',  ( -14.77197241599840005, 51.71758665468490079, 32.02141636110219736 ) ) ;
#4433 = CARTESIAN_POINT ( 'NONE',  ( 23.58793782173356490, 29.71822691173514741, 28.85404287636391985 ) ) ;
#4434 = CARTESIAN_POINT ( 'NONE',  ( 4.535887657423492314, 30.08786067542207121, 36.87761809208821973 ) ) ;
#4435 = CARTESIAN_POINT ( 'NONE',  ( 5.554541407143798182, 86.54042978932945118, 9.792513635844805719 ) ) ;
#4436 = CIRCLE ( 'NONE', #2029, 16.00000000000000000 ) ;
#4437 = EDGE_LOOP ( 'NONE', ( #4106, #3981, #981, #541 ) ) ;
#4438 = EDGE_CURVE ( 'NONE', #1590, #3359, #3451, .T. ) ;
#4439 = DIRECTION ( 'NONE',  ( -0.6916548014802289535, 0.2079116908177599810, 0.6916548014802219591 ) ) ;
#4440 = CARTESIAN_POINT ( 'NONE',  ( -6.937792963856881379, 60.84905265857452150, 24.77512124599958199 ) ) ;
#4441 = CARTESIAN_POINT ( 'NONE',  ( 19.00396610953229626, 80.75337728795669534, 3.173409352170665443 ) ) ;
#4442 = CARTESIAN_POINT ( 'NONE',  ( -30.39418247687852315, 47.91481465342504009, 11.51860637630935358 ) ) ;
#4443 = CARTESIAN_POINT ( 'NONE',  ( 5.452626832600410367, 30.61329696470360062, 36.59878470439655018 ) ) ;
#4444 = CARTESIAN_POINT ( 'NONE',  ( 33.23063305879635010, 53.72232083887040233, 11.39632359665360006 ) ) ;
#4445 = CARTESIAN_POINT ( 'NONE',  ( -15.37305684706541520, 62.44428519369746056, 37.29712568742401402 ) ) ;
#4446 = CARTESIAN_POINT ( 'NONE',  ( 29.89314976030885163, 33.51196020658195351, 12.75556536971316035 ) ) ;
#4447 = CARTESIAN_POINT ( 'NONE',  ( -16.05342398968082307, 59.92948025682481727, 37.66665804165423026 ) ) ;
#4448 = CARTESIAN_POINT ( 'NONE',  ( -33.58827921314225051, 58.00000000000000000, -33.58827921314215104 ) ) ;
#4449 = ADVANCED_FACE ( 'NONE', ( #2749 ), #950, .F. ) ;
#4450 = ORIENTED_EDGE ( 'NONE', *, *, #4229, .T. ) ;
#4451 = CARTESIAN_POINT ( 'NONE',  ( -30.78657177589705896, 48.79685134172632388, 18.46433335257012942 ) ) ;
#4452 = DIRECTION ( 'NONE',  ( 0.000000000000000000, -1.000000000000000000, 0.000000000000000000 ) ) ;
#4453 = ORIENTED_EDGE ( 'NONE', *, *, #2415, .F. ) ;
#4454 = FACE_OUTER_BOUND ( 'NONE', #4693, .T. ) ;
#4455 = ORIENTED_EDGE ( 'NONE', *, *, #285, .T. ) ;
#4456 = EDGE_CURVE ( 'NONE', #4850, #4381, #291, .T. ) ;
#4457 = CARTESIAN_POINT ( 'NONE',  ( 3.416245672804409271E-14, 50.50000000000000000, 26.50000000000000000 ) ) ;
#4458 = CARTESIAN_POINT ( 'NONE',  ( 3.980102097228900204E-15, 0.000000000000000000, 32.50000000000000000 ) ) ;
#4459 = CARTESIAN_POINT ( 'NONE',  ( 7.588391321650431287, 32.48721853716280350, 35.73075312860768804 ) ) ;
#4460 = CARTESIAN_POINT ( 'NONE',  ( 14.43657418822140492, 83.27331615233576656, 25.45135333923371235 ) ) ;
#4461 = ORIENTED_EDGE ( 'NONE', *, *, #4863, .F. ) ;
#4462 = ADVANCED_FACE ( 'NONE', ( #1709 ), #3613, .T. ) ;
#4463 = CIRCLE ( 'NONE', #2293, 10.50000000000000178 ) ;
#4464 = CARTESIAN_POINT ( 'NONE',  ( 21.77711814331213702, 52.17270019981173590, 15.09990438598574691 ) ) ;
#4465 =( BOUNDED_SURFACE ( )  B_SPLINE_SURFACE ( 3, 2, ( 
 ( #2685, #787, #761 ),
 ( #4247, #2342, #3871 ),
 ( #3496, #18, #3121 ),
 ( #4647, #1193, #4374 ) ),
 .UNSPECIFIED., .F., .F., .T. ) 
 B_SPLINE_SURFACE_WITH_KNOTS ( ( 4, 4 ),
 ( 3, 3 ),
 ( 4.152202248161589893, 4.323098894685155180 ),
 ( 0.000000000000000000, 1.000000000000000000 ),
 .UNSPECIFIED. ) 
 GEOMETRIC_REPRESENTATION_ITEM ( )  RATIONAL_B_SPLINE_SURFACE ( (
 ( 1.000000000000000000, 0.8672240554360040043, 1.000000000000000000),
 ( 1.000000000000000000, 0.8540242749848669934, 1.000000000000000000),
 ( 1.000000000000000000, 0.8398147048842780071, 1.000000000000000000),
 ( 1.000000000000000000, 0.8246547166311789523, 1.000000000000000000) ) ) 
 REPRESENTATION_ITEM ( '' )  SURFACE ( )  );
#4466 = CARTESIAN_POINT ( 'NONE',  ( -7.361850387238358273, 59.43291413608985607, 24.97438028536062404 ) ) ;
#4467 = CARTESIAN_POINT ( 'NONE',  ( 16.50946254898463295, 82.22389816255498829, 4.299435092468929298 ) ) ;
#4468 = DIRECTION ( 'NONE',  ( -1.000000000000000000, 0.000000000000000000, 0.000000000000000000 ) ) ;
#4469 = AXIS2_PLACEMENT_3D ( 'NONE', #4346, #3602, #4321 ) ;
#4470 = PRODUCT_DEFINITION ( 'UNKNOWN', '', #2223, #2291 ) ;
#4471 = CARTESIAN_POINT ( 'NONE',  ( -1.038627346031735899, 29.05055885014530048, 37.46971853598024893 ) ) ;
#4472 = CARTESIAN_POINT ( 'NONE',  ( 0.000000000000000000, 58.00000000000000000, -47.50100000000000477 ) ) ;
#4473 = CIRCLE ( 'NONE', #3031, 26.50000000000000000 ) ;
#4474 = EDGE_CURVE ( 'NONE', #4654, #4082, #2314, .T. ) ;
#4475 = CARTESIAN_POINT ( 'NONE',  ( -15.34742416828394873, 63.08004414466099519, 37.24784033840305142 ) ) ;
#4476 = CARTESIAN_POINT ( 'NONE',  ( 27.24957657596125316, 29.04270571828955028, 25.74701229967364924 ) ) ;
#4477 = DIRECTION ( 'NONE',  ( 0.000000000000000000, 0.000000000000000000, 1.000000000000000000 ) ) ;
#4478 = CARTESIAN_POINT ( 'NONE',  ( -15.99608071279569010, 57.63724055276373548, 37.10810039578040431 ) ) ;
#4479 = ORIENTED_EDGE ( 'NONE', *, *, #2021, .T. ) ;
#4480 = DIRECTION ( 'NONE',  ( -0.6916548014802289535, 0.2079116908177599810, 0.6916548014802219591 ) ) ;
#4481 = LINE ( 'NONE', #233, #293 ) ;
#4482 = VERTEX_POINT ( 'NONE', #2901 ) ;
#4483 = CARTESIAN_POINT ( 'NONE',  ( -31.80143967197154709, 64.93054067213650171, 10.46242595349204052 ) ) ;
#4484 = EDGE_CURVE ( 'NONE', #2574, #1067, #3557, .T. ) ;
#4485 = CARTESIAN_POINT ( 'NONE',  ( 29.79658654274786045, 32.88981693543728824, 12.98103628393407050 ) ) ;
#4486 = CARTESIAN_POINT ( 'NONE',  ( 14.23243924525259985, 34.26315789473684958, 34.69420229851370152 ) ) ;
#4487 = CARTESIAN_POINT ( 'NONE',  ( -14.56795031945634022, 50.75809805262627350, 31.14070370639186436 ) ) ;
#4488 = CARTESIAN_POINT ( 'NONE',  ( 7.772317598989129550, 32.70654061271535795, 35.64193183345165750 ) ) ;
#4489 = ORIENTED_EDGE ( 'NONE', *, *, #3509, .F. ) ;
#4490 = VECTOR ( 'NONE', #1289, 1000.000000000000000 ) ;
#4491 = CARTESIAN_POINT ( 'NONE',  ( 20.12163660942163901, 50.78121083644029454, 17.24441504319344887 ) ) ;
#4492 = CARTESIAN_POINT ( 'NONE',  ( -5.324137617661707900, 63.28238806626332291, 24.42894358043325553 ) ) ;
#4493 = CARTESIAN_POINT ( 'NONE',  ( 10.87266236491013949, 85.50383536153290720, 3.396255484810965175 ) ) ;
#4494 = CARTESIAN_POINT ( 'NONE',  ( -32.93045352121819036, 59.35259947885344900, 11.01014330347374148 ) ) ;
#4495 =( BOUNDED_CURVE ( )  B_SPLINE_CURVE ( 2, ( #1219, #708, #4245 ),
 .UNSPECIFIED., .F., .T. ) 
 B_SPLINE_CURVE_WITH_KNOTS ( ( 3, 3 ),
 ( 0.000000000000000000, 1.000000000000000000 ),
 .UNSPECIFIED. ) 
 CURVE ( )  GEOMETRIC_REPRESENTATION_ITEM ( )  RATIONAL_B_SPLINE_CURVE ( ( 1.000000000000000000, 0.8793937305515290292, 1.000000000000000000 ) ) 
 REPRESENTATION_ITEM ( '' )  );
#4496 = CARTESIAN_POINT ( 'NONE',  ( 3.399825693235974722, 24.51661414164895092, 32.32342575470970303 ) ) ;
#4497 = CARTESIAN_POINT ( 'NONE',  ( 7.630827251814371159, 84.00441238471066185, 18.42244664345648530 ) ) ;
#4498 = EDGE_LOOP ( 'NONE', ( #1074, #1306, #2347, #3290 ) ) ;
#4499 = CARTESIAN_POINT ( 'NONE',  ( -15.62702005865732779, 54.53518582768012379, 34.90173241689008421 ) ) ;
#4500 = CARTESIAN_POINT ( 'NONE',  ( 22.84109366443653144, 28.99976722896305859, 23.12091295051518713 ) ) ;
#4501 = CARTESIAN_POINT ( 'NONE',  ( -16.15474028501764181, 57.49911800327193134, 36.96357033341736553 ) ) ;
#4502 = CARTESIAN_POINT ( 'NONE',  ( 1.489896693518151682, 86.88838754621744442, 5.395393205614150922 ) ) ;
#4503 = EDGE_CURVE ( 'NONE', #2228, #4778, #3367, .T. ) ;
#4504 = ORIENTED_EDGE ( 'NONE', *, *, #1488, .F. ) ;
#4505 = AXIS2_PLACEMENT_3D ( 'NONE', #1750, #245, #2943 ) ;
#4506 = CARTESIAN_POINT ( 'NONE',  ( -25.17610599146723516, 46.42211605064304791, 26.36667365150695375 ) ) ;
#4507 = DIRECTION ( 'NONE',  ( 0.000000000000000000, 0.000000000000000000, 1.000000000000000000 ) ) ;
#4508 = ORIENTED_EDGE ( 'NONE', *, *, #3199, .F. ) ;
#4509 = DIRECTION ( 'NONE',  ( -0.2511310285135385234, 0.7545548334713111371, -0.6062839349700881453 ) ) ;
#4510 = CARTESIAN_POINT ( 'NONE',  ( -32.82329888108949945, 56.09233158979590428, 12.09733568480296029 ) ) ;
#4511 = CARTESIAN_POINT ( 'NONE',  ( -30.97698107216892183, 62.31641530838114562, 6.019193915166884956 ) ) ;
#4512 = DIRECTION ( 'NONE',  ( 0.000000000000000000, 0.000000000000000000, -1.000000000000000000 ) ) ;
#4513 = CARTESIAN_POINT ( 'NONE',  ( 7.055551758449984057, 31.91344835543200631, 35.97559126934095985 ) ) ;
#4514 = ORIENTED_EDGE ( 'NONE', *, *, #862, .T. ) ;
#4515 = CARTESIAN_POINT ( 'NONE',  ( 22.48529936851815236, 53.47228466699242944, 14.02515953316408215 ) ) ;
#4516 = CARTESIAN_POINT ( 'NONE',  ( -1.960136412070052403, 65.30834286419236889, 24.13699790192639227 ) ) ;
#4517 = CARTESIAN_POINT ( 'NONE',  ( 15.46259713075870046, 83.85344634707358580, 5.157241098751050856 ) ) ;
#4518 = CARTESIAN_POINT ( 'NONE',  ( -30.55184590925248855, 48.44337292876907242, 11.09128103765818985 ) ) ;
#4519 = CARTESIAN_POINT ( 'NONE',  ( -7.894667858713670938, 27.07641590409385302, 31.52780415892575405 ) ) ;
#4520 = CARTESIAN_POINT ( 'NONE',  ( 12.36894826052940033, 34.38161267009859756, 30.05429225271484839 ) ) ;
#4521 = ORIENTED_EDGE ( 'NONE', *, *, #1612, .F. ) ;
#4522 = DIRECTION ( 'NONE',  ( 0.000000000000000000, -1.000000000000000000, 0.000000000000000000 ) ) ;
#4523 = CARTESIAN_POINT ( 'NONE',  ( 25.26015334487505370, 24.51661414164895092, 20.45207373979514998 ) ) ;
#4524 = CARTESIAN_POINT ( 'NONE',  ( -16.13614940111700946, 57.12455341393633290, 36.77991963592124591 ) ) ;
#4525 = CARTESIAN_POINT ( 'NONE',  ( 12.43721155186544003, 34.61827305196529636, 30.02608480661680090 ) ) ;
#4526 = CARTESIAN_POINT ( 'NONE',  ( -17.33732135496886784, 49.56154257724419665, 31.26288757019933584 ) ) ;
#4527 = B_SPLINE_CURVE_WITH_KNOTS ( 'NONE', 3,
 ( #1341, #579, #198, #1751, #2162, #6, #3886, #3014, #4538, #751, #1483, #3837, #4911, #3411, #724, #4935, #1504, #2631, #1916, #369, #317, #2651, #341, #3058, #1181, #3860, #2278, #2331, #3812, #1893, #417, #2732, #4237, #4186, #1555, #2303, #4636, #2356, #3436, #3036, #4263, #4958, #800, #701, #1969, #1106, #394, #4583, #1528 ),
 .UNSPECIFIED., .F., .F.,
 ( 4, 2, 2, 1, 1, 1, 2, 2, 2, 2, 1, 1, 1, 2, 2, 2, 1, 2, 2, 1, 1, 2, 2, 2, 1, 1, 2, 2, 2, 4 ),
 ( 0.000000000000000000, 0.1249999999999544809, 0.1874999999999317213, 0.2187499999999205080, 0.2343749999999149569, 0.2421874999999124312, 0.2460937499999110989, 0.2499999999999097944, 0.3749999999998763767, 0.4374999999998601119, 0.4687499999998525069, 0.4843749999998491762, 0.4921874999998475664, 0.4960937499998467892, 0.4999999999998459010, 0.5624999999998320233, 0.5781249999998282485, 0.5820312499998274713, 0.5839843749998276934, 0.5859374999998278044, 0.5937499999998316902, 0.6249999999998407940, 0.6874999999998584466, 0.7187499999998664402, 0.7343749999998713252, 0.7421874999998745448, 0.7460937499998759881, 0.7499999999998774314, 0.8749999999999387157, 1.000000000000000000 ),
 .UNSPECIFIED. ) ;
#4528 = CARTESIAN_POINT ( 'NONE',  ( 0.000000000000000000, 39.00000000000000000, 45.00000000000000000 ) ) ;
#4529 = ORIENTED_EDGE ( 'NONE', *, *, #4229, .F. ) ;
#4530 = DIRECTION ( 'NONE',  ( -0.6709236202095760770, -0.3157894736842104533, 0.6709236202095779644 ) ) ;
#4531 = CARTESIAN_POINT ( 'NONE',  ( 20.27998831150595649, 24.58986458385507845, 25.39734780650947243 ) ) ;
#4532 = CARTESIAN_POINT ( 'NONE',  ( 0.000000000000000000, 12.00000000000000000, -32.50000000000000000 ) ) ;
#4533 = CARTESIAN_POINT ( 'NONE',  ( -14.60161924475256967, 47.60214184923471237, 29.52493759522945638 ) ) ;
#4534 = CARTESIAN_POINT ( 'NONE',  ( 12.49768226001884130, 58.00000000000000000, 23.10428397781700127 ) ) ;
#4535 = CARTESIAN_POINT ( 'NONE',  ( 6.890519188419797381, 54.98758100499011903, 25.58986825300359058 ) ) ;
#4536 = CARTESIAN_POINT ( 'NONE',  ( 5.312809074985762159, 63.29377993538547287, 24.42731137764348404 ) ) ;
#4537 = CARTESIAN_POINT ( 'NONE',  ( 13.84089048340157824, 83.86665692834949937, 1.831098278782659960 ) ) ;
#4538 = CARTESIAN_POINT ( 'NONE',  ( -1.943369079783983766, 50.75609604002705311, 26.42865811180595870 ) ) ;
#4539 = CARTESIAN_POINT ( 'NONE',  ( -4.658857661623829749, 24.99079723495375305, 32.16592507800805123 ) ) ;
#4540 = CARTESIAN_POINT ( 'NONE',  ( 10.49117369140432565, 79.99378881306290623, 25.32793381099570240 ) ) ;
#4541 = ORGANIZATION ( 'UNSPECIFIED', 'UNSPECIFIED', '' ) ;
#4542 = ORIENTED_EDGE ( 'NONE', *, *, #3963, .T. ) ;
#4543 = CARTESIAN_POINT ( 'NONE',  ( -13.62212290183362029, 51.48603815136755912, 22.73076773862826983 ) ) ;
#4544 = CARTESIAN_POINT ( 'NONE',  ( 22.23302282147797726, 29.04950349543640797, 23.71478842218722960 ) ) ;
#4545 = AXIS2_PLACEMENT_3D ( 'NONE', #3013, #221, #2161 ) ;
#4546 = CARTESIAN_POINT ( 'NONE',  ( 24.39714576444654881, 59.71043138603669576, 46.89693700146820277 ) ) ;
#4547 = CARTESIAN_POINT ( 'NONE',  ( -16.00095213913240855, 58.25996296223534898, 37.36003754890322170 ) ) ;
#4548 = CARTESIAN_POINT ( 'NONE',  ( -17.96970230282068215, 49.11886093369444950, 31.00202794427604758 ) ) ;
#4549 = CIRCLE ( 'NONE', #1482, 5.000000000000001776 ) ;
#4550 = CARTESIAN_POINT ( 'NONE',  ( 0.000000000000000000, 58.00000000000000000, 70.00000000000000000 ) ) ;
#4551 = ORIENTED_EDGE ( 'NONE', *, *, #3724, .F. ) ;
#4552 = CARTESIAN_POINT ( 'NONE',  ( -9.488292830168399306, 35.84210526315790446, -47.50100000000000477 ) ) ;
#4553 = CARTESIAN_POINT ( 'NONE',  ( 15.82187419346839086, 28.02669654148750666, 28.39269276842515666 ) ) ;
#4554 = CARTESIAN_POINT ( 'NONE',  ( 2.054919228910802698, 86.93532578213776674, 0.2090126223276455586 ) ) ;
#4555 = CIRCLE ( 'NONE', #3033, 32.50000000000000000 ) ;
#4556 = CARTESIAN_POINT ( 'NONE',  ( -14.59250302041639102, 47.68163089159822476, 29.55419008223572774 ) ) ;
#4557 = CYLINDRICAL_SURFACE ( 'NONE', #4220, 5.000000000000000000 ) ;
#4558 = EDGE_CURVE ( 'NONE', #2174, #3254, #4014, .T. ) ;
#4559 = CARTESIAN_POINT ( 'NONE',  ( 22.54324277215276595, 53.61819761688483510, 13.93182140999347496 ) ) ;
#4560 = ADVANCED_FACE ( 'NONE', ( #2447 ), #510, .F. ) ;
#4561 = CARTESIAN_POINT ( 'NONE',  ( 6.469338010089175306, 61.80321823245559898, 24.64014040803333216 ) ) ;
#4562 = CARTESIAN_POINT ( 'NONE',  ( -1.158623951238843849E-14, 87.00000000000000000, -4.604512930061729762E-15 ) ) ;
#4563 = LINE ( 'NONE', #1461, #3194 ) ;
#4564 = CARTESIAN_POINT ( 'NONE',  ( -9.321638001334980217, 35.34136982093905033, 34.79675133775119633 ) ) ;
#4565 = CARTESIAN_POINT ( 'NONE',  ( 12.33478067921882015, 34.26315789473650142, 30.06830865871189928 ) ) ;
#4566 = ORIENTED_EDGE ( 'NONE', *, *, #3222, .F. ) ;
#4567 = CARTESIAN_POINT ( 'NONE',  ( -14.19873705504348038, 51.03545658566161336, 22.37492427552260921 ) ) ;
#4568 = CARTESIAN_POINT ( 'NONE',  ( -18.97061582516705158, 48.47501002938149384, 30.56202521836459951 ) ) ;
#4569 = CARTESIAN_POINT ( 'NONE',  ( 16.16881921566090696, 56.91823247748668280, 39.03498263800679524 ) ) ;
#4570 = CARTESIAN_POINT ( 'NONE',  ( -12.33478067921892141, 78.10526315789479668, 18.62511038469585145 ) ) ;
#4571 = CARTESIAN_POINT ( 'NONE',  ( -18.19045573371952429, 48.97167273863121295, 30.90745805686169234 ) ) ;
#4572 = CARTESIAN_POINT ( 'NONE',  ( -59.29873131347589776, 70.09337681133200704, 44.44948890855789614 ) ) ;
#4573 = ORIENTED_EDGE ( 'NONE', *, *, #342, .F. ) ;
#4574 = CARTESIAN_POINT ( 'NONE',  ( -7.993747884469196485, 32.99066711201188440, 35.53147367079749586 ) ) ;
#4575 = CARTESIAN_POINT ( 'NONE',  ( 16.95207238657762616, 26.84643011995144590, 27.72880022679095191 ) ) ;
#4576 = CARTESIAN_POINT ( 'NONE',  ( 3.073899984149338405, 86.85277450820879608, 0.3148456801606011046 ) ) ;
#4577 = CARTESIAN_POINT ( 'NONE',  ( -14.78784974806699104, 46.37750373728949427, 29.12899567261232647 ) ) ;
#4578 = CARTESIAN_POINT ( 'NONE',  ( -7.181936312904667830, 26.49525526010583221, 31.69686272714548991 ) ) ;
#4579 = CARTESIAN_POINT ( 'NONE',  ( 18.99449058185595973, 65.00479803342501839, 15.20248882604450635 ) ) ;
#4580 = CARTESIAN_POINT ( 'NONE',  ( 16.11551041341751045, 51.35553042588210104, 21.03666462015232952 ) ) ;
#4581 = CARTESIAN_POINT ( 'NONE',  ( 6.927730117625839235, 60.87343478668973518, 24.77167659541589373 ) ) ;
#4582 = DIRECTION ( 'NONE',  ( 0.7071067811865464625, 0.000000000000000000, -0.7071067811865485719 ) ) ;
#4583 = CARTESIAN_POINT ( 'NONE',  ( -6.520535899038800487, 54.28638343380252707, 25.68552442862213425 ) ) ;
#4584 = CARTESIAN_POINT ( 'NONE',  ( -4.068556953790449349, 29.86130836330364957, 37.00190247701819857 ) ) ;
#4585 = APPROVAL ( #3192, 'UNSPECIFIED' ) ;
#4586 = CARTESIAN_POINT ( 'NONE',  ( 16.24073601486020024, 81.82659853882159950, 28.63199987145689818 ) ) ;
#4587 = ORIENTED_EDGE ( 'NONE', *, *, #889, .T. ) ;
#4588 = CARTESIAN_POINT ( 'NONE',  ( -12.07049245618519784, 53.08383983194510591, 23.59239184148420421 ) ) ;
#4589 = CARTESIAN_POINT ( 'NONE',  ( 13.47677231794127906, 31.74394517352429546, 29.57456125177484552 ) ) ;
#4590 = CARTESIAN_POINT ( 'NONE',  ( 16.05560623624234395, 57.32248539354619510, 38.76166232765575614 ) ) ;
#4591 = AXIS2_PLACEMENT_3D ( 'NONE', #4619, #3761, #1056 ) ;
#4592 = CARTESIAN_POINT ( 'NONE',  ( 31.83726260498245253, 57.44480569552650451, 6.014398422723879811 ) ) ;
#4593 = DIRECTION ( 'NONE',  ( 1.000000000000000000, 0.000000000000000000, 0.000000000000000000 ) ) ;
#4594 = ORIENTED_EDGE ( 'NONE', *, *, #1180, .T. ) ;
#4595 = CARTESIAN_POINT ( 'NONE',  ( -8.263340098396833255, 33.36778115154753976, 35.39240493487297812 ) ) ;
#4596 = FACE_OUTER_BOUND ( 'NONE', #664, .T. ) ;
#4597 = CARTESIAN_POINT ( 'NONE',  ( 25.84554512672478666, 24.86152041867821083, 19.70430134879100592 ) ) ;
#4598 = EDGE_CURVE ( 'NONE', #3254, #2174, #1584, .T. ) ;
#4599 = CARTESIAN_POINT ( 'NONE',  ( 11.93625445469022672, 84.69249775700002658, 1.479616786145328433 ) ) ;
#4600 = CARTESIAN_POINT ( 'NONE',  ( -33.58827921314225051, 58.00000000000000000, -33.58827921314215104 ) ) ;
#4601 = AXIS2_PLACEMENT_3D ( 'NONE', #455, #3845, #379 ) ;
#4602 = CARTESIAN_POINT ( 'NONE',  ( -32.82329888108949945, 56.09233158979590428, 12.09733568480296029 ) ) ;
#4603 = EDGE_CURVE ( 'NONE', #3793, #212, #1756, .T. ) ;
#4604 = CARTESIAN_POINT ( 'NONE',  ( 21.88301276186227184, 62.01803310043091955, 12.92027101862169758 ) ) ;
#4605 = CARTESIAN_POINT ( 'NONE',  ( 17.76757630981474279, 50.61856085989943921, 19.66180017246908207 ) ) ;
#4606 = CARTESIAN_POINT ( 'NONE',  ( 18.48222349374267282, 34.44707237956771451, 31.07359967123895927 ) ) ;
#4607 = CARTESIAN_POINT ( 'NONE',  ( 7.377819393173189688, 59.35211977571009356, 24.98570307949482938 ) ) ;
#4608 = DIRECTION ( 'NONE',  ( 0.000000000000000000, 0.6263567254349903246, 0.7795365626462662512 ) ) ;
#4609 = CARTESIAN_POINT ( 'NONE',  ( 0.000000000000000000, 58.00000000000000000, 70.00000000000000000 ) ) ;
#4610 = CARTESIAN_POINT ( 'NONE',  ( -15.15885490898197396, 52.88002387637794044, 33.47936305233221077 ) ) ;
#4611 = CARTESIAN_POINT ( 'NONE',  ( 12.52863212588573205, 60.32853652750617357, 22.61256358392547483 ) ) ;
#4612 = CARTESIAN_POINT ( 'NONE',  ( 11.37502668213914170, 76.46562573707704757, 27.46174368837865742 ) ) ;
#4613 = EDGE_LOOP ( 'NONE', ( #3140, #4514, #2927, #1133, #4455 ) ) ;
#4614 = CARTESIAN_POINT ( 'NONE',  ( -12.40781590417615377, 52.67800984887999505, 23.41614935779950812 ) ) ;
#4615 = CARTESIAN_POINT ( 'NONE',  ( 15.99999999999997868, 59.72095069329440520, 50.69848480983490191 ) ) ;
#4616 = CARTESIAN_POINT ( 'NONE',  ( 16.01146097647007593, 57.64872523288001105, 38.65508624280402472 ) ) ;
#4617 = CARTESIAN_POINT ( 'NONE',  ( -9.488292830168399306, 80.15789473684209554, 70.00000000000000000 ) ) ;
#4618 = AXIS2_PLACEMENT_3D ( 'NONE', #1229, #4308, #3452 ) ;
#4619 = CARTESIAN_POINT ( 'NONE',  ( 14.35062871369090054, 34.61827305196529636, 34.64548246917324548 ) ) ;
#4620 = CARTESIAN_POINT ( 'NONE',  ( 49.49747468305839959, 58.00000000000000000, 49.49747468305830722 ) ) ;
#4621 = EDGE_CURVE ( 'NONE', #4381, #1840, #4150, .T. ) ;
#4622 = FACE_BOUND ( 'NONE', #2522, .T. ) ;
#4623 = CARTESIAN_POINT ( 'NONE',  ( -24.92367427320576567, 74.44127969233107933, 14.48125966201764570 ) ) ;
#4624 = ORIENTED_EDGE ( 'NONE', *, *, #4863, .T. ) ;
#4625 = CARTESIAN_POINT ( 'NONE',  ( 15.51670174253364110, 35.42405402508306622, 28.73840632328278843 ) ) ;
#4626 = AXIS2_PLACEMENT_3D ( 'NONE', #1323, #2116, #1655 ) ;
#4627 = CARTESIAN_POINT ( 'NONE',  ( -13.18300042188776366, 69.05668001201286188, 32.38951111365646796 ) ) ;
#4628 = EDGE_CURVE ( 'NONE', #463, #24, #4633, .T. ) ;
#4629 = DIRECTION ( 'NONE',  ( 0.000000000000000000, 0.3149873773017548562, 0.9490958603537168470 ) ) ;
#4630 = CARTESIAN_POINT ( 'NONE',  ( 22.72358094781111859, 59.97206730472301928, 12.48854668625844155 ) ) ;
#4631 = CARTESIAN_POINT ( 'NONE',  ( 15.80313574544803323, 51.57394449030424965, 21.27230530482905024 ) ) ;
#4632 = CARTESIAN_POINT ( 'NONE',  ( 17.82326951104125001, 35.84210526315790446, 31.24174191523270139 ) ) ;
#4633 = CIRCLE ( 'NONE', #280, 4.999999999999999112 ) ;
#4634 = DIRECTION ( 'NONE',  ( 0.000000000000000000, 0.000000000000000000, -1.000000000000000000 ) ) ;
#4635 = FACE_OUTER_BOUND ( 'NONE', #3754, .T. ) ;
#4636 = CARTESIAN_POINT ( 'NONE',  ( -5.064399356032478039, 52.46732532213857780, 26.01144475551022239 ) ) ;
#4637 = CARTESIAN_POINT ( 'NONE',  ( -14.93394549165520147, 52.20425517928922687, 32.64289303326907543 ) ) ;
#4638 = CARTESIAN_POINT ( 'NONE',  ( 13.47208621752130853, 63.21994981765853794, 21.08831076627266654 ) ) ;
#4639 = CARTESIAN_POINT ( 'NONE',  ( 9.488292830168399306, 80.15789473684209554, 34.36014785153984974 ) ) ;
#4640 = ORIENTED_EDGE ( 'NONE', *, *, #3685, .T. ) ;
#4641 = CARTESIAN_POINT ( 'NONE',  ( -16.00173740631154828, 58.14362817839769804, 37.31683123218769538 ) ) ;
#4642 = CARTESIAN_POINT ( 'NONE',  ( 14.16304971675960012, 30.42203012817680019, 29.25238238541260216 ) ) ;
#4643 = ORIENTED_EDGE ( 'NONE', *, *, #4112, .T. ) ;
#4644 = CARTESIAN_POINT ( 'NONE',  ( 15.99569832374935352, 58.42838477648089679, 50.68485428058179565 ) ) ;
#4645 = CARTESIAN_POINT ( 'NONE',  ( -10.40943425818796975, 81.78747006094367578, 14.25797664870189152 ) ) ;
#4646 = CARTESIAN_POINT ( 'NONE',  ( -24.10306953797306662, 74.28706595271938795, 9.293360441143075690 ) ) ;
#4647 = CARTESIAN_POINT ( 'NONE',  ( 29.98351201410990186, 34.26315789473675011, 12.53949788866082038 ) ) ;
#4648 = CIRCLE ( 'NONE', #943, 26.50000000000000000 ) ;
#4649 = CARTESIAN_POINT ( 'NONE',  ( -7.338539414960884244, 83.90049138590087807, 11.87353576715446835 ) ) ;
#4650 = CARTESIAN_POINT ( 'NONE',  ( 56.20671088515420166, 80.15789473684209554, 42.78823848096244831 ) ) ;
#4651 = CIRCLE ( 'NONE', #4019, 5.000000000000001776 ) ;
#4652 = CARTESIAN_POINT ( 'NONE',  ( 12.53949788866090032, 34.26315789473684958, 29.98351201410984856 ) ) ;
#4653 = CARTESIAN_POINT ( 'NONE',  ( -32.45554476485535389, 62.51233445751365281, 10.53523454892317091 ) ) ;
#4654 = VERTEX_POINT ( 'NONE', #4053 ) ;
#4655 = EDGE_CURVE ( 'NONE', #4116, #3574, #4055, .T. ) ;
#4656 = CARTESIAN_POINT ( 'NONE',  ( 11.96891425354026595, 84.67928092177292854, 1.485309919204578666 ) ) ;
#4657 = CARTESIAN_POINT ( 'NONE',  ( 0.000000000000000000, 0.000000000000000000, 0.000000000000000000 ) ) ;
#4658 = CARTESIAN_POINT ( 'NONE',  ( 9.812177578120206078, 29.12955544076652004, 30.98705007726587368 ) ) ;
#4659 = CARTESIAN_POINT ( 'NONE',  ( 22.29477534366537483, 61.16614478563077739, 12.67917084680789408 ) ) ;
#4660 = DIRECTION ( 'NONE',  ( -0.7071067811865440200, 0.000000000000000000, -0.7071067811865509034 ) ) ;
#4661 = CARTESIAN_POINT ( 'NONE',  ( -1.050581813916968921, 29.05172457568373900, 37.46898389782896999 ) ) ;
#4662 = LINE ( 'NONE', #1234, #4490 ) ;
#4663 = CARTESIAN_POINT ( 'NONE',  ( 42.78823848096265436, 35.84210526315790446, 56.20671088515399560 ) ) ;
#4664 = CARTESIAN_POINT ( 'NONE',  ( 17.50438639810401753, 82.88410118604980426, 6.068785495868270985 ) ) ;
#4665 = CARTESIAN_POINT ( 'NONE',  ( -16.82868764137919726, 59.55870977006890143, 16.82868764137900186 ) ) ;
#4666 = CARTESIAN_POINT ( 'NONE',  ( 13.33033620608174097, 62.96487637269737547, 21.28176345763673893 ) ) ;
#4667 = CARTESIAN_POINT ( 'NONE',  ( -8.610687717860770363, 82.19490560621180464, 18.09435297449885027 ) ) ;
#4668 = ORIENTED_EDGE ( 'NONE', *, *, #2112, .F. ) ;
#4669 = CARTESIAN_POINT ( 'NONE',  ( -23.04953415204828104, 51.97626148808429747, 13.07532556798916268 ) ) ;
#4670 = CARTESIAN_POINT ( 'NONE',  ( 15.70886296262801451, 34.86522665710905500, 28.63272055407024652 ) ) ;
#4671 = VERTEX_POINT ( 'NONE', #2214 ) ;
#4672 = DIRECTION ( 'NONE',  ( 0.000000000000000000, -1.000000000000000000, 0.000000000000000000 ) ) ;
#4673 = DIRECTION ( 'NONE',  ( 0.7071067811865460184, 0.000000000000000000, -0.7071067811865490160 ) ) ;
#4674 = CARTESIAN_POINT ( 'NONE',  ( -8.115337471511303136, 82.97394779624158900, 13.50866283348140762 ) ) ;
#4675 = PLANE ( 'NONE',  #3776 ) ;
#4676 = CARTESIAN_POINT ( 'NONE',  ( -2.870837456353303008, 86.57909651019095065, 5.330427961708973150 ) ) ;
#4677 = LINE ( 'NONE', #460, #111 ) ;
#4678 = ORIENTED_EDGE ( 'NONE', *, *, #3039, .F. ) ;
#4679 = CARTESIAN_POINT ( 'NONE',  ( 2.711475765933343496, 86.88565420139735807, 0.2769157254484753139 ) ) ;
#4680 = CIRCLE ( 'NONE', #2519, 5.000000000000000000 ) ;
#4681 = CARTESIAN_POINT ( 'NONE',  ( -15.26187955266909846, 44.41104739144864766, 28.69361153644224771 ) ) ;
#4682 = DIRECTION ( 'NONE',  ( 0.3157894736842106198, -0.9488292830168392200, 0.000000000000000000 ) ) ;
#4683 = CARTESIAN_POINT ( 'NONE',  ( 20.25186528440920597, 32.11101424749762145, 30.50310260063882950 ) ) ;
#4684 = CARTESIAN_POINT ( 'NONE',  ( 2.699909354254286686, 29.36972161957529792, 37.28153455381271186 ) ) ;
#4685 = CARTESIAN_POINT ( 'NONE',  ( 0.6154810777001453737, 87.00000000000000000, 1.085077309394793854 ) ) ;
#4686 = CARTESIAN_POINT ( 'NONE',  ( 17.89937521108708651, 82.67925168762653243, 6.256158073427353195 ) ) ;
#4687 = CARTESIAN_POINT ( 'NONE',  ( 30.73743845552288434, 40.53068419308345227, 10.73676521829577979 ) ) ;
#4688 = CARTESIAN_POINT ( 'NONE',  ( 13.50098205942981089, 63.26875781872315230, 21.04952330845106090 ) ) ;
#4689 = CALENDAR_DATE ( 2026, 4, 10 ) ;
#4690 = EDGE_CURVE ( 'NONE', #3017, #3375, #3671, .T. ) ;
#4691 = CARTESIAN_POINT ( 'NONE',  ( 0.000000000000000000, 0.000000000000000000, -26.50000000000000000 ) ) ;
#4692 = CARTESIAN_POINT ( 'NONE',  ( -30.12088911777399858, 47.10495480882150332, 12.22025119297749995 ) ) ;
#4693 = EDGE_LOOP ( 'NONE', ( #421, #3683, #2739, #3230, #2204 ) ) ;
#4694 = CARTESIAN_POINT ( 'NONE',  ( -3.875170041861837777, 86.40899132037372965, 4.800973955526767867 ) ) ;
#4695 = CARTESIAN_POINT ( 'NONE',  ( -18.36598829939712729, 77.30539853177143073, 14.12477738679496042 ) ) ;
#4696 = DIRECTION ( 'NONE',  ( -0.3157894736842106198, 0.9488292830168393310, 0.000000000000000000 ) ) ;
#4697 = CARTESIAN_POINT ( 'NONE',  ( -1.008477662468046043, 87.00000000000000000, 1.852692376468694890 ) ) ;
#4698 = EDGE_CURVE ( 'NONE', #3378, #2220, #1370, .T. ) ;
#4699 = CARTESIAN_POINT ( 'NONE',  ( -7.868376444641372203, 83.17173450930813772, 16.07520741657777918 ) ) ;
#4700 = CARTESIAN_POINT ( 'NONE',  ( -25.96828281616011225, 73.66610216960187074, 13.66966977098276104 ) ) ;
#4701 = EDGE_LOOP ( 'NONE', ( #1281, #38, #4168, #3153, #353 ) ) ;
#4702 = CARTESIAN_POINT ( 'NONE',  ( 0.000000000000000000, 58.00000000000000000, -47.50100000000000477 ) ) ;
#4703 = CARTESIAN_POINT ( 'NONE',  ( 5.855480996765711765, 85.10638061066920557, 21.20457243306964656 ) ) ;
#4704 = EDGE_LOOP ( 'NONE', ( #3711, #1896 ) ) ;
#4705 = CARTESIAN_POINT ( 'NONE',  ( -38.89158007204135714, 58.00000000000000000, -28.28497835424305151 ) ) ;
#4706 = CARTESIAN_POINT ( 'NONE',  ( -9.591606029714528248, 28.86798596371028225, 31.05328988895774600 ) ) ;
#4707 = AXIS2_PLACEMENT_3D ( 'NONE', #764, #4328, #3849 ) ;
#4708 = CARTESIAN_POINT ( 'NONE',  ( 31.06258075417608921, 34.37690256023664404, 18.52248342579290963 ) ) ;
#4709 = CARTESIAN_POINT ( 'NONE',  ( 19.32357668533107287, 33.18092280009427242, 30.82493049484506642 ) ) ;
#4710 = CARTESIAN_POINT ( 'NONE',  ( -1.648493520867160500, 29.13675940564039735, 37.41841488995784459 ) ) ;
#4711 = ADVANCED_FACE ( 'NONE', ( #275 ), #4196, .F. ) ;
#4712 = CARTESIAN_POINT ( 'NONE',  ( 2.758355306480719804, 86.88865143333791252, 4.862909458954115749 ) ) ;
#4713 = CARTESIAN_POINT ( 'NONE',  ( 7.283743694695618665, 86.33387840312778394, 2.205066696193316300 ) ) ;
#4714 = CARTESIAN_POINT ( 'NONE',  ( 4.577143365574801059, 52.05826353962557107, 26.10168880035774919 ) ) ;
#4715 = CARTESIAN_POINT ( 'NONE',  ( 0.000000000000000000, 54.50000000000000000, 0.000000000000000000 ) ) ;
#4716 = PERSON_AND_ORGANIZATION ( #2724, #4541 ) ;
#4717 = CARTESIAN_POINT ( 'NONE',  ( -21.42869744577527413, 50.19100531517937469, 15.59094010359319071 ) ) ;
#4718 = CARTESIAN_POINT ( 'NONE',  ( -10.64813933804260060, 49.02076825010830419, 30.71135086067754827 ) ) ;
#4719 = VERTEX_POINT ( 'NONE', #3144 ) ;
#4720 = CARTESIAN_POINT ( 'NONE',  ( -24.12995965474435067, 41.59378049064482497, 21.77212192307016636 ) ) ;
#4721 = CARTESIAN_POINT ( 'NONE',  ( -18.95013944524688299, 77.15401836690892878, 13.58637065748247252 ) ) ;
#4722 = CARTESIAN_POINT ( 'NONE',  ( 7.282133499230725171, 56.20541240233234248, 25.42266925414481449 ) ) ;
#4723 = CARTESIAN_POINT ( 'NONE',  ( -4.162168772018575602, 86.09619621893750718, 7.823885396418361005 ) ) ;
#4724 = CARTESIAN_POINT ( 'NONE',  ( -5.654752916062692591, 85.24765310947854857, 10.87581961911958750 ) ) ;
#4725 = CARTESIAN_POINT ( 'NONE',  ( 29.07300708473395190, 29.81758789183734848, 14.52772132509026015 ) ) ;
#4726 = EDGE_LOOP ( 'NONE', ( #122, #1217 ) ) ;
#4727 = CARTESIAN_POINT ( 'NONE',  ( -13.73167757507139441, 67.89887088200164555, 33.87951101334921589 ) ) ;
#4728 = CARTESIAN_POINT ( 'NONE',  ( 5.077807854618825445, 85.61590948181907379, 18.38818517469965386 ) ) ;
#4729 = EDGE_LOOP ( 'NONE', ( #2796, #2143, #593, #656, #1349 ) ) ;
#4730 = CARTESIAN_POINT ( 'NONE',  ( -29.94551185797582704, 47.84864572103550984, 20.17210178444826596 ) ) ;
#4731 = CARTESIAN_POINT ( 'NONE',  ( -33.58827921314225051, 77.00000000000000000, -33.58827921314215104 ) ) ;
#4732 = CARTESIAN_POINT ( 'NONE',  ( 10.93007675995146144, 30.87511607988613704, 30.60716940435976952 ) ) ;
#4733 = CARTESIAN_POINT ( 'NONE',  ( 29.89819914913414678, 30.85987567291310540, 21.68351518109835752 ) ) ;
#4734 = CARTESIAN_POINT ( 'NONE',  ( 27.92048527058215157, 29.22334295240257163, 24.92458617037554092 ) ) ;
#4735 = CARTESIAN_POINT ( 'NONE',  ( -3.183602378825781898, 29.52028892999103249, 37.19470263933459364 ) ) ;
#4736 = CARTESIAN_POINT ( 'NONE',  ( 11.47632508253222028, 59.90166204986149978, -11.47632508253226113 ) ) ;
#4737 = CARTESIAN_POINT ( 'NONE',  ( -7.277240869695719816, 56.18567036475053555, 25.42538706026267548 ) ) ;
#4738 = CIRCLE ( 'NONE', #385, 32.50000000000000000 ) ;
#4739 = CARTESIAN_POINT ( 'NONE',  ( 5.468800356604851309, 52.86751044654301523, 25.92956486117074633 ) ) ;
#4740 = CARTESIAN_POINT ( 'NONE',  ( 17.39168253354032601, 65.49997226735756328, 16.70377673940148711 ) ) ;
#4741 = LINE ( 'NONE', #68, #1030 ) ;
#4742 = CARTESIAN_POINT ( 'NONE',  ( -27.15415739123381300, 46.87321379854233072, 17.93381211610072867 ) ) ;
#4743 = CARTESIAN_POINT ( 'NONE',  ( -8.013278361774871072, 84.23818047102764695, 10.38056404368941266 ) ) ;
#4744 = CC_DESIGN_PERSON_AND_ORGANIZATION_ASSIGNMENT ( #555, #1699, ( #2223 ) ) ;
#4745 = CARTESIAN_POINT ( 'NONE',  ( -19.79507556356418263, 76.85583824009698617, 12.83122787086452909 ) ) ;
#4746 = CARTESIAN_POINT ( 'NONE',  ( 31.58734659909999465, 59.28730206698225658, 5.967101842942253320 ) ) ;
#4747 = DIRECTION ( 'NONE',  ( 0.000000000000000000, 0.000000000000000000, -1.000000000000000000 ) ) ;
#4748 = CARTESIAN_POINT ( 'NONE',  ( -2.732531544786940270, 86.61953481112132636, 5.068273178079889085 ) ) ;
#4749 = CARTESIAN_POINT ( 'NONE',  ( 25.46649987697015050, 24.62465752802314967, 20.19437904980680187 ) ) ;
#4750 = EDGE_LOOP ( 'NONE', ( #2963, #1629, #1241, #1353 ) ) ;
#4751 = DIRECTION ( 'NONE',  ( 1.000000000000000000, 0.000000000000000000, 0.000000000000000000 ) ) ;
#4752 = CARTESIAN_POINT ( 'NONE',  ( 2.167268560351264028, 86.76317824721729721, 7.847973921331040437 ) ) ;
#4753 = EDGE_LOOP ( 'NONE', ( #2390, #3260, #4970, #590 ) ) ;
#4754 = CARTESIAN_POINT ( 'NONE',  ( -32.28625630723699658, 52.49547157090129446, 14.23668439514295869 ) ) ;
#4755 = CARTESIAN_POINT ( 'NONE',  ( -14.14279981660098073, 66.17284173551870197, 35.51351662478230509 ) ) ;
#4756 = CARTESIAN_POINT ( 'NONE',  ( 8.108313808477793927, 27.27445892034983999, 31.47241934848509004 ) ) ;
#4757 = EDGE_CURVE ( 'NONE', #2994, #2853, #4017, .T. ) ;
#4758 = ORIENTED_EDGE ( 'NONE', *, *, #2549, .F. ) ;
#4759 = CARTESIAN_POINT ( 'NONE',  ( 30.80130913318647856, 33.08639967139028215, 19.39697559193416510 ) ) ;
#4760 = CARTESIAN_POINT ( 'NONE',  ( 22.59248092197752200, 30.24909223571695804, 29.43724542149407597 ) ) ;
#4761 = EDGE_CURVE ( 'NONE', #2066, #1677, #4298, .T. ) ;
#4762 = CARTESIAN_POINT ( 'NONE',  ( -5.109736559644042941, 30.40307026280574121, 36.70864132984566908 ) ) ;
#4763 = CARTESIAN_POINT ( 'NONE',  ( 8.198881301418953882, 85.96853086452698278, 14.45441916980336217 ) ) ;
#4764 = CYLINDRICAL_SURFACE ( 'NONE', #2421, 16.00000000000000000 ) ;
#4765 = CARTESIAN_POINT ( 'NONE',  ( 5.801309518390898923, 53.24562116189854066, 25.85758442700076998 ) ) ;
#4766 = PERSON_AND_ORGANIZATION_ROLE ( 'classification_officer' ) ;
#4767 = ADVANCED_FACE ( 'NONE', ( #4454 ), #591, .T. ) ;
#4768 = CARTESIAN_POINT ( 'NONE',  ( -20.44284514416644782, 49.68881201823831617, 16.86254186320975634 ) ) ;
#4769 = CARTESIAN_POINT ( 'NONE',  ( -19.10218952348184018, 46.29883897627365741, 26.35681633262542078 ) ) ;
#4770 = LINE ( 'NONE', #2440, #4077 ) ;
#4771 = CARTESIAN_POINT ( 'NONE',  ( -0.4082733281784938217, 29.00567990635138571, 32.49886988556878009 ) ) ;
#4772 = FACE_OUTER_BOUND ( 'NONE', #1807, .T. ) ;
#4773 = CARTESIAN_POINT ( 'NONE',  ( -2.932706833330949614, 86.56029510470150967, 5.447946118516226122 ) ) ;
#4774 = CARTESIAN_POINT ( 'NONE',  ( 26.16481114259811847, 30.16702874793118738, 19.42563693573190520 ) ) ;
#4775 = ORIENTED_EDGE ( 'NONE', *, *, #4095, .F. ) ;
#4776 = CARTESIAN_POINT ( 'NONE',  ( -13.20183840243084994, 69.47082586071192623, 31.97882998341817995 ) ) ;
#4777 = CARTESIAN_POINT ( 'NONE',  ( 5.946723384082320152, 85.03981122305418694, 21.53498101277598309 ) ) ;
#4778 = VERTEX_POINT ( 'NONE', #1075 ) ;
#4779 = CARTESIAN_POINT ( 'NONE',  ( -31.44858993777361533, 49.94022531184709379, 16.84653585216694083 ) ) ;
#4780 = ADVANCED_FACE ( 'NONE', ( #3353 ), #4925, .F. ) ;
#4781 = CARTESIAN_POINT ( 'NONE',  ( 56.20671088515420166, 35.84210526315790446, 42.78823848096244831 ) ) ;
#4782 = APPLICATION_CONTEXT ( 'configuration controlled 3d designs of mechanical parts and assemblies' ) ;
#4783 = ORIENTED_EDGE ( 'NONE', *, *, #3888, .T. ) ;
#4784 = CARTESIAN_POINT ( 'NONE',  ( 29.89958989623696084, 33.56549821351448060, 12.74016619705990472 ) ) ;
#4785 = CARTESIAN_POINT ( 'NONE',  ( 30.61739820576931592, 32.44371739991430559, 19.93886497642670719 ) ) ;
#4786 = EDGE_CURVE ( 'NONE', #4087, #3516, #931, .T. ) ;
#4787 = AXIS2_PLACEMENT_3D ( 'NONE', #2869, #2763, #472 ) ;
#4788 = CARTESIAN_POINT ( 'NONE',  ( 25.75169907173769701, 29.05172457594311552, 27.23744612483509897 ) ) ;
#4789 = CARTESIAN_POINT ( 'NONE',  ( 7.588708077087152226, 32.48758800967164007, 35.73060178855218538 ) ) ;
#4790 = CARTESIAN_POINT ( 'NONE',  ( 15.99999999999997868, 56.27904930670563033, 50.69848480983490191 ) ) ;
#4791 = CARTESIAN_POINT ( 'NONE',  ( -51.87411011101720248, 70.09337681133200704, 51.87411011101670510 ) ) ;
#4792 = CARTESIAN_POINT ( 'NONE',  ( 4.440622441602350534, 51.95591993999136093, 26.12529167758638238 ) ) ;
#4793 = PERSON_AND_ORGANIZATION ( #2724, #4541 ) ;
#4794 = CARTESIAN_POINT ( 'NONE',  ( -7.366676010199104674, 59.40800256519670342, 24.97787525505862050 ) ) ;
#4795 = CARTESIAN_POINT ( 'NONE',  ( -25.12577737023529778, 45.84792398200908536, 20.64081576563212295 ) ) ;
#4796 = CARTESIAN_POINT ( 'NONE',  ( -7.424278787608268537, 84.67146217042400735, 9.529585678425284812 ) ) ;
#4797 = CARTESIAN_POINT ( 'NONE',  ( 1.062473388933177887, 29.04270571828980252, 37.47424737371540004 ) ) ;
#4798 = AXIS2_PLACEMENT_3D ( 'NONE', #990, #4367, #916 ) ;
#4799 = CARTESIAN_POINT ( 'NONE',  ( -12.15530720784255969, 72.22824297166289398, 26.79794675039094543 ) ) ;
#4800 = CARTESIAN_POINT ( 'NONE',  ( -15.99837989832603924, 57.41964318354527563, 36.80406782075908723 ) ) ;
#4801 = CARTESIAN_POINT ( 'NONE',  ( 30.74860706695730173, 32.87839192785294529, 19.55992571336584618 ) ) ;
#4802 = CARTESIAN_POINT ( 'NONE',  ( -13.02570745040813804, 69.99225797110003100, 31.21598409893540804 ) ) ;
#4803 = DIRECTION ( 'NONE',  ( 0.000000000000000000, -1.000000000000000000, 0.000000000000000000 ) ) ;
#4804 = ORIENTED_EDGE ( 'NONE', *, *, #441, .F. ) ;
#4805 = CARTESIAN_POINT ( 'NONE',  ( -32.05001205682499688, 51.57011794646066960, 15.05656502278332987 ) ) ;
#4806 = DIRECTION ( 'NONE',  ( 0.000000000000000000, -1.000000000000000000, 0.000000000000000000 ) ) ;
#4807 = EDGE_CURVE ( 'NONE', #2908, #3017, #1554, .T. ) ;
#4808 = EDGE_LOOP ( 'NONE', ( #2557, #1000 ) ) ;
#4809 = CARTESIAN_POINT ( 'NONE',  ( 28.20690572926976358, 27.67791794016193663, 16.14424787074554501 ) ) ;
#4810 = CARTESIAN_POINT ( 'NONE',  ( 31.06535139162447479, 34.39439666594732614, 18.51238420029429577 ) ) ;
#4811 = CARTESIAN_POINT ( 'NONE',  ( 25.16879361586386210, 29.16442057089268758, 27.72564230593991752 ) ) ;
#4812 = CARTESIAN_POINT ( 'NONE',  ( 4.165927118960932596, 29.90735768998971622, 36.97643756614785104 ) ) ;
#4813 = AXIS2_PLACEMENT_3D ( 'NONE', #3799, #1224, #1139 ) ;
#4814 = ORIENTED_EDGE ( 'NONE', *, *, #3879, .T. ) ;
#4815 = CARTESIAN_POINT ( 'NONE',  ( 2.057901763346011936, 50.78784817595515477, 26.41997455819042528 ) ) ;
#4816 = ADVANCED_FACE ( 'NONE', ( #211 ), #2473, .T. ) ;
#4817 = CARTESIAN_POINT ( 'NONE',  ( -7.409213158522257814, 59.16665473668104624, 25.01174862508442587 ) ) ;
#4818 = CARTESIAN_POINT ( 'NONE',  ( 8.510192233274558760, 85.82976446210115284, 1.797438129763001990 ) ) ;
#4819 = CARTESIAN_POINT ( 'NONE',  ( -29.42955624706875284, 45.49615687419474597, 13.83695879678814578 ) ) ;
#4820 = CARTESIAN_POINT ( 'NONE',  ( 6.510865834003800146, 26.01098092799255213, 31.84251614063135349 ) ) ;
#4821 = CARTESIAN_POINT ( 'NONE',  ( 31.81980515339470017, 77.00000000000000000, 31.81980515339460069 ) ) ;
#4822 = CARTESIAN_POINT ( 'NONE',  ( -16.14606310687802448, 57.30839243092218283, 36.87175179098100841 ) ) ;
#4823 = FACE_OUTER_BOUND ( 'NONE', #2259, .T. ) ;
#4824 = EDGE_LOOP ( 'NONE', ( #461, #2748, #1874, #1435, #3635, #3934 ) ) ;
#4825 = CARTESIAN_POINT ( 'NONE',  ( -31.58337986641419093, 50.24036258220399276, 16.47740619225391256 ) ) ;
#4826 = CARTESIAN_POINT ( 'NONE',  ( 0.000000000000000000, 0.000000000000000000, 0.000000000000000000 ) ) ;
#4827 = ORIENTED_EDGE ( 'NONE', *, *, #1669, .T. ) ;
#4828 = CARTESIAN_POINT ( 'NONE',  ( -31.66538995442025239, 58.49356954791569763, 6.480192916036189743 ) ) ;
#4829 = ORIENTED_EDGE ( 'NONE', *, *, #3678, .T. ) ;
#4830 = CARTESIAN_POINT ( 'NONE',  ( 0.000000000000000000, 58.00000000000000000, 70.00000000000000000 ) ) ;
#4831 = CARTESIAN_POINT ( 'NONE',  ( 22.44451786128059823, 30.33943940426946284, 29.51697699107716844 ) ) ;
#4832 = CARTESIAN_POINT ( 'NONE',  ( 8.239073834984026234, 33.32547768545860833, 35.40603121853738600 ) ) ;
#4833 = CARTESIAN_POINT ( 'NONE',  ( 16.00000000000000000, 58.00000000000000000, 50.69848480983489480 ) ) ;
#4834 = VECTOR ( 'NONE', #2848, 1000.000000000000000 ) ;
#4835 = ORIENTED_EDGE ( 'NONE', *, *, #326, .F. ) ;
#4836 = CC_DESIGN_DATE_AND_TIME_ASSIGNMENT ( #145, #1293, ( #4470 ) ) ;
#4837 = CARTESIAN_POINT ( 'NONE',  ( 22.38647568063832338, 53.24619612278560510, 14.18152035042626835 ) ) ;
#4838 = CARTESIAN_POINT ( 'NONE',  ( 22.83221831635019683, 54.50000000000000000, 13.45138679670325921 ) ) ;
#4839 = CARTESIAN_POINT ( 'NONE',  ( 16.33836884553869950, 83.45880149495860678, 5.535240451026700370 ) ) ;
#4840 = DIRECTION ( 'NONE',  ( 0.000000000000000000, 0.000000000000000000, -1.000000000000000000 ) ) ;
#4841 =( BOUNDED_SURFACE ( )  B_SPLINE_SURFACE ( 2, 3, ( 
 ( #464, #412, #851, #4976, #768, #3935, #4281, #1989, #3156, #2018 ),
 ( #1935, #3560, #1498, #3052, #4203, #4627, #740, #359, #1908, #1520 ),
 ( #1145, #2321, #3851, #3478, #2524, #85, #3986, #2860, #4383, #3180 ) ),
 .UNSPECIFIED., .F., .F., .T. ) 
 B_SPLINE_SURFACE_WITH_KNOTS ( ( 3, 3 ),
 ( 4, 2, 2, 2, 4 ),
 ( 0.000000000000000000, 1.000000000000000000 ),
 ( 0.2861969596005634608, 0.4876553717060810311, 0.6891137838115980463, 0.8905721959171150059, 1.092030608022629856 ),
 .UNSPECIFIED. ) 
 GEOMETRIC_REPRESENTATION_ITEM ( )  RATIONAL_B_SPLINE_SURFACE ( (
 ( 1.000000000000000000, 1.000000000000000000, 1.000000000000000000, 1.000000000000000000, 1.000000000000000000, 1.000000000000000000, 1.000000000000000000, 1.000000000000000000, 1.000000000000000000, 1.000000000000000000),
 ( 0.4104269942191640097, 0.4186011781621705174, 0.4293146297695945024, 0.4543417125394690337, 0.4686457022856900245, 0.4994403380662469916, 0.5159290679414089142, 0.5499588843994310805, 0.5675051815437900382, 0.5851365069550800158),
 ( 1.000000000000000000, 1.000000000000000000, 1.000000000000000000, 1.000000000000000000, 1.000000000000000000, 1.000000000000000000, 1.000000000000000000, 1.000000000000000000, 1.000000000000000000, 1.000000000000000000) ) ) 
 REPRESENTATION_ITEM ( '' )  SURFACE ( )  );
#4842 = CARTESIAN_POINT ( 'NONE',  ( 6.216516283389180053, 25.82045270851204677, 31.90137831591474793 ) ) ;
#4843 = DIRECTION ( 'NONE',  ( 1.000000000000000000, 0.000000000000000000, 0.000000000000000000 ) ) ;
#4844 = EDGE_CURVE ( 'NONE', #463, #3048, #2504, .T. ) ;
#4845 = TOROIDAL_SURFACE ( 'NONE', #3971, 30.29203427834160323, 5.000000000000000000 ) ;
#4846 = CARTESIAN_POINT ( 'NONE',  ( -14.84869018891814108, 51.71708941143079841, 32.04609726655785096 ) ) ;
#4847 = CARTESIAN_POINT ( 'NONE',  ( 20.96773656874260183, 29.36936741894961145, 24.88273144330510434 ) ) ;
#4848 = CARTESIAN_POINT ( 'NONE',  ( 16.89769642786114545, 57.41303810921643702, 40.79464788901093897 ) ) ;
#4849 = CARTESIAN_POINT ( 'NONE',  ( -15.72174413841700336, 55.02900632848794515, 35.50316281303101107 ) ) ;
#4850 = VERTEX_POINT ( 'NONE', #4177 ) ;
#4851 = FACE_OUTER_BOUND ( 'NONE', #258, .T. ) ;
#4852 = EDGE_CURVE ( 'NONE', #1743, #2228, #4199, .T. ) ;
#4853 = LINE ( 'NONE', #2171, #2757 ) ;
#4854 = VERTEX_POINT ( 'NONE', #354 ) ;
#4855 = CARTESIAN_POINT ( 'NONE',  ( -12.92347783002349715, 74.17011785829156167, 22.64923555394656773 ) ) ;
#4856 = ORIENTED_EDGE ( 'NONE', *, *, #4283, .T. ) ;
#4857 = CARTESIAN_POINT ( 'NONE',  ( -40.29751541523799574, 80.15789473684209554, -26.87904301104634897 ) ) ;
#4858 = CARTESIAN_POINT ( 'NONE',  ( -15.26187955266909846, 44.41104739144864766, 28.69361153644224771 ) ) ;
#4859 = CARTESIAN_POINT ( 'NONE',  ( 3.120368038940501076, 29.49928463105986864, 37.20676021113413157 ) ) ;
#4860 = ORIENTED_EDGE ( 'NONE', *, *, #4135, .F. ) ;
#4861 = CIRCLE ( 'NONE', #748, 5.000000000000000000 ) ;
#4862 = CC_DESIGN_APPROVAL ( #2078, ( #2787 ) ) ;
#4863 = EDGE_CURVE ( 'NONE', #1743, #3657, #2007, .T. ) ;
#4864 = CARTESIAN_POINT ( 'NONE',  ( 0.000000000000000000, 54.50000000000000000, 0.000000000000000000 ) ) ;
#4865 = CARTESIAN_POINT ( 'NONE',  ( 15.63374465361195043, 82.90948025122538922, 2.236781811977554657 ) ) ;
#4866 = CARTESIAN_POINT ( 'NONE',  ( -31.55145405113875157, 54.50000000000000000, 7.794597312169510239 ) ) ;
#4867 = AXIS2_PLACEMENT_3D ( 'NONE', #4289, #3107, #1153 ) ;
#4868 = CARTESIAN_POINT ( 'NONE',  ( 7.371273410530900350, 26.63834154947264921, 31.65427105904569771 ) ) ;
#4869 = CARTESIAN_POINT ( 'NONE',  ( 9.567113528235960729, 36.07893198686659986, 34.66178954779609711 ) ) ;
#4870 = ORIENTED_EDGE ( 'NONE', *, *, #3897, .T. ) ;
#4871 = CARTESIAN_POINT ( 'NONE',  ( -15.29597098541119848, 53.28677937244209772, 33.73137611312897377 ) ) ;
#4872 = CARTESIAN_POINT ( 'NONE',  ( 22.50810338286654755, 24.01430022545084952, 23.44681635268320008 ) ) ;
#4873 = CARTESIAN_POINT ( 'NONE',  ( -22.85350128978905104, 52.94736842105259456, -44.32305713649540024 ) ) ;
#4874 = DIRECTION ( 'NONE',  ( 0.7071067811865485719, 0.000000000000000000, 0.7071067811865465735 ) ) ;
#4875 = VERTEX_POINT ( 'NONE', #4534 ) ;
#4876 = FACE_OUTER_BOUND ( 'NONE', #1974, .T. ) ;
#4877 = VECTOR ( 'NONE', #3669, 1000.000000000000000 ) ;
#4878 = DIRECTION ( 'NONE',  ( 1.000000000000000000, 0.000000000000000000, 0.000000000000000000 ) ) ;
#4879 = ORIENTED_EDGE ( 'NONE', *, *, #2351, .T. ) ;
#4880 = DIRECTION ( 'NONE',  ( 0.000000000000000000, 0.000000000000000000, -1.000000000000000000 ) ) ;
#4881 = CARTESIAN_POINT ( 'NONE',  ( 27.88904185161534599, 27.10598506321616341, 16.68689940380419756 ) ) ;
#4882 = CARTESIAN_POINT ( 'NONE',  ( -31.30374324436645139, 60.74355868499188205, 6.163930064888240246 ) ) ;
#4883 = CARTESIAN_POINT ( 'NONE',  ( -14.50401929999838835, 49.99840253670707568, 30.64243980535013634 ) ) ;
#4884 = CARTESIAN_POINT ( 'NONE',  ( 5.456057956704974288, 30.61848740213379827, 36.59636330303418106 ) ) ;
#4885 = VERTEX_POINT ( 'NONE', #1887 ) ;
#4886 = AXIS2_PLACEMENT_3D ( 'NONE', #4288, #3510, #1552 ) ;
#4887 = CARTESIAN_POINT ( 'NONE',  ( 22.20701602573635824, 52.87711781268275502, 14.46024129431187077 ) ) ;
#4888 = VECTOR ( 'NONE', #1599, 1000.000000000000000 ) ;
#4889 = CARTESIAN_POINT ( 'NONE',  ( 16.00000000000000000, 58.00000000000000000, 70.00000000000000000 ) ) ;
#4890 = CYLINDRICAL_SURFACE ( 'NONE', #3756, 7.500000000000000000 ) ;
#4891 = CARTESIAN_POINT ( 'NONE',  ( -30.76219009466525378, 49.26870174267823188, 10.48728332121505602 ) ) ;
#4892 = CARTESIAN_POINT ( 'NONE',  ( -7.784084158014667132, 32.67300438718452682, 31.70201666047778843 ) ) ;
#4893 = CARTESIAN_POINT ( 'NONE',  ( 14.36570654409156056, 83.34058116726990306, 25.32637114152549884 ) ) ;
#4894 = EDGE_LOOP ( 'NONE', ( #601, #4783 ) ) ;
#4895 = CARTESIAN_POINT ( 'NONE',  ( -15.92670087841059967, 60.80836050533419979, 37.71646579585055292 ) ) ;
#4896 = CARTESIAN_POINT ( 'NONE',  ( 20.64463971284190080, 31.72321668540600115, 30.35188623984370082 ) ) ;
#4897 = CARTESIAN_POINT ( 'NONE',  ( -15.70188612859018207, 54.25839530233495367, 34.76213442897957862 ) ) ;
#4898 = CARTESIAN_POINT ( 'NONE',  ( 26.50000000000000000, 54.50000000000000000, 0.000000000000000000 ) ) ;
#4899 = CARTESIAN_POINT ( 'NONE',  ( -27.23737849201639705, 46.52005968262048441, 24.20313064862228103 ) ) ;
#4900 = DIRECTION ( 'NONE',  ( 1.000000000000000000, 0.000000000000000000, 0.000000000000000000 ) ) ;
#4901 = EDGE_LOOP ( 'NONE', ( #983, #2953 ) ) ;
#4902 = CARTESIAN_POINT ( 'NONE',  ( -21.69928377736839664, 74.69816337839647247, 13.71469892667238000 ) ) ;
#4903 = CARTESIAN_POINT ( 'NONE',  ( 26.14093719767132029, 25.07043232470622840, 19.31185466923523819 ) ) ;
#4904 = CARTESIAN_POINT ( 'NONE',  ( 33.26315798988849792, 55.33333333333330728, 10.95222394897974105 ) ) ;
#4905 = CARTESIAN_POINT ( 'NONE',  ( -14.53100200790991892, 48.34422750531033586, 29.81601046077770789 ) ) ;
#4906 = CARTESIAN_POINT ( 'NONE',  ( -1.548166927476079646, 24.10442707292207842, 32.46398091204337533 ) ) ;
#4907 = ORIENTED_EDGE ( 'NONE', *, *, #2992, .F. ) ;
#4908 = CARTESIAN_POINT ( 'NONE',  ( 12.53949788866090032, 34.26315789473684958, 29.98351201410984856 ) ) ;
#4909 = CARTESIAN_POINT ( 'NONE',  ( 0.4864228530447696763, 65.49997226735752065, 24.10913045963507173 ) ) ;
#4910 = CARTESIAN_POINT ( 'NONE',  ( 28.28427124746194821, 39.00000000000000000, 35.35533905932734910 ) ) ;
#4911 = CARTESIAN_POINT ( 'NONE',  ( -2.313488865949277606, 50.85908713001653325, 26.40049839863680603 ) ) ;
#4912 = CARTESIAN_POINT ( 'NONE',  ( -2.987249133507640764, 29.43254399964033752, 32.40701267791502005 ) ) ;
#4913 = EDGE_CURVE ( 'NONE', #4719, #1186, #1477, .T. ) ;
#4914 = AXIS2_PLACEMENT_3D ( 'NONE', #933, #980, #2475 ) ;
#4915 = CARTESIAN_POINT ( 'NONE',  ( 3.009829505719602505, 86.68098737621478733, 7.266371213151953334 ) ) ;
#4916 = VERTEX_POINT ( 'NONE', #387 ) ;
#4917 = CARTESIAN_POINT ( 'NONE',  ( -13.60370867157179298, 51.50149941422003508, 22.74179368326009154 ) ) ;
#4918 = CARTESIAN_POINT ( 'NONE',  ( 20.46696176467829886, 29.57769700436965365, 25.31680148383161466 ) ) ;
#4919 = CARTESIAN_POINT ( 'NONE',  ( 14.46865140999335964, 34.26315789473684958, 34.59636001628059887 ) ) ;
#4920 = CARTESIAN_POINT ( 'NONE',  ( -15.75004331006994640, 55.18205086751690658, 35.62300996262010244 ) ) ;
#4921 = CARTESIAN_POINT ( 'NONE',  ( -20.35073793352363936, 47.74912842674513769, 29.85536435751718898 ) ) ;
#4922 = ADVANCED_FACE ( 'NONE', ( #1080 ), #4557, .F. ) ;
#4923 = CARTESIAN_POINT ( 'NONE',  ( 9.488292830168399306, 80.15789473684209554, 34.36014785153984974 ) ) ;
#4924 = VERTEX_POINT ( 'NONE', #3008 ) ;
#4925 = CYLINDRICAL_SURFACE ( 'NONE', #4146, 5.000000000000001776 ) ;
#4926 = CARTESIAN_POINT ( 'NONE',  ( 25.82167971429827702, 24.84565653291590337, 19.73557013261413218 ) ) ;
#4927 = CARTESIAN_POINT ( 'NONE',  ( 0.000000000000000000, 87.00000000000000000, 0.000000000000000000 ) ) ;
#4928 = ADVANCED_FACE ( 'NONE', ( #1173 ), #3830, .F. ) ;
#4929 = CARTESIAN_POINT ( 'NONE',  ( -14.55422082512001580, 48.05500978394682932, 29.69710671564880045 ) ) ;
#4930 = CARTESIAN_POINT ( 'NONE',  ( -4.896439505174329021, 25.09870423111565430, 32.13067792720828919 ) ) ;
#4931 = CARTESIAN_POINT ( 'NONE',  ( 20.19975395709140997, 50.81592206286846647, 17.15289117120310891 ) ) ;
#4932 = APPLICATION_CONTEXT ( 'configuration controlled 3d designs of mechanical parts and assemblies' ) ;
#4933 = CARTESIAN_POINT ( 'NONE',  ( -3.073435964107308571, 64.84178601436703104, 24.20450080171861984 ) ) ;
#4934 = CARTESIAN_POINT ( 'NONE',  ( 8.128050350404821600, 85.95848368330099731, 0.9026196589206599841 ) ) ;
#4935 = CARTESIAN_POINT ( 'NONE',  ( -3.245201552543633738, 51.23612136683462381, 26.30083942827438293 ) ) ;
#4936 = CARTESIAN_POINT ( 'NONE',  ( -11.38285571722416023, 31.74394517352564904, 30.44188990627009872 ) ) ;
#4937 = CARTESIAN_POINT ( 'NONE',  ( 11.03017792229561778, 78.43179515087132359, 26.62920513539686240 ) ) ;
#4938 = VECTOR ( 'NONE', #790, 1000.000000000000000 ) ;
#4939 = ORIENTED_EDGE ( 'NONE', *, *, #3806, .F. ) ;
#4940 = CARTESIAN_POINT ( 'NONE',  ( -13.40034422579982731, 51.67692413985201938, 22.86230041091353726 ) ) ;
#4941 = CARTESIAN_POINT ( 'NONE',  ( 16.01528195063229987, 27.81981585799620404, 28.28129414606615200 ) ) ;
#4942 = AXIS2_PLACEMENT_3D ( 'NONE', #2758, #4261, #3460 ) ;
#4943 = CARTESIAN_POINT ( 'NONE',  ( 16.37743225851759021, 56.61992023690163478, 39.53861907536171572 ) ) ;
#4944 = FACE_OUTER_BOUND ( 'NONE', #736, .T. ) ;
#4945 = CARTESIAN_POINT ( 'NONE',  ( -24.20196807565413977, 46.52225832735830124, 27.23659583792823824 ) ) ;
#4946 = AXIS2_PLACEMENT_3D ( 'NONE', #1174, #3131, #1203 ) ;
#4947 = CARTESIAN_POINT ( 'NONE',  ( 38.76269675970520012, 63.05263157894739834, 60.23225260641150669 ) ) ;
#4948 = ORIENTED_EDGE ( 'NONE', *, *, #4757, .F. ) ;
#4949 = CARTESIAN_POINT ( 'NONE',  ( -8.069516645175594860, 33.09382344876389226, 35.49276778163091706 ) ) ;
#4950 = CARTESIAN_POINT ( 'NONE',  ( 21.96028639766000268, 24.06560445828904804, 23.96871494869252928 ) ) ;
#4951 = CARTESIAN_POINT ( 'NONE',  ( 17.32726440650829502, 81.86406081151834258, 2.687819202772788074 ) ) ;
#4952 = EDGE_CURVE ( 'NONE', #2853, #3359, #3269, .T. ) ;
#4953 = CARTESIAN_POINT ( 'NONE',  ( -14.51146287157757797, 50.13853029167810149, 30.72700057064132295 ) ) ;
#4954 = CARTESIAN_POINT ( 'NONE',  ( -5.890479584355566622, 25.62751989297843025, 31.96190347842817303 ) ) ;
#4955 = CARTESIAN_POINT ( 'NONE',  ( 17.27638476803643641, 50.76950248485019301, 20.09419392737715526 ) ) ;
#4956 = CARTESIAN_POINT ( 'NONE',  ( -0.9715623392491136157, 65.50005542868427710, 24.10911979349036116 ) ) ;
#4957 = CARTESIAN_POINT ( 'NONE',  ( 0.000000000000000000, 77.00000000000000000, 70.00000000000000000 ) ) ;
#4958 = CARTESIAN_POINT ( 'NONE',  ( -5.410091775484686671, 52.80566441444480574, 25.94187300899297455 ) ) ;
#4959 = CARTESIAN_POINT ( 'NONE',  ( -5.004618438008299641, 30.32673130056174671, 36.74776293464150001 ) ) ;
#4960 = CARTESIAN_POINT ( 'NONE',  ( 9.488292830168290948, 35.84210526315754919, 34.69420229851375836 ) ) ;
#4961 = EDGE_CURVE ( 'NONE', #4036, #3204, #1968, .T. ) ;
#4962 = VERTEX_POINT ( 'NONE', #4602 ) ;
#4963 = CARTESIAN_POINT ( 'NONE',  ( -16.67881178856926638, 49.74699045482223880, 20.59289369026817695 ) ) ;
#4964 = CARTESIAN_POINT ( 'NONE',  ( -14.66571526217849986, 51.97321270026670703, 32.16926752856279847 ) ) ;
#4965 = CARTESIAN_POINT ( 'NONE',  ( 24.27216315313314965, 55.65216672388289965, 46.65669161761849892 ) ) ;
#4966 = CARTESIAN_POINT ( 'NONE',  ( 31.84934257594310125, 54.50000000000000000, 6.470655104409380520 ) ) ;
#4967 = DIRECTION ( 'NONE',  ( 0.7071067811865490160, 0.000000000000000000, 0.7071067811865460184 ) ) ;
#4968 = EDGE_CURVE ( 'NONE', #2003, #4085, #188, .T. ) ;
#4969 = FACE_OUTER_BOUND ( 'NONE', #4704, .T. ) ;
#4970 = ORIENTED_EDGE ( 'NONE', *, *, #3806, .T. ) ;
#4971 = CARTESIAN_POINT ( 'NONE',  ( -14.79575380472802060, 74.73292471331168940, 24.52151152864654904 ) ) ;
#4972 = DIRECTION ( 'NONE',  ( 0.3826834323650913916, -4.163336342344337815E-15, 0.9238795325112860723 ) ) ;
#4973 = CARTESIAN_POINT ( 'NONE',  ( 19.93762922598185483, 24.74658377600949777, 25.66598578432701316 ) ) ;
#4974 = DIRECTION ( 'NONE',  ( 0.2511310285135385234, 0.7545548334713111371, 0.6062839349700881453 ) ) ;
#4975 = AXIS2_PLACEMENT_3D ( 'NONE', #3396, #1394, #1836 ) ;
#4976 = CARTESIAN_POINT ( 'NONE',  ( -14.10967710262240082, 66.77505889669140515, 35.01170773154985483 ) ) ;
#4977 = CARTESIAN_POINT ( 'NONE',  ( 34.59636001628064861, 34.26315789473684958, 14.46865140999321930 ) ) ;
#4978 = CARTESIAN_POINT ( 'NONE',  ( 23.10428397781705456, 58.00000000000000000, 12.49768226001874005 ) ) ;
#4979 = CARTESIAN_POINT ( 'NONE',  ( 15.32881982752411965, 51.95996843857918890, 21.61659024674290919 ) ) ;
#4980 = CARTESIAN_POINT ( 'NONE',  ( 20.42454252302294648, 31.93795259948739584, 30.43729225723123122 ) ) ;
#4981 = CARTESIAN_POINT ( 'NONE',  ( 7.356348036920217659, 59.46087241889032526, 24.97046042427033186 ) ) ;
#4982 = CARTESIAN_POINT ( 'NONE',  ( 6.631030127970920063, 86.31255768553400287, 0.7133137349348960266 ) ) ;
#4983 = CARTESIAN_POINT ( 'NONE',  ( 33.09770890023862933, 58.42652314390942081, 10.47029190226904660 ) ) ;
#4984 = EDGE_CURVE ( 'NONE', #3414, #563, #821, .T. ) ;
#4985 = CARTESIAN_POINT ( 'NONE',  ( -4.751207588669485560, 30.14795850894232387, 32.24150879009840764 ) ) ;
#4986 = CARTESIAN_POINT ( 'NONE',  ( 11.30537465627187643, 75.14148486767834356, 27.29358882288556387 ) ) ;
#4987 = VERTEX_POINT ( 'NONE', #2452 ) ;
#4988 = CARTESIAN_POINT ( 'NONE',  ( -14.32350391258474254, 50.94600442504824400, 22.29539379880937844 ) ) ;
#4989 = CARTESIAN_POINT ( 'NONE',  ( -32.76067277189120119, 55.45734988058279669, 12.35083753322430056 ) ) ;
#4990 = CARTESIAN_POINT ( 'NONE',  ( 15.63995501138075106, 61.40225230788190203, 49.55762634818709955 ) ) ;
#4991 = CARTESIAN_POINT ( 'NONE',  ( 30.49924183349098783, 62.15684236835245713, 8.625113653738692321 ) ) ;
#4992 = EDGE_CURVE ( 'NONE', #638, #2003, #2251, .T. ) ;
#4993 = DIRECTION ( 'NONE',  ( 0.7071067811865461294, 0.000000000000000000, -0.7071067811865489050 ) ) ;
#4994 = CARTESIAN_POINT ( 'NONE',  ( 12.84924873460201589, 56.12565775969619608, 23.11935909869612971 ) ) ;
#4995 = CARTESIAN_POINT ( 'NONE',  ( 0.000000000000000000, 54.50000000000000000, 0.000000000000000000 ) ) ;
#4996 = CARTESIAN_POINT ( 'NONE',  ( -7.342024986324624969, 32.21008829804690521, 35.84662595042685496 ) ) ;
#4997 = DIRECTION ( 'NONE',  ( 0.000000000000000000, -1.000000000000000000, 0.000000000000000000 ) ) ;
#4998 = VERTEX_POINT ( 'NONE', #3157 ) ;
#4999 = CARTESIAN_POINT ( 'NONE',  ( 4.947490732328363450, 86.61807602521554372, 0.5178815186083873812 ) ) ;
#5000 = CARTESIAN_POINT ( 'NONE',  ( -14.74971470898246473, 46.58838714812733883, 29.18971797229013276 ) ) ;
#5001 = CLOSED_SHELL ( 'NONE', ( #3872, #1280, #3182, #4816, #1419, #2324, #679, #3595, #4449, #2570, #3146, #4711, #367, #218, #934, #714, #2555, #10, #3347, #148, #741, #2296, #4928, #3864, #3087, #2098, #3575, #4922, #1825, #4560, #1788, #1355, #1953, #175, #1800, #3067, #2159, #1298, #1772, #3741, #3435, #3369, #4767, #3505, #2929, #1880, #309, #1202, #766, #878, #1920, #1729, #2404, #3059, #830, #2695, #1778, #3624, #4180, #1244, #2330, #2260, #1548, #1762, #2664, #3767, #1346, #1544, #4462, #1209, #655, #4187, #3294, #1078, #3918, #2175, #2250, #4780 ) ) ;
#5002 = DIRECTION ( 'NONE',  ( 0.7071067811865490160, 0.000000000000000000, 0.7071067811865460184 ) ) ;
ENDSEC;
END-ISO-10303-21;
