ISO-10303-21;
HEADER;
FILE_DESCRIPTION (( 'STEP AP203' ),
    '1' );
FILE_NAME ('55846.STEP',
    '2026-08-18T22:23:54',
    ( '' ),
    ( '' ),
    'SwSTEP 2.0',
    'SolidWorks 2024',
    '' );
FILE_SCHEMA (( 'CONFIG_CONTROL_DESIGN' ));
ENDSEC;

DATA;
#1 = EDGE_CURVE ( 'NONE', #5965, #3538, #2323, .T. ) ;
#2 = AXIS2_PLACEMENT_3D ( 'NONE', #7095, #3635, #6300 ) ;
#3 = DIRECTION ( 'NONE',  ( 1.000000000000000000, -0.000000000000000000, -0.000000000000000000 ) ) ;
#4 = VERTEX_POINT ( 'NONE', #5036 ) ;
#5 = ORIENTED_EDGE ( 'NONE', *, *, #6555, .T. ) ;
#6 = ORIENTED_EDGE ( 'NONE', *, *, #5172, .T. ) ;
#7 = FACE_OUTER_BOUND ( 'NONE', #3349, .T. ) ;
#8 = DIRECTION ( 'NONE',  ( 0.000000000000000000, 0.000000000000000000, 1.000000000000000000 ) ) ;
#9 = EDGE_CURVE ( 'NONE', #9019, #4427, #4267, .T. ) ;
#10 = CARTESIAN_POINT ( 'NONE',  ( 80.50340791716237732, -1678.357562417011422, 2.327440068420841168 ) ) ;
#11 = CARTESIAN_POINT ( 'NONE',  ( 324.9999999999999432, 184.0000000000000000, -117.5000000000000142 ) ) ;
#12 = AXIS2_PLACEMENT_3D ( 'NONE', #7925, #2292, #3715 ) ;
#13 = DIRECTION ( 'NONE',  ( -0.1736481776669323851, 0.9848077530122075762, 0.000000000000000000 ) ) ;
#14 = ORIENTED_EDGE ( 'NONE', *, *, #3453, .F. ) ;
#15 = FACE_OUTER_BOUND ( 'NONE', #7888, .T. ) ;
#16 = VERTEX_POINT ( 'NONE', #881 ) ;
#17 = VECTOR ( 'NONE', #6433, 1000.000000000000000 ) ;
#18 = VERTEX_POINT ( 'NONE', #50 ) ;
#19 = CONICAL_SURFACE ( 'NONE', #455, 202.0000000000000284, 0.7853981633974552734 ) ;
#20 = EDGE_LOOP ( 'NONE', ( #2241, #1726, #953, #4771 ) ) ;
#21 = DIRECTION ( 'NONE',  ( 0.000000000000000000, 1.000000000000000000, 0.000000000000000000 ) ) ;
#22 = CARTESIAN_POINT ( 'NONE',  ( -227.8575187425541344, -118.6545648623414024, 210.5371998030526868 ) ) ;
#23 = AXIS2_PLACEMENT_3D ( 'NONE', #1612, #8116, #6591 ) ;
#24 = AXIS2_PLACEMENT_3D ( 'NONE', #280, #5353, #3967 ) ;
#26 = VERTEX_POINT ( 'NONE', #6469 ) ;
#25 = LINE ( 'NONE', #5479, #5806 ) ;
#27 = CARTESIAN_POINT ( 'NONE',  ( 320.4757059743469085, -1018.999999999999886, -425.0000000000000000 ) ) ;
#28 = VERTEX_POINT ( 'NONE', #5777 ) ;
#29 = AXIS2_PLACEMENT_3D ( 'NONE', #4127, #1130, #6160 ) ;
#30 = AXIS2_PLACEMENT_3D ( 'NONE', #8396, #7840, #7009 ) ;
#31 = FACE_OUTER_BOUND ( 'NONE', #4691, .T. ) ;
#32 = ORIENTED_EDGE ( 'NONE', *, *, #7793, .F. ) ;
#33 = CARTESIAN_POINT ( 'NONE',  ( -18.00944710334137966, -1609.012161965389168, 17.19772981926107036 ) ) ;
#34 = CARTESIAN_POINT ( 'NONE',  ( 259.8792377091426147, 90.00000000000000000, -242.0000000000000000 ) ) ;
#35 = VECTOR ( 'NONE', #3478, 1000.000000000000000 ) ;
#36 = AXIS2_PLACEMENT_3D ( 'NONE', #8669, #5146, #4720 ) ;
#37 = ADVANCED_FACE ( 'NONE', ( #5692 ), #185, .T. ) ;
#38 = DIRECTION ( 'NONE',  ( -2.769130042253390913E-32, 1.734723475976804383E-16, -1.000000000000000000 ) ) ;
#39 = EDGE_LOOP ( 'NONE', ( #173, #2571, #9030, #2599 ) ) ;
#40 = LINE ( 'NONE', #4257, #3761 ) ;
#41 = ORIENTED_EDGE ( 'NONE', *, *, #1462, .F. ) ;
#42 = VECTOR ( 'NONE', #451, 1000.000000000000000 ) ;
#43 = VECTOR ( 'NONE', #4216, 1000.000000000000000 ) ;
#44 = LINE ( 'NONE', #4987, #7809 ) ;
#45 = LINE ( 'NONE', #8415, #8029 ) ;
#46 = ORIENTED_EDGE ( 'NONE', *, *, #462, .F. ) ;
#47 = LINE ( 'NONE', #4264, #4910 ) ;
#48 = CARTESIAN_POINT ( 'NONE',  ( 84.80337415468171969, -1641.840116301315675, -5.122413391976115449 ) ) ;
#49 = DIRECTION ( 'NONE',  ( 0.000000000000000000, 1.000000000000000000, 0.000000000000000000 ) ) ;
#50 = CARTESIAN_POINT ( 'NONE',  ( 255.4757059743468233, -1441.000000000000000, -342.0000000000000568 ) ) ;
#51 = AXIS2_PLACEMENT_3D ( 'NONE', #2764, #1279, #7011 ) ;
#52 = CIRCLE ( 'NONE', #1362, 29.99999999999998579 ) ;
#53 = DIRECTION ( 'NONE',  ( -7.772245805989896776E-17, 1.000000000000000000, 3.469446951953608765E-16 ) ) ;
#54 = EDGE_LOOP ( 'NONE', ( #3857, #5885, #9076, #6478 ) ) ;
#55 = ORIENTED_EDGE ( 'NONE', *, *, #6905, .T. ) ;
#56 = EDGE_LOOP ( 'NONE', ( #4076, #8797 ) ) ;
#57 = VECTOR ( 'NONE', #5040, 1000.000000000000000 ) ;
#58 = CARTESIAN_POINT ( 'NONE',  ( 324.9999999999999432, 184.0000000000000000, -300.0000000000000000 ) ) ;
#59 = DIRECTION ( 'NONE',  ( -1.000000000000000000, -5.551115123125777969E-15, 0.000000000000000000 ) ) ;
#60 = CARTESIAN_POINT ( 'NONE',  ( 80.10937264953322767, -1678.124886079327325, 2.698341759469925272 ) ) ;
#61 = CARTESIAN_POINT ( 'NONE',  ( -113.4507718749797505, -217.2989982641753670, 190.2222422375104145 ) ) ;
#62 = CARTESIAN_POINT ( 'NONE',  ( -101.3931630952419880, -547.9310417174242502, 99.00000000000000000 ) ) ;
#63 = ORIENTED_EDGE ( 'NONE', *, *, #3844, .T. ) ;
#64 = LINE ( 'NONE', #4916, #8719 ) ;
#65 = EDGE_CURVE ( 'NONE', #3626, #7140, #4418, .T. ) ;
#66 = EDGE_CURVE ( 'NONE', #3648, #6430, #3623, .T. ) ;
#67 = CIRCLE ( 'NONE', #6104, 60.00000000000000000 ) ;
#68 = ORIENTED_EDGE ( 'NONE', *, *, #7721, .F. ) ;
#69 = EDGE_LOOP ( 'NONE', ( #7534, #1463, #7241, #5011, #2978 ) ) ;
#70 = ORIENTED_EDGE ( 'NONE', *, *, #4343, .T. ) ;
#71 = CIRCLE ( 'NONE', #5237, 9.999999999999959144 ) ;
#72 = DIRECTION ( 'NONE',  ( 1.000000000000000000, -0.000000000000000000, -0.000000000000000000 ) ) ;
#73 = CARTESIAN_POINT ( 'NONE',  ( 380.4757059743467948, -1669.927822996882924, 425.0000000000000000 ) ) ;
#74 = FACE_OUTER_BOUND ( 'NONE', #4249, .T. ) ;
#75 = ADVANCED_FACE ( 'NONE', ( #4357 ), #5735, .F. ) ;
#76 = ORIENTED_EDGE ( 'NONE', *, *, #3799, .F. ) ;
#77 = EDGE_CURVE ( 'NONE', #1294, #5578, #2356, .T. ) ;
#78 = CARTESIAN_POINT ( 'NONE',  ( 63.12186535763325423, -1441.000000000000000, 143.9999999999999716 ) ) ;
#79 = ORIENTED_EDGE ( 'NONE', *, *, #3042, .T. ) ;
#80 = DIRECTION ( 'NONE',  ( 1.000000000000000000, 0.000000000000000000, 0.000000000000000000 ) ) ;
#81 = EDGE_LOOP ( 'NONE', ( #3543, #7083, #5514, #3162, #4825 ) ) ;
#82 = CARTESIAN_POINT ( 'NONE',  ( -19.89401729004492836, -1613.727510386275071, 18.00539725966236304 ) ) ;
#83 = PERSON_AND_ORGANIZATION ( #5581, #207 ) ;
#84 = CARTESIAN_POINT ( 'NONE',  ( 255.4757059743468801, -1665.420018894026043, 425.0000000000000000 ) ) ;
#85 = B_SPLINE_CURVE_WITH_KNOTS ( 'NONE', 3,
 ( #1369, #254, #2384, #3164, #5889, #1643, #3862, #8710, #999, #7191, #4550, #208, #5798, #5928, #5243, #6624, #898, #6532, #5194, #2435, #302, #2981, #4456, #5282, #858, #8025, #2300, #4512, #6667, #5977, #2476, #6580, #1736, #1602 ),
 .UNSPECIFIED., .F., .F.,
 ( 4, 2, 2, 2, 2, 2, 2, 2, 2, 2, 2, 2, 2, 2, 2, 2, 4 ),
 ( 2.860979249076398407E-17, 0.0004414536900697675669, 0.0008829073801395065108, 0.001765814760279248944, 0.002648722140418991160, 0.003531629520558733377, 0.005297444280838218243, 0.007063259041117705278, 0.008829073801397189711, 0.01059488856167667588, 0.01412651808223564821, 0.01765814760279461881, 0.01942396236307435478, 0.02118977712335409075, 0.02472140664391301104, 0.02648722140419276783, 0.02825303616447252808 ),
 .UNSPECIFIED. ) ;
#86 = ORIENTED_EDGE ( 'NONE', *, *, #7645, .T. ) ;
#87 = DIRECTION ( 'NONE',  ( 1.132880637372609085E-15, 1.000000000000000000, -0.000000000000000000 ) ) ;
#88 = VERTEX_POINT ( 'NONE', #1446 ) ;
#89 = DIRECTION ( 'NONE',  ( 1.000000000000000000, 0.000000000000000000, 0.000000000000000000 ) ) ;
#90 = CARTESIAN_POINT ( 'NONE',  ( 63.12186535763342476, -1186.000000000000000, 341.9999999999999432 ) ) ;
#91 = ORIENTED_EDGE ( 'NONE', *, *, #289, .T. ) ;
#92 = FACE_OUTER_BOUND ( 'NONE', #6903, .T. ) ;
#93 = CARTESIAN_POINT ( 'NONE',  ( 73.09970273749065939, -1651.089809856094689, -17.55448208429960744 ) ) ;
#94 = FACE_OUTER_BOUND ( 'NONE', #2734, .T. ) ;
#95 = CARTESIAN_POINT ( 'NONE',  ( 255.4757059743468233, -1731.000000000000000, 376.0000000000000000 ) ) ;
#96 = EDGE_CURVE ( 'NONE', #856, #1978, #9154, .T. ) ;
#97 = CIRCLE ( 'NONE', #5258, 30.00000000000006395 ) ;
#98 = CARTESIAN_POINT ( 'NONE',  ( 161.4708882170983486, -186.8619958386596522, -193.3965937667737762 ) ) ;
#99 = ORIENTED_EDGE ( 'NONE', *, *, #289, .F. ) ;
#100 = EDGE_LOOP ( 'NONE', ( #717, #5557, #2726, #3322 ) ) ;
#101 = CARTESIAN_POINT ( 'NONE',  ( 255.4757059743467664, -1521.000000000000227, -297.0000000000000568 ) ) ;
#102 = AXIS2_PLACEMENT_3D ( 'NONE', #8344, #7046, #4275 ) ;
#103 = CARTESIAN_POINT ( 'NONE',  ( 27.94613024494745801, -1436.236849452365277, 200.0000000000001137 ) ) ;
#104 = CARTESIAN_POINT ( 'NONE',  ( 255.4757059743467664, -1396.000000000000227, -297.0000000000000568 ) ) ;
#105 = CARTESIAN_POINT ( 'NONE',  ( 329.9999999999999432, -115.9999999999999858, 99.99999999999998579 ) ) ;
#106 = DIRECTION ( 'NONE',  ( 0.1736481776669320798, -0.9848077530122077983, 0.000000000000000000 ) ) ;
#107 = EDGE_LOOP ( 'NONE', ( #6612, #3664, #4032, #8820, #3259 ) ) ;
#108 = DIRECTION ( 'NONE',  ( -0.000000000000000000, -0.000000000000000000, 1.000000000000000000 ) ) ;
#109 = AXIS2_PLACEMENT_3D ( 'NONE', #6885, #556, #3371 ) ;
#110 = ORIENTED_EDGE ( 'NONE', *, *, #397, .T. ) ;
#111 = VERTEX_POINT ( 'NONE', #3755 ) ;
#112 = ORIENTED_EDGE ( 'NONE', *, *, #6275, .F. ) ;
#113 = DIRECTION ( 'NONE',  ( 0.000000000000000000, 0.000000000000000000, 1.000000000000000000 ) ) ;
#114 = FACE_OUTER_BOUND ( 'NONE', #5650, .T. ) ;
#115 = EDGE_CURVE ( 'NONE', #2276, #8209, #1626, .T. ) ;
#116 = LINE ( 'NONE', #5805, #2813 ) ;
#117 = EDGE_CURVE ( 'NONE', #1420, #8295, #1910, .T. ) ;
#118 = CARTESIAN_POINT ( 'NONE',  ( 0.000000000000000000, 0.000000000000000000, -275.0000000000000000 ) ) ;
#119 = ORIENTED_EDGE ( 'NONE', *, *, #4871, .T. ) ;
#120 = EDGE_CURVE ( 'NONE', #7736, #3031, #6698, .T. ) ;
#121 = CARTESIAN_POINT ( 'NONE',  ( -676.2832028717670028, -1041.384809718564838, 425.0000000000000000 ) ) ;
#122 = ORIENTED_EDGE ( 'NONE', *, *, #5831, .T. ) ;
#123 = EDGE_CURVE ( 'NONE', #5759, #4, #3091, .T. ) ;
#124 = CARTESIAN_POINT ( 'NONE',  ( -29.29193996812114875, -1622.356516154957035, 13.97982626430797382 ) ) ;
#125 = DATE_AND_TIME ( #3787, #6401 ) ;
#126 = CONICAL_SURFACE ( 'NONE', #1160, 8.749999999999994671, 1.029744258676650759 ) ;
#127 = DIRECTION ( 'NONE',  ( 0.000000000000000000, 0.000000000000000000, -1.000000000000000000 ) ) ;
#128 = ORIENTED_EDGE ( 'NONE', *, *, #3553, .F. ) ;
#129 = DIRECTION ( 'NONE',  ( 1.000000000000000000, 1.596294787383402785E-16, -0.000000000000000000 ) ) ;
#130 = DIRECTION ( 'NONE',  ( 1.000000000000000000, 1.596294787383403032E-16, -0.000000000000000000 ) ) ;
#131 = CYLINDRICAL_SURFACE ( 'NONE', #2412, 9.999999999999959144 ) ;
#132 = VERTEX_POINT ( 'NONE', #2414 ) ;
#133 = FACE_OUTER_BOUND ( 'NONE', #2745, .T. ) ;
#134 = CARTESIAN_POINT ( 'NONE',  ( 83.40807147122971799, -1642.304820464727754, -7.735537244368934751 ) ) ;
#135 = AXIS2_PLACEMENT_3D ( 'NONE', #3524, #7823, #7130 ) ;
#136 = DIRECTION ( 'NONE',  ( 0.000000000000000000, 1.000000000000000000, 0.000000000000000000 ) ) ;
#137 = CARTESIAN_POINT ( 'NONE',  ( 70.47570597434688011, -1661.019580355183734, 25.00000000000000000 ) ) ;
#138 = DIRECTION ( 'NONE',  ( -0.9848077530122076872, -0.1736481776669321075, -0.000000000000000000 ) ) ;
#139 = ORIENTED_EDGE ( 'NONE', *, *, #5087, .T. ) ;
#140 = DIRECTION ( 'NONE',  ( 0.000000000000000000, 0.000000000000000000, 1.000000000000000000 ) ) ;
#141 = CARTESIAN_POINT ( 'NONE',  ( 245.2475120160384563, -230.2785358178057891, -294.7647954235915222 ) ) ;
#142 = CARTESIAN_POINT ( 'NONE',  ( 245.4679228849008723, -231.5011306388962282, -305.8184150489204285 ) ) ;
#143 = ADVANCED_FACE ( 'NONE', ( #5303 ), #4435, .F. ) ;
#144 = CARTESIAN_POINT ( 'NONE',  ( 310.4757059743466243, -516.0000000000000000, -54.00000000000007816 ) ) ;
#145 = DIRECTION ( 'NONE',  ( 0.000000000000000000, 0.000000000000000000, 1.000000000000000000 ) ) ;
#146 = ORIENTED_EDGE ( 'NONE', *, *, #4558, .T. ) ;
#147 = CARTESIAN_POINT ( 'NONE',  ( 369.9999999999999432, -115.9999999999999858, 108.7499999999999858 ) ) ;
#148 = EDGE_CURVE ( 'NONE', #7476, #7154, #6731, .T. ) ;
#149 = EDGE_LOOP ( 'NONE', ( #6343, #1237, #2832, #5813, #1044, #8283, #1292, #4156, #6828, #4179 ) ) ;
#150 = ORIENTED_EDGE ( 'NONE', *, *, #2721, .T. ) ;
#151 = PRODUCT_RELATED_PRODUCT_CATEGORY ( 'detail', '', ( #3890 ) ) ;
#152 = ORIENTED_EDGE ( 'NONE', *, *, #1926, .F. ) ;
#153 = AXIS2_PLACEMENT_3D ( 'NONE', #8155, #5893, #1648 ) ;
#154 = LINE ( 'NONE', #4412, #4468 ) ;
#155 = DIRECTION ( 'NONE',  ( -6.133828865332354916E-15, 1.000000000000000000, -0.000000000000000000 ) ) ;
#156 = LINE ( 'NONE', #8028, #6163 ) ;
#157 = LINE ( 'NONE', #3359, #4484 ) ;
#158 = FACE_OUTER_BOUND ( 'NONE', #3070, .T. ) ;
#159 = CIRCLE ( 'NONE', #1498, 44.99999999999998579 ) ;
#160 = AXIS2_PLACEMENT_3D ( 'NONE', #3559, #38, #2869 ) ;
#161 = CARTESIAN_POINT ( 'NONE',  ( 0.000000000000000000, 0.000000000000000000, 242.0000000000000000 ) ) ;
#162 = ORIENTED_EDGE ( 'NONE', *, *, #2399, .F. ) ;
#163 = CARTESIAN_POINT ( 'NONE',  ( 310.4757059743466243, -633.9999999999998863, 425.0000000000000000 ) ) ;
#164 = AXIS2_PLACEMENT_3D ( 'NONE', #1214, #7458, #2648 ) ;
#165 = VECTOR ( 'NONE', #1951, 1000.000000000000000 ) ;
#166 = EDGE_LOOP ( 'NONE', ( #1804, #8368, #1131, #6131 ) ) ;
#167 = CARTESIAN_POINT ( 'NONE',  ( -40.73274090112746393, -1623.804884490020186, 4.899850161105805846 ) ) ;
#168 = PERSON_AND_ORGANIZATION_ROLE ( 'creator' ) ;
#169 = ADVANCED_FACE ( 'NONE', ( #2537 ), #1111, .F. ) ;
#170 = EDGE_CURVE ( 'NONE', #3858, #5982, #8860, .T. ) ;
#171 = CARTESIAN_POINT ( 'NONE',  ( 249.4831827773962800, -259.9153918465117385, 98.99999999999997158 ) ) ;
#172 = VECTOR ( 'NONE', #6633, 1000.000000000000000 ) ;
#173 = ORIENTED_EDGE ( 'NONE', *, *, #7215, .T. ) ;
#174 = DIRECTION ( 'NONE',  ( -1.000000000000000000, 0.000000000000000000, 0.000000000000000000 ) ) ;
#175 = EDGE_CURVE ( 'NONE', #5916, #1435, #1033, .T. ) ;
#176 = CIRCLE ( 'NONE', #1367, 17.50000000000001421 ) ;
#177 = CARTESIAN_POINT ( 'NONE',  ( -101.3931630952418885, -547.9310417174241366, -53.99999999999999289 ) ) ;
#178 = DIRECTION ( 'NONE',  ( -0.1391731009600695457, 0.9902680687415696958, 0.000000000000000000 ) ) ;
#179 = VERTEX_POINT ( 'NONE', #5444 ) ;
#181 = DIRECTION ( 'NONE',  ( 1.000000000000000000, 1.596294787383402785E-16, -0.000000000000000000 ) ) ;
#180 = CONICAL_SURFACE ( 'NONE', #6069, 8.749999999999980460, 1.029744258676650759 ) ;
#182 = DIRECTION ( 'NONE',  ( 1.000000000000000000, 1.596294787383402785E-16, 0.000000000000000000 ) ) ;
#183 = VECTOR ( 'NONE', #1355, 1000.000000000000000 ) ;
#184 = CARTESIAN_POINT ( 'NONE',  ( -19.58125449818532005, -1299.847955729310797, 425.0000000000000000 ) ) ;
#185 = CYLINDRICAL_SURFACE ( 'NONE', #135, 60.00000000000000000 ) ;
#186 = AXIS2_PLACEMENT_3D ( 'NONE', #8515, #6286, #9151 ) ;
#187 = DIRECTION ( 'NONE',  ( -1.000000000000000000, -7.772245805989896776E-17, 0.000000000000000000 ) ) ;
#188 = VECTOR ( 'NONE', #517, 1000.000000000000000 ) ;
#189 = EDGE_CURVE ( 'NONE', #4922, #4427, #1772, .T. ) ;
#190 = AXIS2_PLACEMENT_3D ( 'NONE', #4112, #8330, #1998 ) ;
#191 = ORIENTED_EDGE ( 'NONE', *, *, #5765, .T. ) ;
#192 = CARTESIAN_POINT ( 'NONE',  ( -475.0005044061812782, -331.4401067960022260, 297.0000000000000000 ) ) ;
#193 = CIRCLE ( 'NONE', #5516, 44.99999999999992895 ) ;
#194 = CARTESIAN_POINT ( 'NONE',  ( 310.4757059743466243, -633.9999999999998863, -425.0000000000000000 ) ) ;
#195 = CARTESIAN_POINT ( 'NONE',  ( 63.12186535763342476, -851.0000000000000000, 296.9999999999999432 ) ) ;
#196 = CARTESIAN_POINT ( 'NONE',  ( -219.6050053636968187, -165.4568939540059205, 416.1606173501807007 ) ) ;
#197 = CYLINDRICAL_SURFACE ( 'NONE', #1076, 8.749999999999994671 ) ;
#198 = ORIENTED_EDGE ( 'NONE', *, *, #8458, .F. ) ;
#199 = DIRECTION ( 'NONE',  ( -1.000000000000000000, 0.000000000000000000, 0.000000000000000000 ) ) ;
#200 = AXIS2_PLACEMENT_3D ( 'NONE', #2784, #1445, #2086 ) ;
#201 = VECTOR ( 'NONE', #500, 1000.000000000000000 ) ;
#202 = FACE_OUTER_BOUND ( 'NONE', #2502, .T. ) ;
#203 = VECTOR ( 'NONE', #3334, 999.9999999999998863 ) ;
#204 = ORIENTED_EDGE ( 'NONE', *, *, #6590, .F. ) ;
#205 = EDGE_LOOP ( 'NONE', ( #2800, #4541, #5077, #1600 ) ) ;
#206 = EDGE_LOOP ( 'NONE', ( #344, #5773, #5031, #7326 ) ) ;
#207 = ORGANIZATION ( 'UNSPECIFIED', 'UNSPECIFIED', '' ) ;
#208 = CARTESIAN_POINT ( 'NONE',  ( 79.35230644232531461, -1677.646942333924017, -3.458227364968016193 ) ) ;
#209 = LINE ( 'NONE', #1087, #7446 ) ;
#210 = CARTESIAN_POINT ( 'NONE',  ( 310.4757059743466812, -851.0000000000000000, -54.00000000000007816 ) ) ;
#211 = EDGE_CURVE ( 'NONE', #7140, #6764, #3969, .T. ) ;
#212 = DIRECTION ( 'NONE',  ( 1.000000000000000000, 0.000000000000000000, 0.000000000000000000 ) ) ;
#213 = DIRECTION ( 'NONE',  ( -1.000000000000000000, 0.000000000000000000, 0.000000000000000000 ) ) ;
#214 = VECTOR ( 'NONE', #129, 1000.000000000000000 ) ;
#215 = ADVANCED_FACE ( 'NONE', ( #8224 ), #3270, .F. ) ;
#216 = EDGE_LOOP ( 'NONE', ( #7746, #1641 ) ) ;
#217 = CARTESIAN_POINT ( 'NONE',  ( -241.2778994879909646, -42.54380352839819324, 190.0000000000001137 ) ) ;
#218 = TOROIDAL_SURFACE ( 'NONE', #3914, 265.0222139978606606, 10.00000000000000000 ) ;
#219 = ORIENTED_EDGE ( 'NONE', *, *, #8827, .F. ) ;
#220 = CARTESIAN_POINT ( 'NONE',  ( 286.0588745030455584, 184.0000000000000000, -312.0000000000000000 ) ) ;
#221 = ORIENTED_EDGE ( 'NONE', *, *, #2286, .F. ) ;
#222 = CARTESIAN_POINT ( 'NONE',  ( -18.35434445995057118, -1597.997765515740184, 9.454146096527896503 ) ) ;
#223 = APPROVAL_DATE_TIME ( #6549, #5961 ) ;
#224 = VECTOR ( 'NONE', #8289, 999.9999999999998863 ) ;
#225 = CARTESIAN_POINT ( 'NONE',  ( 63.12186535763336792, -1105.999999999999773, 143.9999999999999716 ) ) ;
#226 = ORIENTED_EDGE ( 'NONE', *, *, #5749, .F. ) ;
#227 = CARTESIAN_POINT ( 'NONE',  ( 320.4757059743469085, -1304.000000000000000, 425.0000000000000000 ) ) ;
#228 = ADVANCED_FACE ( 'NONE', ( #3321 ), #5493, .F. ) ;
#229 = DIRECTION ( 'NONE',  ( 1.000000000000000000, 1.596294787383402785E-16, -0.000000000000000000 ) ) ;
#230 = DIRECTION ( 'NONE',  ( 0.9902680687415698069, 0.1391731009600692126, 0.000000000000000000 ) ) ;
#231 = ORIENTED_EDGE ( 'NONE', *, *, #1219, .T. ) ;
#232 = DIRECTION ( 'NONE',  ( 0.000000000000000000, 1.000000000000000000, 0.000000000000000000 ) ) ;
#233 = CARTESIAN_POINT ( 'NONE',  ( 85.94762866272201052, -1641.538910041769441, -0.3775406758273069929 ) ) ;
#234 = CARTESIAN_POINT ( 'NONE',  ( 245.2475120160384563, -230.2785358178057891, 299.2352045764085346 ) ) ;
#235 = CARTESIAN_POINT ( 'NONE',  ( 149.6537014123777283, -193.9813641914472555, 190.0000000000000568 ) ) ;
#236 = EDGE_CURVE ( 'NONE', #5570, #5332, #646, .T. ) ;
#237 = CARTESIAN_POINT ( 'NONE',  ( 369.9999999999999432, 184.0000000000000000, 288.0000000000000568 ) ) ;
#238 = EDGE_CURVE ( 'NONE', #5920, #3440, #7623, .T. ) ;
#239 = EDGE_LOOP ( 'NONE', ( #7055, #2004, #6417, #3897 ) ) ;
#240 = CARTESIAN_POINT ( 'NONE',  ( 59.80567514388355477, -1433.079413968832341, -200.0000000000001137 ) ) ;
#241 = ADVANCED_FACE ( 'NONE', ( #4061 ), #3378, .F. ) ;
#242 = CARTESIAN_POINT ( 'NONE',  ( 313.9631204181872590, -1689.000000000000000, -425.0000000000000000 ) ) ;
#243 = ORIENTED_EDGE ( 'NONE', *, *, #9155, .F. ) ;
#244 = CARTESIAN_POINT ( 'NONE',  ( -192.0375118373805776, -33.86139464505183128, -375.9999999999999432 ) ) ;
#245 = CARTESIAN_POINT ( 'NONE',  ( 319.9999999999999432, 184.0000000000000000, 282.5000000000000568 ) ) ;
#246 = DIRECTION ( 'NONE',  ( 1.000000000000000000, 1.596294787383402785E-16, -0.000000000000000000 ) ) ;
#247 = ORIENTED_EDGE ( 'NONE', *, *, #1543, .F. ) ;
#248 = EDGE_CURVE ( 'NONE', #3103, #6481, #8957, .T. ) ;
#249 = DIRECTION ( 'NONE',  ( 1.000000000000000000, 1.596294787383402785E-16, -0.000000000000000000 ) ) ;
#250 = ORIENTED_EDGE ( 'NONE', *, *, #9136, .F. ) ;
#251 = VERTEX_POINT ( 'NONE', #8266 ) ;
#252 = ORIENTED_EDGE ( 'NONE', *, *, #3852, .F. ) ;
#253 = DESIGN_CONTEXT ( 'detailed design', #4154, 'design' ) ;
#254 = CARTESIAN_POINT ( 'NONE',  ( 82.20406607967872503, -1679.229534569656153, -1.275620236539722452 ) ) ;
#255 = LINE ( 'NONE', #351, #675 ) ;
#256 = CARTESIAN_POINT ( 'NONE',  ( 257.5967143329896203, 90.00000000000004263, -421.2111000871782380 ) ) ;
#257 = LINE ( 'NONE', #3820, #1692 ) ;
#258 = CARTESIAN_POINT ( 'NONE',  ( -44.32777787835677685, -1622.847341286407300, -1.783788934544290106 ) ) ;
#259 = ORIENTED_EDGE ( 'NONE', *, *, #7753, .T. ) ;
#260 = EDGE_CURVE ( 'NONE', #5578, #1294, #3532, .T. ) ;
#261 = DIRECTION ( 'NONE',  ( -0.8386705679454260487, 0.5446390350150239756, -0.000000000000000000 ) ) ;
#262 = VECTOR ( 'NONE', #1247, 1000.000000000000000 ) ;
#263 = ORIENTED_EDGE ( 'NONE', *, *, #238, .T. ) ;
#264 = EDGE_CURVE ( 'NONE', #2008, #4684, #1904, .T. ) ;
#265 = CIRCLE ( 'NONE', #8370, 44.99999999999992895 ) ;
#266 = CARTESIAN_POINT ( 'NONE',  ( -622.5580642450980804, -1398.288306185088913, 25.00000000000000000 ) ) ;
#267 = ORIENTED_EDGE ( 'NONE', *, *, #5343, .T. ) ;
#268 = EDGE_CURVE ( 'NONE', #8986, #7639, #7056, .T. ) ;
#269 = LINE ( 'NONE', #6594, #1501 ) ;
#270 = DIRECTION ( 'NONE',  ( 0.9612616959383174509, 0.2756373558170039373, 0.000000000000000000 ) ) ;
#272 = VERTEX_POINT ( 'NONE', #6180 ) ;
#271 = ADVANCED_FACE ( 'NONE', ( #4660 ), #1990, .F. ) ;
#273 = LINE ( 'NONE', #3049, #2440 ) ;
#274 = APPROVAL ( #6496, 'UNSPECIFIED' ) ;
#275 = CARTESIAN_POINT ( 'NONE',  ( 344.9999999999999432, -160.9999999999999716, 425.0000000000000000 ) ) ;
#276 = AXIS2_PLACEMENT_3D ( 'NONE', #5686, #5820, #3658 ) ;
#277 = FACE_OUTER_BOUND ( 'NONE', #1528, .T. ) ;
#278 = ORIENTED_EDGE ( 'NONE', *, *, #2881, .F. ) ;
#279 = DIRECTION ( 'NONE',  ( -3.083952846180995211E-16, 1.000000000000000000, 0.000000000000000000 ) ) ;
#280 = CARTESIAN_POINT ( 'NONE',  ( 255.4757059743467664, -1186.000000000000000, 98.99999999999994316 ) ) ;
#281 = FACE_BOUND ( 'NONE', #5657, .T. ) ;
#282 = DIRECTION ( 'NONE',  ( -0.000000000000000000, -0.000000000000000000, -1.000000000000000000 ) ) ;
#283 = DIRECTION ( 'NONE',  ( 1.000000000000000000, 1.596294787383402785E-16, -0.000000000000000000 ) ) ;
#284 = CIRCLE ( 'NONE', #3829, 44.99999999999998579 ) ;
#285 = EDGE_LOOP ( 'NONE', ( #2463, #7791, #2403, #1660, #1672, #514, #379 ) ) ;
#286 = ADVANCED_FACE ( 'NONE', ( #2676 ), #4253, .F. ) ;
#287 = CARTESIAN_POINT ( 'NONE',  ( -45.55539095713340458, -1622.347359477424334, 1.275620236539608321 ) ) ;
#288 = AXIS2_PLACEMENT_3D ( 'NONE', #8518, #7914, #7036 ) ;
#289 = EDGE_CURVE ( 'NONE', #4796, #7097, #4703, .T. ) ;
#290 = DIRECTION ( 'NONE',  ( 5.538260084506780731E-32, -3.469446951953608765E-16, 1.000000000000000000 ) ) ;
#291 = VERTEX_POINT ( 'NONE', #2590 ) ;
#292 = CYLINDRICAL_SURFACE ( 'NONE', #7132, 44.99999999999992895 ) ;
#293 = DIRECTION ( 'NONE',  ( 1.000000000000000000, 1.596294787383402785E-16, -0.000000000000000000 ) ) ;
#294 = DIRECTION ( 'NONE',  ( 1.000000000000000000, -0.000000000000000000, -0.000000000000000000 ) ) ;
#295 = ORIENTED_EDGE ( 'NONE', *, *, #2163, .F. ) ;
#296 = ADVANCED_FACE ( 'NONE', ( #6921 ), #1193, .F. ) ;
#297 = DIRECTION ( 'NONE',  ( 0.1736481776669323573, -0.9848077530122076872, 0.000000000000000000 ) ) ;
#298 = VERTEX_POINT ( 'NONE', #3411 ) ;
#299 = ORIENTED_EDGE ( 'NONE', *, *, #4425, .F. ) ;
#300 = ORIENTED_EDGE ( 'NONE', *, *, #2481, .F. ) ;
#301 = EDGE_CURVE ( 'NONE', #6529, #7338, #6226, .T. ) ;
#302 = CARTESIAN_POINT ( 'NONE',  ( 74.53094894389131753, -1673.127082055414803, -9.190492540066477645 ) ) ;
#303 = DIRECTION ( 'NONE',  ( 1.000000000000000000, 1.596294787383402785E-16, -0.000000000000000000 ) ) ;
#304 = CARTESIAN_POINT ( 'NONE',  ( 259.7885398520182889, 90.00000000000000000, -416.3490740940571300 ) ) ;
#305 = DIRECTION ( 'NONE',  ( 1.000000000000000000, 0.000000000000000000, -0.000000000000000000 ) ) ;
#306 = CARTESIAN_POINT ( 'NONE',  ( -39.87491412789124468, -1623.929942296286981, -5.664578484320104579 ) ) ;
#307 = ORIENTED_EDGE ( 'NONE', *, *, #2786, .T. ) ;
#308 = AXIS2_PLACEMENT_3D ( 'NONE', #4417, #7104, #4839 ) ;
#309 = CYLINDRICAL_SURFACE ( 'NONE', #5971, 44.99999999999992895 ) ;
#310 = VERTEX_POINT ( 'NONE', #1389 ) ;
#311 = CARTESIAN_POINT ( 'NONE',  ( -81.17427967907947561, -950.5365518056539713, 54.00000000000000711 ) ) ;
#312 = AXIS2_PLACEMENT_3D ( 'NONE', #1594, #5099, #3256 ) ;
#313 = VECTOR ( 'NONE', #4981, 1000.000000000000000 ) ;
#314 = LINE ( 'NONE', #3258, #3294 ) ;
#315 = ORIENTED_EDGE ( 'NONE', *, *, #3646, .T. ) ;
#316 = CARTESIAN_POINT ( 'NONE',  ( 344.9999999999999432, -160.9999999999999716, -425.0000000000000000 ) ) ;
#317 = AXIS2_PLACEMENT_3D ( 'NONE', #2863, #3649, #80 ) ;
#318 = VECTOR ( 'NONE', #4950, 1000.000000000000000 ) ;
#319 = DIRECTION ( 'NONE',  ( 1.000000000000000000, 1.596294787383402785E-16, 0.000000000000000000 ) ) ;
#320 = DIRECTION ( 'NONE',  ( 1.000000000000000000, 1.596294787383402785E-16, -0.000000000000000000 ) ) ;
#321 = ORIENTED_EDGE ( 'NONE', *, *, #9085, .F. ) ;
#322 = CARTESIAN_POINT ( 'NONE',  ( 255.4757059743467096, -435.9999999999998863, 297.0000000000000000 ) ) ;
#323 = CARTESIAN_POINT ( 'NONE',  ( 369.9999999999999432, 184.0000000000000000, -99.99999999999997158 ) ) ;
#324 = EDGE_CURVE ( 'NONE', #2371, #358, #694, .T. ) ;
#325 = CARTESIAN_POINT ( 'NONE',  ( 27.94613024494745801, -1436.236849452365277, -200.0000000000001137 ) ) ;
#326 = CARTESIAN_POINT ( 'NONE',  ( 164.8512236825712876, -185.4357848918146487, 195.3940825437622095 ) ) ;
#327 = VECTOR ( 'NONE', #1047, 1000.000000000000000 ) ;
#328 = DIRECTION ( 'NONE',  ( 5.538260084506780731E-32, -3.469446951953608765E-16, 1.000000000000000000 ) ) ;
#329 = AXIS2_PLACEMENT_3D ( 'NONE', #5878, #3708, #6519 ) ;
#330 = ORIENTED_EDGE ( 'NONE', *, *, #2945, .F. ) ;
#331 = AXIS2_PLACEMENT_3D ( 'NONE', #4963, #758, #1551 ) ;
#332 = AXIS2_PLACEMENT_3D ( 'NONE', #7180, #5044, #8614 ) ;
#333 = VECTOR ( 'NONE', #8954, 1000.000000000000000 ) ;
#334 = DIRECTION ( 'NONE',  ( 0.000000000000000000, 1.000000000000000000, 0.000000000000000000 ) ) ;
#335 = EDGE_LOOP ( 'NONE', ( #458, #6185, #507, #2483 ) ) ;
#336 = DIRECTION ( 'NONE',  ( -0.1736481776669323851, 0.9848077530122075762, 0.000000000000000000 ) ) ;
#337 = CARTESIAN_POINT ( 'NONE',  ( -223.7301742539424367, -142.0618986239041703, -425.0000000000000000 ) ) ;
#338 = LINE ( 'NONE', #5969, #2409 ) ;
#339 = VERTEX_POINT ( 'NONE', #3510 ) ;
#340 = AXIS2_PLACEMENT_3D ( 'NONE', #7213, #5032, #279 ) ;
#341 = VECTOR ( 'NONE', #246, 1000.000000000000000 ) ;
#342 = VECTOR ( 'NONE', #8599, 1000.000000000000000 ) ;
#343 = CARTESIAN_POINT ( 'NONE',  ( 63.12186535763336792, -1186.000000000000000, 98.99999999999994316 ) ) ;
#344 = ORIENTED_EDGE ( 'NONE', *, *, #8349, .T. ) ;
#345 = ORIENTED_EDGE ( 'NONE', *, *, #7186, .T. ) ;
#346 = EDGE_LOOP ( 'NONE', ( #8489, #150, #3137 ) ) ;
#347 = DIRECTION ( 'NONE',  ( 7.772245805989896776E-17, -1.000000000000000000, -1.734723475976804383E-16 ) ) ;
#348 = ADVANCED_FACE ( 'NONE', ( #6315 ), #8409, .F. ) ;
#349 = DIRECTION ( 'NONE',  ( -1.000000000000000000, -5.551115123125783688E-16, -0.000000000000000000 ) ) ;
#350 = VECTOR ( 'NONE', #7116, 1000.000000000000000 ) ;
#351 = CARTESIAN_POINT ( 'NONE',  ( 310.4757059743468517, -1521.000000000000227, 252.0000000000000000 ) ) ;
#352 = DIRECTION ( 'NONE',  ( -1.000000000000000000, 0.000000000000000000, 0.000000000000000000 ) ) ;
#353 = AXIS2_PLACEMENT_3D ( 'NONE', #8111, #8714, #8765 ) ;
#354 = EDGE_CURVE ( 'NONE', #7375, #3020, #2074, .T. ) ;
#355 = PLANE ( 'NONE',  #4768 ) ;
#356 = DIRECTION ( 'NONE',  ( -1.000000000000000000, -7.772245805989896776E-17, 0.000000000000000000 ) ) ;
#357 = AXIS2_PLACEMENT_3D ( 'NONE', #3958, #1010, #6026 ) ;
#358 = VERTEX_POINT ( 'NONE', #4807 ) ;
#359 = ORIENTED_EDGE ( 'NONE', *, *, #3644, .F. ) ;
#360 = CIRCLE ( 'NONE', #6545, 45.00000000000004263 ) ;
#361 = CARTESIAN_POINT ( 'NONE',  ( 324.9999999999999432, 184.0000000000000000, 112.0000000000000711 ) ) ;
#362 = EDGE_CURVE ( 'NONE', #5558, #7537, #3325, .T. ) ;
#363 = B_SPLINE_CURVE_WITH_KNOTS ( 'NONE', 3,
 ( #1550, #3710, #7182, #196, #848, #3671, #460, #6145, #6008, #5274, #516, #5967, #4668, #6045, #2597, #8189, #1029, #6708, #4023, #6848, #6654, #3284, #7494, #8099, #5234, #6099, #8060, #1157 ),
 .UNSPECIFIED., .F., .F.,
 ( 4, 2, 2, 2, 2, 2, 2, 2, 2, 2, 2, 2, 2, 4 ),
 ( 1.968453601950825096E-07, 0.0008754588240306953153, 0.001750720802701195540, 0.003501244760042349947, 0.004376506738712931596, 0.005251768717383511510, 0.007002292674724663532, 0.01050334058940687390, 0.01225386454674798689, 0.01400438850408909988, 0.01750543641877128423, 0.02100648433345346164, 0.02450753224813564599, 0.02800858016281782686 ),
 .UNSPECIFIED. ) ;
#364 = EDGE_CURVE ( 'NONE', #5877, #4438, #7486, .T. ) ;
#365 = PLANE ( 'NONE',  #7151 ) ;
#366 = ORIENTED_EDGE ( 'NONE', *, *, #5476, .F. ) ;
#367 = CARTESIAN_POINT ( 'NONE',  ( 310.4757059743466243, -298.9999999999999432, 425.0000000000000000 ) ) ;
#368 = DIRECTION ( 'NONE',  ( 0.000000000000000000, 0.000000000000000000, -1.000000000000000000 ) ) ;
#369 = CARTESIAN_POINT ( 'NONE',  ( 63.12186535763325423, -1521.000000000000227, 143.9999999999999432 ) ) ;
#370 = EDGE_LOOP ( 'NONE', ( #788, #8433, #4813, #8394 ) ) ;
#371 = DIRECTION ( 'NONE',  ( -0.5446390350150243087, -0.8386705679454258267, 0.000000000000000000 ) ) ;
#372 = CARTESIAN_POINT ( 'NONE',  ( 310.4757059743468517, -1690.000000000000000, 425.0000000000000000 ) ) ;
#373 = CARTESIAN_POINT ( 'NONE',  ( -153.8349127506554339, -250.5191003077374887, 425.0000000000000000 ) ) ;
#374 = CARTESIAN_POINT ( 'NONE',  ( 153.0914672171519726, -191.5106084182476991, 190.3096516078261686 ) ) ;
#375 = LINE ( 'NONE', #6090, #4197 ) ;
#376 = APPROVAL ( #5723, 'UNSPECIFIED' ) ;
#377 = VERTEX_POINT ( 'NONE', #2821 ) ;
#378 = DIRECTION ( 'NONE',  ( -1.000000000000000000, -7.772245805989896776E-17, 0.000000000000000000 ) ) ;
#379 = ORIENTED_EDGE ( 'NONE', *, *, #739, .F. ) ;
#380 = CARTESIAN_POINT ( 'NONE',  ( 255.4757059743467664, -851.0000000000000000, 341.9999999999999432 ) ) ;
#381 = CARTESIAN_POINT ( 'NONE',  ( -223.5297081157077059, -143.1987985891226458, -424.9999999999999432 ) ) ;
#382 = CARTESIAN_POINT ( 'NONE',  ( -18.58610902079634286, -1597.348912799730215, 8.527498285527473243 ) ) ;
#383 = VERTEX_POINT ( 'NONE', #4706 ) ;
#384 = CARTESIAN_POINT ( 'NONE',  ( -150.6335507458523466, -556.6134506007708751, -53.99999999999999289 ) ) ;
#385 = ORIENTED_EDGE ( 'NONE', *, *, #1925, .F. ) ;
#386 = ORIENTED_EDGE ( 'NONE', *, *, #1519, .T. ) ;
#387 = ORIENTED_EDGE ( 'NONE', *, *, #1, .T. ) ;
#388 = CARTESIAN_POINT ( 'NONE',  ( -241.2778994879909646, -42.54380352839819324, 190.0000000000001137 ) ) ;
#389 = CARTESIAN_POINT ( 'NONE',  ( 258.2068654397817227, 90.00000000000001421, 420.4045610389431999 ) ) ;
#390 = CARTESIAN_POINT ( 'NONE',  ( -232.8879755636930895, -90.12542654824372335, -198.1665651886403907 ) ) ;
#391 = DIRECTION ( 'NONE',  ( -0.9848077530122076872, -0.1736481776669321075, -0.000000000000000000 ) ) ;
#392 = CARTESIAN_POINT ( 'NONE',  ( -245.0000000000000000, 3.061616997868383121E-14, 435.0000000000000000 ) ) ;
#393 = CARTESIAN_POINT ( 'NONE',  ( 63.12186535763336792, -851.0000000000000000, -54.00000000000007816 ) ) ;
#394 = ORIENTED_EDGE ( 'NONE', *, *, #7666, .T. ) ;
#395 = VECTOR ( 'NONE', #2651, 1000.000000000000000 ) ;
#396 = ORIENTED_EDGE ( 'NONE', *, *, #2929, .F. ) ;
#397 = EDGE_CURVE ( 'NONE', #2770, #3626, #8414, .T. ) ;
#398 = DIRECTION ( 'NONE',  ( 0.9848077530122077983, 0.1736481776669322186, -0.000000000000000000 ) ) ;
#399 = VECTOR ( 'NONE', #5046, 1000.000000000000000 ) ;
#400 = EDGE_CURVE ( 'NONE', #6377, #8623, #7535, .T. ) ;
#401 = EDGE_CURVE ( 'NONE', #7991, #6377, #4019, .T. ) ;
#402 = CARTESIAN_POINT ( 'NONE',  ( 319.9999999999999432, 90.00000000000000000, 425.0000000000000000 ) ) ;
#403 = ORIENTED_EDGE ( 'NONE', *, *, #1710, .T. ) ;
#404 = DIRECTION ( 'NONE',  ( -1.000000000000000000, -1.596294787383402785E-16, 0.000000000000000000 ) ) ;
#405 = ADVANCED_FACE ( 'NONE', ( #9106 ), #5636, .F. ) ;
#406 = DIRECTION ( 'NONE',  ( 1.000000000000000000, 1.596294787383402785E-16, 0.000000000000000000 ) ) ;
#407 = LINE ( 'NONE', #6827, #201 ) ;
#408 = ORIENTED_EDGE ( 'NONE', *, *, #6454, .F. ) ;
#409 = DIRECTION ( 'NONE',  ( -0.000000000000000000, -0.000000000000000000, -1.000000000000000000 ) ) ;
#410 = CARTESIAN_POINT ( 'NONE',  ( 63.12186535763336792, -1105.999999999999773, -99.00000000000004263 ) ) ;
#411 = LINE ( 'NONE', #3927, #3007 ) ;
#412 = DIRECTION ( 'NONE',  ( -0.9848077530122077983, -0.1736481776669321353, -0.000000000000000000 ) ) ;
#413 = CARTESIAN_POINT ( 'NONE',  ( 245.2833643458208144, -230.4581725634149620, -103.4406120674921539 ) ) ;
#414 = ORIENTED_EDGE ( 'NONE', *, *, #77, .T. ) ;
#415 = CARTESIAN_POINT ( 'NONE',  ( -101.3931630952418885, -547.9310417174241366, -252.0000000000000568 ) ) ;
#416 = ORIENTED_EDGE ( 'NONE', *, *, #6556, .T. ) ;
#417 = LINE ( 'NONE', #4709, #2988 ) ;
#418 = DIRECTION ( 'NONE',  ( -1.000000000000000000, 0.000000000000000000, 0.000000000000000000 ) ) ;
#419 = DIRECTION ( 'NONE',  ( 0.000000000000000000, 0.000000000000000000, -1.000000000000000000 ) ) ;
#420 = ORIENTED_EDGE ( 'NONE', *, *, #5473, .T. ) ;
#421 = CYLINDRICAL_SURFACE ( 'NONE', #4348, 17.50000000000001421 ) ;
#422 = EDGE_LOOP ( 'NONE', ( #7187, #8327, #7041, #4479 ) ) ;
#423 = ORIENTED_EDGE ( 'NONE', *, *, #2387, .T. ) ;
#424 = VERTEX_POINT ( 'NONE', #2779 ) ;
#425 = EDGE_CURVE ( 'NONE', #7424, #3215, #6843, .T. ) ;
#426 = CARTESIAN_POINT ( 'NONE',  ( -150.6335507458523466, -556.6134506007708751, -99.00000000000000000 ) ) ;
#427 = CARTESIAN_POINT ( 'NONE',  ( 255.4757059743468233, -1441.000000000000000, -144.0000000000000284 ) ) ;
#428 = CARTESIAN_POINT ( 'NONE',  ( 73.01603399839369501, -1670.820859043570408, 11.33734307844675904 ) ) ;
#429 = DIRECTION ( 'NONE',  ( 0.000000000000000000, -1.000000000000000000, -3.469446951953609258E-16 ) ) ;
#430 = PLANE ( 'NONE',  #8601 ) ;
#431 = EDGE_LOOP ( 'NONE', ( #7468, #7802, #8424, #2174 ) ) ;
#432 = CARTESIAN_POINT ( 'NONE',  ( -19.64060485900386155, -1613.252532443081236, -17.98702218399755282 ) ) ;
#433 = EDGE_CURVE ( 'NONE', #2785, #8936, #6141, .T. ) ;
#434 = ORIENTED_EDGE ( 'NONE', *, *, #3185, .F. ) ;
#435 = ORIENTED_EDGE ( 'NONE', *, *, #1548, .F. ) ;
#436 = DIRECTION ( 'NONE',  ( 1.000000000000000000, 1.596294787383402785E-16, 0.000000000000000000 ) ) ;
#437 = DIRECTION ( 'NONE',  ( 0.000000000000000000, 0.000000000000000000, 1.000000000000000000 ) ) ;
#438 = CARTESIAN_POINT ( 'NONE',  ( -63.82630010998535397, -1614.212626615908221, 25.00000000000000000 ) ) ;
#439 = VERTEX_POINT ( 'NONE', #3517 ) ;
#440 = FACE_BOUND ( 'NONE', #1754, .T. ) ;
#441 = B_SPLINE_CURVE_WITH_KNOTS ( 'NONE', 3,
 ( #6184, #9005, #413, #8268, #3323, #8915, #5446, #1113 ),
 .UNSPECIFIED., .F., .F.,
 ( 4, 2, 2, 4 ),
 ( 0.01336367230408830147, 0.02003490921140058806, 0.02337052766505673396, 0.02670614611871287986 ),
 .UNSPECIFIED. ) ;
#442 = CARTESIAN_POINT ( 'NONE',  ( -130.0300105105153250, -215.8467897332258758, -202.1004820207843125 ) ) ;
#443 = CIRCLE ( 'NONE', #6943, 245.0000000000000000 ) ;
#444 = CARTESIAN_POINT ( 'NONE',  ( 100.6118822656829650, -1687.425222369551875, 25.00000000000000000 ) ) ;
#445 = EDGE_CURVE ( 'NONE', #4089, #1206, #4111, .T. ) ;
#446 = DIRECTION ( 'NONE',  ( 1.000000000000000000, 1.596294787383402785E-16, -0.000000000000000000 ) ) ;
#447 = VERTEX_POINT ( 'NONE', #7585 ) ;
#448 = CARTESIAN_POINT ( 'NONE',  ( 310.4757059743467380, -1105.999999999999773, 252.0000000000000000 ) ) ;
#449 = CARTESIAN_POINT ( 'NONE',  ( 324.9999999999999432, 184.0000000000000000, 282.5000000000000568 ) ) ;
#450 = EDGE_CURVE ( 'NONE', #2878, #4296, #8963, .T. ) ;
#451 = DIRECTION ( 'NONE',  ( 1.000000000000000000, -0.000000000000000000, -0.000000000000000000 ) ) ;
#452 = DIRECTION ( 'NONE',  ( -0.000000000000000000, 1.000000000000000000, -0.000000000000000000 ) ) ;
#453 = VECTOR ( 'NONE', #8285, 1000.000000000000000 ) ;
#454 = DIRECTION ( 'NONE',  ( 0.000000000000000000, 1.000000000000000000, 0.000000000000000000 ) ) ;
#455 = AXIS2_PLACEMENT_3D ( 'NONE', #1574, #5860, #3088 ) ;
#456 = ORIENTED_EDGE ( 'NONE', *, *, #8150, .T. ) ;
#457 = FACE_OUTER_BOUND ( 'NONE', #4233, .T. ) ;
#458 = ORIENTED_EDGE ( 'NONE', *, *, #7778, .F. ) ;
#459 = PLANE ( 'NONE',  #2256 ) ;
#460 = CARTESIAN_POINT ( 'NONE',  ( -219.7260058881282703, -164.7706658796336683, 417.7721896012349134 ) ) ;
#461 = AXIS2_PLACEMENT_3D ( 'NONE', #6569, #6473, #140 ) ;
#462 = EDGE_CURVE ( 'NONE', #8105, #5664, #8468, .T. ) ;
#463 = LINE ( 'NONE', #8872, #4181 ) ;
#464 = ORIENTED_EDGE ( 'NONE', *, *, #4360, .T. ) ;
#465 = VECTOR ( 'NONE', #7392, 1000.000000000000114 ) ;
#466 = ADVANCED_FACE ( 'NONE', ( #5450 ), #1947, .T. ) ;
#467 = DIRECTION ( 'NONE',  ( 0.1736481776669323851, -0.9848077530122075762, 0.000000000000000000 ) ) ;
#468 = AXIS2_PLACEMENT_3D ( 'NONE', #3536, #2197, #2840 ) ;
#469 = ORIENTED_EDGE ( 'NONE', *, *, #7133, .T. ) ;
#470 = AXIS2_PLACEMENT_3D ( 'NONE', #5428, #8297, #4648 ) ;
#471 = VERTEX_POINT ( 'NONE', #4759 ) ;
#472 = ORIENTED_EDGE ( 'NONE', *, *, #923, .F. ) ;
#473 = CARTESIAN_POINT ( 'NONE',  ( 458.6941282063430663, -855.3431854633304283, 297.0000000000000568 ) ) ;
#474 = CIRCLE ( 'NONE', #4754, 20.00000000000006040 ) ;
#475 = CARTESIAN_POINT ( 'NONE',  ( 258.8904355578141576, 90.00000000000000000, 419.2333800686358813 ) ) ;
#476 = DIRECTION ( 'NONE',  ( 1.000000000000000000, 1.596294787383402785E-16, -0.000000000000000000 ) ) ;
#477 = CARTESIAN_POINT ( 'NONE',  ( 0.000000000000000000, 0.000000000000000000, 242.0000000000000000 ) ) ;
#478 = DIRECTION ( 'NONE',  ( 1.000000000000000000, 1.596294787383402785E-16, 0.000000000000000000 ) ) ;
#479 = ORIENTED_EDGE ( 'NONE', *, *, #4258, .F. ) ;
#480 = CARTESIAN_POINT ( 'NONE',  ( -19.91005414048828825, -1613.756451647309632, -18.00595201830230252 ) ) ;
#481 = AXIS2_PLACEMENT_3D ( 'NONE', #6427, #6985, #8558 ) ;
#482 = VECTOR ( 'NONE', #1777, 1000.000000000000114 ) ;
#483 = ORIENTED_EDGE ( 'NONE', *, *, #3907, .F. ) ;
#484 = VECTOR ( 'NONE', #3884, 1000.000000000000000 ) ;
#485 = ORIENTED_EDGE ( 'NONE', *, *, #7413, .T. ) ;
#486 = AXIS2_PLACEMENT_3D ( 'NONE', #5585, #5492, #2867 ) ;
#487 = CIRCLE ( 'NONE', #3886, 44.99999999999992895 ) ;
#488 = ADVANCED_FACE ( 'NONE', ( #6283 ), #2926, .T. ) ;
#489 = DIRECTION ( 'NONE',  ( 1.000000000000000000, 1.596294787383402785E-16, 0.000000000000000000 ) ) ;
#490 = DIRECTION ( 'NONE',  ( 0.000000000000000000, 1.000000000000000000, 0.000000000000000000 ) ) ;
#491 = EDGE_CURVE ( 'NONE', #7680, #4381, #8675, .T. ) ;
#492 = PRODUCT_DEFINITION_FORMATION_WITH_SPECIFIED_SOURCE ( 'ANY', '', #3890, .NOT_KNOWN. ) ;
#493 = AXIS2_PLACEMENT_3D ( 'NONE', #5625, #2252, #5060 ) ;
#494 = DIRECTION ( 'NONE',  ( 0.9135454576426019768, -0.4067366430757978213, 0.000000000000000000 ) ) ;
#495 = ORIENTED_EDGE ( 'NONE', *, *, #2541, .F. ) ;
#496 = FACE_BOUND ( 'NONE', #5048, .T. ) ;
#497 = CIRCLE ( 'NONE', #5069, 44.99999999999998579 ) ;
#498 = CARTESIAN_POINT ( 'NONE',  ( 320.4757059743469085, -683.9999999999998863, 425.0000000000000000 ) ) ;
#499 = DIRECTION ( 'NONE',  ( 1.000000000000000000, 1.596294787383403032E-16, -0.000000000000000000 ) ) ;
#500 = DIRECTION ( 'NONE',  ( 1.000000000000000000, 5.551115123125777969E-15, -0.000000000000000000 ) ) ;
#501 = VERTEX_POINT ( 'NONE', #5502 ) ;
#502 = CARTESIAN_POINT ( 'NONE',  ( 63.12186535763325423, -436.0000000000000000, -342.0000000000000000 ) ) ;
#503 = LINE ( 'NONE', #7663, #5331 ) ;
#504 = CARTESIAN_POINT ( 'NONE',  ( -219.5807572464964323, -165.5944118602444348, 415.0000000000000000 ) ) ;
#505 = DIRECTION ( 'NONE',  ( 0.000000000000000000, 1.000000000000000000, 1.734723475976804383E-16 ) ) ;
#506 = AXIS2_PLACEMENT_3D ( 'NONE', #2499, #1802, #7444 ) ;
#507 = ORIENTED_EDGE ( 'NONE', *, *, #4097, .T. ) ;
#508 = DIRECTION ( 'NONE',  ( 0.000000000000000000, 0.000000000000000000, -1.000000000000000000 ) ) ;
#509 = ORIENTED_EDGE ( 'NONE', *, *, #301, .F. ) ;
#510 = VECTOR ( 'NONE', #8077, 1000.000000000000000 ) ;
#511 = CARTESIAN_POINT ( 'NONE',  ( 63.12186535763325423, -516.0000000000000000, 341.9999999999999432 ) ) ;
#512 = EDGE_CURVE ( 'NONE', #8209, #8639, #8328, .T. ) ;
#513 = CARTESIAN_POINT ( 'NONE',  ( 255.4757059743467664, -1186.000000000000000, -297.0000000000000568 ) ) ;
#514 = ORIENTED_EDGE ( 'NONE', *, *, #1897, .F. ) ;
#515 = DIRECTION ( 'NONE',  ( 0.000000000000000000, 1.000000000000000000, 0.000000000000000000 ) ) ;
#516 = CARTESIAN_POINT ( 'NONE',  ( -219.9581022700536721, -163.4543818884210680, 419.3237852126879375 ) ) ;
#517 = DIRECTION ( 'NONE',  ( 7.772245805989896776E-17, -1.000000000000000000, -1.734723475976804383E-16 ) ) ;
#518 = ORIENTED_EDGE ( 'NONE', *, *, #7135, .T. ) ;
#519 = ADVANCED_FACE ( 'NONE', ( #9063 ), #2739, .F. ) ;
#520 = CARTESIAN_POINT ( 'NONE',  ( 324.9999999999999432, 184.0000000000000000, -300.0000000000000000 ) ) ;
#521 = VERTEX_POINT ( 'NONE', #6504 ) ;
#522 = ORIENTED_EDGE ( 'NONE', *, *, #5819, .F. ) ;
#523 = ADVANCED_FACE ( 'NONE', ( #1619 ), #7770, .F. ) ;
#524 = EDGE_LOOP ( 'NONE', ( #8800, #3745, #6693, #7837 ) ) ;
#525 = FACE_OUTER_BOUND ( 'NONE', #566, .T. ) ;
#526 = CARTESIAN_POINT ( 'NONE',  ( 0.000000000000000000, 0.000000000000000000, -190.0000000000000000 ) ) ;
#527 = ADVANCED_FACE ( 'NONE', ( #8512 ), #924, .F. ) ;
#528 = LINE ( 'NONE', #6801, #2299 ) ;
#529 = DIRECTION ( 'NONE',  ( -7.772245805989896776E-17, 1.000000000000000000, 3.469446951953608765E-16 ) ) ;
#530 = DIRECTION ( 'NONE',  ( -0.1391731009600695457, 0.9902680687415696958, 0.000000000000000000 ) ) ;
#531 = VERTEX_POINT ( 'NONE', #8553 ) ;
#532 = CARTESIAN_POINT ( 'NONE',  ( -31.54420120036992969, -1623.199600700105748, -12.42216797495496472 ) ) ;
#533 = ORIENTED_EDGE ( 'NONE', *, *, #3367, .F. ) ;
#534 = ORIENTED_EDGE ( 'NONE', *, *, #9095, .T. ) ;
#535 = CARTESIAN_POINT ( 'NONE',  ( 369.9999999999999432, -115.9999999999999858, 108.7499999999999858 ) ) ;
#536 = LINE ( 'NONE', #7516, #6055 ) ;
#537 = VECTOR ( 'NONE', #5623, 1000.000000000000000 ) ;
#538 = DIRECTION ( 'NONE',  ( 0.9848077530122077983, 0.1736481776669324129, -0.000000000000000000 ) ) ;
#539 = EDGE_CURVE ( 'NONE', #5982, #5727, #2957, .T. ) ;
#540 = VERTEX_POINT ( 'NONE', #5029 ) ;
#541 = FACE_BOUND ( 'NONE', #4221, .T. ) ;
#542 = CARTESIAN_POINT ( 'NONE',  ( -113.4507718749797505, -217.2989982641753670, -190.2222422375104145 ) ) ;
#543 = EDGE_CURVE ( 'NONE', #2059, #3171, #3617, .T. ) ;
#544 = DIRECTION ( 'NONE',  ( -1.000000000000000000, -0.000000000000000000, -0.000000000000000000 ) ) ;
#545 = DIRECTION ( 'NONE',  ( -1.000000000000000000, 0.000000000000000000, 0.000000000000000000 ) ) ;
#546 = ORIENTED_EDGE ( 'NONE', *, *, #6781, .T. ) ;
#547 = CARTESIAN_POINT ( 'NONE',  ( 100.5934745493636200, -1687.466566777327898, 0.000000000000000000 ) ) ;
#548 = CARTESIAN_POINT ( 'NONE',  ( 63.12186535763341055, -1061.000000000000000, 297.0000000000000000 ) ) ;
#549 = PLANE ( 'NONE',  #3289 ) ;
#550 = DIRECTION ( 'NONE',  ( -0.5446390350150267512, -0.8386705679454243834, 0.000000000000000000 ) ) ;
#551 = EDGE_CURVE ( 'NONE', #1265, #7924, #8958, .T. ) ;
#552 = VECTOR ( 'NONE', #2637, 1000.000000000000000 ) ;
#553 = VERTEX_POINT ( 'NONE', #2919 ) ;
#554 = DIRECTION ( 'NONE',  ( 1.000000000000000000, 0.000000000000000000, 0.000000000000000000 ) ) ;
#555 = ORIENTED_EDGE ( 'NONE', *, *, #6908, .T. ) ;
#556 = DIRECTION ( 'NONE',  ( 0.000000000000000000, 0.000000000000000000, -1.000000000000000000 ) ) ;
#557 = CARTESIAN_POINT ( 'NONE',  ( 245.5863103836340713, -232.2298437225668692, 88.06467326378539440 ) ) ;
#558 = VERTEX_POINT ( 'NONE', #177 ) ;
#559 = LINE ( 'NONE', #9012, #4903 ) ;
#560 = DIRECTION ( 'NONE',  ( 1.000000000000000000, -0.000000000000000000, -0.000000000000000000 ) ) ;
#561 = FACE_OUTER_BOUND ( 'NONE', #4160, .T. ) ;
#562 = EDGE_LOOP ( 'NONE', ( #300, #8132, #4582, #3153, #5858, #7452, #2307, #823, #5112, #3113 ) ) ;
#563 = DIRECTION ( 'NONE',  ( 0.000000000000000000, 0.000000000000000000, -1.000000000000000000 ) ) ;
#564 = ADVANCED_FACE ( 'NONE', ( #6557 ), #5729, .F. ) ;
#565 = ORIENTED_EDGE ( 'NONE', *, *, #7110, .T. ) ;
#566 = EDGE_LOOP ( 'NONE', ( #3772, #677, #4147, #3593 ) ) ;
#567 = ORIENTED_EDGE ( 'NONE', *, *, #4517, .T. ) ;
#568 = EDGE_CURVE ( 'NONE', #8401, #4829, #7067, .T. ) ;
#569 = DIRECTION ( 'NONE',  ( -1.000000000000000000, -7.772245805989896776E-17, 0.000000000000000000 ) ) ;
#570 = CARTESIAN_POINT ( 'NONE',  ( 310.4757059743466812, -851.0000000000000000, 143.9999999999999432 ) ) ;
#571 = DIRECTION ( 'NONE',  ( 1.000000000000000000, 1.596294787383403032E-16, -0.000000000000000000 ) ) ;
#572 = CARTESIAN_POINT ( 'NONE',  ( -116.5336995419083905, -216.3277962963804555, 191.2449207393538586 ) ) ;
#573 = CARTESIAN_POINT ( 'NONE',  ( 245.0000000000000000, 3.061616997868383121E-14, -435.0000000000000000 ) ) ;
#574 = VECTOR ( 'NONE', #3749, 1000.000000000000000 ) ;
#575 = ORIENTED_EDGE ( 'NONE', *, *, #4444, .T. ) ;
#576 = PLANE ( 'NONE',  #6048 ) ;
#577 = EDGE_CURVE ( 'NONE', #4242, #4849, #5771, .T. ) ;
#578 = ORIENTED_EDGE ( 'NONE', *, *, #6625, .F. ) ;
#579 = EDGE_CURVE ( 'NONE', #1305, #3651, #5079, .T. ) ;
#580 = ORIENTED_EDGE ( 'NONE', *, *, #5401, .F. ) ;
#581 = CARTESIAN_POINT ( 'NONE',  ( -470.8253113773791938, -361.1481488582493853, 98.99999999999997158 ) ) ;
#582 = CARTESIAN_POINT ( 'NONE',  ( -575.5249813939919932, -886.2307546486503043, 376.0000000000000000 ) ) ;
#583 = EDGE_CURVE ( 'NONE', #7880, #4996, #3010, .T. ) ;
#584 = B_SPLINE_CURVE_WITH_KNOTS ( 'NONE', 3,
 ( #7774, #4162, #7079, #9013, #8333, #3569, #4851, #6984, #9110, #2783, #981, #837, #7864, #3014, #93, #5690, #1537, #7255, #4489, #8516, #6467, #2961, #4433, #1675, #6373, #4355, #2182, #2361, #3662, #929, #7912, #7310, #7174, #134, #2923, #6562, #5775, #48, #1623, #2880, #4991, #5127, #3753, #8603, #233, #3055 ),
 .UNSPECIFIED., .F., .F.,
 ( 4, 2, 2, 2, 2, 2, 2, 2, 2, 2, 2, 2, 2, 2, 2, 2, 2, 2, 2, 2, 2, 2, 4 ),
 ( 0.02825303616447252808, 0.03051711632014324216, 0.03164915639797859920, 0.03278119647581394930, 0.03504527663148530869, 0.03617731670932098492, 0.03730935678715666809, 0.03957343694282863811, 0.04070547702066461271, 0.04183751709850058731, 0.04410159725417255039, 0.04523363733200852499, 0.04636567740984449959, 0.05089383772118803717, 0.05202587779902391463, 0.05315791787685979208, 0.05542199803253136658, 0.05768607818820294802, 0.05881811826603868670, 0.05995015834387441844, 0.06221423849954590968, 0.06334627857738164836, 0.06447831865521738703 ),
 .UNSPECIFIED. ) ;
#585 = DIRECTION ( 'NONE',  ( 0.1736481776669323851, -0.9848077530122075762, -0.000000000000000000 ) ) ;
#586 = EDGE_CURVE ( 'NONE', #4896, #5101, #3564, .T. ) ;
#587 = FACE_OUTER_BOUND ( 'NONE', #285, .T. ) ;
#588 = CARTESIAN_POINT ( 'NONE',  ( -146.8515240422082968, -225.4799234990605896, -231.7158303425833594 ) ) ;
#589 = DIRECTION ( 'NONE',  ( 0.000000000000000000, 1.000000000000000000, 1.734723475976804383E-16 ) ) ;
#590 = CARTESIAN_POINT ( 'NONE',  ( 54.35928479373330902, -1441.466119648286622, 200.0000000000001137 ) ) ;
#591 = ORIENTED_EDGE ( 'NONE', *, *, #189, .T. ) ;
#592 = CARTESIAN_POINT ( 'NONE',  ( 0.000000000000000000, 0.000000000000000000, -190.0000000000000000 ) ) ;
#593 = DIRECTION ( 'NONE',  ( -0.000000000000000000, -1.000000000000000000, -0.000000000000000000 ) ) ;
#594 = DIRECTION ( 'NONE',  ( 7.772245805989896776E-17, -1.000000000000000000, -1.734723475976804383E-16 ) ) ;
#595 = DIRECTION ( 'NONE',  ( 1.000000000000000000, 1.596294787383403032E-16, -0.000000000000000000 ) ) ;
#596 = CARTESIAN_POINT ( 'NONE',  ( 255.4757059743467664, -725.9999999999998863, 98.99999999999995737 ) ) ;
#597 = ORIENTED_EDGE ( 'NONE', *, *, #7858, .F. ) ;
#598 = CARTESIAN_POINT ( 'NONE',  ( 324.9999999999999432, 184.0000000000000000, -300.0000000000000000 ) ) ;
#599 = AXIS2_PLACEMENT_3D ( 'NONE', #4101, #7236, #3361 ) ;
#600 = ORIENTED_EDGE ( 'NONE', *, *, #1561, .T. ) ;
#601 = EDGE_CURVE ( 'NONE', #4922, #1471, #44, .T. ) ;
#602 = CARTESIAN_POINT ( 'NONE',  ( 63.12186535763331108, -851.0000000000001137, -342.0000000000000568 ) ) ;
#603 = DIRECTION ( 'NONE',  ( 0.000000000000000000, 0.000000000000000000, 1.000000000000000000 ) ) ;
#604 = EDGE_LOOP ( 'NONE', ( #5279, #99, #3095, #2757 ) ) ;
#605 = DIRECTION ( 'NONE',  ( -2.769130042253390366E-32, 1.734723475976804383E-16, -1.000000000000000000 ) ) ;
#606 = LINE ( 'NONE', #1400, #6212 ) ;
#607 = DIRECTION ( 'NONE',  ( 0.8386705679454260487, -0.5446390350150239756, 0.000000000000000000 ) ) ;
#608 = ORIENTED_EDGE ( 'NONE', *, *, #8084, .F. ) ;
#609 = VECTOR ( 'NONE', #1975, 1000.000000000000000 ) ;
#610 = VECTOR ( 'NONE', #4386, 1000.000000000000000 ) ;
#611 = CARTESIAN_POINT ( 'NONE',  ( 186.2509413738252135, -181.4780714275771913, -216.0580337657722225 ) ) ;
#612 = ORIENTED_EDGE ( 'NONE', *, *, #8686, .T. ) ;
#613 = ORIENTED_EDGE ( 'NONE', *, *, #6071, .T. ) ;
#614 = ORIENTED_EDGE ( 'NONE', *, *, #1485, .F. ) ;
#615 = FACE_BOUND ( 'NONE', #2433, .T. ) ;
#616 = AXIS2_PLACEMENT_3D ( 'NONE', #3531, #5651, #6294 ) ;
#617 = FACE_OUTER_BOUND ( 'NONE', #8036, .T. ) ;
#618 = CARTESIAN_POINT ( 'NONE',  ( 63.12186535763325423, -1521.000000000000227, 143.9999999999999432 ) ) ;
#619 = CARTESIAN_POINT ( 'NONE',  ( 245.7196715970460730, -233.1366183439936037, -309.9897372296832145 ) ) ;
#620 = DIRECTION ( 'NONE',  ( 1.000000000000000000, 1.596294787383402785E-16, -0.000000000000000000 ) ) ;
#621 = ORIENTED_EDGE ( 'NONE', *, *, #5555, .T. ) ;
#622 = DIRECTION ( 'NONE',  ( -2.769130042253390366E-32, 1.734723475976804383E-16, -1.000000000000000000 ) ) ;
#623 = VECTOR ( 'NONE', #3871, 1000.000000000000114 ) ;
#624 = EDGE_LOOP ( 'NONE', ( #278, #8335, #4278, #5901 ) ) ;
#625 = EDGE_CURVE ( 'NONE', #2156, #8524, #4299, .T. ) ;
#626 = ORIENTED_EDGE ( 'NONE', *, *, #2133, .F. ) ;
#627 = CARTESIAN_POINT ( 'NONE',  ( 255.4757059743467096, -302.5544099627776404, 425.0000000000000000 ) ) ;
#628 = CIRCLE ( 'NONE', #8448, 44.99999999999992895 ) ;
#629 = CARTESIAN_POINT ( 'NONE',  ( 320.4757059743469085, -348.9999999999999432, -425.0000000000000000 ) ) ;
#630 = CIRCLE ( 'NONE', #4328, 44.99999999999998579 ) ;
#631 = FACE_BOUND ( 'NONE', #7319, .T. ) ;
#632 = VECTOR ( 'NONE', #5235, 999.9999999999998863 ) ;
#633 = DIRECTION ( 'NONE',  ( 0.000000000000000000, 0.000000000000000000, 1.000000000000000000 ) ) ;
#634 = ORIENTED_EDGE ( 'NONE', *, *, #1460, .F. ) ;
#635 = ADVANCED_FACE ( 'NONE', ( #6368 ), #126, .F. ) ;
#636 = AXIS2_PLACEMENT_3D ( 'NONE', #2577, #5254, #5293 ) ;
#637 = CARTESIAN_POINT ( 'NONE',  ( -116.1964927849262779, -216.4200352339548203, -191.1089577119204250 ) ) ;
#638 = DIRECTION ( 'NONE',  ( 0.000000000000000000, 0.000000000000000000, -1.000000000000000000 ) ) ;
#639 = CARTESIAN_POINT ( 'NONE',  ( 310.4757059743466243, -633.9999999999998863, 425.0000000000000000 ) ) ;
#640 = ORIENTED_EDGE ( 'NONE', *, *, #3396, .F. ) ;
#641 = VECTOR ( 'NONE', #7711, 1000.000000000000000 ) ;
#642 = ADVANCED_FACE ( 'NONE', ( #7122 ), #833, .F. ) ;
#643 = CARTESIAN_POINT ( 'NONE',  ( 245.2357379775465347, -230.2175041084763905, 297.0000000000000000 ) ) ;
#644 = VECTOR ( 'NONE', #2028, 1000.000000000000000 ) ;
#645 = CARTESIAN_POINT ( 'NONE',  ( -19.58125449818529162, -1299.847955729311252, -425.0000000000000000 ) ) ;
#646 = LINE ( 'NONE', #1893, #4131 ) ;
#647 = DIRECTION ( 'NONE',  ( -1.000000000000000000, 0.000000000000000000, 0.000000000000000000 ) ) ;
#648 = CIRCLE ( 'NONE', #1554, 12.00000000000003908 ) ;
#649 = EDGE_LOOP ( 'NONE', ( #1667, #6024, #2473, #2918, #5025 ) ) ;
#650 = CARTESIAN_POINT ( 'NONE',  ( 344.9999999999999432, -195.9999999999999716, 425.0000000000000000 ) ) ;
#651 = CC_DESIGN_SECURITY_CLASSIFICATION ( #4193, ( #492 ) ) ;
#652 = ORIENTED_EDGE ( 'NONE', *, *, #5306, .F. ) ;
#653 = CARTESIAN_POINT ( 'NONE',  ( 282.1454300350113726, -1748.319521313477935, -425.0000000000000000 ) ) ;
#654 = VECTOR ( 'NONE', #8851, 1000.000000000000114 ) ;
#655 = LINE ( 'NONE', #3474, #7720 ) ;
#656 = ORIENTED_EDGE ( 'NONE', *, *, #4322, .F. ) ;
#657 = DIRECTION ( 'NONE',  ( 1.000000000000000000, 0.000000000000000000, 0.000000000000000000 ) ) ;
#658 = DIRECTION ( 'NONE',  ( -1.000000000000000000, 0.000000000000000000, 0.000000000000000000 ) ) ;
#659 = DIRECTION ( 'NONE',  ( 1.000000000000000000, 1.596294787383402785E-16, 0.000000000000000000 ) ) ;
#660 = ORIENTED_EDGE ( 'NONE', *, *, #2104, .F. ) ;
#661 = EDGE_CURVE ( 'NONE', #1568, #4447, #6463, .T. ) ;
#662 = FACE_OUTER_BOUND ( 'NONE', #5320, .T. ) ;
#663 = AXIS2_PLACEMENT_3D ( 'NONE', #3081, #5206, #2946 ) ;
#664 = VERTEX_POINT ( 'NONE', #7251 ) ;
#665 = EDGE_CURVE ( 'NONE', #8247, #2796, #1465, .T. ) ;
#666 = ORIENTED_EDGE ( 'NONE', *, *, #6840, .F. ) ;
#667 = ORIENTED_EDGE ( 'NONE', *, *, #4602, .T. ) ;
#668 = DIRECTION ( 'NONE',  ( 0.1736481776669323851, -0.9848077530122075762, -0.000000000000000000 ) ) ;
#669 = LINE ( 'NONE', #2149, #7562 ) ;
#670 = DIRECTION ( 'NONE',  ( 1.000000000000000000, 0.000000000000000000, 0.000000000000000000 ) ) ;
#671 = CARTESIAN_POINT ( 'NONE',  ( 200.0000000000000000, 0.000000000000000000, 275.0000000000000000 ) ) ;
#672 = CARTESIAN_POINT ( 'NONE',  ( 466.5082962013550514, -899.6595343488797880, 99.00000000000000000 ) ) ;
#673 = ORIENTED_EDGE ( 'NONE', *, *, #5063, .T. ) ;
#674 = DIRECTION ( 'NONE',  ( 0.000000000000000000, -1.000000000000000000, -3.469446951953608765E-16 ) ) ;
#675 = VECTOR ( 'NONE', #4413, 1000.000000000000000 ) ;
#676 = VERTEX_POINT ( 'NONE', #5297 ) ;
#677 = ORIENTED_EDGE ( 'NONE', *, *, #5457, .F. ) ;
#678 = ORIENTED_EDGE ( 'NONE', *, *, #6402, .F. ) ;
#679 = CARTESIAN_POINT ( 'NONE',  ( 324.9999999999999432, 184.0000000000000000, -99.99999999999997158 ) ) ;
#680 = LINE ( 'NONE', #3498, #4445 ) ;
#681 = CARTESIAN_POINT ( 'NONE',  ( -153.8349127506554339, -250.5191003077374887, 376.0000000000000000 ) ) ;
#682 = LINE ( 'NONE', #8306, #2578 ) ;
#683 = EDGE_CURVE ( 'NONE', #471, #1733, #6598, .T. ) ;
#684 = EDGE_LOOP ( 'NONE', ( #5082, #4495, #5138, #91 ) ) ;
#685 = EDGE_CURVE ( 'NONE', #7895, #4128, #2490, .T. ) ;
#686 = CARTESIAN_POINT ( 'NONE',  ( -37.42065809561732692, -1604.076450324572079, 25.00000000000000000 ) ) ;
#687 = DIRECTION ( 'NONE',  ( -1.596294787383402785E-16, 1.000000000000000000, -0.000000000000000000 ) ) ;
#688 = VECTOR ( 'NONE', #6173, 999.9999999999998863 ) ;
#689 = CARTESIAN_POINT ( 'NONE',  ( 63.12186535763336792, -1186.000000000000000, -252.0000000000001137 ) ) ;
#690 = VERTEX_POINT ( 'NONE', #2406 ) ;
#691 = DIRECTION ( 'NONE',  ( -0.1391731009600657709, 0.9902680687415702510, 0.000000000000000000 ) ) ;
#692 = EDGE_CURVE ( 'NONE', #2051, #4296, #7995, .T. ) ;
#693 = DIRECTION ( 'NONE',  ( 1.000000000000000000, 1.596294787383402785E-16, 0.000000000000000000 ) ) ;
#694 = LINE ( 'NONE', #4208, #6621 ) ;
#695 = CARTESIAN_POINT ( 'NONE',  ( 282.1454300350113726, -1748.319521313477935, 425.0000000000000000 ) ) ;
#696 = ORIENTED_EDGE ( 'NONE', *, *, #1039, .T. ) ;
#697 = DIRECTION ( 'NONE',  ( 1.000000000000000000, 1.596294787383402785E-16, -0.000000000000000000 ) ) ;
#698 = CIRCLE ( 'NONE', #5857, 17.50000000000001421 ) ;
#699 = EDGE_CURVE ( 'NONE', #88, #6907, #4268, .T. ) ;
#700 = EDGE_LOOP ( 'NONE', ( #2774, #1911, #8679, #4473 ) ) ;
#701 = CARTESIAN_POINT ( 'NONE',  ( 48.91289444358306326, -1449.852825327740675, 200.0000000000001137 ) ) ;
#702 = CARTESIAN_POINT ( 'NONE',  ( 59.39852595989217576, -1444.738641125543609, 200.0000000000001137 ) ) ;
#703 = ORIENTED_EDGE ( 'NONE', *, *, #4444, .F. ) ;
#704 = CARTESIAN_POINT ( 'NONE',  ( 0.000000000000000000, 0.000000000000000000, 275.0000000000000000 ) ) ;
#705 = DIRECTION ( 'NONE',  ( -2.769130042253390366E-32, 1.734723475976804383E-16, -1.000000000000000000 ) ) ;
#706 = CARTESIAN_POINT ( 'NONE',  ( 310.4757059743467380, -1186.000000000000000, -342.0000000000000568 ) ) ;
#707 = ORIENTED_EDGE ( 'NONE', *, *, #2851, .F. ) ;
#708 = CARTESIAN_POINT ( 'NONE',  ( 168.7681821140533316, -184.0913856289779460, -198.2129863956882332 ) ) ;
#709 = VERTEX_POINT ( 'NONE', #3880 ) ;
#710 = ORIENTED_EDGE ( 'NONE', *, *, #3271, .F. ) ;
#711 = VERTEX_POINT ( 'NONE', #8175 ) ;
#712 = CARTESIAN_POINT ( 'NONE',  ( -150.6335507458523466, -556.6134506007708751, 342.0000000000000000 ) ) ;
#713 = CARTESIAN_POINT ( 'NONE',  ( 320.4757059743469085, -1354.000000000000000, 425.0000000000000000 ) ) ;
#714 = FACE_OUTER_BOUND ( 'NONE', #2568, .T. ) ;
#715 = CARTESIAN_POINT ( 'NONE',  ( 63.12186535763336792, -851.0000000000000000, 53.99999999999996447 ) ) ;
#716 = DIRECTION ( 'NONE',  ( 0.9902680687415699179, 0.1391731009600692404, -0.000000000000000000 ) ) ;
#717 = ORIENTED_EDGE ( 'NONE', *, *, #4887, .T. ) ;
#718 = FACE_OUTER_BOUND ( 'NONE', #1317, .T. ) ;
#719 = EDGE_LOOP ( 'NONE', ( #3012, #2207, #7767, #5649 ) ) ;
#720 = ORIENTED_EDGE ( 'NONE', *, *, #4517, .F. ) ;
#721 = ORIENTED_EDGE ( 'NONE', *, *, #268, .F. ) ;
#722 = DIRECTION ( 'NONE',  ( 1.000000000000000000, 0.000000000000000000, 0.000000000000000000 ) ) ;
#723 = CARTESIAN_POINT ( 'NONE',  ( -31.93389202846885766, -941.8541429223073465, 99.00000000000000000 ) ) ;
#724 = EDGE_CURVE ( 'NONE', #6812, #6842, #5219, .T. ) ;
#725 = EDGE_CURVE ( 'NONE', #6359, #7203, #7073, .T. ) ;
#726 = AXIS2_PLACEMENT_3D ( 'NONE', #1670, #7345, #6773 ) ;
#728 = ORIENTED_EDGE ( 'NONE', *, *, #4571, .T. ) ;
#727 = DIRECTION ( 'NONE',  ( 1.000000000000000000, 0.000000000000000000, 0.000000000000000000 ) ) ;
#729 = FACE_OUTER_BOUND ( 'NONE', #7432, .T. ) ;
#730 = EDGE_LOOP ( 'NONE', ( #7308, #8134, #1102, #8828 ) ) ;
#731 = LINE ( 'NONE', #8584, #3413 ) ;
#732 = ORIENTED_EDGE ( 'NONE', *, *, #4133, .T. ) ;
#733 = CARTESIAN_POINT ( 'NONE',  ( -19.62607888208824036, -1613.224048728347725, 17.98526471723438647 ) ) ;
#734 = DIRECTION ( 'NONE',  ( 1.000000000000000000, 0.000000000000000000, 0.000000000000000000 ) ) ;
#735 = CARTESIAN_POINT ( 'NONE',  ( -6.522816337376891482, -1489.314372634083611, 425.0000000000000000 ) ) ;
#736 = ORIENTED_EDGE ( 'NONE', *, *, #3812, .T. ) ;
#737 = DIRECTION ( 'NONE',  ( -0.000000000000000000, 1.000000000000000000, -0.000000000000000000 ) ) ;
#738 = ORIENTED_EDGE ( 'NONE', *, *, #2019, .T. ) ;
#739 = EDGE_CURVE ( 'NONE', #5019, #801, #4277, .T. ) ;
#740 = EDGE_CURVE ( 'NONE', #9113, #2077, #8047, .T. ) ;
#741 = CARTESIAN_POINT ( 'NONE',  ( 63.12186535763325423, -1441.000000000000000, 297.0000000000000000 ) ) ;
#742 = DIRECTION ( 'NONE',  ( 0.000000000000000000, 0.000000000000000000, -1.000000000000000000 ) ) ;
#743 = EDGE_LOOP ( 'NONE', ( #8780, #2393, #1123, #779, #2280, #3347 ) ) ;
#744 = DIRECTION ( 'NONE',  ( 1.000000000000000000, 1.596294787383402785E-16, -0.000000000000000000 ) ) ;
#745 = CARTESIAN_POINT ( 'NONE',  ( 320.4757059743469085, -969.0000000000000000, 425.0000000000000000 ) ) ;
#746 = LINE ( 'NONE', #7822, #5941 ) ;
#747 = ORIENTED_EDGE ( 'NONE', *, *, #8421, .T. ) ;
#748 = CONICAL_SURFACE ( 'NONE', #599, 8.749999999999980460, 1.029744258676650759 ) ;
#749 = DIRECTION ( 'NONE',  ( -0.9902680687415702510, -0.1391731009600656876, 0.000000000000000000 ) ) ;
#750 = VERTEX_POINT ( 'NONE', #4654 ) ;
#751 = EDGE_LOOP ( 'NONE', ( #3567, #4044, #4271, #7651 ) ) ;
#752 = ORIENTED_EDGE ( 'NONE', *, *, #4806, .T. ) ;
#753 = CARTESIAN_POINT ( 'NONE',  ( 308.0829365263166437, -281.9745607168422907, 297.0000000000000000 ) ) ;
#754 = EDGE_CURVE ( 'NONE', #8524, #7796, #2352, .T. ) ;
#755 = DIRECTION ( 'NONE',  ( -0.000000000000000000, -0.000000000000000000, 1.000000000000000000 ) ) ;
#756 = DIRECTION ( 'NONE',  ( 0.000000000000000000, 0.000000000000000000, 1.000000000000000000 ) ) ;
#757 = FACE_OUTER_BOUND ( 'NONE', #4393, .T. ) ;
#758 = DIRECTION ( 'NONE',  ( 1.000000000000000000, 1.596294787383402785E-16, 0.000000000000000000 ) ) ;
#759 = ORIENTED_EDGE ( 'NONE', *, *, #6893, .T. ) ;
#760 = DIRECTION ( 'NONE',  ( -1.000000000000000000, 0.000000000000000000, 0.000000000000000000 ) ) ;
#761 = EDGE_CURVE ( 'NONE', #997, #3331, #3086, .T. ) ;
#762 = ORIENTED_EDGE ( 'NONE', *, *, #7074, .T. ) ;
#763 = VECTOR ( 'NONE', #6825, 1000.000000000000000 ) ;
#764 = VERTEX_POINT ( 'NONE', #1714 ) ;
#765 = ORIENTED_EDGE ( 'NONE', *, *, #6122, .T. ) ;
#766 = CARTESIAN_POINT ( 'NONE',  ( -470.8253113773791938, -361.1481488582493853, -99.00000000000002842 ) ) ;
#767 = CARTESIAN_POINT ( 'NONE',  ( -232.6499648249744041, -91.47525252361299408, 198.6323670478139150 ) ) ;
#768 = LINE ( 'NONE', #9053, #3253 ) ;
#769 = VECTOR ( 'NONE', #1699, 1000.000000000000000 ) ;
#770 = AXIS2_PLACEMENT_3D ( 'NONE', #323, #1891, #5997 ) ;
#771 = EDGE_CURVE ( 'NONE', #8668, #3231, #8782, .T. ) ;
#772 = CYLINDRICAL_SURFACE ( 'NONE', #6117, 275.0222139978606606 ) ;
#773 = ORIENTED_EDGE ( 'NONE', *, *, #3043, .F. ) ;
#774 = VECTOR ( 'NONE', #2567, 1000.000000000000000 ) ;
#775 = AXIS2_PLACEMENT_3D ( 'NONE', #9120, #4999, #4315 ) ;
#776 = CARTESIAN_POINT ( 'NONE',  ( 310.4757059743466243, -1304.000000000000000, 425.0000000000000000 ) ) ;
#777 = EDGE_CURVE ( 'NONE', #6891, #3215, #1906, .T. ) ;
#779 = ORIENTED_EDGE ( 'NONE', *, *, #5887, .F. ) ;
#778 = CIRCLE ( 'NONE', #6072, 44.99999999999992895 ) ;
#780 = CARTESIAN_POINT ( 'NONE',  ( -17.49445443651995902, -1605.869739187648747, 15.86999529337230364 ) ) ;
#781 = DIRECTION ( 'NONE',  ( 0.4067366430757978768, 0.9135454576426019768, -0.000000000000000000 ) ) ;
#782 = AXIS2_PLACEMENT_3D ( 'NONE', #1690, #1030, #8100 ) ;
#783 = AXIS2_PLACEMENT_3D ( 'NONE', #90, #5124, #792 ) ;
#784 = LINE ( 'NONE', #84, #4588 ) ;
#785 = EDGE_LOOP ( 'NONE', ( #600, #1081, #7072, #7772 ) ) ;
#786 = DIRECTION ( 'NONE',  ( 1.000000000000000000, -0.000000000000000000, -0.000000000000000000 ) ) ;
#787 = AXIS2_PLACEMENT_3D ( 'NONE', #8735, #6643, #2960 ) ;
#788 = ORIENTED_EDGE ( 'NONE', *, *, #7012, .F. ) ;
#789 = VECTOR ( 'NONE', #9153, 1000.000000000000000 ) ;
#790 = VECTOR ( 'NONE', #2479, 1000.000000000000114 ) ;
#791 = DIRECTION ( 'NONE',  ( 0.000000000000000000, 0.000000000000000000, 1.000000000000000000 ) ) ;
#792 = DIRECTION ( 'NONE',  ( 0.000000000000000000, -1.000000000000000000, -3.469446951953608765E-16 ) ) ;
#793 = ORIENTED_EDGE ( 'NONE', *, *, #3393, .F. ) ;
#794 = DIRECTION ( 'NONE',  ( -1.000000000000000000, 0.000000000000000000, 0.000000000000000000 ) ) ;
#795 = FACE_OUTER_BOUND ( 'NONE', #8791, .T. ) ;
#796 = DIRECTION ( 'NONE',  ( -1.596294787383402785E-16, 1.000000000000000000, -0.000000000000000000 ) ) ;
#797 = EDGE_LOOP ( 'NONE', ( #4647, #5406, #2930, #3157 ) ) ;
#798 = AXIS2_PLACEMENT_3D ( 'NONE', #171, #829, #5766 ) ;
#799 = CARTESIAN_POINT ( 'NONE',  ( 150.3281785251038514, -193.4610152555681566, -190.0000000000000000 ) ) ;
#800 = ORIENTED_EDGE ( 'NONE', *, *, #4024, .F. ) ;
#801 = VERTEX_POINT ( 'NONE', #6030 ) ;
#802 = EDGE_CURVE ( 'NONE', #9082, #1807, #6691, .T. ) ;
#803 = EDGE_LOOP ( 'NONE', ( #8952, #4119, #1415 ) ) ;
#804 = CARTESIAN_POINT ( 'NONE',  ( 74.28925133220323573, -1649.251518726392987, 16.90994696778750850 ) ) ;
#805 = DIRECTION ( 'NONE',  ( -1.000000000000000000, 0.000000000000000000, 0.000000000000000000 ) ) ;
#806 = CARTESIAN_POINT ( 'NONE',  ( 81.34253387588681505, -1678.814356596917833, 1.637224719204677825 ) ) ;
#807 = DIRECTION ( 'NONE',  ( -0.3363768762420942804, 0.9417274537410549318, 0.000000000000000000 ) ) ;
#808 = DIRECTION ( 'NONE',  ( 0.000000000000000000, 0.000000000000000000, -1.000000000000000000 ) ) ;
#809 = VERTEX_POINT ( 'NONE', #444 ) ;
#810 = LINE ( 'NONE', #7881, #1489 ) ;
#811 = EDGE_CURVE ( 'NONE', #1599, #6143, #284, .T. ) ;
#812 = AXIS2_PLACEMENT_3D ( 'NONE', #367, #404, #7385 ) ;
#813 = EDGE_CURVE ( 'NONE', #8873, #8352, #5438, .T. ) ;
#814 = ORIENTED_EDGE ( 'NONE', *, *, #3572, .T. ) ;
#815 = ORIENTED_EDGE ( 'NONE', *, *, #3118, .T. ) ;
#816 = VERTEX_POINT ( 'NONE', #275 ) ;
#817 = ADVANCED_FACE ( 'NONE', ( #3093 ), #2453, .T. ) ;
#818 = VECTOR ( 'NONE', #8446, 1000.000000000000000 ) ;
#819 = CARTESIAN_POINT ( 'NONE',  ( 63.12186535763325423, -436.0000000000000000, -297.0000000000000568 ) ) ;
#820 = CARTESIAN_POINT ( 'NONE',  ( -233.6086439933066572, -86.03831278540410210, 196.8332507428460190 ) ) ;
#821 = FACE_BOUND ( 'NONE', #3071, .T. ) ;
#822 = LINE ( 'NONE', #1005, #5382 ) ;
#823 = ORIENTED_EDGE ( 'NONE', *, *, #3092, .T. ) ;
#824 = DIRECTION ( 'NONE',  ( 0.000000000000000000, 1.000000000000000000, 0.000000000000000000 ) ) ;
#825 = ORIENTED_EDGE ( 'NONE', *, *, #5141, .T. ) ;
#826 = CARTESIAN_POINT ( 'NONE',  ( -34.21793388132791591, -1623.838763407172337, 10.41437596797120158 ) ) ;
#827 = CALENDAR_DATE ( 2026, 18, 8 ) ;
#828 = EDGE_CURVE ( 'NONE', #5372, #8226, #1751, .T. ) ;
#829 = DIRECTION ( 'NONE',  ( -0.9902680687415702510, -0.1391731009600656876, 0.000000000000000000 ) ) ;
#830 = ORIENTED_EDGE ( 'NONE', *, *, #6402, .T. ) ;
#831 = CARTESIAN_POINT ( 'NONE',  ( 255.4757059743467664, -1186.000000000000000, -54.00000000000007816 ) ) ;
#832 = ADVANCED_FACE ( 'NONE', ( #5393 ), #4144, .F. ) ;
#833 = CYLINDRICAL_SURFACE ( 'NONE', #276, 44.99999999999992895 ) ;
#834 = CARTESIAN_POINT ( 'NONE',  ( 324.9999999999999432, 184.0000000000000000, 317.5000000000000568 ) ) ;
#835 = ORIENTED_EDGE ( 'NONE', *, *, #3956, .T. ) ;
#836 = CARTESIAN_POINT ( 'NONE',  ( -50.91318926656585120, -1447.504845111804798, 425.0000000000000000 ) ) ;
#837 = CARTESIAN_POINT ( 'NONE',  ( 72.10987574128664335, -1653.092487178020747, -17.91206200901128298 ) ) ;
#838 = ADVANCED_FACE ( 'NONE', ( #2583 ), #2724, .F. ) ;
#839 = FACE_OUTER_BOUND ( 'NONE', #5310, .T. ) ;
#840 = CARTESIAN_POINT ( 'NONE',  ( 63.12186535763325423, -435.9999999999999432, -99.00000000000004263 ) ) ;
#841 = CIRCLE ( 'NONE', #6883, 29.99999999999998579 ) ;
#842 = CARTESIAN_POINT ( 'NONE',  ( 170.6768463858291796, -183.5539237235150551, -199.7752372554975864 ) ) ;
#843 = ORIENTED_EDGE ( 'NONE', *, *, #7523, .F. ) ;
#844 = CARTESIAN_POINT ( 'NONE',  ( 79.39205790394017015, -1644.369252517152972, 12.71248741369890212 ) ) ;
#845 = VECTOR ( 'NONE', #293, 1000.000000000000000 ) ;
#846 = CARTESIAN_POINT ( 'NONE',  ( -50.91318926656585120, -1447.504845111804798, -425.0000000000000000 ) ) ;
#847 = PLANE ( 'NONE',  #6818 ) ;
#848 = CARTESIAN_POINT ( 'NONE',  ( -219.6193226036182580, -165.3756968515322967, 416.4439027418870296 ) ) ;
#849 = LINE ( 'NONE', #2466, #341 ) ;
#850 = EDGE_LOOP ( 'NONE', ( #2628, #6299 ) ) ;
#851 = CARTESIAN_POINT ( 'NONE',  ( 320.4757059743468517, -1687.132546142411911, 425.0000000000000000 ) ) ;
#852 = AXIS2_PLACEMENT_3D ( 'NONE', #4847, #6187, #4894 ) ;
#853 = EDGE_CURVE ( 'NONE', #2283, #1773, #7816, .T. ) ;
#854 = ORIENTED_EDGE ( 'NONE', *, *, #4192, .T. ) ;
#855 = ORIENTED_EDGE ( 'NONE', *, *, #4369, .T. ) ;
#856 = VERTEX_POINT ( 'NONE', #6914 ) ;
#857 = EDGE_CURVE ( 'NONE', #8993, #1733, #4202, .T. ) ;
#858 = CARTESIAN_POINT ( 'NONE',  ( 72.18034324750664155, -1669.114150260635597, -12.67334142610114789 ) ) ;
#859 = CARTESIAN_POINT ( 'NONE',  ( -575.5249813939919932, -886.2307546486503043, 425.0000000000000000 ) ) ;
#860 = FACE_OUTER_BOUND ( 'NONE', #335, .T. ) ;
#861 = PLANE ( 'NONE',  #8877 ) ;
#862 = CARTESIAN_POINT ( 'NONE',  ( 63.12186535763325423, -436.0000000000000000, -297.0000000000000568 ) ) ;
#863 = EDGE_CURVE ( 'NONE', #809, #7649, #8359, .T. ) ;
#864 = ORIENTED_EDGE ( 'NONE', *, *, #6165, .T. ) ;
#865 = CARTESIAN_POINT ( 'NONE',  ( 255.4757059743467664, -1521.000000000000227, 341.9999999999999432 ) ) ;
#866 = ORIENTED_EDGE ( 'NONE', *, *, #7209, .T. ) ;
#867 = CARTESIAN_POINT ( 'NONE',  ( 63.12186535763325423, -516.0000000000000000, -99.00000000000005684 ) ) ;
#868 = VERTEX_POINT ( 'NONE', #8218 ) ;
#869 = CARTESIAN_POINT ( 'NONE',  ( -17.61998583438202814, -1601.116208129787310, 12.69652266125452833 ) ) ;
#870 = DATE_AND_TIME ( #827, #1394 ) ;
#871 = EDGE_CURVE ( 'NONE', #8625, #7338, #97, .T. ) ;
#872 = FACE_OUTER_BOUND ( 'NONE', #9075, .T. ) ;
#873 = EDGE_LOOP ( 'NONE', ( #6164, #3639, #6618, #4406, #4828 ) ) ;
#874 = CARTESIAN_POINT ( 'NONE',  ( 63.12186535763324002, -390.9999999999999432, -99.00000000000004263 ) ) ;
#875 = DIRECTION ( 'NONE',  ( 1.000000000000000000, -0.000000000000000000, -0.000000000000000000 ) ) ;
#876 = DIRECTION ( 'NONE',  ( -0.8386705679454261597, 0.5446390350150240867, -0.000000000000000000 ) ) ;
#877 = ORIENTED_EDGE ( 'NONE', *, *, #551, .F. ) ;
#878 = CARTESIAN_POINT ( 'NONE',  ( 319.9999999999999432, 184.0000000000000000, 117.5000000000000568 ) ) ;
#879 = LINE ( 'NONE', #2228, #1354 ) ;
#880 = CARTESIAN_POINT ( 'NONE',  ( 310.4757059743466812, -770.9999999999998863, 341.9999999999999432 ) ) ;
#881 = CARTESIAN_POINT ( 'NONE',  ( -81.17427967907944719, -950.5365518056539713, 144.0000000000000284 ) ) ;
#882 = PLANE ( 'NONE',  #1695 ) ;
#883 = ADVANCED_FACE ( 'NONE', ( #1934 ), #5580, .F. ) ;
#884 = VERTEX_POINT ( 'NONE', #4055 ) ;
#885 = CARTESIAN_POINT ( 'NONE',  ( 70.48550565578135263, -1660.295336949993725, 17.16704859341822242 ) ) ;
#886 = DIRECTION ( 'NONE',  ( -1.000000000000000000, 0.000000000000000000, 0.000000000000000000 ) ) ;
#887 = CARTESIAN_POINT ( 'NONE',  ( 369.9999999999999432, -115.9999999999999858, 99.99999999999998579 ) ) ;
#888 = CARTESIAN_POINT ( 'NONE',  ( 186.3035874725518681, -241.4870044015975736, -375.9999999999999432 ) ) ;
#889 = ADVANCED_FACE ( 'NONE', ( #2768 ), #2626, .F. ) ;
#890 = DIRECTION ( 'NONE',  ( 1.000000000000000000, 0.000000000000000000, 0.000000000000000000 ) ) ;
#891 = ORIENTED_EDGE ( 'NONE', *, *, #3346, .T. ) ;
#892 = CARTESIAN_POINT ( 'NONE',  ( 310.4757059743466243, -390.9999999999999432, -297.0000000000000568 ) ) ;
#893 = DIRECTION ( 'NONE',  ( 1.000000000000000000, 0.000000000000000000, 0.000000000000000000 ) ) ;
#894 = EDGE_LOOP ( 'NONE', ( #112, #8721, #2461, #6043, #3016, #2339, #4256, #3174, #591, #3894, #1340 ) ) ;
#895 = ORIENTED_EDGE ( 'NONE', *, *, #6322, .F. ) ;
#896 = ORIENTED_EDGE ( 'NONE', *, *, #8399, .T. ) ;
#897 = AXIS2_PLACEMENT_3D ( 'NONE', #5712, #8999, #4378 ) ;
#898 = CARTESIAN_POINT ( 'NONE',  ( 76.93263306251779454, -1675.743063584958463, -6.172087746159622412 ) ) ;
#899 = LINE ( 'NONE', #3116, #6261 ) ;
#900 = CYLINDRICAL_SURFACE ( 'NONE', #1370, 200.0000000000000000 ) ;
#901 = CARTESIAN_POINT ( 'NONE',  ( 0.000000000000000000, 0.000000000000000000, -190.0000000000000000 ) ) ;
#902 = AXIS2_PLACEMENT_3D ( 'NONE', #2512, #1084, #8239 ) ;
#903 = VECTOR ( 'NONE', #5160, 1000.000000000000000 ) ;
#904 = ORIENTED_EDGE ( 'NONE', *, *, #8569, .F. ) ;
#905 = EDGE_CURVE ( 'NONE', #3822, #7838, #6826, .T. ) ;
#906 = LINE ( 'NONE', #6543, #4791 ) ;
#907 = ORIENTED_EDGE ( 'NONE', *, *, #1852, .F. ) ;
#908 = EDGE_CURVE ( 'NONE', #1491, #1141, #7189, .T. ) ;
#909 = CARTESIAN_POINT ( 'NONE',  ( 310.4757059743466812, -770.9999999999998863, 53.99999999999997158 ) ) ;
#910 = AXIS2_PLACEMENT_3D ( 'NONE', #6516, #8612, #938 ) ;
#911 = CIRCLE ( 'NONE', #7557, 44.99999999999992895 ) ;
#912 = ORIENTED_EDGE ( 'NONE', *, *, #6267, .T. ) ;
#913 = CARTESIAN_POINT ( 'NONE',  ( -41.15125262119045857, -1623.730069145822199, 4.523605514953368711 ) ) ;
#914 = DIRECTION ( 'NONE',  ( 1.000000000000000000, 0.000000000000000000, 0.000000000000000000 ) ) ;
#915 = EDGE_CURVE ( 'NONE', #5594, #7140, #6080, .T. ) ;
#916 = DIRECTION ( 'NONE',  ( -0.000000000000000000, -0.000000000000000000, -1.000000000000000000 ) ) ;
#917 = CIRCLE ( 'NONE', #331, 44.99999999999992895 ) ;
#918 = CIRCLE ( 'NONE', #2254, 45.00000000000000711 ) ;
#919 = VERTEX_POINT ( 'NONE', #2070 ) ;
#920 = DIRECTION ( 'NONE',  ( 1.000000000000000000, 0.000000000000000000, 0.000000000000000000 ) ) ;
#921 = EDGE_CURVE ( 'NONE', #1999, #7390, #4662, .T. ) ;
#922 = CIRCLE ( 'NONE', #3134, 9.999999999999959144 ) ;
#923 = EDGE_CURVE ( 'NONE', #7366, #531, #4794, .T. ) ;
#924 = CYLINDRICAL_SURFACE ( 'NONE', #4246, 44.99999999999992895 ) ;
#925 = FACE_OUTER_BOUND ( 'NONE', #8075, .T. ) ;
#926 = VERTEX_POINT ( 'NONE', #4836 ) ;
#928 = CARTESIAN_POINT ( 'NONE',  ( -66.52281633737689504, -1489.314372634083611, 425.0000000000000000 ) ) ;
#927 = AXIS2_PLACEMENT_3D ( 'NONE', #3488, #5047, #5610 ) ;
#929 = CARTESIAN_POINT ( 'NONE',  ( 81.25511635251781684, -1643.269946040358491, -10.65721960710127370 ) ) ;
#930 = AXIS2_PLACEMENT_3D ( 'NONE', #7143, #2837, #805 ) ;
#931 = CARTESIAN_POINT ( 'NONE',  ( 255.4757059743467096, -435.9999999999999432, -297.0000000000000568 ) ) ;
#932 = CARTESIAN_POINT ( 'NONE',  ( 255.4757059743467664, -1521.000000000000227, 341.9999999999999432 ) ) ;
#933 = CIRCLE ( 'NONE', #6976, 45.00000000000004263 ) ;
#934 = LINE ( 'NONE', #8004, #6844 ) ;
#935 = CIRCLE ( 'NONE', #6074, 44.99999999999992895 ) ;
#936 = VECTOR ( 'NONE', #3518, 999.9999999999998863 ) ;
#937 = EDGE_LOOP ( 'NONE', ( #5613, #6482, #122, #4400 ) ) ;
#938 = DIRECTION ( 'NONE',  ( 0.1736481776669323573, -0.9848077530122076872, 0.000000000000000000 ) ) ;
#939 = CIRCLE ( 'NONE', #51, 29.99999999999998579 ) ;
#940 = LINE ( 'NONE', #7318, #1526 ) ;
#941 = ORIENTED_EDGE ( 'NONE', *, *, #4818, .T. ) ;
#942 = CARTESIAN_POINT ( 'NONE',  ( 0.000000000000000000, 0.000000000000000000, 376.0000000000000000 ) ) ;
#943 = PLANE ( 'NONE',  #7785 ) ;
#944 = LINE ( 'NONE', #3106, #3875 ) ;
#945 = ORIENTED_EDGE ( 'NONE', *, *, #2564, .T. ) ;
#946 = AXIS2_PLACEMENT_3D ( 'NONE', #1625, #8692, #8053 ) ;
#947 = VECTOR ( 'NONE', #5246, 1000.000000000000000 ) ;
#948 = PRODUCT_DEFINITION ( 'UNKNOWN', '', #492, #253 ) ;
#949 = ADVANCED_FACE ( 'NONE', ( #6218 ), #4741, .F. ) ;
#950 = DIRECTION ( 'NONE',  ( -1.000000000000000000, -1.596294787383402785E-16, 0.000000000000000000 ) ) ;
#951 = AXIS2_PLACEMENT_3D ( 'NONE', #1817, #1162, #4628 ) ;
#952 = EDGE_LOOP ( 'NONE', ( #3064, #2526, #2925, #7692, #5924, #8744, #4409, #8065, #8496, #1724 ) ) ;
#953 = ORIENTED_EDGE ( 'NONE', *, *, #2659, .F. ) ;
#954 = ORIENTED_EDGE ( 'NONE', *, *, #6704, .F. ) ;
#955 = EDGE_CURVE ( 'NONE', #4503, #4237, #1866, .T. ) ;
#956 = CARTESIAN_POINT ( 'NONE',  ( 320.4757059743469085, -298.9999999999999432, 425.0000000000000000 ) ) ;
#957 = LINE ( 'NONE', #1603, #3773 ) ;
#958 = DIRECTION ( 'NONE',  ( 0.000000000000000000, 0.000000000000000000, -1.000000000000000000 ) ) ;
#959 = DIRECTION ( 'NONE',  ( -0.000000000000000000, -0.000000000000000000, -1.000000000000000000 ) ) ;
#960 = FACE_OUTER_BOUND ( 'NONE', #719, .T. ) ;
#961 = AXIS2_PLACEMENT_3D ( 'NONE', #2581, #7433, #5989 ) ;
#962 = ADVANCED_FACE ( 'NONE', ( #6129, #3460, #5437, #1645, #1738 ), #1001, .F. ) ;
#963 = VERTEX_POINT ( 'NONE', #7935 ) ;
#964 = DIRECTION ( 'NONE',  ( -0.1391731009600695457, 0.9902680687415696958, 0.000000000000000000 ) ) ;
#965 = CIRCLE ( 'NONE', #8783, 275.0222139978606037 ) ;
#966 = ORIENTED_EDGE ( 'NONE', *, *, #2521, .F. ) ;
#967 = ORIENTED_EDGE ( 'NONE', *, *, #802, .F. ) ;
#968 = CARTESIAN_POINT ( 'NONE',  ( -63.82630010998535397, -1614.212626615908221, 25.00000000000000000 ) ) ;
#969 = ORIENTED_EDGE ( 'NONE', *, *, #683, .T. ) ;
#970 = CARTESIAN_POINT ( 'NONE',  ( 255.4757059743467664, -1105.999999999999773, 143.9999999999999716 ) ) ;
#971 = EDGE_CURVE ( 'NONE', #18, #6753, #7282, .T. ) ;
#972 = CARTESIAN_POINT ( 'NONE',  ( -31.93389202846880082, -941.8541429223074601, 342.0000000000000000 ) ) ;
#973 = ORIENTED_EDGE ( 'NONE', *, *, #7730, .T. ) ;
#974 = CARTESIAN_POINT ( 'NONE',  ( 255.4757059743467664, -516.0000000000000000, -342.0000000000000568 ) ) ;
#975 = EDGE_CURVE ( 'NONE', #8461, #8940, #5848, .T. ) ;
#976 = EDGE_CURVE ( 'NONE', #7649, #5983, #1563, .T. ) ;
#977 = CARTESIAN_POINT ( 'NONE',  ( -31.93389202846885766, -941.8541429223073465, -99.00000000000000000 ) ) ;
#978 = LINE ( 'NONE', #6422, #6832 ) ;
#979 = ORIENTED_EDGE ( 'NONE', *, *, #6951, .T. ) ;
#980 = DIRECTION ( 'NONE',  ( -0.000000000000000000, 1.000000000000000000, -0.000000000000000000 ) ) ;
#981 = CARTESIAN_POINT ( 'NONE',  ( 71.82379684151942456, -1653.791246377718835, -17.97261609060659637 ) ) ;
#982 = CARTESIAN_POINT ( 'NONE',  ( 245.7196715970460730, -233.1366183439936037, 309.9897372296831577 ) ) ;
#983 = CARTESIAN_POINT ( 'NONE',  ( 185.1944776007379119, -181.4875312369884170, 214.7603468206128525 ) ) ;
#984 = ADVANCED_FACE ( 'NONE', ( #6627 ), #6139, .F. ) ;
#985 = CARTESIAN_POINT ( 'NONE',  ( 249.2671209436817605, 90.00000000000001421, -224.6313342489751790 ) ) ;
#986 = ORIENTED_EDGE ( 'NONE', *, *, #354, .F. ) ;
#987 = CARTESIAN_POINT ( 'NONE',  ( 90.47570597434693696, -1641.019580355183507, 25.00000000000000000 ) ) ;
#988 = CARTESIAN_POINT ( 'NONE',  ( 63.12186535763325423, -516.0000000000000000, 341.9999999999999432 ) ) ;
#989 = ORIENTED_EDGE ( 'NONE', *, *, #4073, .F. ) ;
#990 = CARTESIAN_POINT ( 'NONE',  ( 310.4757059743466812, -851.0000000000000000, 53.99999999999996447 ) ) ;
#991 = CARTESIAN_POINT ( 'NONE',  ( 369.9999999999999432, 184.0000000000000000, 100.0000000000000284 ) ) ;
#992 = DIRECTION ( 'NONE',  ( -0.9848077530122077983, -0.1736481776669321631, 0.000000000000000000 ) ) ;
#993 = EDGE_LOOP ( 'NONE', ( #3994, #9092, #6761, #2375 ) ) ;
#994 = VECTOR ( 'NONE', #6018, 1000.000000000000000 ) ;
#995 = CARTESIAN_POINT ( 'NONE',  ( 255.4757059743467096, -435.9999999999998863, 98.99999999999995737 ) ) ;
#996 = ORIENTED_EDGE ( 'NONE', *, *, #1198, .F. ) ;
#997 = VERTEX_POINT ( 'NONE', #8071 ) ;
#998 = ORIENTED_EDGE ( 'NONE', *, *, #7103, .F. ) ;
#999 = CARTESIAN_POINT ( 'NONE',  ( 80.50131158731713299, -1678.356348054541741, -2.329368967843608473 ) ) ;
#1000 = CYLINDRICAL_SURFACE ( 'NONE', #1845, 30.00000000000004974 ) ;
#1001 = PLANE ( 'NONE',  #3339 ) ;
#1002 = CARTESIAN_POINT ( 'NONE',  ( -245.0000000000000000, 0.000000000000000000, 190.0000000000000000 ) ) ;
#1003 = CARTESIAN_POINT ( 'NONE',  ( -45.55539095713333353, -1622.347359477424106, -1.275620236540192742 ) ) ;
#1004 = EDGE_LOOP ( 'NONE', ( #7749, #6456, #416, #7172 ) ) ;
#1005 = CARTESIAN_POINT ( 'NONE',  ( 63.12186535763336792, -1105.999999999999773, -54.00000000000004974 ) ) ;
#1006 = AXIS2_PLACEMENT_3D ( 'NONE', #6088, #6135, #550 ) ;
#1007 = ORIENTED_EDGE ( 'NONE', *, *, #8115, .F. ) ;
#1008 = EDGE_CURVE ( 'NONE', #2484, #7253, #841, .T. ) ;
#1009 = CARTESIAN_POINT ( 'NONE',  ( 255.4757059743467664, -516.0000000000000000, -54.00000000000007816 ) ) ;
#1010 = DIRECTION ( 'NONE',  ( 5.538260084506780731E-32, -3.469446951953608765E-16, 1.000000000000000000 ) ) ;
#1011 = VERTEX_POINT ( 'NONE', #2386 ) ;
#1012 = CARTESIAN_POINT ( 'NONE',  ( 255.4757059743467664, -851.0000000000000000, 53.99999999999996447 ) ) ;
#1013 = CARTESIAN_POINT ( 'NONE',  ( 310.4757059743466812, -770.9999999999998863, -99.00000000000004263 ) ) ;
#1014 = CARTESIAN_POINT ( 'NONE',  ( 245.7196715970460730, -233.1366183439936037, -375.9999999999999432 ) ) ;
#1015 = ORIENTED_EDGE ( 'NONE', *, *, #4919, .T. ) ;
#1016 = CARTESIAN_POINT ( 'NONE',  ( -18.58610902079638194, -1597.348912799730215, -8.527498285527562061 ) ) ;
#1017 = CYLINDRICAL_SURFACE ( 'NONE', #3416, 45.00000000000004263 ) ;
#1018 = FACE_BOUND ( 'NONE', #2107, .T. ) ;
#1019 = CARTESIAN_POINT ( 'NONE',  ( 176.2225968765606581, -182.2874268323809019, 204.7782537531177240 ) ) ;
#1020 = AXIS2_PLACEMENT_3D ( 'NONE', #8914, #4800, #1289 ) ;
#1021 = CARTESIAN_POINT ( 'NONE',  ( 255.4757059743467664, -851.0000000000000000, -144.0000000000000568 ) ) ;
#1022 = AXIS2_PLACEMENT_3D ( 'NONE', #7617, #1382, #6874 ) ;
#1023 = EDGE_CURVE ( 'NONE', #310, #3592, #156, .T. ) ;
#1024 = ADVANCED_FACE ( 'NONE', ( #860 ), #7037, .F. ) ;
#1025 = EDGE_LOOP ( 'NONE', ( #5054, #6344, #8050, #4954, #5416 ) ) ;
#1026 = CARTESIAN_POINT ( 'NONE',  ( 204.2061900648915014, -184.2201132652633646, 0.000000000000000000 ) ) ;
#1027 = VERTEX_POINT ( 'NONE', #210 ) ;
#1028 = FACE_OUTER_BOUND ( 'NONE', #8774, .T. ) ;
#1029 = CARTESIAN_POINT ( 'NONE',  ( -220.9603707539154982, -157.7702348575193128, 422.6204830992012376 ) ) ;
#1030 = DIRECTION ( 'NONE',  ( 1.000000000000000000, 1.596294787383402785E-16, 0.000000000000000000 ) ) ;
#1031 = VERTEX_POINT ( 'NONE', #8712 ) ;
#1032 = FACE_OUTER_BOUND ( 'NONE', #2432, .T. ) ;
#1033 = CIRCLE ( 'NONE', #3839, 20.00000000000006040 ) ;
#1034 = VERTEX_POINT ( 'NONE', #1604 ) ;
#1035 = ORIENTED_EDGE ( 'NONE', *, *, #8425, .T. ) ;
#1036 = EDGE_CURVE ( 'NONE', #2077, #709, #9071, .T. ) ;
#1037 = ORIENTED_EDGE ( 'NONE', *, *, #3805, .F. ) ;
#1038 = LINE ( 'NONE', #5104, #1372 ) ;
#1039 = EDGE_CURVE ( 'NONE', #1733, #2633, #6719, .T. ) ;
#1040 = DIRECTION ( 'NONE',  ( 1.000000000000000000, 0.000000000000000000, 0.000000000000000000 ) ) ;
#1041 = DIRECTION ( 'NONE',  ( 0.000000000000000000, 1.000000000000000000, 0.000000000000000000 ) ) ;
#1042 = DIRECTION ( 'NONE',  ( 7.772245805989896776E-17, -1.000000000000000000, -1.734723475976804383E-16 ) ) ;
#1043 = CYLINDRICAL_SURFACE ( 'NONE', #2519, 45.00000000000004263 ) ;
#1044 = ORIENTED_EDGE ( 'NONE', *, *, #2399, .T. ) ;
#1045 = VECTOR ( 'NONE', #7792, 1000.000000000000000 ) ;
#1046 = ORIENTED_EDGE ( 'NONE', *, *, #7237, .T. ) ;
#1047 = DIRECTION ( 'NONE',  ( -0.000000000000000000, -0.000000000000000000, -1.000000000000000000 ) ) ;
#1048 = CIRCLE ( 'NONE', #2667, 44.99999999999992895 ) ;
#1049 = VECTOR ( 'NONE', #4979, 1000.000000000000000 ) ;
#1050 = CC_DESIGN_PERSON_AND_ORGANIZATION_ASSIGNMENT ( #4346, #4475, ( #948 ) ) ;
#1051 = DIRECTION ( 'NONE',  ( 0.000000000000000000, 1.000000000000000000, 1.734723475976804629E-16 ) ) ;
#1052 = ORIENTED_EDGE ( 'NONE', *, *, #5571, .F. ) ;
#1053 = DIRECTION ( 'NONE',  ( -0.000000000000000000, -0.000000000000000000, -1.000000000000000000 ) ) ;
#1054 = ADVANCED_FACE ( 'NONE', ( #8290 ), #8152, .F. ) ;
#1055 = AXIS2_PLACEMENT_3D ( 'NONE', #1410, #4079, #3434 ) ;
#1056 = CIRCLE ( 'NONE', #8741, 17.50000000000002842 ) ;
#1057 = CARTESIAN_POINT ( 'NONE',  ( 320.4757059743469085, -1639.000000000000000, 425.0000000000000000 ) ) ;
#1058 = CYLINDRICAL_SURFACE ( 'NONE', #7732, 30.00000000000004974 ) ;
#1059 = EDGE_LOOP ( 'NONE', ( #2766, #5626, #1313, #9061 ) ) ;
#1060 = LINE ( 'NONE', #2587, #2701 ) ;
#1061 = CARTESIAN_POINT ( 'NONE',  ( 295.9999999999999432, -195.9999999999999147, -425.0000000000000000 ) ) ;
#1062 = FACE_OUTER_BOUND ( 'NONE', #3980, .T. ) ;
#1063 = CARTESIAN_POINT ( 'NONE',  ( 255.4757059743467664, -851.0000000000001137, -342.0000000000000568 ) ) ;
#1064 = AXIS2_PLACEMENT_3D ( 'NONE', #679, #3497, #113 ) ;
#1065 = FACE_OUTER_BOUND ( 'NONE', #8600, .T. ) ;
#1066 = VECTOR ( 'NONE', #6789, 1000.000000000000000 ) ;
#1067 = ORIENTED_EDGE ( 'NONE', *, *, #8351, .F. ) ;
#1068 = CIRCLE ( 'NONE', #6228, 44.99999999999992895 ) ;
#1069 = CARTESIAN_POINT ( 'NONE',  ( 310.4757059743466812, -851.0000000000000000, 143.9999999999999432 ) ) ;
#1070 = VERTEX_POINT ( 'NONE', #1964 ) ;
#1071 = CARTESIAN_POINT ( 'NONE',  ( 245.2357379775465347, -230.2175041084763905, -99.00000000000002842 ) ) ;
#1072 = CARTESIAN_POINT ( 'NONE',  ( -475.0005044061812782, -331.4401067960022260, -99.00000000000002842 ) ) ;
#1073 = CARTESIAN_POINT ( 'NONE',  ( 255.4757059743467664, -1441.000000000000000, 143.9999999999999716 ) ) ;
#1074 = ORIENTED_EDGE ( 'NONE', *, *, #1605, .T. ) ;
#1075 = AXIS2_PLACEMENT_3D ( 'NONE', #3966, #8821, #1755 ) ;
#1076 = AXIS2_PLACEMENT_3D ( 'NONE', #8061, #294, #5186 ) ;
#1077 = VECTOR ( 'NONE', #6787, 1000.000000000000000 ) ;
#1078 = CARTESIAN_POINT ( 'NONE',  ( 308.0829365263166437, -281.9745607168422907, -297.0000000000000568 ) ) ;
#1079 = EDGE_CURVE ( 'NONE', #6945, #4857, #6586, .T. ) ;
#1080 = VERTEX_POINT ( 'NONE', #1870 ) ;
#1081 = ORIENTED_EDGE ( 'NONE', *, *, #9105, .T. ) ;
#1082 = ORIENTED_EDGE ( 'NONE', *, *, #4718, .T. ) ;
#1083 = VECTOR ( 'NONE', #5277, 1000.000000000000000 ) ;
#1084 = DIRECTION ( 'NONE',  ( -2.769130042253390366E-32, 1.734723475976804629E-16, -1.000000000000000000 ) ) ;
#1085 = EDGE_CURVE ( 'NONE', #2350, #16, #5420, .T. ) ;
#1086 = CARTESIAN_POINT ( 'NONE',  ( 256.1675312851617150, 90.00000000000001421, 422.6312936333373500 ) ) ;
#1087 = CARTESIAN_POINT ( 'NONE',  ( 389.2348571395701811, -461.4200842584472184, 54.00000000000000711 ) ) ;
#1088 = CARTESIAN_POINT ( 'NONE',  ( 63.12186535763325423, -1521.000000000000227, -54.00000000000007816 ) ) ;
#1089 = EDGE_CURVE ( 'NONE', #28, #5187, #265, .T. ) ;
#1090 = VECTOR ( 'NONE', #4655, 1000.000000000000000 ) ;
#1091 = DIRECTION ( 'NONE',  ( -0.000000000000000000, -0.000000000000000000, -1.000000000000000000 ) ) ;
#1092 = FACE_OUTER_BOUND ( 'NONE', #524, .T. ) ;
#1093 = VECTOR ( 'NONE', #283, 1000.000000000000000 ) ;
#1094 = B_SPLINE_CURVE_WITH_KNOTS ( 'NONE', 3,
 ( #4589, #6199, #3244, #4636, #8288, #2702, #5518, #8884, #2562, #5418, #1086, #6717, #5376, #389, #4678, #6800, #475, #8932, #8240, #3296, #5653, #1453 ),
 .UNSPECIFIED., .F., .F.,
 ( 4, 2, 2, 2, 2, 2, 2, 2, 2, 2, 4 ),
 ( 0.01411733238550960494, 0.01613372743473221946, 0.01714192495934352758, 0.01815012248395483571, 0.02016651753317754564, 0.02218291258240025904, 0.02419930763162297244, 0.02520750515623444016, 0.02621570268084591482, 0.02823209773006877393, 0.03024849277929163305 ),
 .UNSPECIFIED. ) ;
#1095 = ORIENTED_EDGE ( 'NONE', *, *, #1895, .F. ) ;
#1096 = EDGE_CURVE ( 'NONE', #1552, #1807, #2624, .T. ) ;
#1097 = EDGE_LOOP ( 'NONE', ( #4187, #6293, #752, #4017 ) ) ;
#1098 = AXIS2_PLACEMENT_3D ( 'NONE', #650, #87, #4212 ) ;
#1099 = LINE ( 'NONE', #5251, #4462 ) ;
#1100 = DIRECTION ( 'NONE',  ( 0.8386705679454260487, -0.5446390350150239756, 0.000000000000000000 ) ) ;
#1101 = VECTOR ( 'NONE', #8772, 999.9999999999998863 ) ;
#1102 = ORIENTED_EDGE ( 'NONE', *, *, #7613, .T. ) ;
#1103 = CARTESIAN_POINT ( 'NONE',  ( 310.4757059743466812, -725.9999999999998863, 297.0000000000000000 ) ) ;
#1104 = DIRECTION ( 'NONE',  ( 0.9135454576426036422, -0.4067366430757945461, 0.000000000000000000 ) ) ;
#1105 = CIRCLE ( 'NONE', #3471, 10.00000000000000888 ) ;
#1106 = CARTESIAN_POINT ( 'NONE',  ( 310.4757059743467380, -851.0000000000000000, 252.0000000000000000 ) ) ;
#1107 = ORIENTED_EDGE ( 'NONE', *, *, #2218, .T. ) ;
#1108 = CARTESIAN_POINT ( 'NONE',  ( 0.000000000000000000, 0.000000000000000000, 190.0000000000000000 ) ) ;
#1109 = CARTESIAN_POINT ( 'NONE',  ( 319.9999999999999432, 184.0000000000000000, -282.5000000000000000 ) ) ;
#1110 = DIRECTION ( 'NONE',  ( 7.772245805989896776E-17, -1.000000000000000000, -1.734723475976804383E-16 ) ) ;
#1111 = CYLINDRICAL_SURFACE ( 'NONE', #3232, 18.00000000000018474 ) ;
#1112 = EDGE_CURVE ( 'NONE', #2558, #3981, #3791, .T. ) ;
#1113 = CARTESIAN_POINT ( 'NONE',  ( 245.7196715970460730, -233.1366183439936037, -111.9897372296832430 ) ) ;
#1114 = EDGE_LOOP ( 'NONE', ( #6676, #4509, #2947, #4057 ) ) ;
#1115 = EDGE_CURVE ( 'NONE', #4280, #6560, #5991, .T. ) ;
#1116 = DIRECTION ( 'NONE',  ( 0.5446390350150238646, 0.8386705679454261597, -0.000000000000000000 ) ) ;
#1117 = ORIENTED_EDGE ( 'NONE', *, *, #5338, .F. ) ;
#1118 = DIRECTION ( 'NONE',  ( 1.000000000000000000, 1.596294787383402785E-16, 0.000000000000000000 ) ) ;
#1119 = CARTESIAN_POINT ( 'NONE',  ( -220.9567803794229519, -157.7905968831046835, -422.6353290303007384 ) ) ;
#1120 = DIRECTION ( 'NONE',  ( 0.000000000000000000, 1.000000000000000000, 0.000000000000000000 ) ) ;
#1121 = ORIENTED_EDGE ( 'NONE', *, *, #6440, .T. ) ;
#1122 = CARTESIAN_POINT ( 'NONE',  ( 178.5517187923148583, -181.9468873486003702, -207.1756291608468530 ) ) ;
#1123 = ORIENTED_EDGE ( 'NONE', *, *, #1115, .F. ) ;
#1124 = ORIENTED_EDGE ( 'NONE', *, *, #9, .T. ) ;
#1125 = VERTEX_POINT ( 'NONE', #3206 ) ;
#1126 = DIRECTION ( 'NONE',  ( -0.9848077530122077983, -0.1736481776669321353, -0.000000000000000000 ) ) ;
#1127 = CARTESIAN_POINT ( 'NONE',  ( 286.0588745030455584, 184.0000000000000000, -99.99999999999997158 ) ) ;
#1128 = LINE ( 'NONE', #2609, #4646 ) ;
#1129 = FACE_OUTER_BOUND ( 'NONE', #239, .T. ) ;
#1130 = DIRECTION ( 'NONE',  ( 1.000000000000000000, 1.596294787383402785E-16, 0.000000000000000000 ) ) ;
#1131 = ORIENTED_EDGE ( 'NONE', *, *, #5424, .T. ) ;
#1132 = FACE_OUTER_BOUND ( 'NONE', #4349, .T. ) ;
#1133 = ORIENTED_EDGE ( 'NONE', *, *, #2699, .T. ) ;
#1134 = AXIS2_PLACEMENT_3D ( 'NONE', #2465, #4577, #7402 ) ;
#1135 = EDGE_CURVE ( 'NONE', #5461, #7247, #5378, .T. ) ;
#1136 = VERTEX_POINT ( 'NONE', #1827 ) ;
#1137 = EDGE_CURVE ( 'NONE', #1556, #2785, #1218, .T. ) ;
#1138 = CARTESIAN_POINT ( 'NONE',  ( -275.0222139978606037, 0.000000000000000000, 242.0000000000000000 ) ) ;
#1139 = DIRECTION ( 'NONE',  ( 7.772245805989896776E-17, -1.000000000000000000, -1.734723475976804383E-16 ) ) ;
#1140 = DIRECTION ( 'NONE',  ( 0.000000000000000000, 1.000000000000000000, 0.000000000000000000 ) ) ;
#1141 = VERTEX_POINT ( 'NONE', #8842 ) ;
#1142 = CARTESIAN_POINT ( 'NONE',  ( -110.7316968700759219, -218.5486017074317431, -190.0000000000000853 ) ) ;
#1143 = DIRECTION ( 'NONE',  ( 0.5150380749100574862, 0.000000000000000000, -0.8571673007021104462 ) ) ;
#1144 = CARTESIAN_POINT ( 'NONE',  ( 295.9999999999999432, -195.9999999999999147, 425.0000000000000000 ) ) ;
#1145 = CARTESIAN_POINT ( 'NONE',  ( 0.000000000000000000, 0.000000000000000000, 190.0000000000000000 ) ) ;
#1146 = EDGE_LOOP ( 'NONE', ( #3971, #8144, #7498, #1949 ) ) ;
#1147 = CARTESIAN_POINT ( 'NONE',  ( 625.3700136052048038, -406.1200353932474627, -425.0000000000000000 ) ) ;
#1148 = ADVANCED_FACE ( 'NONE', ( #1129 ), #8110, .F. ) ;
#1149 = DIRECTION ( 'NONE',  ( -3.083952846180995211E-16, 1.000000000000000000, 0.000000000000000000 ) ) ;
#1150 = DIRECTION ( 'NONE',  ( -0.000000000000000000, -1.000000000000000000, -3.469446951953608765E-16 ) ) ;
#1151 = DIRECTION ( 'NONE',  ( -0.000000000000000000, -0.000000000000000000, -1.000000000000000000 ) ) ;
#1152 = FACE_OUTER_BOUND ( 'NONE', #7077, .T. ) ;
#1153 = ORIENTED_EDGE ( 'NONE', *, *, #1368, .F. ) ;
#1154 = CARTESIAN_POINT ( 'NONE',  ( 308.0829365263166437, -281.9745607168422907, 98.99999999999997158 ) ) ;
#1155 = ORIENTED_EDGE ( 'NONE', *, *, #236, .F. ) ;
#1156 = CARTESIAN_POINT ( 'NONE',  ( 245.7196715970460730, -233.1366183439936037, -86.01026277031692757 ) ) ;
#1157 = CARTESIAN_POINT ( 'NONE',  ( -223.7301742539423230, -142.0618986239041988, 425.0000000000000000 ) ) ;
#1158 = DIRECTION ( 'NONE',  ( 1.000000000000000000, 1.596294787383402785E-16, 0.000000000000000000 ) ) ;
#1159 = ORIENTED_EDGE ( 'NONE', *, *, #6440, .F. ) ;
#1160 = AXIS2_PLACEMENT_3D ( 'NONE', #2875, #875, #7948 ) ;
#1161 = ADVANCED_FACE ( 'NONE', ( #6113 ), #4038, .T. ) ;
#1162 = DIRECTION ( 'NONE',  ( -1.000000000000000000, -0.000000000000000000, -0.000000000000000000 ) ) ;
#1163 = ORIENTED_EDGE ( 'NONE', *, *, #9100, .T. ) ;
#1164 = VERTEX_POINT ( 'NONE', #8978 ) ;
#1165 = ORIENTED_EDGE ( 'NONE', *, *, #5841, .F. ) ;
#1166 = ADVANCED_FACE ( 'NONE', ( #4680 ), #4592, .F. ) ;
#1167 = DIRECTION ( 'NONE',  ( 0.1736481776669320798, -0.9848077530122077983, 0.000000000000000000 ) ) ;
#1168 = DIRECTION ( 'NONE',  ( -1.000000000000000000, 0.000000000000000000, 0.000000000000000000 ) ) ;
#1169 = CARTESIAN_POINT ( 'NONE',  ( 369.9999999999999432, -115.9999999999999858, -320.0000000000000000 ) ) ;
#1170 = CARTESIAN_POINT ( 'NONE',  ( 310.4757059743467948, -1441.000000000000000, -99.00000000000004263 ) ) ;
#1171 = CARTESIAN_POINT ( 'NONE',  ( 310.4757059743468517, -1441.000000000000000, 297.0000000000000000 ) ) ;
#1172 = ORIENTED_EDGE ( 'NONE', *, *, #8637, .T. ) ;
#1173 = CARTESIAN_POINT ( 'NONE',  ( -18.51737685775251663, -1610.632646390592981, -17.61548819944336586 ) ) ;
#1174 = ORIENTED_EDGE ( 'NONE', *, *, #8843, .T. ) ;
#1175 = ORIENTED_EDGE ( 'NONE', *, *, #8632, .F. ) ;
#1176 = B_SPLINE_CURVE_WITH_KNOTS ( 'NONE', 3,
 ( #5593, #5687, #7723, #2877, #8513, #557, #9149, #6188 ),
 .UNSPECIFIED., .F., .F.,
 ( 4, 2, 2, 4 ),
 ( 0.01336367230408823728, 0.02003490921140050479, 0.02337052766505664375, 0.02670614611871277924 ),
 .UNSPECIFIED. ) ;
#1177 = LINE ( 'NONE', #3995, #6517 ) ;
#1178 = CARTESIAN_POINT ( 'NONE',  ( 90.47570597434693696, -1661.019580355183734, 25.00000000000000000 ) ) ;
#1179 = CIRCLE ( 'NONE', #2376, 202.0000000000000284 ) ;
#1180 = CARTESIAN_POINT ( 'NONE',  ( 63.12186535763329687, -725.9999999999998863, -297.0000000000000568 ) ) ;
#1181 = EDGE_LOOP ( 'NONE', ( #7559, #2314, #456, #3977 ) ) ;
#1182 = CARTESIAN_POINT ( 'NONE',  ( -245.0000000000000000, 0.000000000000000000, -435.0000000000000000 ) ) ;
#1183 = EDGE_CURVE ( 'NONE', #3183, #1691, #6802, .T. ) ;
#1184 = CARTESIAN_POINT ( 'NONE',  ( -135.3096726304167703, -217.3556107205771468, -209.1043732978242531 ) ) ;
#1185 = CIRCLE ( 'NONE', #3711, 44.99999999999992895 ) ;
#1186 = CARTESIAN_POINT ( 'NONE',  ( 63.12186535763325423, -1521.000000000000227, -54.00000000000007816 ) ) ;
#1187 = CYLINDRICAL_SURFACE ( 'NONE', #4039, 8.749999999999994671 ) ;
#1188 = ORIENTED_EDGE ( 'NONE', *, *, #4073, .T. ) ;
#1189 = CARTESIAN_POINT ( 'NONE',  ( 63.12186535763336792, -1105.999999999999773, 98.99999999999995737 ) ) ;
#1190 = LINE ( 'NONE', #6831, #333 ) ;
#1191 = EDGE_CURVE ( 'NONE', #2276, #7006, #5326, .T. ) ;
#1192 = DIRECTION ( 'NONE',  ( 0.000000000000000000, 0.000000000000000000, 1.000000000000000000 ) ) ;
#1193 = CYLINDRICAL_SURFACE ( 'NONE', #5435, 44.99999999999992895 ) ;
#1194 = EDGE_CURVE ( 'NONE', #7758, #5362, #2566, .T. ) ;
#1195 = CIRCLE ( 'NONE', #3867, 8.749999999999980460 ) ;
#1196 = DIRECTION ( 'NONE',  ( 1.000000000000000000, -0.000000000000000000, -0.000000000000000000 ) ) ;
#1197 = CIRCLE ( 'NONE', #4450, 8.749999999999994671 ) ;
#1198 = EDGE_CURVE ( 'NONE', #8209, #2371, #3495, .T. ) ;
#1199 = ORIENTED_EDGE ( 'NONE', *, *, #6321, .T. ) ;
#1200 = DIRECTION ( 'NONE',  ( 1.000000000000000000, -0.000000000000000000, -0.000000000000000000 ) ) ;
#1201 = CARTESIAN_POINT ( 'NONE',  ( -154.2906801602892131, -245.3096549777295365, 376.0000000000000000 ) ) ;
#1202 = ORIENTED_EDGE ( 'NONE', *, *, #8381, .T. ) ;
#1203 = LINE ( 'NONE', #1950, #1514 ) ;
#1204 = FACE_OUTER_BOUND ( 'NONE', #6974, .T. ) ;
#1205 = DIRECTION ( 'NONE',  ( 0.000000000000000000, 0.000000000000000000, -1.000000000000000000 ) ) ;
#1206 = VERTEX_POINT ( 'NONE', #8528 ) ;
#1207 = CIRCLE ( 'NONE', #2397, 265.0222139978606606 ) ;
#1208 = CARTESIAN_POINT ( 'NONE',  ( 329.9999999999999432, -115.9999999999999858, -91.25000000000002842 ) ) ;
#1209 = AXIS2_PLACEMENT_3D ( 'NONE', #5521, #1311, #3300 ) ;
#1210 = VERTEX_POINT ( 'NONE', #9028 ) ;
#1211 = AXIS2_PLACEMENT_3D ( 'NONE', #4960, #2011, #2193 ) ;
#1212 = ORIENTED_EDGE ( 'NONE', *, *, #5670, .T. ) ;
#1213 = ORIENTED_EDGE ( 'NONE', *, *, #8716, .F. ) ;
#1214 = CARTESIAN_POINT ( 'NONE',  ( -150.6335507458523466, -556.6134506007708751, 297.0000000000000568 ) ) ;
#1215 = VECTOR ( 'NONE', #2150, 1000.000000000000000 ) ;
#1216 = DIRECTION ( 'NONE',  ( 1.000000000000000000, 0.000000000000000000, 0.000000000000000000 ) ) ;
#1217 = CARTESIAN_POINT ( 'NONE',  ( 310.4757059743466243, -516.0000000000000000, 341.9999999999999432 ) ) ;
#1218 = LINE ( 'NONE', #5284, #994 ) ;
#1219 = EDGE_CURVE ( 'NONE', #8350, #5314, #8948, .T. ) ;
#1220 = DIRECTION ( 'NONE',  ( 0.000000000000000000, 0.000000000000000000, 1.000000000000000000 ) ) ;
#1221 = EDGE_LOOP ( 'NONE', ( #8282, #3324, #9022, #1862 ) ) ;
#1222 = CARTESIAN_POINT ( 'NONE',  ( -18.04068768994858374, -1599.118668747426000, -10.73619647871886151 ) ) ;
#1223 = AXIS2_PLACEMENT_3D ( 'NONE', #8233, #5409, #2550 ) ;
#1224 = EDGE_CURVE ( 'NONE', #1884, #9118, #6592, .T. ) ;
#1225 = AXIS2_PLACEMENT_3D ( 'NONE', #4860, #4175, #8 ) ;
#1226 = ORIENTED_EDGE ( 'NONE', *, *, #8326, .T. ) ;
#1227 = AXIS2_PLACEMENT_3D ( 'NONE', #1189, #5996, #2494 ) ;
#1228 = ADVANCED_FACE ( 'NONE', ( #757 ), #2753, .F. ) ;
#1229 = ORIENTED_EDGE ( 'NONE', *, *, #6870, .T. ) ;
#1230 = TOROIDAL_SURFACE ( 'NONE', #3147, 255.0000000000000000, 10.00000000000000000 ) ;
#1231 = VECTOR ( 'NONE', #6042, 1000.000000000000000 ) ;
#1232 = CYLINDRICAL_SURFACE ( 'NONE', #9032, 245.0000000000000000 ) ;
#1233 = CARTESIAN_POINT ( 'NONE',  ( -24.11972403345691163, -986.1704918078568198, 99.00000000000000000 ) ) ;
#1234 = EDGE_CURVE ( 'NONE', #9118, #2789, #5609, .T. ) ;
#1235 = VECTOR ( 'NONE', #7700, 1000.000000000000000 ) ;
#1236 = DIRECTION ( 'NONE',  ( -1.000000000000000000, 0.000000000000000000, 0.000000000000000000 ) ) ;
#1237 = ORIENTED_EDGE ( 'NONE', *, *, #8145, .T. ) ;
#1238 = CARTESIAN_POINT ( 'NONE',  ( 90.47570597434693696, -1661.019580355183734, 25.00000000000000000 ) ) ;
#1239 = VECTOR ( 'NONE', #138, 1000.000000000000114 ) ;
#1240 = CARTESIAN_POINT ( 'NONE',  ( -150.2834285576145987, -230.3304350129469924, -242.0000000000000000 ) ) ;
#1241 = DIRECTION ( 'NONE',  ( 1.000000000000000000, -0.000000000000000000, -0.000000000000000000 ) ) ;
#1242 = LINE ( 'NONE', #1984, #1828 ) ;
#1243 = EDGE_LOOP ( 'NONE', ( #6663, #2823, #8970, #4890 ) ) ;
#1244 = CARTESIAN_POINT ( 'NONE',  ( -31.93389202846880082, -941.8541429223074601, 252.0000000000000000 ) ) ;
#1245 = CARTESIAN_POINT ( 'NONE',  ( 319.9999999999999432, 90.00000000000000000, 425.0000000000000000 ) ) ;
#1246 = DIRECTION ( 'NONE',  ( -3.083952846180991267E-16, 1.000000000000000000, 0.000000000000000000 ) ) ;
#1247 = DIRECTION ( 'NONE',  ( 0.1736481776669321908, -0.9848077530122076872, 0.000000000000000000 ) ) ;
#1248 = EDGE_CURVE ( 'NONE', #1773, #2283, #4536, .T. ) ;
#1249 = AXIS2_PLACEMENT_3D ( 'NONE', #2037, #7669, #2078 ) ;
#1250 = EDGE_CURVE ( 'NONE', #8758, #272, #7603, .T. ) ;
#1251 = ORIENTED_EDGE ( 'NONE', *, *, #6870, .F. ) ;
#1252 = DIRECTION ( 'NONE',  ( -3.083952846180987322E-16, 1.000000000000000000, 0.000000000000000000 ) ) ;
#1253 = EDGE_CURVE ( 'NONE', #1409, #5101, #2616, .T. ) ;
#1254 = EDGE_LOOP ( 'NONE', ( #5256, #2248 ) ) ;
#1255 = EDGE_CURVE ( 'NONE', #7838, #2015, #2013, .T. ) ;
#1256 = VECTOR ( 'NONE', #4420, 1000.000000000000000 ) ;
#1257 = DIRECTION ( 'NONE',  ( -3.083952846180987322E-16, 1.000000000000000000, 0.000000000000000000 ) ) ;
#1258 = VERTEX_POINT ( 'NONE', #619 ) ;
#1259 = DIRECTION ( 'NONE',  ( 1.000000000000000000, -0.000000000000000000, -0.000000000000000000 ) ) ;
#1260 = LINE ( 'NONE', #2001, #7043 ) ;
#1261 = DIRECTION ( 'NONE',  ( -1.000000000000000000, 0.000000000000000000, 0.000000000000000000 ) ) ;
#1262 = VERTEX_POINT ( 'NONE', #4862 ) ;
#1263 = EDGE_CURVE ( 'NONE', #2147, #1884, #2917, .T. ) ;
#1264 = CARTESIAN_POINT ( 'NONE',  ( 200.7226905305444404, -183.2157074083884538, -236.3599036910355835 ) ) ;
#1265 = VERTEX_POINT ( 'NONE', #2794 ) ;
#1266 = EDGE_LOOP ( 'NONE', ( #4045, #7481 ) ) ;
#1267 = ORIENTED_EDGE ( 'NONE', *, *, #3087, .T. ) ;
#1268 = LINE ( 'NONE', #6665, #5330 ) ;
#1269 = CARTESIAN_POINT ( 'NONE',  ( -6.522816337376891482, -1489.314372634083611, -425.0000000000000000 ) ) ;
#1270 = LINE ( 'NONE', #3205, #7013 ) ;
#1271 = CARTESIAN_POINT ( 'NONE',  ( -115.5152061859043613, -216.6196383389704181, 190.8570647282243442 ) ) ;
#1272 = CYLINDRICAL_SURFACE ( 'NONE', #5494, 30.00000000000004974 ) ;
#1273 = ORIENTED_EDGE ( 'NONE', *, *, #8436, .T. ) ;
#1274 = CARTESIAN_POINT ( 'NONE',  ( -23.68834345784192408, -1618.656632207541634, -17.10915909914010058 ) ) ;
#1275 = ORIENTED_EDGE ( 'NONE', *, *, #2469, .F. ) ;
#1276 = ORIENTED_EDGE ( 'NONE', *, *, #6426, .F. ) ;
#1277 = CYLINDRICAL_SURFACE ( 'NONE', #4600, 44.99999999999995737 ) ;
#1278 = DIRECTION ( 'NONE',  ( -1.000000000000000000, 0.000000000000000000, 0.000000000000000000 ) ) ;
#1279 = DIRECTION ( 'NONE',  ( -0.000000000000000000, -0.000000000000000000, 1.000000000000000000 ) ) ;
#1280 = EDGE_CURVE ( 'NONE', #3482, #5261, #4962, .T. ) ;
#1281 = DIRECTION ( 'NONE',  ( -1.000000000000000000, -7.772245805989896776E-17, 0.000000000000000000 ) ) ;
#1282 = CARTESIAN_POINT ( 'NONE',  ( -126.4815435065736438, -215.3849065373130998, -198.2722280682577605 ) ) ;
#1283 = CARTESIAN_POINT ( 'NONE',  ( 63.12186535763342476, -1186.000000000000000, 252.0000000000000000 ) ) ;
#1284 = CARTESIAN_POINT ( 'NONE',  ( -101.3931630952419880, -547.9310417174242502, -144.0000000000000284 ) ) ;
#1285 = ORIENTED_EDGE ( 'NONE', *, *, #8263, .F. ) ;
#1286 = DIRECTION ( 'NONE',  ( -0.8386705679454290463, 0.5446390350150194237, 0.000000000000000000 ) ) ;
#1287 = CARTESIAN_POINT ( 'NONE',  ( 63.12186535763336792, -1105.999999999999773, -297.0000000000000568 ) ) ;
#1288 = DIRECTION ( 'NONE',  ( -0.000000000000000000, -0.000000000000000000, 1.000000000000000000 ) ) ;
#1289 = DIRECTION ( 'NONE',  ( -0.5446390350150267512, -0.8386705679454243834, 0.000000000000000000 ) ) ;
#1290 = AXIS2_PLACEMENT_3D ( 'NONE', #4065, #1295, #2683 ) ;
#1291 = CARTESIAN_POINT ( 'NONE',  ( 0.000000000000000000, 0.000000000000000000, -415.0000000000000000 ) ) ;
#1292 = ORIENTED_EDGE ( 'NONE', *, *, #4322, .T. ) ;
#1293 = CARTESIAN_POINT ( 'NONE',  ( 63.12186535763336792, -1105.999999999999773, -342.0000000000000000 ) ) ;
#1294 = VERTEX_POINT ( 'NONE', #11 ) ;
#1295 = DIRECTION ( 'NONE',  ( -0.000000000000000000, -0.000000000000000000, 1.000000000000000000 ) ) ;
#1296 = FACE_OUTER_BOUND ( 'NONE', #4293, .T. ) ;
#1297 = ORIENTED_EDGE ( 'NONE', *, *, #1988, .T. ) ;
#1298 = DIRECTION ( 'NONE',  ( -0.9612616959383174509, -0.2756373558170039928, -0.000000000000000000 ) ) ;
#1299 = DIRECTION ( 'NONE',  ( -0.4067366430757953788, -0.9135454576426029760, 0.000000000000000000 ) ) ;
#1300 = CARTESIAN_POINT ( 'NONE',  ( -608.2033234948921745, -936.5509887253790566, -425.0000000000000000 ) ) ;
#1301 = ORIENTED_EDGE ( 'NONE', *, *, #4974, .T. ) ;
#1302 = EDGE_CURVE ( 'NONE', #5965, #2042, #6749, .T. ) ;
#1303 = LINE ( 'NONE', #4672, #3017 ) ;
#1304 = ORIENTED_EDGE ( 'NONE', *, *, #4297, .T. ) ;
#1305 = VERTEX_POINT ( 'NONE', #7267 ) ;
#1306 = ORIENTED_EDGE ( 'NONE', *, *, #7242, .T. ) ;
#1307 = CARTESIAN_POINT ( 'NONE',  ( 83.79487006978423835, -1642.167291682046880, 7.085729152202286940 ) ) ;
#1308 = DIRECTION ( 'NONE',  ( 0.000000000000000000, 1.000000000000000000, 0.000000000000000000 ) ) ;
#1309 = DIRECTION ( 'NONE',  ( -0.000000000000000000, -1.000000000000000000, -3.469446951953608765E-16 ) ) ;
#1310 = CARTESIAN_POINT ( 'NONE',  ( -124.8671925741278272, -215.2958341757409642, 196.7274880162946147 ) ) ;
#1311 = DIRECTION ( 'NONE',  ( 1.000000000000000000, 1.596294787383402785E-16, -0.000000000000000000 ) ) ;
#1312 = VECTOR ( 'NONE', #8818, 1000.000000000000000 ) ;
#1313 = ORIENTED_EDGE ( 'NONE', *, *, #5685, .F. ) ;
#1314 = CARTESIAN_POINT ( 'NONE',  ( -17.47907711454788071, -1602.483822789588658, -13.76429734118792325 ) ) ;
#1315 = ADVANCED_FACE ( 'NONE', ( #8013 ), #6476, .F. ) ;
#1316 = ORIENTED_EDGE ( 'NONE', *, *, #7440, .F. ) ;
#1317 = EDGE_LOOP ( 'NONE', ( #7040, #4359, #773, #2190 ) ) ;
#1318 = ADVANCED_FACE ( 'NONE', ( #5001 ), #943, .F. ) ;
#1319 = DIRECTION ( 'NONE',  ( 0.000000000000000000, 1.000000000000000000, 0.000000000000000000 ) ) ;
#1320 = DIRECTION ( 'NONE',  ( -0.8386705679454261597, 0.5446390350150240867, -0.000000000000000000 ) ) ;
#1321 = APPLICATION_CONTEXT ( 'configuration controlled 3d designs of mechanical parts and assemblies' ) ;
#1322 = DIRECTION ( 'NONE',  ( -0.000000000000000000, -0.000000000000000000, 1.000000000000000000 ) ) ;
#1323 = DIRECTION ( 'NONE',  ( 1.000000000000000000, -1.506336130350388541E-16, 0.000000000000000000 ) ) ;
#1324 = ORIENTED_EDGE ( 'NONE', *, *, #6049, .F. ) ;
#1325 = CARTESIAN_POINT ( 'NONE',  ( -128.0414079694630232, -215.5405093019346054, -199.8783901355643309 ) ) ;
#1326 = DIRECTION ( 'NONE',  ( -1.000000000000000000, 0.000000000000000000, 0.000000000000000000 ) ) ;
#1327 = FACE_OUTER_BOUND ( 'NONE', #3429, .T. ) ;
#1328 = VERTEX_POINT ( 'NONE', #6520 ) ;
#1329 = CARTESIAN_POINT ( 'NONE',  ( 63.12186535763336792, -1186.000000000000000, -297.0000000000000568 ) ) ;
#1330 = DIRECTION ( 'NONE',  ( -0.1391731009600657709, 0.9902680687415702510, 0.000000000000000000 ) ) ;
#1331 = EDGE_CURVE ( 'NONE', #7632, #6432, #6732, .T. ) ;
#1332 = CARTESIAN_POINT ( 'NONE',  ( 310.4757059743466243, -516.0000000000000000, -252.0000000000001137 ) ) ;
#1333 = CARTESIAN_POINT ( 'NONE',  ( 63.12186535763325423, -1521.000000000000227, 296.9999999999999432 ) ) ;
#1334 = ORIENTED_EDGE ( 'NONE', *, *, #3018, .T. ) ;
#1335 = CARTESIAN_POINT ( 'NONE',  ( 48.91289444358312011, -1449.852825327740675, 200.0000000000001137 ) ) ;
#1336 = AXIS2_PLACEMENT_3D ( 'NONE', #2206, #2904, #7195 ) ;
#1337 = ORIENTED_EDGE ( 'NONE', *, *, #3472, .T. ) ;
#1338 = DIRECTION ( 'NONE',  ( -0.8987940462991687030, -0.4383711467890740732, 0.000000000000000000 ) ) ;
#1339 = DIRECTION ( 'NONE',  ( -0.000000000000000000, -1.000000000000000000, -3.469446951953608765E-16 ) ) ;
#1340 = ORIENTED_EDGE ( 'NONE', *, *, #2944, .F. ) ;
#1341 = DIRECTION ( 'NONE',  ( 1.000000000000000000, -0.000000000000000000, -0.000000000000000000 ) ) ;
#1342 = CARTESIAN_POINT ( 'NONE',  ( 126.1856432775804961, -1679.157481401276982, 0.000000000000000000 ) ) ;
#1343 = DIRECTION ( 'NONE',  ( 0.000000000000000000, -1.000000000000000000, -3.469446951953609258E-16 ) ) ;
#1344 = AXIS2_PLACEMENT_3D ( 'NONE', #5815, #7301, #2952 ) ;
#1345 = ORIENTED_EDGE ( 'NONE', *, *, #8990, .F. ) ;
#1346 = AXIS2_PLACEMENT_3D ( 'NONE', #6404, #7697, #1422 ) ;
#1347 = AXIS2_PLACEMENT_3D ( 'NONE', #1333, #7714, #8410 ) ;
#1348 = DIRECTION ( 'NONE',  ( 0.000000000000000000, 1.000000000000000000, 1.734723475976804383E-16 ) ) ;
#1349 = ORIENTED_EDGE ( 'NONE', *, *, #2736, .T. ) ;
#1350 = ORIENTED_EDGE ( 'NONE', *, *, #5873, .F. ) ;
#1351 = ORIENTED_EDGE ( 'NONE', *, *, #5887, .T. ) ;
#1352 = FACE_OUTER_BOUND ( 'NONE', #8974, .T. ) ;
#1353 = AXIS2_PLACEMENT_3D ( 'NONE', #4272, #9077, #5517 ) ;
#1354 = VECTOR ( 'NONE', #3701, 1000.000000000000000 ) ;
#1355 = DIRECTION ( 'NONE',  ( 1.000000000000000000, 1.596294787383403032E-16, -0.000000000000000000 ) ) ;
#1356 = CARTESIAN_POINT ( 'NONE',  ( 259.8792377091426147, 90.00000000000000000, 242.0000000000000000 ) ) ;
#1357 = CARTESIAN_POINT ( 'NONE',  ( -121.9725104857200648, -215.3934937218568848, 194.3830261276518456 ) ) ;
#1358 = CARTESIAN_POINT ( 'NONE',  ( -150.2834285576145987, -230.3304350129469924, -242.0000000000000000 ) ) ;
#1359 = ORIENTED_EDGE ( 'NONE', *, *, #2498, .F. ) ;
#1360 = DIRECTION ( 'NONE',  ( 5.538260084506780731E-32, -3.469446951953608765E-16, 1.000000000000000000 ) ) ;
#1361 = ADVANCED_FACE ( 'NONE', ( #8660 ), #2934, .F. ) ;
#1362 = AXIS2_PLACEMENT_3D ( 'NONE', #8176, #1795, #4564 ) ;
#1363 = VECTOR ( 'NONE', #3736, 1000.000000000000000 ) ;
#1364 = EDGE_LOOP ( 'NONE', ( #5422, #4548, #1449, #4372 ) ) ;
#1365 = ORIENTED_EDGE ( 'NONE', *, *, #4931, .T. ) ;
#1366 = EDGE_LOOP ( 'NONE', ( #8267, #2557, #8067, #5017, #8752 ) ) ;
#1367 = AXIS2_PLACEMENT_3D ( 'NONE', #2879, #7633, #7078 ) ;
#1368 = EDGE_CURVE ( 'NONE', #7694, #1749, #5267, .T. ) ;
#1369 = CARTESIAN_POINT ( 'NONE',  ( 82.34097311283072429, -1679.290489508035762, -1.275620236539702690 ) ) ;
#1370 = AXIS2_PLACEMENT_3D ( 'NONE', #6537, #7976, #212 ) ;
#1371 = CARTESIAN_POINT ( 'NONE',  ( 67.48692418703805629, -1375.349366219527610, -425.0000000000000000 ) ) ;
#1372 = VECTOR ( 'NONE', #349, 1000.000000000000000 ) ;
#1373 = VECTOR ( 'NONE', #4354, 1000.000000000000000 ) ;
#1374 = EDGE_CURVE ( 'NONE', #5314, #8350, #5713, .T. ) ;
#1375 = CARTESIAN_POINT ( 'NONE',  ( 107.9147341247280281, -1671.022748539760869, 0.000000000000000000 ) ) ;
#1376 = VECTOR ( 'NONE', #8703, 1000.000000000000000 ) ;
#1377 = VECTOR ( 'NONE', #1589, 1000.000000000000000 ) ;
#1378 = CARTESIAN_POINT ( 'NONE',  ( 227.8705773021168000, 90.00000000000001421, 425.0000000000000000 ) ) ;
#1379 = ORIENTED_EDGE ( 'NONE', *, *, #6778, .T. ) ;
#1380 = CIRCLE ( 'NONE', #4773, 30.00000000000004974 ) ;
#1381 = DIRECTION ( 'NONE',  ( -0.9135454576425982021, 0.4067366430758062590, 0.000000000000000000 ) ) ;
#1382 = DIRECTION ( 'NONE',  ( -0.000000000000000000, -0.000000000000000000, -1.000000000000000000 ) ) ;
#1383 = DIRECTION ( 'NONE',  ( -0.000000000000000000, -0.000000000000000000, -1.000000000000000000 ) ) ;
#1384 = B_SPLINE_CURVE_WITH_KNOTS ( 'NONE', 3,
 ( #4859, #6198, #2700, #2791, #9023, #2010, #5605, #4820, #6251, #7643, #1307, #4123, #6939, #2750, #2327, #3706, #7179, #844, #2931, #1546, #5179, #8657, #5740, #4439, #8008, #804, #6610, #5092, #8697, #3668, #3629, #5132, #4312, #4361, #1684, #1587, #8852, #8562, #4401, #2235, #3218, #885, #7141, #2369 ),
 .UNSPECIFIED., .F., .F.,
 ( 4, 2, 2, 2, 2, 2, 2, 2, 2, 2, 2, 2, 2, 2, 2, 2, 2, 2, 2, 2, 2, 4 ),
 ( 0.06447831865521738703, 0.06674000123071435753, 0.06787084251846282890, 0.06900168380621131414, 0.07126336638170832627, 0.07239420766945683927, 0.07352504895720533840, 0.07804841410819984837, 0.07917925539594847240, 0.08031009668369711030, 0.08257177925919406691, 0.08483346183469103741, 0.08709514441018800790, 0.08935682698568497839, 0.09048766827343318608, 0.09161850956118142153, 0.09388019213667726792, 0.09501103342442551725, 0.09614187471217376657, 0.09840355728767025134, 0.09953439857541851454, 0.1006652398631667500 ),
 .UNSPECIFIED. ) ;
#1385 = ORIENTED_EDGE ( 'NONE', *, *, #5478, .F. ) ;
#1386 = CARTESIAN_POINT ( 'NONE',  ( 245.7196715970460730, -233.1366183439936037, 284.0102627703168423 ) ) ;
#1387 = AXIS2_PLACEMENT_3D ( 'NONE', #2810, #545, #8360 ) ;
#1388 = LINE ( 'NONE', #2172, #350 ) ;
#1389 = CARTESIAN_POINT ( 'NONE',  ( 255.4757059743467664, -725.9999999999998863, 297.0000000000000000 ) ) ;
#1390 = PLANE ( 'NONE',  #160 ) ;
#1391 = VECTOR ( 'NONE', #6148, 1000.000000000000000 ) ;
#1392 = EDGE_LOOP ( 'NONE', ( #626, #5425, #5229, #8534 ) ) ;
#1393 = LINE ( 'NONE', #6318, #2876 ) ;
#1394 = LOCAL_TIME ( 15, 23, 54.00000000000000000, #5764 ) ;
#1395 = EDGE_LOOP ( 'NONE', ( #1583, #5602, #6260, #8505 ) ) ;
#1396 = CARTESIAN_POINT ( 'NONE',  ( -45.55539095713342590, -1622.347359477424334, 25.00000000000000000 ) ) ;
#1397 = AXIS2_PLACEMENT_3D ( 'NONE', #5589, #786, #2131 ) ;
#1398 = CARTESIAN_POINT ( 'NONE',  ( 245.2475120160384563, -230.2785358178057891, 101.2352045764085062 ) ) ;
#1399 = VERTEX_POINT ( 'NONE', #245 ) ;
#1400 = CARTESIAN_POINT ( 'NONE',  ( 255.4757059743467664, -1521.000000000000227, -252.0000000000001137 ) ) ;
#1401 = LINE ( 'NONE', #706, #789 ) ;
#1402 = ORIENTED_EDGE ( 'NONE', *, *, #7763, .T. ) ;
#1403 = DIRECTION ( 'NONE',  ( 7.772245805989896776E-17, -1.000000000000000000, -1.734723475976804629E-16 ) ) ;
#1404 = CIRCLE ( 'NONE', #7904, 44.99999999999992895 ) ;
#1405 = ORIENTED_EDGE ( 'NONE', *, *, #7099, .F. ) ;
#1406 = EDGE_CURVE ( 'NONE', #377, #3048, #4389, .T. ) ;
#1407 = ORIENTED_EDGE ( 'NONE', *, *, #4558, .F. ) ;
#1408 = EDGE_CURVE ( 'NONE', #690, #1854, #3066, .T. ) ;
#1409 = VERTEX_POINT ( 'NONE', #7146 ) ;
#1410 = CARTESIAN_POINT ( 'NONE',  ( 186.3035874725518681, -241.4870044015975736, 376.0000000000000000 ) ) ;
#1411 = FACE_OUTER_BOUND ( 'NONE', #4270, .T. ) ;
#1412 = DIRECTION ( 'NONE',  ( -0.9848077530122077983, -0.1736481776669321631, 0.000000000000000000 ) ) ;
#1413 = CARTESIAN_POINT ( 'NONE',  ( -137.6083822188665238, -218.4144786773991029, 212.7741733065052188 ) ) ;
#1414 = DIRECTION ( 'NONE',  ( 0.000000000000000000, 0.000000000000000000, 1.000000000000000000 ) ) ;
#1415 = ORIENTED_EDGE ( 'NONE', *, *, #3553, .T. ) ;
#1416 = LINE ( 'NONE', #3490, #7387 ) ;
#1417 = AXIS2_PLACEMENT_3D ( 'NONE', #5244, #1644, #7329 ) ;
#1418 = EDGE_LOOP ( 'NONE', ( #3713, #6461, #386, #7805 ) ) ;
#1419 = EDGE_LOOP ( 'NONE', ( #696, #3082, #1159, #969 ) ) ;
#1420 = VERTEX_POINT ( 'NONE', #144 ) ;
#1421 = CARTESIAN_POINT ( 'NONE',  ( 344.9999999999999432, -160.9999999999999716, 425.0000000000000000 ) ) ;
#1422 = DIRECTION ( 'NONE',  ( 0.000000000000000000, 0.000000000000000000, 1.000000000000000000 ) ) ;
#1424 = ORIENTED_EDGE ( 'NONE', *, *, #8766, .T. ) ;
#1423 = CARTESIAN_POINT ( 'NONE',  ( 133.5069028529449042, -1662.713663163709953, 2.204364238465246472E-15 ) ) ;
#1425 = EDGE_CURVE ( 'NONE', #8295, #7225, #5879, .T. ) ;
#1426 = EDGE_CURVE ( 'NONE', #3541, #5299, #2025, .T. ) ;
#1427 = DIRECTION ( 'NONE',  ( 0.000000000000000000, 1.000000000000000000, 0.000000000000000000 ) ) ;
#1428 = ORIENTED_EDGE ( 'NONE', *, *, #2166, .T. ) ;
#1429 = DIRECTION ( 'NONE',  ( 5.538260084506780731E-32, -3.469446951953608765E-16, 1.000000000000000000 ) ) ;
#1430 = AXIS2_PLACEMENT_3D ( 'NONE', #8672, #958, #4937 ) ;
#1431 = ORIENTED_EDGE ( 'NONE', *, *, #5873, .T. ) ;
#1432 = CARTESIAN_POINT ( 'NONE',  ( -24.09837652394934793, -1619.003299519943539, 16.91677030850432217 ) ) ;
#1433 = PLANE ( 'NONE',  #9052 ) ;
#1434 = CARTESIAN_POINT ( 'NONE',  ( 310.4757059743468517, -349.0000000000000000, 425.0000000000000000 ) ) ;
#1435 = VERTEX_POINT ( 'NONE', #4364 ) ;
#1436 = LINE ( 'NONE', #7071, #3169 ) ;
#1437 = EDGE_CURVE ( 'NONE', #8305, #5665, #3348, .T. ) ;
#1438 = ORIENTED_EDGE ( 'NONE', *, *, #1573, .T. ) ;
#1439 = EDGE_CURVE ( 'NONE', #6661, #7796, #5837, .T. ) ;
#1440 = DIRECTION ( 'NONE',  ( 0.000000000000000000, 1.000000000000000000, 1.734723475976804383E-16 ) ) ;
#1441 = CARTESIAN_POINT ( 'NONE',  ( 245.5835200577571982, -232.1678498036815768, 109.9531416704391944 ) ) ;
#1442 = ORIENTED_EDGE ( 'NONE', *, *, #445, .T. ) ;
#1443 = DIRECTION ( 'NONE',  ( -1.000000000000000000, 1.224646799147349509E-16, 0.000000000000000000 ) ) ;
#1444 = DIRECTION ( 'NONE',  ( -7.772245805989896776E-17, 1.000000000000000000, 3.469446951953609258E-16 ) ) ;
#1445 = DIRECTION ( 'NONE',  ( -1.000000000000000000, -7.772245805989896776E-17, 0.000000000000000000 ) ) ;
#1446 = CARTESIAN_POINT ( 'NONE',  ( 255.4757059743467664, -1396.000000000000227, -99.00000000000004263 ) ) ;
#1447 = VECTOR ( 'NONE', #229, 1000.000000000000000 ) ;
#1448 = CARTESIAN_POINT ( 'NONE',  ( -150.2834285576145987, -230.3304350129470208, -376.0000000000000000 ) ) ;
#1449 = ORIENTED_EDGE ( 'NONE', *, *, #1253, .T. ) ;
#1450 = VERTEX_POINT ( 'NONE', #4404 ) ;
#1451 = EDGE_LOOP ( 'NONE', ( #7190, #966, #8154, #5308 ) ) ;
#1452 = LINE ( 'NONE', #8483, #1942 ) ;
#1453 = CARTESIAN_POINT ( 'NONE',  ( 259.8792377091425578, 90.00000000000001421, 415.0000000000000000 ) ) ;
#1454 = CARTESIAN_POINT ( 'NONE',  ( 0.000000000000000000, 0.000000000000000000, -376.0000000000000000 ) ) ;
#1455 = DIRECTION ( 'NONE',  ( 0.000000000000000000, 1.000000000000000000, 0.000000000000000000 ) ) ;
#1456 = VECTOR ( 'NONE', #5129, 1000.000000000000000 ) ;
#1457 = DIRECTION ( 'NONE',  ( 0.000000000000000000, 1.000000000000000000, 0.000000000000000000 ) ) ;
#1458 = ORIENTED_EDGE ( 'NONE', *, *, #6803, .F. ) ;
#1459 = DIRECTION ( 'NONE',  ( 0.5446390350150240867, 0.8386705679454260487, 0.000000000000000000 ) ) ;
#1460 = EDGE_CURVE ( 'NONE', #8986, #5920, #363, .T. ) ;
#1461 = ORIENTED_EDGE ( 'NONE', *, *, #5401, .T. ) ;
#1462 = EDGE_CURVE ( 'NONE', #5588, #4237, #7970, .T. ) ;
#1463 = ORIENTED_EDGE ( 'NONE', *, *, #7131, .F. ) ;
#1464 = ORIENTED_EDGE ( 'NONE', *, *, #8713, .F. ) ;
#1465 = CIRCLE ( 'NONE', #3527, 20.00000000000001776 ) ;
#1466 = DIRECTION ( 'NONE',  ( 0.000000000000000000, 0.000000000000000000, -1.000000000000000000 ) ) ;
#1467 = DIRECTION ( 'NONE',  ( 0.000000000000000000, 1.000000000000000000, 0.000000000000000000 ) ) ;
#1468 = CARTESIAN_POINT ( 'NONE',  ( 0.000000000000000000, 0.000000000000000000, 425.0000000000000000 ) ) ;
#1469 = ORIENTED_EDGE ( 'NONE', *, *, #3743, .T. ) ;
#1470 = CARTESIAN_POINT ( 'NONE',  ( -622.5580642450980804, -1398.288306185088913, 25.00000000000000000 ) ) ;
#1471 = VERTEX_POINT ( 'NONE', #7539 ) ;
#1472 = CARTESIAN_POINT ( 'NONE',  ( -19.25662275368921783, -1612.451963537683696, 17.91387759316526385 ) ) ;
#1473 = LINE ( 'NONE', #9055, #2417 ) ;
#1474 = ADVANCED_FACE ( 'NONE', ( #1204 ), #2425, .T. ) ;
#1475 = CYLINDRICAL_SURFACE ( 'NONE', #7994, 45.00000000000000711 ) ;
#1476 = ORIENTED_EDGE ( 'NONE', *, *, #7426, .F. ) ;
#1477 = CARTESIAN_POINT ( 'NONE',  ( 310.4757059743466243, -1304.000000000000000, -425.0000000000000000 ) ) ;
#1478 = VERTEX_POINT ( 'NONE', #8136 ) ;
#1479 = EDGE_CURVE ( 'NONE', #6256, #7265, #5569, .T. ) ;
#1480 = CARTESIAN_POINT ( 'NONE',  ( 63.12186535763336792, -1186.000000000000000, 143.9999999999999432 ) ) ;
#1481 = DIRECTION ( 'NONE',  ( 1.000000000000000000, 1.596294787383402785E-16, -0.000000000000000000 ) ) ;
#1482 = ORIENTED_EDGE ( 'NONE', *, *, #8737, .F. ) ;
#1483 = CARTESIAN_POINT ( 'NONE',  ( 63.12186535763331108, -851.0000000000001137, -342.0000000000000568 ) ) ;
#1484 = DIRECTION ( 'NONE',  ( 1.000000000000000000, 1.596294787383402785E-16, -0.000000000000000000 ) ) ;
#1485 = EDGE_CURVE ( 'NONE', #676, #2310, #1809, .T. ) ;
#1486 = CARTESIAN_POINT ( 'NONE',  ( 310.4757059743468517, -1521.000000000000227, 252.0000000000000000 ) ) ;
#1487 = CARTESIAN_POINT ( 'NONE',  ( -110.7316968700759219, -218.5486017074317431, 425.0000000000000000 ) ) ;
#1488 = EDGE_CURVE ( 'NONE', #764, #9082, #698, .T. ) ;
#1489 = VECTOR ( 'NONE', #6439, 1000.000000000000114 ) ;
#1490 = LINE ( 'NONE', #4953, #4930 ) ;
#1491 = VERTEX_POINT ( 'NONE', #3422 ) ;
#1492 = ORIENTED_EDGE ( 'NONE', *, *, #5552, .F. ) ;
#1493 = ORIENTED_EDGE ( 'NONE', *, *, #5473, .F. ) ;
#1494 = CARTESIAN_POINT ( 'NONE',  ( 369.9999999999999432, -115.9999999999999858, 320.0000000000000000 ) ) ;
#1495 = CYLINDRICAL_SURFACE ( 'NONE', #6374, 200.0000000000000000 ) ;
#1496 = CARTESIAN_POINT ( 'NONE',  ( 81.12426551804426822, -1678.700292903921309, 1.801586132076532731 ) ) ;
#1497 = DIRECTION ( 'NONE',  ( -1.000000000000000000, 0.000000000000000000, 0.000000000000000000 ) ) ;
#1498 = AXIS2_PLACEMENT_3D ( 'NONE', #6168, #6211, #1880 ) ;
#1499 = CARTESIAN_POINT ( 'NONE',  ( 310.4757059743466243, -1304.000000000000000, -425.0000000000000000 ) ) ;
#1500 = ORIENTED_EDGE ( 'NONE', *, *, #8399, .F. ) ;
#1501 = VECTOR ( 'NONE', #8725, 1000.000000000000000 ) ;
#1502 = CARTESIAN_POINT ( 'NONE',  ( 320.4757059743469085, -1018.999999999999886, -425.0000000000000000 ) ) ;
#1503 = VERTEX_POINT ( 'NONE', #9152 ) ;
#1504 = AXIS2_PLACEMENT_3D ( 'NONE', #867, #7804, #6355 ) ;
#1505 = ORIENTED_EDGE ( 'NONE', *, *, #4483, .T. ) ;
#1506 = CIRCLE ( 'NONE', #6658, 10.00000000000000888 ) ;
#1507 = ORIENTED_EDGE ( 'NONE', *, *, #3274, .F. ) ;
#1508 = CARTESIAN_POINT ( 'NONE',  ( 286.0588745030455584, 184.0000000000000000, 300.0000000000000568 ) ) ;
#1509 = CARTESIAN_POINT ( 'NONE',  ( -232.8879755636931179, -90.12542654824375177, 198.1665651886403907 ) ) ;
#1510 = EDGE_CURVE ( 'NONE', #8639, #7006, #1260, .T. ) ;
#1511 = CARTESIAN_POINT ( 'NONE',  ( -575.5249813939919932, -886.2307546486503043, -375.9999999999999432 ) ) ;
#1512 = VECTOR ( 'NONE', #4787, 1000.000000000000000 ) ;
#1513 = ADVANCED_FACE ( 'NONE', ( #8275 ), #4265, .F. ) ;
#1514 = VECTOR ( 'NONE', #1900, 1000.000000000000000 ) ;
#1515 = DIRECTION ( 'NONE',  ( 0.000000000000000000, 1.000000000000000000, 0.000000000000000000 ) ) ;
#1516 = VERTEX_POINT ( 'NONE', #2641 ) ;
#1517 = AXIS2_PLACEMENT_3D ( 'NONE', #4914, #8529, #106 ) ;
#1518 = AXIS2_PLACEMENT_3D ( 'NONE', #1269, #2608, #6057 ) ;
#1519 = EDGE_CURVE ( 'NONE', #3381, #4785, #1056, .T. ) ;
#1520 = LINE ( 'NONE', #776, #8730 ) ;
#1522 = ORIENTED_EDGE ( 'NONE', *, *, #3176, .F. ) ;
#1521 = AXIS2_PLACEMENT_3D ( 'NONE', #4850, #1341, #4161 ) ;
#1523 = CARTESIAN_POINT ( 'NONE',  ( -18.91432489675360884, -1611.665746537408040, 17.80778807185048151 ) ) ;
#1524 = APPLICATION_PROTOCOL_DEFINITION ( 'international standard', 'config_control_design', 1994, #1321 ) ;
#1525 = AXIS2_PLACEMENT_3D ( 'NONE', #5365, #1158, #1120 ) ;
#1526 = VECTOR ( 'NONE', #3063, 1000.000000000000114 ) ;
#1527 = CARTESIAN_POINT ( 'NONE',  ( 255.4757059743467664, -770.9999999999998863, -342.0000000000000568 ) ) ;
#1528 = EDGE_LOOP ( 'NONE', ( #5590, #3123, #4907, #640 ) ) ;
#1529 = FACE_BOUND ( 'NONE', #3190, .T. ) ;
#1530 = AXIS2_PLACEMENT_3D ( 'NONE', #1375, #7564, #4932 ) ;
#1531 = VECTOR ( 'NONE', #2045, 1000.000000000000000 ) ;
#1532 = AXIS2_PLACEMENT_3D ( 'NONE', #4530, #3881, #5349 ) ;
#1533 = DIRECTION ( 'NONE',  ( -0.1391731009600656876, 0.9902680687415703620, 0.000000000000000000 ) ) ;
#1534 = CARTESIAN_POINT ( 'NONE',  ( -31.93389202846885766, -941.8541429223073465, -99.00000000000000000 ) ) ;
#1535 = VERTEX_POINT ( 'NONE', #7675 ) ;
#1536 = CARTESIAN_POINT ( 'NONE',  ( 310.4757059743467948, -1441.000000000000000, -54.00000000000004974 ) ) ;
#1537 = CARTESIAN_POINT ( 'NONE',  ( 73.87165322705408244, -1649.864576175757520, -17.14882212228692282 ) ) ;
#1538 = LINE ( 'NONE', #6604, #8313 ) ;
#1539 = DIRECTION ( 'NONE',  ( 0.000000000000000000, 0.000000000000000000, 1.000000000000000000 ) ) ;
#1540 = ADVANCED_FACE ( 'NONE', ( #8472 ), #8968, .F. ) ;
#1541 = CIRCLE ( 'NONE', #6987, 9.999999999999959144 ) ;
#1542 = LINE ( 'NONE', #6991, #2570 ) ;
#1543 = EDGE_CURVE ( 'NONE', #5098, #4952, #3521, .T. ) ;
#1544 = ORIENTED_EDGE ( 'NONE', *, *, #5460, .T. ) ;
#1545 = AXIS2_PLACEMENT_3D ( 'NONE', #3480, #3, #6290 ) ;
#1546 = CARTESIAN_POINT ( 'NONE',  ( 78.42700891711194799, -1645.045267297371765, 13.66397350774910180 ) ) ;
#1547 = LINE ( 'NONE', #3023, #5059 ) ;
#1548 = EDGE_CURVE ( 'NONE', #298, #6945, #911, .T. ) ;
#1549 = CARTESIAN_POINT ( 'NONE',  ( -522.4838454937388406, -186.6266966476980258, -25.00000000000000000 ) ) ;
#1550 = CARTESIAN_POINT ( 'NONE',  ( -219.5807572464964323, -165.5944118602444348, 415.0000000000000000 ) ) ;
#1551 = DIRECTION ( 'NONE',  ( 0.000000000000000000, 1.000000000000000000, 0.000000000000000000 ) ) ;
#1552 = VERTEX_POINT ( 'NONE', #5596 ) ;
#1553 = CARTESIAN_POINT ( 'NONE',  ( 320.4757059743469085, -298.9999999999999432, -425.0000000000000000 ) ) ;
#1554 = AXIS2_PLACEMENT_3D ( 'NONE', #8183, #1196, #8324 ) ;
#1555 = ADVANCED_FACE ( 'NONE', ( #2743 ), #3477, .F. ) ;
#1556 = VERTEX_POINT ( 'NONE', #745 ) ;
#1557 = ORIENTED_EDGE ( 'NONE', *, *, #1439, .F. ) ;
#1558 = ORIENTED_EDGE ( 'NONE', *, *, #6322, .T. ) ;
#1559 = VECTOR ( 'NONE', #4933, 1000.000000000000114 ) ;
#1560 = LINE ( 'NONE', #1421, #8879 ) ;
#1561 = EDGE_CURVE ( 'NONE', #8184, #88, #2096, .T. ) ;
#1562 = LINE ( 'NONE', #3679, #4587 ) ;
#1563 = LINE ( 'NONE', #7233, #5403 ) ;
#1564 = CARTESIAN_POINT ( 'NONE',  ( 310.4757059743466812, -851.0000000000001137, -252.0000000000001137 ) ) ;
#1565 = FACE_OUTER_BOUND ( 'NONE', #8160, .T. ) ;
#1566 = VERTEX_POINT ( 'NONE', #6191 ) ;
#1567 = DIRECTION ( 'NONE',  ( -0.5446390350150267512, -0.8386705679454243834, 0.000000000000000000 ) ) ;
#1568 = VERTEX_POINT ( 'NONE', #5551 ) ;
#1569 = CARTESIAN_POINT ( 'NONE',  ( 67.48692418703805629, -1375.349366219527610, 425.0000000000000000 ) ) ;
#1570 = ORIENTED_EDGE ( 'NONE', *, *, #8063, .T. ) ;
#1571 = CARTESIAN_POINT ( 'NONE',  ( -39.46979871579322463, -1623.989387105533751, 6.025809922932384488 ) ) ;
#1572 = CALENDAR_DATE ( 2026, 18, 8 ) ;
#1573 = EDGE_CURVE ( 'NONE', #3317, #8295, #5640, .T. ) ;
#1574 = CARTESIAN_POINT ( 'NONE',  ( 0.000000000000000000, 0.000000000000000000, -435.0000000000000000 ) ) ;
#1575 = ORIENTED_EDGE ( 'NONE', *, *, #3691, .F. ) ;
#1576 = CARTESIAN_POINT ( 'NONE',  ( 63.12186535763336792, -1105.999999999999773, -144.0000000000000568 ) ) ;
#1577 = CARTESIAN_POINT ( 'NONE',  ( 63.12186535763336792, -1186.000000000000000, 53.99999999999996447 ) ) ;
#1578 = CARTESIAN_POINT ( 'NONE',  ( 204.2061900648915014, -184.2201132652633646, 242.0000000000000000 ) ) ;
#1579 = ORIENTED_EDGE ( 'NONE', *, *, #692, .F. ) ;
#1580 = CARTESIAN_POINT ( 'NONE',  ( 245.7196715970460730, -233.1366183439936037, 425.0000000000000000 ) ) ;
#1581 = DIRECTION ( 'NONE',  ( 0.9902680687415698069, 0.1391731009600692126, 0.000000000000000000 ) ) ;
#1582 = CARTESIAN_POINT ( 'NONE',  ( 245.4594526077989087, -231.4455895485726273, 305.8462361329990813 ) ) ;
#1583 = ORIENTED_EDGE ( 'NONE', *, *, #6306, .F. ) ;
#1584 = AXIS2_PLACEMENT_3D ( 'NONE', #3766, #3025, #6614 ) ;
#1585 = DIRECTION ( 'NONE',  ( 1.000000000000000000, 0.000000000000000000, 0.000000000000000000 ) ) ;
#1586 = ORIENTED_EDGE ( 'NONE', *, *, #1653, .F. ) ;
#1587 = CARTESIAN_POINT ( 'NONE',  ( 71.13743221053999832, -1655.903599641398387, 17.96732389274474428 ) ) ;
#1588 = AXIS2_PLACEMENT_3D ( 'NONE', #4543, #3155, #418 ) ;
#1589 = DIRECTION ( 'NONE',  ( -1.000000000000000000, -0.000000000000000000, -0.000000000000000000 ) ) ;
#1590 = CARTESIAN_POINT ( 'NONE',  ( 245.4148737722549640, -231.1953507478638983, -304.7381873900613414 ) ) ;
#1591 = DIRECTION ( 'NONE',  ( 0.000000000000000000, 0.000000000000000000, -1.000000000000000000 ) ) ;
#1592 = DIRECTION ( 'NONE',  ( 0.000000000000000000, 0.000000000000000000, -1.000000000000000000 ) ) ;
#1593 = ORIENTED_EDGE ( 'NONE', *, *, #3288, .F. ) ;
#1594 = CARTESIAN_POINT ( 'NONE',  ( 0.000000000000000000, 0.000000000000000000, -25.00000000000000000 ) ) ;
#1595 = EDGE_CURVE ( 'NONE', #5759, #3048, #8418, .T. ) ;
#1596 = DIRECTION ( 'NONE',  ( -0.1391731009600695457, 0.9902680687415696958, 0.000000000000000000 ) ) ;
#1597 = VECTOR ( 'NONE', #9147, 1000.000000000000000 ) ;
#1598 = EDGE_CURVE ( 'NONE', #4325, #3571, #606, .T. ) ;
#1599 = VERTEX_POINT ( 'NONE', #2825 ) ;
#1600 = ORIENTED_EDGE ( 'NONE', *, *, #1234, .F. ) ;
#1601 = VERTEX_POINT ( 'NONE', #2139 ) ;
#1602 = CARTESIAN_POINT ( 'NONE',  ( 70.47570597434686590, -1661.019580355183734, -16.93866242688204693 ) ) ;
#1603 = CARTESIAN_POINT ( 'NONE',  ( 310.4757059743468517, -1019.000000000000114, 425.0000000000000000 ) ) ;
#1604 = CARTESIAN_POINT ( 'NONE',  ( -24.11972403345691163, -986.1704918078568198, 297.0000000000000568 ) ) ;
#1605 = EDGE_CURVE ( 'NONE', #9066, #8972, #3375, .T. ) ;
#1606 = DIRECTION ( 'NONE',  ( -1.000000000000000000, 0.000000000000000000, 0.000000000000000000 ) ) ;
#1607 = CARTESIAN_POINT ( 'NONE',  ( 320.4757059743469085, -683.9999999999998863, 425.0000000000000000 ) ) ;
#1608 = EDGE_CURVE ( 'NONE', #856, #8273, #584, .T. ) ;
#1609 = EDGE_CURVE ( 'NONE', #8986, #6230, #7821, .T. ) ;
#1610 = DIRECTION ( 'NONE',  ( 1.000000000000000000, 1.596294787383402785E-16, -0.000000000000000000 ) ) ;
#1611 = ORIENTED_EDGE ( 'NONE', *, *, #512, .F. ) ;
#1612 = CARTESIAN_POINT ( 'NONE',  ( 329.9999999999999432, -115.9999999999999858, 99.99999999999998579 ) ) ;
#1613 = ORIENTED_EDGE ( 'NONE', *, *, #1036, .F. ) ;
#1614 = CARTESIAN_POINT ( 'NONE',  ( -21.80193935701159447, -1616.581335376267361, 17.75240672333419312 ) ) ;
#1615 = DIRECTION ( 'NONE',  ( 0.1736481776669323851, -0.9848077530122075762, -0.000000000000000000 ) ) ;
#1616 = EDGE_LOOP ( 'NONE', ( #3988, #2380, #219, #509, #5053, #1959, #5795, #2834, #9011, #1957, #1153, #6788, #3432, #3811, #8542, #3737, #6916, #3420, #3951, #8583 ) ) ;
#1617 = DIRECTION ( 'NONE',  ( 0.000000000000000000, 0.000000000000000000, 1.000000000000000000 ) ) ;
#1618 = CC_DESIGN_PERSON_AND_ORGANIZATION_ASSIGNMENT ( #8641, #3653, ( #4193 ) ) ;
#1619 = FACE_OUTER_BOUND ( 'NONE', #8379, .T. ) ;
#1620 = DIRECTION ( 'NONE',  ( -3.083952846180995211E-16, 1.000000000000000000, 0.000000000000000000 ) ) ;
#1621 = ORIENTED_EDGE ( 'NONE', *, *, #2808, .F. ) ;
#1622 = CARTESIAN_POINT ( 'NONE',  ( 310.4757059743466812, -770.9999999999998863, 297.0000000000000000 ) ) ;
#1623 = CARTESIAN_POINT ( 'NONE',  ( 84.95177782680927692, -1641.797044991836856, -4.774200716831289881 ) ) ;
#1624 = EDGE_CURVE ( 'NONE', #6061, #3278, #5868, .T. ) ;
#1625 = CARTESIAN_POINT ( 'NONE',  ( 324.9999999999999432, 184.0000000000000000, 300.0000000000000568 ) ) ;
#1626 = LINE ( 'NONE', #1063, #2211 ) ;
#1627 = PLANE ( 'NONE',  #8482 ) ;
#1628 = VERTEX_POINT ( 'NONE', #2278 ) ;
#1629 = LINE ( 'NONE', #240, #5185 ) ;
#1630 = EDGE_CURVE ( 'NONE', #6303, #4319, #8444, .T. ) ;
#1631 = DIRECTION ( 'NONE',  ( 0.000000000000000000, 0.000000000000000000, 1.000000000000000000 ) ) ;
#1632 = ORIENTED_EDGE ( 'NONE', *, *, #5089, .F. ) ;
#1633 = DIRECTION ( 'NONE',  ( 0.000000000000000000, -1.000000000000000000, -3.469446951953608765E-16 ) ) ;
#1634 = CARTESIAN_POINT ( 'NONE',  ( -142.4198670025160993, -221.3547442892019035, 221.5454025849672632 ) ) ;
#1635 = CARTESIAN_POINT ( 'NONE',  ( 150.4855003646649152, -1357.707474243703700, 376.0000000000000000 ) ) ;
#1636 = ORIENTED_EDGE ( 'NONE', *, *, #3493, .T. ) ;
#1637 = CIRCLE ( 'NONE', #153, 45.00000000000004263 ) ;
#1638 = FACE_BOUND ( 'NONE', #7558, .T. ) ;
#1639 = ORIENTED_EDGE ( 'NONE', *, *, #8440, .T. ) ;
#1640 = ORIENTED_EDGE ( 'NONE', *, *, #8713, .T. ) ;
#1641 = ORIENTED_EDGE ( 'NONE', *, *, #7803, .F. ) ;
#1642 = AXIS2_PLACEMENT_3D ( 'NONE', #4180, #3588, #5049 ) ;
#1643 = CARTESIAN_POINT ( 'NONE',  ( 81.33876841978570837, -1678.812423256577631, -1.639829797615648843 ) ) ;
#1644 = DIRECTION ( 'NONE',  ( 1.000000000000000000, 1.596294787383402785E-16, 0.000000000000000000 ) ) ;
#1645 = FACE_BOUND ( 'NONE', #8700, .T. ) ;
#1646 = DIRECTION ( 'NONE',  ( 0.000000000000000000, -0.000000000000000000, 1.000000000000000000 ) ) ;
#1647 = EDGE_CURVE ( 'NONE', #5949, #8411, #7259, .T. ) ;
#1648 = DIRECTION ( 'NONE',  ( 0.000000000000000000, 1.000000000000000000, 0.000000000000000000 ) ) ;
#1649 = ADVANCED_FACE ( 'NONE', ( #795 ), #8586, .T. ) ;
#1650 = VECTOR ( 'NONE', #5281, 1000.000000000000000 ) ;
#1651 = VECTOR ( 'NONE', #7905, 1000.000000000000000 ) ;
#1652 = ORIENTED_EDGE ( 'NONE', *, *, #4528, .T. ) ;
#1653 = EDGE_CURVE ( 'NONE', #7366, #8184, #8557, .T. ) ;
#1654 = DIRECTION ( 'NONE',  ( -1.596294787383402785E-16, 1.000000000000000000, -0.000000000000000000 ) ) ;
#1655 = VERTEX_POINT ( 'NONE', #6425 ) ;
#1656 = EDGE_LOOP ( 'NONE', ( #4520, #8338, #4620, #6982 ) ) ;
#1657 = CARTESIAN_POINT ( 'NONE',  ( 0.000000000000000000, 0.000000000000000000, 425.0000000000000000 ) ) ;
#1658 = VECTOR ( 'NONE', #4054, 1000.000000000000000 ) ;
#1659 = VECTOR ( 'NONE', #560, 1000.000000000000000 ) ;
#1660 = ORIENTED_EDGE ( 'NONE', *, *, #976, .T. ) ;
#1661 = EDGE_CURVE ( 'NONE', #7639, #6560, #879, .T. ) ;
#1662 = CARTESIAN_POINT ( 'NONE',  ( -154.2906801602892131, -245.3096549777295365, 425.0000000000000000 ) ) ;
#1663 = PERSON_AND_ORGANIZATION ( #5581, #207 ) ;
#1664 = CARTESIAN_POINT ( 'NONE',  ( -622.5580642450980804, -1398.288306185088913, -25.00000000000000000 ) ) ;
#1665 = AXIS2_PLACEMENT_3D ( 'NONE', #8153, #3248, #1829 ) ;
#1666 = VECTOR ( 'NONE', #5856, 1000.000000000000114 ) ;
#1667 = ORIENTED_EDGE ( 'NONE', *, *, #1739, .F. ) ;
#1668 = DIRECTION ( 'NONE',  ( -0.9848077530122076872, -0.1736481776669321075, -0.000000000000000000 ) ) ;
#1669 = CIRCLE ( 'NONE', #4464, 8.749999999999994671 ) ;
#1670 = CARTESIAN_POINT ( 'NONE',  ( 54.35928479373330902, -1441.466119648286622, 200.0000000000001137 ) ) ;
#1671 = CARTESIAN_POINT ( 'NONE',  ( 245.7196715970460730, -233.1366183439936037, 425.0000000000000000 ) ) ;
#1672 = ORIENTED_EDGE ( 'NONE', *, *, #9042, .F. ) ;
#1674 = CARTESIAN_POINT ( 'NONE',  ( 324.9999999999999432, 184.0000000000000000, -300.0000000000000000 ) ) ;
#1673 = AXIS2_PLACEMENT_3D ( 'NONE', #4220, #659, #7035 ) ;
#1675 = CARTESIAN_POINT ( 'NONE',  ( 76.98829421169273246, -1646.248144672526223, -14.93479729410447554 ) ) ;
#1676 = AXIS2_PLACEMENT_3D ( 'NONE', #7601, #9026, #5324 ) ;
#1677 = DIRECTION ( 'NONE',  ( -7.772245805989896776E-17, 1.000000000000000000, 0.000000000000000000 ) ) ;
#1678 = CARTESIAN_POINT ( 'NONE',  ( 183.0296713458104705, -181.5738404729351032, 212.1968166280922219 ) ) ;
#1679 = VECTOR ( 'NONE', #1298, 1000.000000000000227 ) ;
#1680 = DIRECTION ( 'NONE',  ( -0.000000000000000000, -0.000000000000000000, -1.000000000000000000 ) ) ;
#1681 = AXIS2_PLACEMENT_3D ( 'NONE', #931, #5869, #136 ) ;
#1682 = CIRCLE ( 'NONE', #5942, 45.00000000000001421 ) ;
#1683 = EDGE_LOOP ( 'NONE', ( #4213, #4033, #1175, #8420, #2354 ) ) ;
#1684 = CARTESIAN_POINT ( 'NONE',  ( 71.34394437931587163, -1655.178536861194971, 17.99942521089063519 ) ) ;
#1685 = CIRCLE ( 'NONE', #636, 245.0000000000000000 ) ;
#1686 = LINE ( 'NONE', #1026, #4906 ) ;
#1687 = ORIENTED_EDGE ( 'NONE', *, *, #7953, .F. ) ;
#1688 = FACE_OUTER_BOUND ( 'NONE', #4893, .T. ) ;
#1689 = DIRECTION ( 'NONE',  ( 1.000000000000000000, 0.000000000000000000, 0.000000000000000000 ) ) ;
#1690 = CARTESIAN_POINT ( 'NONE',  ( 310.4757059743467380, -1105.999999999999773, -297.0000000000000568 ) ) ;
#1691 = VERTEX_POINT ( 'NONE', #5033 ) ;
#1692 = VECTOR ( 'NONE', #3726, 1000.000000000000000 ) ;
#1693 = ADVANCED_FACE ( 'NONE', ( #6508 ), #5825, .F. ) ;
#1694 = DIRECTION ( 'NONE',  ( 1.000000000000000000, -0.000000000000000000, -0.000000000000000000 ) ) ;
#1695 = AXIS2_PLACEMENT_3D ( 'NONE', #6606, #2282, #7396 ) ;
#1696 = ORIENTED_EDGE ( 'NONE', *, *, #2659, .T. ) ;
#1697 = ORIENTED_EDGE ( 'NONE', *, *, #1437, .F. ) ;
#1698 = ORIENTED_EDGE ( 'NONE', *, *, #8491, .F. ) ;
#1699 = DIRECTION ( 'NONE',  ( -0.000000000000000000, -0.000000000000000000, -1.000000000000000000 ) ) ;
#1700 = CARTESIAN_POINT ( 'NONE',  ( -241.2778994879909646, -42.54380352839819324, -190.0000000000001137 ) ) ;
#1701 = CARTESIAN_POINT ( 'NONE',  ( 256.1534663061170818, 90.00000000000001421, -422.6215595562167096 ) ) ;
#1702 = DIRECTION ( 'NONE',  ( -7.772245805989896776E-17, 1.000000000000000000, 3.469446951953608765E-16 ) ) ;
#1703 = CARTESIAN_POINT ( 'NONE',  ( -41.98703796742368866, -1623.552911654288664, -3.771700291303617725 ) ) ;
#1704 = VECTOR ( 'NONE', #5633, 1000.000000000000000 ) ;
#1705 = ORIENTED_EDGE ( 'NONE', *, *, #5749, .T. ) ;
#1706 = CARTESIAN_POINT ( 'NONE',  ( 310.4757059743466243, -435.9999999999998863, 297.0000000000000000 ) ) ;
#1707 = ORIENTED_EDGE ( 'NONE', *, *, #354, .T. ) ;
#1708 = DIRECTION ( 'NONE',  ( 0.8386705679454290463, -0.5446390350150194237, 0.000000000000000000 ) ) ;
#1709 = EDGE_CURVE ( 'NONE', #5461, #4410, #3186, .T. ) ;
#1710 = EDGE_CURVE ( 'NONE', #8514, #7880, #6366, .T. ) ;
#1711 = DIRECTION ( 'NONE',  ( -0.9848077530122077983, -0.1736481776669321631, 0.000000000000000000 ) ) ;
#1712 = VERTEX_POINT ( 'NONE', #7529 ) ;
#1713 = LINE ( 'NONE', #7248, #3456 ) ;
#1714 = CARTESIAN_POINT ( 'NONE',  ( 324.9999999999999432, 184.0000000000000000, -317.5000000000000000 ) ) ;
#1715 = CARTESIAN_POINT ( 'NONE',  ( 303.9077434975146730, -252.2665186545951599, -99.00000000000002842 ) ) ;
#1716 = ORIENTED_EDGE ( 'NONE', *, *, #2396, .T. ) ;
#1717 = CARTESIAN_POINT ( 'NONE',  ( -19.58484753669445411, -1594.552824406148829, 2.204364238465246472E-15 ) ) ;
#1718 = DIRECTION ( 'NONE',  ( 1.000000000000000000, 1.596294787383402785E-16, -0.000000000000000000 ) ) ;
#1719 = DIRECTION ( 'NONE',  ( -1.000000000000000000, 0.000000000000000000, 0.000000000000000000 ) ) ;
#1720 = CARTESIAN_POINT ( 'NONE',  ( 170.6768463858291796, -183.5539237235150551, 199.7752372554975864 ) ) ;
#1721 = EDGE_CURVE ( 'NONE', #6481, #7938, #7113, .T. ) ;
#1722 = DIRECTION ( 'NONE',  ( 0.4067366430757978768, 0.9135454576426019768, 0.000000000000000000 ) ) ;
#1723 = EDGE_CURVE ( 'NONE', #2533, #6428, #4567, .T. ) ;
#1724 = ORIENTED_EDGE ( 'NONE', *, *, #6727, .T. ) ;
#1725 = CARTESIAN_POINT ( 'NONE',  ( 295.9999999999999432, -195.9999999999999147, 425.0000000000000000 ) ) ;
#1726 = ORIENTED_EDGE ( 'NONE', *, *, #4130, .T. ) ;
#1727 = PLANE ( 'NONE',  #5488 ) ;
#1728 = CARTESIAN_POINT ( 'NONE',  ( -222.1249176866119228, -151.1657610100270119, -424.3210852087648277 ) ) ;
#1729 = PLANE ( 'NONE',  #4757 ) ;
#1730 = ORIENTED_EDGE ( 'NONE', *, *, #433, .T. ) ;
#1731 = VECTOR ( 'NONE', #529, 1000.000000000000000 ) ;
#1732 = CARTESIAN_POINT ( 'NONE',  ( 310.4757059743466243, -298.9999999999999432, 425.0000000000000000 ) ) ;
#1733 = VERTEX_POINT ( 'NONE', #1061 ) ;
#1734 = ORIENTED_EDGE ( 'NONE', *, *, #3363, .F. ) ;
#1735 = ORIENTED_EDGE ( 'NONE', *, *, #9062, .T. ) ;
#1736 = CARTESIAN_POINT ( 'NONE',  ( 70.47570597434686590, -1661.574953292219334, -16.75626627582904149 ) ) ;
#1737 = DIRECTION ( 'NONE',  ( -0.1391731009600695457, 0.9902680687415696958, 0.000000000000000000 ) ) ;
#1738 = FACE_OUTER_BOUND ( 'NONE', #8237, .T. ) ;
#1739 = EDGE_CURVE ( 'NONE', #884, #5894, #8090, .T. ) ;
#1740 = FACE_OUTER_BOUND ( 'NONE', #422, .T. ) ;
#1741 = CARTESIAN_POINT ( 'NONE',  ( -35.98165602387511797, -1624.044238121990702, -8.999965490555839054 ) ) ;
#1742 = ADVANCED_FACE ( 'NONE', ( #3097 ), #3926, .F. ) ;
#1743 = ORIENTED_EDGE ( 'NONE', *, *, #8194, .T. ) ;
#1744 = CYLINDRICAL_SURFACE ( 'NONE', #1996, 44.99999999999995737 ) ;
#1745 = VECTOR ( 'NONE', #4158, 1000.000000000000000 ) ;
#1746 = VERTEX_POINT ( 'NONE', #449 ) ;
#1747 = LINE ( 'NONE', #7380, #327 ) ;
#1748 = DIRECTION ( 'NONE',  ( 0.8386705679454253826, -0.5446390350150249748, 0.000000000000000000 ) ) ;
#1749 = VERTEX_POINT ( 'NONE', #2495 ) ;
#1750 = DIRECTION ( 'NONE',  ( 1.000000000000000000, 1.596294787383402785E-16, -0.000000000000000000 ) ) ;
#1751 = LINE ( 'NONE', #1057, #5003 ) ;
#1752 = AXIS2_PLACEMENT_3D ( 'NONE', #2357, #5348, #4529 ) ;
#1753 = DIRECTION ( 'NONE',  ( -3.083952846180991267E-16, 1.000000000000000000, 0.000000000000000000 ) ) ;
#1754 = EDGE_LOOP ( 'NONE', ( #3882, #4908, #6636, #3764, #2963 ) ) ;
#1755 = DIRECTION ( 'NONE',  ( 0.000000000000000000, 1.000000000000000000, 1.734723475976804383E-16 ) ) ;
#1756 = DIRECTION ( 'NONE',  ( -3.083952846180987322E-16, 1.000000000000000000, 0.000000000000000000 ) ) ;
#1757 = CARTESIAN_POINT ( 'NONE',  ( 255.4757059743467664, -851.0000000000000000, 252.0000000000000000 ) ) ;
#1758 = CARTESIAN_POINT ( 'NONE',  ( 158.6822155287966609, -188.2169946097151580, 192.0455173241830948 ) ) ;
#1759 = ADVANCED_FACE ( 'NONE', ( #8179 ), #8052, .F. ) ;
#1760 = LINE ( 'NONE', #6648, #1239 ) ;
#1761 = EDGE_CURVE ( 'NONE', #8606, #5570, #5908, .T. ) ;
#1762 = VERTEX_POINT ( 'NONE', #8858 ) ;
#1763 = EDGE_CURVE ( 'NONE', #6118, #709, #1207, .T. ) ;
#1764 = CARTESIAN_POINT ( 'NONE',  ( 310.4757059743466812, -725.9999999999998863, 98.99999999999995737 ) ) ;
#1765 = ORIENTED_EDGE ( 'NONE', *, *, #4314, .F. ) ;
#1766 = CARTESIAN_POINT ( 'NONE',  ( 245.7196715970460730, -233.1366183439936037, -309.9897372296832145 ) ) ;
#1767 = CARTESIAN_POINT ( 'NONE',  ( -221.7284147591632859, -153.4144408538919038, -423.8921774753510476 ) ) ;
#1768 = LINE ( 'NONE', #6574, #6380 ) ;
#1769 = ORIENTED_EDGE ( 'NONE', *, *, #692, .T. ) ;
#1770 = EDGE_CURVE ( 'NONE', #1435, #7910, #5223, .T. ) ;
#1771 = DIRECTION ( 'NONE',  ( 1.596294787383402785E-16, -1.000000000000000000, 0.000000000000000000 ) ) ;
#1772 = CIRCLE ( 'NONE', #2219, 19.99999999999990052 ) ;
#1773 = VERTEX_POINT ( 'NONE', #5956 ) ;
#1774 = EDGE_LOOP ( 'NONE', ( #5125, #4561, #3209, #6735 ) ) ;
#1775 = VERTEX_POINT ( 'NONE', #8912 ) ;
#1776 = CARTESIAN_POINT ( 'NONE',  ( 319.9999999999999432, 184.0000000000000000, -99.99999999999997158 ) ) ;
#1777 = DIRECTION ( 'NONE',  ( -0.1736481776669321631, 0.9848077530122076872, 0.000000000000000000 ) ) ;
#1778 = DIRECTION ( 'NONE',  ( 1.000000000000000000, 5.551115123125777969E-15, -0.000000000000000000 ) ) ;
#1779 = DIRECTION ( 'NONE',  ( 0.4067366430757978768, 0.9135454576426019768, -0.000000000000000000 ) ) ;
#1780 = LINE ( 'NONE', #5197, #2714 ) ;
#1781 = CARTESIAN_POINT ( 'NONE',  ( 70.47570597434686590, -1661.019580355183734, 16.93866242688202917 ) ) ;
#1782 = VERTEX_POINT ( 'NONE', #4658 ) ;
#1783 = CIRCLE ( 'NONE', #4723, 17.50000000000002842 ) ;
#1784 = ORIENTED_EDGE ( 'NONE', *, *, #400, .T. ) ;
#1785 = CARTESIAN_POINT ( 'NONE',  ( 389.2348571395701811, -461.4200842584472184, 252.0000000000000000 ) ) ;
#1786 = EDGE_CURVE ( 'NONE', #1328, #7489, #3581, .T. ) ;
#1787 = AXIS2_PLACEMENT_3D ( 'NONE', #7192, #6485, #1467 ) ;
#1788 = CIRCLE ( 'NONE', #3574, 9.999999999999959144 ) ;
#1789 = LINE ( 'NONE', #4603, #4034 ) ;
#1791 = ORIENTED_EDGE ( 'NONE', *, *, #8941, .T. ) ;
#1790 = EDGE_CURVE ( 'NONE', #3822, #2635, #7439, .T. ) ;
#1792 = LINE ( 'NONE', #6126, #4630 ) ;
#1793 = CIRCLE ( 'NONE', #770, 12.00000000000003908 ) ;
#1794 = CARTESIAN_POINT ( 'NONE',  ( -1.378017359753062989E-11, -1641.019580355182825, 25.00000000000000000 ) ) ;
#1795 = DIRECTION ( 'NONE',  ( -0.000000000000000000, -0.000000000000000000, -1.000000000000000000 ) ) ;
#1796 = ORIENTED_EDGE ( 'NONE', *, *, #3001, .F. ) ;
#1797 = PLANE ( 'NONE',  #1075 ) ;
#1798 = DIRECTION ( 'NONE',  ( -0.9848077530122077983, -0.1736481776669321353, -0.000000000000000000 ) ) ;
#1799 = LINE ( 'NONE', #1940, #4027 ) ;
#1800 = CARTESIAN_POINT ( 'NONE',  ( 168.7681821140533316, -184.0913856289779460, 198.2129863956882332 ) ) ;
#1801 = VECTOR ( 'NONE', #4190, 1000.000000000000000 ) ;
#1802 = DIRECTION ( 'NONE',  ( 1.000000000000000000, 1.596294787383403032E-16, -0.000000000000000000 ) ) ;
#1803 = CIRCLE ( 'NONE', #3594, 245.0000000000000000 ) ;
#1804 = ORIENTED_EDGE ( 'NONE', *, *, #5238, .F. ) ;
#1805 = AXIS2_PLACEMENT_3D ( 'NONE', #6252, #6295, #1308 ) ;
#1806 = LINE ( 'NONE', #3191, #1231 ) ;
#1807 = VERTEX_POINT ( 'NONE', #1109 ) ;
#1808 = DIRECTION ( 'NONE',  ( -0.8386705679454260487, 0.5446390350150239756, -0.000000000000000000 ) ) ;
#1809 = LINE ( 'NONE', #1072, #4671 ) ;
#1810 = PLANE ( 'NONE',  #1814 ) ;
#1811 = VERTEX_POINT ( 'NONE', #2535 ) ;
#1812 = AXIS2_PLACEMENT_3D ( 'NONE', #5595, #4302, #794 ) ;
#1813 = ADVANCED_FACE ( 'NONE', ( #5397 ), #1017, .F. ) ;
#1814 = AXIS2_PLACEMENT_3D ( 'NONE', #6146, #2689, #7592 ) ;
#1815 = CIRCLE ( 'NONE', #3742, 44.99999999999992895 ) ;
#1816 = EDGE_CURVE ( 'NONE', #7400, #132, #1793, .T. ) ;
#1817 = CARTESIAN_POINT ( 'NONE',  ( 324.9999999999999432, 184.0000000000000000, -99.99999999999997158 ) ) ;
#1818 = ORIENTED_EDGE ( 'NONE', *, *, #1374, .F. ) ;
#1819 = VERTEX_POINT ( 'NONE', #4701 ) ;
#1820 = VERTEX_POINT ( 'NONE', #3140 ) ;
#1821 = CIRCLE ( 'NONE', #798, 30.00000000000006395 ) ;
#1822 = ADVANCED_FACE ( 'NONE', ( #8787 ), #2457, .F. ) ;
#1823 = DIRECTION ( 'NONE',  ( 0.1736481776669320798, -0.9848077530122077983, 0.000000000000000000 ) ) ;
#1824 = DIRECTION ( 'NONE',  ( 0.000000000000000000, 0.000000000000000000, -1.000000000000000000 ) ) ;
#1825 = AXIS2_PLACEMENT_3D ( 'NONE', #8091, #7484, #8126 ) ;
#1826 = CARTESIAN_POINT ( 'NONE',  ( 63.12186535763325423, -435.9999999999999432, 297.0000000000000000 ) ) ;
#1827 = CARTESIAN_POINT ( 'NONE',  ( 255.4757059743467096, -390.9999999999999432, -297.0000000000000568 ) ) ;
#1828 = VECTOR ( 'NONE', #4881, 1000.000000000000000 ) ;
#1829 = DIRECTION ( 'NONE',  ( 1.000000000000000000, 0.000000000000000000, 0.000000000000000000 ) ) ;
#1830 = ORIENTED_EDGE ( 'NONE', *, *, #8497, .F. ) ;
#1831 = CARTESIAN_POINT ( 'NONE',  ( 245.7196715970460730, -233.1366183439936037, -284.0102627703168992 ) ) ;
#1832 = VECTOR ( 'NONE', #1348, 1000.000000000000000 ) ;
#1833 = VERTEX_POINT ( 'NONE', #4798 ) ;
#1834 = ORIENTED_EDGE ( 'NONE', *, *, #5028, .F. ) ;
#1835 = EDGE_CURVE ( 'NONE', #1164, #2899, #5756, .T. ) ;
#1836 = CIRCLE ( 'NONE', #2573, 8.749999999999994671 ) ;
#1837 = CARTESIAN_POINT ( 'NONE',  ( 259.8792377091425578, 90.00000000000001421, 415.0000000000000000 ) ) ;
#1838 = CARTESIAN_POINT ( 'NONE',  ( 320.4757059743469085, -969.0000000000000000, 425.0000000000000000 ) ) ;
#1839 = DIRECTION ( 'NONE',  ( 1.000000000000000000, 1.596294787383402785E-16, 0.000000000000000000 ) ) ;
#1840 = CIRCLE ( 'NONE', #6711, 44.99999999999998579 ) ;
#1841 = ORIENTED_EDGE ( 'NONE', *, *, #3350, .F. ) ;
#1842 = DIRECTION ( 'NONE',  ( 1.000000000000000000, 0.000000000000000000, 0.000000000000000000 ) ) ;
#1843 = CARTESIAN_POINT ( 'NONE',  ( -142.4198670025160993, -221.3547442892019035, -221.5454025849672632 ) ) ;
#1844 = CARTESIAN_POINT ( 'NONE',  ( 310.4757059743466812, -770.9999999999998863, 98.99999999999995737 ) ) ;
#1845 = AXIS2_PLACEMENT_3D ( 'NONE', #2477, #8070, #1737 ) ;
#1846 = DIRECTION ( 'NONE',  ( 1.000000000000000000, 1.596294787383402785E-16, -0.000000000000000000 ) ) ;
#1847 = ORIENTED_EDGE ( 'NONE', *, *, #4664, .F. ) ;
#1848 = CARTESIAN_POINT ( 'NONE',  ( 255.4757059743467664, -851.0000000000000000, -54.00000000000007816 ) ) ;
#1849 = DIRECTION ( 'NONE',  ( 0.000000000000000000, 0.000000000000000000, 1.000000000000000000 ) ) ;
#1850 = EDGE_CURVE ( 'NONE', #5558, #9104, #7699, .T. ) ;
#1851 = DIRECTION ( 'NONE',  ( 0.000000000000000000, -0.000000000000000000, -1.000000000000000000 ) ) ;
#1852 = EDGE_CURVE ( 'NONE', #690, #1599, #2979, .T. ) ;
#1853 = CARTESIAN_POINT ( 'NONE',  ( 282.1454300350113726, -1748.319521313477935, 425.0000000000000000 ) ) ;
#1854 = VERTEX_POINT ( 'NONE', #2073 ) ;
#1855 = LINE ( 'NONE', #2594, #2418 ) ;
#1856 = EDGE_LOOP ( 'NONE', ( #8196, #6093, #5500, #3041 ) ) ;
#1857 = CARTESIAN_POINT ( 'NONE',  ( 286.0588745030455584, 184.0000000000000000, 300.0000000000000568 ) ) ;
#1858 = CARTESIAN_POINT ( 'NONE',  ( -221.1467213400056551, -156.7133881665515389, -423.0049506987047607 ) ) ;
#1859 = CARTESIAN_POINT ( 'NONE',  ( 63.12186535763336792, -770.9999999999998863, 53.99999999999997158 ) ) ;
#1860 = EDGE_LOOP ( 'NONE', ( #6723, #2408 ) ) ;
#1861 = CARTESIAN_POINT ( 'NONE',  ( 255.4757059743467664, -1441.000000000000000, 98.99999999999995737 ) ) ;
#1862 = ORIENTED_EDGE ( 'NONE', *, *, #7027, .T. ) ;
#1863 = ORIENTED_EDGE ( 'NONE', *, *, #5861, .F. ) ;
#1864 = ORIENTED_EDGE ( 'NONE', *, *, #8716, .T. ) ;
#1865 = CARTESIAN_POINT ( 'NONE',  ( 310.4757059743466243, -435.9999999999998863, -99.00000000000004263 ) ) ;
#1866 = CIRCLE ( 'NONE', #4527, 275.0222139978606606 ) ;
#1867 = EDGE_CURVE ( 'NONE', #3304, #1409, #2031, .T. ) ;
#1868 = CARTESIAN_POINT ( 'NONE',  ( 116.9180103339600407, -1641.019580355183962, 25.00000000000002132 ) ) ;
#1869 = CARTESIAN_POINT ( 'NONE',  ( 78.28365408490273580, -1676.879768831602632, 4.615568302904279108 ) ) ;
#1870 = CARTESIAN_POINT ( 'NONE',  ( 369.9999999999999432, -115.9999999999999858, 328.7500000000000000 ) ) ;
#1871 = DIRECTION ( 'NONE',  ( 0.000000000000000000, 1.000000000000000000, 0.000000000000000000 ) ) ;
#1872 = ORIENTED_EDGE ( 'NONE', *, *, #8571, .F. ) ;
#1873 = CARTESIAN_POINT ( 'NONE',  ( 329.9999999999999432, -115.9999999999999858, 91.25000000000000000 ) ) ;
#1874 =( BOUNDED_CURVE ( )  B_SPLINE_CURVE ( 3, ( #1016, #3661, #8690, #1717 ),
 .UNSPECIFIED., .F., .T. ) 
 B_SPLINE_CURVE_WITH_KNOTS ( ( 4, 4 ),
 ( 5.789641317413201094, 6.283185307179586232 ),
 .UNSPECIFIED. ) 
 CURVE ( )  GEOMETRIC_REPRESENTATION_ITEM ( )  RATIONAL_B_SPLINE_CURVE ( ( 1.000000000000000000, 0.9798039956883402013, 0.9798039956883402013, 1.000000000000000000 ) ) 
 REPRESENTATION_ITEM ( '' )  );
#1875 = EDGE_CURVE ( 'NONE', #4503, #6118, #1506, .T. ) ;
#1876 = EDGE_LOOP ( 'NONE', ( #678, #1796, #5782, #5009, #907 ) ) ;
#1877 = ORIENTED_EDGE ( 'NONE', *, *, #6107, .T. ) ;
#1878 = EDGE_CURVE ( 'NONE', #1960, #7780, #7849, .T. ) ;
#1879 = CARTESIAN_POINT ( 'NONE',  ( 324.9999999999999432, 184.0000000000000000, -117.5000000000000142 ) ) ;
#1880 = DIRECTION ( 'NONE',  ( 0.000000000000000000, 1.000000000000000000, 0.000000000000000000 ) ) ;
#1881 = EDGE_CURVE ( 'NONE', #2558, #4785, #4840, .T. ) ;
#1882 = EDGE_CURVE ( 'NONE', #4674, #1027, #503, .T. ) ;
#1883 = CARTESIAN_POINT ( 'NONE',  ( 63.12186535763335371, -725.9999999999998863, 98.99999999999995737 ) ) ;
#1884 = VERTEX_POINT ( 'NONE', #9054 ) ;
#1885 = FACE_OUTER_BOUND ( 'NONE', #6233, .T. ) ;
#1886 = PLANE ( 'NONE',  #7548 ) ;
#1887 = CARTESIAN_POINT ( 'NONE',  ( 324.9999999999999432, 184.0000000000000000, 100.0000000000000284 ) ) ;
#1888 = LINE ( 'NONE', #8405, #3602 ) ;
#1889 = EDGE_LOOP ( 'NONE', ( #8006, #1301, #3673, #8684 ) ) ;
#1890 = CARTESIAN_POINT ( 'NONE',  ( 100.6118822656829650, -1687.425222369551875, 25.00000000000000000 ) ) ;
#1891 = DIRECTION ( 'NONE',  ( 1.000000000000000000, 0.000000000000000000, 0.000000000000000000 ) ) ;
#1892 = LINE ( 'NONE', #4702, #7731 ) ;
#1893 = CARTESIAN_POINT ( 'NONE',  ( 320.4757059743469085, -298.9999999999999432, -425.0000000000000000 ) ) ;
#1894 = CARTESIAN_POINT ( 'NONE',  ( -18.58610902079638194, -1597.348912799730215, -8.527498285527562061 ) ) ;
#1895 = EDGE_CURVE ( 'NONE', #2864, #7397, #5337, .T. ) ;
#1896 = VERTEX_POINT ( 'NONE', #6314 ) ;
#1897 = EDGE_CURVE ( 'NONE', #801, #8644, #6133, .T. ) ;
#1898 = DIRECTION ( 'NONE',  ( 0.5150380749100574862, 1.049727191138616354E-16, 0.8571673007021104462 ) ) ;
#1899 = ORIENTED_EDGE ( 'NONE', *, *, #6445, .F. ) ;
#1900 = DIRECTION ( 'NONE',  ( -0.5446390350150241977, -0.8386705679454259377, 0.000000000000000000 ) ) ;
#1901 = CARTESIAN_POINT ( 'NONE',  ( -219.8484226874253409, -164.0764057113640320, -418.7009867413033817 ) ) ;
#1902 = LINE ( 'NONE', #7540, #188 ) ;
#1903 = ORIENTED_EDGE ( 'NONE', *, *, #6396, .T. ) ;
#1904 = CIRCLE ( 'NONE', #3353, 45.00000000000000711 ) ;
#1905 = ADVANCED_FACE ( 'NONE', ( #9141 ), #1939, .F. ) ;
#1906 = CIRCLE ( 'NONE', #726, 9.999999999999959144 ) ;
#1907 = CARTESIAN_POINT ( 'NONE',  ( 286.0588745030455584, 184.0000000000000000, -300.0000000000000000 ) ) ;
#1908 = ORIENTED_EDGE ( 'NONE', *, *, #9129, .T. ) ;
#1909 = ADVANCED_FACE ( 'NONE', ( #9000 ), #4102, .F. ) ;
#1911 = ORIENTED_EDGE ( 'NONE', *, *, #8170, .T. ) ;
#1910 = CIRCLE ( 'NONE', #7080, 44.99999999999998579 ) ;
#1912 = VERTEX_POINT ( 'NONE', #4939 ) ;
#1913 = CYLINDRICAL_SURFACE ( 'NONE', #6511, 275.0222139978606606 ) ;
#1914 = CARTESIAN_POINT ( 'NONE',  ( -475.0005044061812782, -331.4401067960022260, -297.0000000000000568 ) ) ;
#1915 = CARTESIAN_POINT ( 'NONE',  ( 675.6902476819301455, -438.7983774941484967, 425.0000000000000000 ) ) ;
#1916 = CARTESIAN_POINT ( 'NONE',  ( 324.9999999999999432, 184.0000000000000000, 100.0000000000000284 ) ) ;
#1917 = DIRECTION ( 'NONE',  ( 0.000000000000000000, 1.000000000000000000, 0.000000000000000000 ) ) ;
#1918 = ORIENTED_EDGE ( 'NONE', *, *, #3852, .T. ) ;
#1919 = CARTESIAN_POINT ( 'NONE',  ( -20.79778973703604805, -1615.212058903708112, -17.95675707088961914 ) ) ;
#1920 = ORIENTED_EDGE ( 'NONE', *, *, #3060, .T. ) ;
#1921 = ORIENTED_EDGE ( 'NONE', *, *, #568, .F. ) ;
#1922 = EDGE_CURVE ( 'NONE', #4598, #1782, #6375, .T. ) ;
#1923 = CARTESIAN_POINT ( 'NONE',  ( 369.9999999999999432, 184.0000000000000000, -288.0000000000000000 ) ) ;
#1924 = DIRECTION ( 'NONE',  ( 1.000000000000000000, 0.000000000000000000, -0.000000000000000000 ) ) ;
#1925 = EDGE_CURVE ( 'NONE', #8226, #1819, #1190, .T. ) ;
#1926 = EDGE_CURVE ( 'NONE', #1305, #8247, #5442, .T. ) ;
#1927 = CIRCLE ( 'NONE', #897, 44.99999999999992895 ) ;
#1928 = FACE_OUTER_BOUND ( 'NONE', #6994, .T. ) ;
#1929 = ORIENTED_EDGE ( 'NONE', *, *, #4314, .T. ) ;
#1930 = DIRECTION ( 'NONE',  ( -1.000000000000000000, 0.000000000000000000, 0.000000000000000000 ) ) ;
#1931 = EDGE_CURVE ( 'NONE', #1912, #3414, #3409, .T. ) ;
#1932 = LINE ( 'NONE', #498, #1658 ) ;
#1933 = AXIS2_PLACEMENT_3D ( 'NONE', #2717, #4649, #7561 ) ;
#1934 = FACE_OUTER_BOUND ( 'NONE', #1418, .T. ) ;
#1935 = AXIS2_PLACEMENT_3D ( 'NONE', #695, #2035, #2773 ) ;
#1936 = DIRECTION ( 'NONE',  ( 1.000000000000000000, 1.596294787383402785E-16, -0.000000000000000000 ) ) ;
#1937 = VERTEX_POINT ( 'NONE', #5814 ) ;
#1938 = CARTESIAN_POINT ( 'NONE',  ( 0.000000000000000000, 0.000000000000000000, -275.0000000000000000 ) ) ;
#1939 = PLANE ( 'NONE',  #8449 ) ;
#1940 = CARTESIAN_POINT ( 'NONE',  ( 310.4757059743466243, -516.0000000000000000, 143.9999999999999432 ) ) ;
#1941 = CARTESIAN_POINT ( 'NONE',  ( 324.9999999999999432, 184.0000000000000000, -99.99999999999997158 ) ) ;
#1942 = VECTOR ( 'NONE', #668, 1000.000000000000227 ) ;
#1943 = EDGE_LOOP ( 'NONE', ( #9126, #3149, #7070, #4499, #7228 ) ) ;
#1944 = CARTESIAN_POINT ( 'NONE',  ( 116.9180103339598702, -1641.019580355183507, 25.00000000000000000 ) ) ;
#1945 = AXIS2_PLACEMENT_3D ( 'NONE', #5084, #182, #7952 ) ;
#1946 = ORIENTED_EDGE ( 'NONE', *, *, #2170, .T. ) ;
#1947 = CYLINDRICAL_SURFACE ( 'NONE', #4675, 50.00000000000000000 ) ;
#1948 = DIRECTION ( 'NONE',  ( -0.8386705679454261597, 0.5446390350150238646, 0.000000000000000000 ) ) ;
#1949 = ORIENTED_EDGE ( 'NONE', *, *, #6923, .F. ) ;
#1950 = CARTESIAN_POINT ( 'NONE',  ( 726.0104817586559420, -471.4767195950502696, 376.0000000000000000 ) ) ;
#1951 = DIRECTION ( 'NONE',  ( 1.000000000000000000, 1.596294787383402785E-16, -0.000000000000000000 ) ) ;
#1952 = AXIS2_PLACEMENT_3D ( 'NONE', #6210, #398, #3211 ) ;
#1953 = CARTESIAN_POINT ( 'NONE',  ( 369.9999999999999432, -115.9999999999999858, -108.7500000000000142 ) ) ;
#1954 = VERTEX_POINT ( 'NONE', #7204 ) ;
#1955 = CARTESIAN_POINT ( 'NONE',  ( 195.2188146641918536, -182.1211685598205463, -228.0667192098939609 ) ) ;
#1956 = AXIS2_PLACEMENT_3D ( 'NONE', #5421, #8979, #8204 ) ;
#1957 = ORIENTED_EDGE ( 'NONE', *, *, #7123, .F. ) ;
#1958 = AXIS2_PLACEMENT_3D ( 'NONE', #8342, #4124, #3436 ) ;
#1959 = ORIENTED_EDGE ( 'NONE', *, *, #7572, .T. ) ;
#1960 = VERTEX_POINT ( 'NONE', #5859 ) ;
#1961 = DIRECTION ( 'NONE',  ( -1.000000000000000000, 0.000000000000000000, 0.000000000000000000 ) ) ;
#1962 = LINE ( 'NONE', #570, #6972 ) ;
#1963 = CARTESIAN_POINT ( 'NONE',  ( 320.4757059743469085, -633.9999999999998863, -425.0000000000000000 ) ) ;
#1964 = CARTESIAN_POINT ( 'NONE',  ( 100.6118822656829650, -1687.425222369551875, 1.275620236539608321 ) ) ;
#1965 = CARTESIAN_POINT ( 'NONE',  ( 63.12186535763336792, -1105.999999999999773, 53.99999999999997158 ) ) ;
#1966 = ORIENTED_EDGE ( 'NONE', *, *, #828, .T. ) ;
#1967 = CARTESIAN_POINT ( 'NONE',  ( -19.14775665321448983, -1612.211724416285961, -17.88570988571534315 ) ) ;
#1968 = VECTOR ( 'NONE', #3094, 1000.000000000000000 ) ;
#1969 = EDGE_CURVE ( 'NONE', #1819, #521, #7065, .T. ) ;
#1970 = ORIENTED_EDGE ( 'NONE', *, *, #7378, .F. ) ;
#1971 = VECTOR ( 'NONE', #181, 1000.000000000000000 ) ;
#1972 = ORIENTED_EDGE ( 'NONE', *, *, #4046, .T. ) ;
#1973 = VECTOR ( 'NONE', #594, 1000.000000000000000 ) ;
#1974 = CARTESIAN_POINT ( 'NONE',  ( 245.7196715970460730, -233.1366183439936037, 376.0000000000000000 ) ) ;
#1975 = DIRECTION ( 'NONE',  ( 1.000000000000000000, 1.596294787383403032E-16, -0.000000000000000000 ) ) ;
#1976 = AXIS2_PLACEMENT_3D ( 'NONE', #3177, #2525, #1051 ) ;
#1977 = LINE ( 'NONE', #4241, #5357 ) ;
#1978 = VERTEX_POINT ( 'NONE', #6548 ) ;
#1979 = CARTESIAN_POINT ( 'NONE',  ( -150.6335507458523466, -556.6134506007708751, 54.00000000000000711 ) ) ;
#1980 = AXIS2_PLACEMENT_3D ( 'NONE', #1907, #8141, #563 ) ;
#1981 = CARTESIAN_POINT ( 'NONE',  ( 0.000000000000000000, 0.000000000000000000, 242.0000000000000000 ) ) ;
#1982 = DIRECTION ( 'NONE',  ( 0.000000000000000000, 1.000000000000000000, 0.000000000000000000 ) ) ;
#1983 = EDGE_CURVE ( 'NONE', #1471, #5975, #3212, .T. ) ;
#1984 = CARTESIAN_POINT ( 'NONE',  ( 255.4757059743467664, -516.0000000000000000, -342.0000000000000568 ) ) ;
#1985 = EDGE_LOOP ( 'NONE', ( #1791, #267, #9087, #7188 ) ) ;
#1986 = CARTESIAN_POINT ( 'NONE',  ( 320.4757059743469085, -1639.000000000000000, 425.0000000000000000 ) ) ;
#1987 = DIRECTION ( 'NONE',  ( 0.000000000000000000, 0.000000000000000000, -1.000000000000000000 ) ) ;
#1988 = EDGE_CURVE ( 'NONE', #5916, #5169, #269, .T. ) ;
#1989 = FACE_OUTER_BOUND ( 'NONE', #4651, .T. ) ;
#1990 = CYLINDRICAL_SURFACE ( 'NONE', #7346, 45.00000000000000711 ) ;
#1991 = CIRCLE ( 'NONE', #5674, 12.00000000000001066 ) ;
#1992 = FACE_OUTER_BOUND ( 'NONE', #6076, .T. ) ;
#1993 = VERTEX_POINT ( 'NONE', #3085 ) ;
#1994 = LINE ( 'NONE', #1853, #2135 ) ;
#1995 = ORIENTED_EDGE ( 'NONE', *, *, #1248, .T. ) ;
#1996 = AXIS2_PLACEMENT_3D ( 'NONE', #2385, #5195, #5978 ) ;
#1997 = DIRECTION ( 'NONE',  ( -0.000000000000000000, -0.000000000000000000, -1.000000000000000000 ) ) ;
#1998 = DIRECTION ( 'NONE',  ( 0.000000000000000000, 1.000000000000000000, 0.000000000000000000 ) ) ;
#1999 = VERTEX_POINT ( 'NONE', #970 ) ;
#2000 = CARTESIAN_POINT ( 'NONE',  ( -81.17427967907944719, -950.5365518056539713, -53.99999999999999289 ) ) ;
#2001 = CARTESIAN_POINT ( 'NONE',  ( 310.4757059743466812, -851.0000000000001137, -342.0000000000000568 ) ) ;
#2002 = EDGE_CURVE ( 'NONE', #7253, #4078, #7297, .T. ) ;
#2003 = CARTESIAN_POINT ( 'NONE',  ( 310.4757059743467380, -851.0000000000001137, -342.0000000000001137 ) ) ;
#2004 = ORIENTED_EDGE ( 'NONE', *, *, #1008, .F. ) ;
#2005 = ADVANCED_FACE ( 'NONE', ( #4210 ), #1475, .F. ) ;
#2006 = DIRECTION ( 'NONE',  ( -1.000000000000000000, -0.000000000000000000, -0.000000000000000000 ) ) ;
#2007 = ORIENTED_EDGE ( 'NONE', *, *, #6356, .F. ) ;
#2008 = VERTEX_POINT ( 'NONE', #5681 ) ;
#2009 = ORIENTED_EDGE ( 'NONE', *, *, #8737, .T. ) ;
#2010 = CARTESIAN_POINT ( 'NONE',  ( 85.34588154764411172, -1641.688335512635831, 3.703608971788416859 ) ) ;
#2011 = DIRECTION ( 'NONE',  ( 1.000000000000000000, 1.596294787383402785E-16, 0.000000000000000000 ) ) ;
#2012 = CARTESIAN_POINT ( 'NONE',  ( -154.2906801602892131, -245.3096549777295365, -375.9999999999999432 ) ) ;
#2013 = LINE ( 'NONE', #7092, #3201 ) ;
#2014 = FACE_OUTER_BOUND ( 'NONE', #1097, .T. ) ;
#2015 = VERTEX_POINT ( 'NONE', #8460 ) ;
#2016 = CARTESIAN_POINT ( 'NONE',  ( -26.63920785697676763, -1620.929393744198251, -15.61608785225502416 ) ) ;
#2017 = ORIENTED_EDGE ( 'NONE', *, *, #5592, .F. ) ;
#2018 = ORIENTED_EDGE ( 'NONE', *, *, #6607, .T. ) ;
#2019 = EDGE_CURVE ( 'NONE', #2077, #4503, #6502, .T. ) ;
#2020 = FACE_OUTER_BOUND ( 'NONE', #1059, .T. ) ;
#2021 = DIRECTION ( 'NONE',  ( -0.000000000000000000, 0.000000000000000000, 1.000000000000000000 ) ) ;
#2022 = AXIS2_PLACEMENT_3D ( 'NONE', #477, #6059, #3985 ) ;
#2023 = CARTESIAN_POINT ( 'NONE',  ( 320.4757059743469085, -1304.000000000000000, 425.0000000000000000 ) ) ;
#2024 = DIRECTION ( 'NONE',  ( 0.000000000000000000, 0.000000000000000000, 1.000000000000000000 ) ) ;
#2025 = CIRCLE ( 'NONE', #7197, 8.749999999999994671 ) ;
#2026 = CARTESIAN_POINT ( 'NONE',  ( -118.1915393845580553, -215.9288672258252575, -192.0070067638366709 ) ) ;
#2027 = CARTESIAN_POINT ( 'NONE',  ( 63.12186535763325423, -516.0000000000000000, 252.0000000000000000 ) ) ;
#2028 = DIRECTION ( 'NONE',  ( -0.000000000000000000, -0.000000000000000000, -1.000000000000000000 ) ) ;
#2029 = ORIENTED_EDGE ( 'NONE', *, *, #7989, .T. ) ;
#2030 = LINE ( 'NONE', #6405, #6495 ) ;
#2031 = LINE ( 'NONE', #548, #8140 ) ;
#2032 = CARTESIAN_POINT ( 'NONE',  ( -101.3931630952419880, -547.9310417174242502, 252.0000000000000000 ) ) ;
#2033 = CARTESIAN_POINT ( 'NONE',  ( -37.42065809561732692, -1604.076450324572079, 25.00000000000000000 ) ) ;
#2034 = VECTOR ( 'NONE', #4261, 1000.000000000000000 ) ;
#2035 = DIRECTION ( 'NONE',  ( 0.5446390350150249748, 0.8386705679454253826, -0.000000000000000000 ) ) ;
#2036 = EDGE_LOOP ( 'NONE', ( #3577, #4761, #5207, #2697 ) ) ;
#2037 = CARTESIAN_POINT ( 'NONE',  ( 255.4757059743467664, -1441.000000000000000, -297.0000000000000568 ) ) ;
#2038 = ORIENTED_EDGE ( 'NONE', *, *, #5269, .F. ) ;
#2039 = DIRECTION ( 'NONE',  ( 0.000000000000000000, 0.000000000000000000, -1.000000000000000000 ) ) ;
#2040 = EDGE_CURVE ( 'NONE', #3858, #3667, #2733, .T. ) ;
#2041 = CARTESIAN_POINT ( 'NONE',  ( 63.12186535763325423, -435.9999999999999432, 341.9999999999999432 ) ) ;
#2042 = VERTEX_POINT ( 'NONE', #7024 ) ;
#2043 = CYLINDRICAL_SURFACE ( 'NONE', #186, 44.99999999999992895 ) ;
#2044 = CARTESIAN_POINT ( 'NONE',  ( 41.07422256427195606, -1526.186067574714116, 425.0000000000000000 ) ) ;
#2045 = DIRECTION ( 'NONE',  ( 1.000000000000000000, -0.000000000000000000, -0.000000000000000000 ) ) ;
#2046 = ORIENTED_EDGE ( 'NONE', *, *, #8655, .T. ) ;
#2047 = EDGE_CURVE ( 'NONE', #2987, #1833, #4729, .T. ) ;
#2048 = ADVANCED_FACE ( 'NONE', ( #1992 ), #3366, .F. ) ;
#2049 = DIRECTION ( 'NONE',  ( -5.551115123125777969E-15, 1.000000000000000000, 0.000000000000000000 ) ) ;
#2050 = EDGE_LOOP ( 'NONE', ( #4995, #3718, #1918, #5538 ) ) ;
#2051 = VERTEX_POINT ( 'NONE', #2677 ) ;
#2052 = ORIENTED_EDGE ( 'NONE', *, *, #8355, .T. ) ;
#2053 = CARTESIAN_POINT ( 'NONE',  ( 310.4757059743468517, -1690.000000000000000, 425.0000000000000000 ) ) ;
#2054 = DIRECTION ( 'NONE',  ( -0.000000000000000000, -1.000000000000000000, -3.469446951953608765E-16 ) ) ;
#2055 = ADVANCED_FACE ( 'NONE', ( #5497 ), #7624, .F. ) ;
#2056 = FACE_OUTER_BOUND ( 'NONE', #2091, .T. ) ;
#2057 = CARTESIAN_POINT ( 'NONE',  ( -116.1964927849262779, -216.4200352339548203, 191.1089577119204250 ) ) ;
#2058 = DIRECTION ( 'NONE',  ( -0.5446390350150267512, -0.8386705679454243834, 0.000000000000000000 ) ) ;
#2059 = VERTEX_POINT ( 'NONE', #8321 ) ;
#2060 = DIRECTION ( 'NONE',  ( 0.8386705679454260487, -0.5446390350150240867, 0.000000000000000000 ) ) ;
#2061 = ORIENTED_EDGE ( 'NONE', *, *, #1739, .T. ) ;
#2062 = ORIENTED_EDGE ( 'NONE', *, *, #3887, .F. ) ;
#2063 = LINE ( 'NONE', #9088, #8740 ) ;
#2064 = FACE_BOUND ( 'NONE', #1860, .T. ) ;
#2065 = DIRECTION ( 'NONE',  ( -0.000000000000000000, 1.000000000000000000, -0.000000000000000000 ) ) ;
#2066 = DIRECTION ( 'NONE',  ( 0.4067366430757944351, 0.9135454576426034201, 0.000000000000000000 ) ) ;
#2067 = EDGE_LOOP ( 'NONE', ( #6268, #5395, #5546, #1407 ) ) ;
#2068 = CARTESIAN_POINT ( 'NONE',  ( 324.9999999999999432, 184.0000000000000000, -317.5000000000000000 ) ) ;
#2069 = EDGE_CURVE ( 'NONE', #3020, #7609, #9057, .T. ) ;
#2070 = CARTESIAN_POINT ( 'NONE',  ( 310.4757059743467380, -1061.000000000000000, -99.00000000000004263 ) ) ;
#2071 = CARTESIAN_POINT ( 'NONE',  ( 320.4757059743469085, -1687.132546142411911, 425.0000000000000000 ) ) ;
#2072 = ORIENTED_EDGE ( 'NONE', *, *, #5659, .F. ) ;
#2073 = CARTESIAN_POINT ( 'NONE',  ( 310.4757059743466243, -435.9999999999998863, -54.00000000000004974 ) ) ;
#2074 = LINE ( 'NONE', #7712, #1745 ) ;
#2075 = ADVANCED_FACE ( 'NONE', ( #7667 ), #5630, .F. ) ;
#2076 = DIRECTION ( 'NONE',  ( -0.8386705679454261597, 0.5446390350150240867, -0.000000000000000000 ) ) ;
#2077 = VERTEX_POINT ( 'NONE', #5543 ) ;
#2078 = DIRECTION ( 'NONE',  ( 0.000000000000000000, 1.000000000000000000, 0.000000000000000000 ) ) ;
#2079 = VECTOR ( 'NONE', #8293, 1000.000000000000000 ) ;
#2080 = ORIENTED_EDGE ( 'NONE', *, *, #3197, .F. ) ;
#2081 = DIRECTION ( 'NONE',  ( 0.5150380749100574862, 0.000000000000000000, -0.8571673007021104462 ) ) ;
#2082 = FACE_OUTER_BOUND ( 'NONE', #4031, .T. ) ;
#2083 = ORIENTED_EDGE ( 'NONE', *, *, #2956, .F. ) ;
#2084 = DIRECTION ( 'NONE',  ( -0.1736481776669321631, 0.9848077530122076872, 0.000000000000000000 ) ) ;
#2085 = DIRECTION ( 'NONE',  ( 1.000000000000000000, 1.596294787383402785E-16, -0.000000000000000000 ) ) ;
#2086 = DIRECTION ( 'NONE',  ( 0.000000000000000000, 1.000000000000000000, 0.000000000000000000 ) ) ;
#2087 = ORIENTED_EDGE ( 'NONE', *, *, #3826, .T. ) ;
#2088 = CIRCLE ( 'NONE', #5322, 30.00000000000006395 ) ;
#2089 = VECTOR ( 'NONE', #5075, 1000.000000000000000 ) ;
#2090 = CARTESIAN_POINT ( 'NONE',  ( 160.7821874679233929, -187.1799318985319758, -193.0349995570046246 ) ) ;
#2091 = EDGE_LOOP ( 'NONE', ( #6351, #3084, #1505, #1015 ) ) ;
#2092 = ORIENTED_EDGE ( 'NONE', *, *, #3225, .T. ) ;
#2093 = EDGE_LOOP ( 'NONE', ( #4259, #6411, #3335, #3934, #6632 ) ) ;
#2094 = DIRECTION ( 'NONE',  ( 0.2756373558170039928, -0.9612616959383175619, 0.000000000000000000 ) ) ;
#2095 = VECTOR ( 'NONE', #7502, 1000.000000000000000 ) ;
#2096 = CIRCLE ( 'NONE', #5038, 44.99999999999992895 ) ;
#2097 = CARTESIAN_POINT ( 'NONE',  ( 0.000000000000000000, 0.000000000000000000, 275.0000000000000000 ) ) ;
#2098 = LINE ( 'NONE', #8486, #4016 ) ;
#2099 = DIRECTION ( 'NONE',  ( -0.9848077530122076872, -0.1736481776669321075, -0.000000000000000000 ) ) ;
#2100 = LINE ( 'NONE', #4232, #7262 ) ;
#2101 = EDGE_LOOP ( 'NONE', ( #3815, #4469, #6108, #1476 ) ) ;
#2102 = FACE_BOUND ( 'NONE', #7384, .T. ) ;
#2103 = EDGE_CURVE ( 'NONE', #26, #310, #8864, .T. ) ;
#2104 = EDGE_CURVE ( 'NONE', #4128, #8830, #8508, .T. ) ;
#2105 = CONICAL_SURFACE ( 'NONE', #23, 8.749999999999994671, 1.029744258676650759 ) ;
#2106 = EDGE_LOOP ( 'NONE', ( #1586, #2900, #707, #2871, #7661 ) ) ;
#2107 = EDGE_LOOP ( 'NONE', ( #7303, #8078, #1863, #3073, #6713 ) ) ;
#2108 = VECTOR ( 'NONE', #3486, 1000.000000000000000 ) ;
#2109 = PLANE ( 'NONE',  #7410 ) ;
#2110 = CIRCLE ( 'NONE', #7271, 44.99999999999992895 ) ;
#2111 = DIRECTION ( 'NONE',  ( -0.5446390350150267512, -0.8386705679454243834, 0.000000000000000000 ) ) ;
#2112 = CIRCLE ( 'NONE', #9039, 245.0000000000000000 ) ;
#2113 = ADVANCED_FACE ( 'NONE', ( #7069 ), #6973, .T. ) ;
#2114 = CIRCLE ( 'NONE', #8463, 44.99999999999992895 ) ;
#2115 = CARTESIAN_POINT ( 'NONE',  ( 303.9077434975146730, -252.2665186545951599, -297.0000000000000568 ) ) ;
#2116 = VECTOR ( 'NONE', #796, 1000.000000000000000 ) ;
#2117 = EDGE_CURVE ( 'NONE', #8830, #9135, #1788, .T. ) ;
#2118 = AXIS2_PLACEMENT_3D ( 'NONE', #4895, #7631, #742 ) ;
#2119 = DIRECTION ( 'NONE',  ( 5.538260084506780731E-32, -3.469446951953608765E-16, 1.000000000000000000 ) ) ;
#2120 = VERTEX_POINT ( 'NONE', #6278 ) ;
#2121 = CIRCLE ( 'NONE', #1530, 18.00000000000015987 ) ;
#2122 = DIRECTION ( 'NONE',  ( -0.000000000000000000, -0.000000000000000000, -1.000000000000000000 ) ) ;
#2123 = DIRECTION ( 'NONE',  ( -0.000000000000000000, -0.000000000000000000, -1.000000000000000000 ) ) ;
#2124 = ORIENTED_EDGE ( 'NONE', *, *, #5738, .F. ) ;
#2125 = AXIS2_PLACEMENT_3D ( 'NONE', #5998, #4614, #3269 ) ;
#2126 = CARTESIAN_POINT ( 'NONE',  ( 458.6941282063430663, -855.3431854633304283, -342.0000000000000000 ) ) ;
#2127 = CARTESIAN_POINT ( 'NONE',  ( 310.4757059743466243, -1639.000000000000000, 425.0000000000000000 ) ) ;
#2128 = CARTESIAN_POINT ( 'NONE',  ( 255.4757059743467664, -770.9999999999998863, 297.0000000000000000 ) ) ;
#2129 = CIRCLE ( 'NONE', #8038, 30.00000000000006395 ) ;
#2130 = ORIENTED_EDGE ( 'NONE', *, *, #3217, .T. ) ;
#2131 = DIRECTION ( 'NONE',  ( 0.000000000000000000, 0.000000000000000000, -1.000000000000000000 ) ) ;
#2132 = ORIENTED_EDGE ( 'NONE', *, *, #248, .T. ) ;
#2133 = EDGE_CURVE ( 'NONE', #8352, #2008, #4292, .T. ) ;
#2134 = DIRECTION ( 'NONE',  ( -0.000000000000000000, -0.000000000000000000, -1.000000000000000000 ) ) ;
#2135 = VECTOR ( 'NONE', #7583, 1000.000000000000114 ) ;
#2136 = CARTESIAN_POINT ( 'NONE',  ( 245.7196715970460730, -233.1366183439936037, 111.9897372296830156 ) ) ;
#2137 = ORIENTED_EDGE ( 'NONE', *, *, #5738, .T. ) ;
#2138 = CARTESIAN_POINT ( 'NONE',  ( 310.4757059743468517, -1521.000000000000227, 143.9999999999999432 ) ) ;
#2139 = CARTESIAN_POINT ( 'NONE',  ( 324.7424695835087505, -116.0000000000000000, -320.0000000000000000 ) ) ;
#2140 = CARTESIAN_POINT ( 'NONE',  ( 249.4831827773962800, -259.9153918465117385, -297.0000000000000568 ) ) ;
#2141 = ORIENTED_EDGE ( 'NONE', *, *, #3228, .F. ) ;
#2142 = ADVANCED_FACE ( 'NONE', ( #6922 ), #1390, .F. ) ;
#2143 = LINE ( 'NONE', #7733, #1832 ) ;
#2144 = AXIS2_PLACEMENT_3D ( 'NONE', #1238, #1053, #4000 ) ;
#2145 = ORIENTED_EDGE ( 'NONE', *, *, #8539, .F. ) ;
#2146 = ORIENTED_EDGE ( 'NONE', *, *, #8861, .T. ) ;
#2147 = VERTEX_POINT ( 'NONE', #7117 ) ;
#2148 = CARTESIAN_POINT ( 'NONE',  ( 329.9999999999999432, -115.9999999999999858, 328.7500000000000000 ) ) ;
#2149 = CARTESIAN_POINT ( 'NONE',  ( -200.0000000000000000, 2.449293598294706434E-14, 432.9999999999998863 ) ) ;
#2150 = DIRECTION ( 'NONE',  ( -0.000000000000000000, -0.000000000000000000, -1.000000000000000000 ) ) ;
#2151 = DIRECTION ( 'NONE',  ( 0.000000000000000000, 1.000000000000000000, 0.000000000000000000 ) ) ;
#2152 = LINE ( 'NONE', #4276, #8298 ) ;
#2153 = ORIENTED_EDGE ( 'NONE', *, *, #6031, .F. ) ;
#2154 = CARTESIAN_POINT ( 'NONE',  ( 0.000000000000000000, 0.000000000000000000, -435.0000000000000000 ) ) ;
#2155 = VERTEX_POINT ( 'NONE', #596 ) ;
#2156 = VERTEX_POINT ( 'NONE', #3412 ) ;
#2157 = EDGE_LOOP ( 'NONE', ( #359, #4715, #6385, #6995 ) ) ;
#2158 = DATE_AND_TIME ( #2715, #5367 ) ;
#2159 = CYLINDRICAL_SURFACE ( 'NONE', #2539, 12.00000000000001066 ) ;
#2160 = CARTESIAN_POINT ( 'NONE',  ( -228.7401995627831468, -113.6486331740509002, 207.9583942365374867 ) ) ;
#2161 = EDGE_CURVE ( 'NONE', #8245, #2695, #6416, .T. ) ;
#2162 = VERTEX_POINT ( 'NONE', #3654 ) ;
#2163 = EDGE_CURVE ( 'NONE', #8758, #1775, #4145, .T. ) ;
#2164 = CARTESIAN_POINT ( 'NONE',  ( -610.3559649528139062, -1370.881942455822582, 25.00000000000000000 ) ) ;
#2165 = ORIENTED_EDGE ( 'NONE', *, *, #8843, .F. ) ;
#2166 = EDGE_CURVE ( 'NONE', #6430, #2886, #784, .T. ) ;
#2167 = CARTESIAN_POINT ( 'NONE',  ( 255.4757059743467096, -435.9999999999999432, -144.0000000000000853 ) ) ;
#2168 = AXIS2_PLACEMENT_3D ( 'NONE', #3299, #5979, #7418 ) ;
#2169 = VERTEX_POINT ( 'NONE', #3694 ) ;
#2170 = EDGE_CURVE ( 'NONE', #1999, #4319, #7990, .T. ) ;
#2171 = CARTESIAN_POINT ( 'NONE',  ( -44.91033848941619766, -1622.621569477479625, 1.434305313409797833 ) ) ;
#2172 = CARTESIAN_POINT ( 'NONE',  ( 63.12186535763324002, -1396.000000000000227, -99.00000000000004263 ) ) ;
#2173 = DIRECTION ( 'NONE',  ( 0.000000000000000000, 1.000000000000000000, 0.000000000000000000 ) ) ;
#2174 = ORIENTED_EDGE ( 'NONE', *, *, #4010, .F. ) ;
#2175 = CYLINDRICAL_SURFACE ( 'NONE', #1397, 8.749999999999994671 ) ;
#2176 = AXIS2_PLACEMENT_3D ( 'NONE', #3535, #7789, #8487 ) ;
#2177 = VERTEX_POINT ( 'NONE', #5215 ) ;
#2178 = DIRECTION ( 'NONE',  ( 1.000000000000000000, 1.596294787383402785E-16, -0.000000000000000000 ) ) ;
#2179 = DIRECTION ( 'NONE',  ( -0.8386705679454260487, 0.5446390350150239756, -0.000000000000000000 ) ) ;
#2180 = EDGE_LOOP ( 'NONE', ( #4387, #1174, #6585, #4282 ) ) ;
#2181 = CARTESIAN_POINT ( 'NONE',  ( 310.4757059743468517, -1690.000000000000000, 425.0000000000000000 ) ) ;
#2182 = CARTESIAN_POINT ( 'NONE',  ( 79.38667248499316997, -1644.339667933086048, -12.75574921354969149 ) ) ;
#2183 = DIRECTION ( 'NONE',  ( 5.538260084506780731E-32, -3.469446951953609258E-16, 1.000000000000000000 ) ) ;
#2184 = ORIENTED_EDGE ( 'NONE', *, *, #4097, .F. ) ;
#2185 = VECTOR ( 'NONE', #1338, 999.9999999999998863 ) ;
#2186 = ADVANCED_FACE ( 'NONE', ( #3788 ), #4523, .F. ) ;
#2187 = CARTESIAN_POINT ( 'NONE',  ( 149.6537014123777283, -193.9813641914472555, -190.0000000000000568 ) ) ;
#2188 = ORIENTED_EDGE ( 'NONE', *, *, #2804, .T. ) ;
#2189 = ADVANCED_FACE ( 'NONE', ( #3744 ), #8643, .F. ) ;
#2190 = ORIENTED_EDGE ( 'NONE', *, *, #3777, .T. ) ;
#2191 = EDGE_LOOP ( 'NONE', ( #3794, #5153 ) ) ;
#2192 = LINE ( 'NONE', #2148, #8443 ) ;
#2193 = DIRECTION ( 'NONE',  ( 0.000000000000000000, 1.000000000000000000, 0.000000000000000000 ) ) ;
#2194 = CARTESIAN_POINT ( 'NONE',  ( -610.3559649528139062, -1370.881942455822582, 25.00000000000000000 ) ) ;
#2195 = EDGE_CURVE ( 'NONE', #5983, #664, #7246, .T. ) ;
#2196 = CARTESIAN_POINT ( 'NONE',  ( -117.5359098661012354, -216.0718609085581363, 191.6802682799370814 ) ) ;
#2197 = DIRECTION ( 'NONE',  ( 0.9902680687415698069, 0.1391731009600692126, 0.000000000000000000 ) ) ;
#2198 = ORIENTED_EDGE ( 'NONE', *, *, #5944, .F. ) ;
#2199 = DIRECTION ( 'NONE',  ( 1.000000000000000000, 1.596294787383402785E-16, -0.000000000000000000 ) ) ;
#2200 = EDGE_CURVE ( 'NONE', #1746, #1399, #5024, .T. ) ;
#2201 = VERTEX_POINT ( 'NONE', #4426 ) ;
#2202 = ORIENTED_EDGE ( 'NONE', *, *, #5480, .T. ) ;
#2203 = EDGE_LOOP ( 'NONE', ( #4631, #1493, #8815, #4670 ) ) ;
#2204 = DIRECTION ( 'NONE',  ( -7.772245805989896776E-17, 1.000000000000000000, 3.469446951953608765E-16 ) ) ;
#2205 = DIRECTION ( 'NONE',  ( 0.1736481776669323573, -0.9848077530122076872, -9.251858538542967883E-16 ) ) ;
#2206 = CARTESIAN_POINT ( 'NONE',  ( 310.4757059743466243, -298.9999999999999432, 425.0000000000000000 ) ) ;
#2207 = ORIENTED_EDGE ( 'NONE', *, *, #6136, .F. ) ;
#2208 = DIRECTION ( 'NONE',  ( 0.9902680687415698069, 0.1391731009600692126, 0.000000000000000000 ) ) ;
#2209 = EDGE_CURVE ( 'NONE', #3068, #8236, #6551, .T. ) ;
#2210 = EDGE_LOOP ( 'NONE', ( #5103, #835, #2656, #1611 ) ) ;
#2211 = VECTOR ( 'NONE', #3798, 1000.000000000000000 ) ;
#2212 = ADVANCED_FACE ( 'NONE', ( #872 ), #19, .F. ) ;
#2213 = FACE_OUTER_BOUND ( 'NONE', #7457, .T. ) ;
#2214 = ORIENTED_EDGE ( 'NONE', *, *, #3396, .T. ) ;
#2215 = DIRECTION ( 'NONE',  ( -1.000000000000000000, -0.000000000000000000, -0.000000000000000000 ) ) ;
#2216 = EDGE_CURVE ( 'NONE', #7880, #1999, #5900, .T. ) ;
#2217 = DIRECTION ( 'NONE',  ( 0.000000000000000000, 0.000000000000000000, 1.000000000000000000 ) ) ;
#2218 = EDGE_CURVE ( 'NONE', #750, #5404, #1197, .T. ) ;
#2219 = AXIS2_PLACEMENT_3D ( 'NONE', #2033, #1851, #4842 ) ;
#2220 = DIRECTION ( 'NONE',  ( -7.772245805989896776E-17, 1.000000000000000000, 3.469446951953608765E-16 ) ) ;
#2221 = EDGE_LOOP ( 'NONE', ( #8551, #6331, #1639, #8696 ) ) ;
#2222 = DIRECTION ( 'NONE',  ( 1.000000000000000000, 1.596294787383402785E-16, -0.000000000000000000 ) ) ;
#2223 = EDGE_CURVE ( 'NONE', #1491, #6714, #4478, .T. ) ;
#2224 = DIRECTION ( 'NONE',  ( 1.000000000000000000, 1.596294787383402785E-16, -0.000000000000000000 ) ) ;
#2225 = CARTESIAN_POINT ( 'NONE',  ( 324.9999999999999432, 184.0000000000000000, -87.99999999999994316 ) ) ;
#2226 = ORIENTED_EDGE ( 'NONE', *, *, #5028, .T. ) ;
#2227 = CARTESIAN_POINT ( 'NONE',  ( 63.12186535763325423, -1441.000000000000000, -144.0000000000000568 ) ) ;
#2228 = CARTESIAN_POINT ( 'NONE',  ( -275.0222139978606606, 0.000000000000000000, 425.0000000000000000 ) ) ;
#2229 = PLANE ( 'NONE',  #8899 ) ;
#2230 = CARTESIAN_POINT ( 'NONE',  ( 324.9999999999999432, 184.0000000000000000, -99.99999999999997158 ) ) ;
#2231 = AXIS2_PLACEMENT_3D ( 'NONE', #1607, #6917, #5755 ) ;
#2232 = CARTESIAN_POINT ( 'NONE',  ( 320.4757059743469085, -1018.999999999999886, 425.0000000000000000 ) ) ;
#2233 = EDGE_CURVE ( 'NONE', #2155, #1993, #6205, .T. ) ;
#2234 = ORIENTED_EDGE ( 'NONE', *, *, #450, .F. ) ;
#2235 = CARTESIAN_POINT ( 'NONE',  ( 70.55492563124714422, -1659.203725160155273, 17.45803549766198515 ) ) ;
#2236 = CARTESIAN_POINT ( 'NONE',  ( 245.2357379775465063, -230.2175041084763620, -295.8845070600506801 ) ) ;
#2237 = CARTESIAN_POINT ( 'NONE',  ( 63.12186535763325423, -516.0000000000000000, -297.0000000000000568 ) ) ;
#2238 = DIRECTION ( 'NONE',  ( 0.9417274537410549318, 0.3363768762420942804, -0.000000000000000000 ) ) ;
#2239 = CIRCLE ( 'NONE', #164, 45.00000000000000711 ) ;
#2240 = FACE_OUTER_BOUND ( 'NONE', #346, .T. ) ;
#2241 = ORIENTED_EDGE ( 'NONE', *, *, #7793, .T. ) ;
#2242 = VECTOR ( 'NONE', #2215, 1000.000000000000000 ) ;
#2243 = DIRECTION ( 'NONE',  ( -0.9612616959383174509, -0.2756373558170039928, -0.000000000000000000 ) ) ;
#2244 = ORIENTED_EDGE ( 'NONE', *, *, #6124, .F. ) ;
#2245 = CIRCLE ( 'NONE', #910, 45.00000000000001421 ) ;
#2246 = ORIENTED_EDGE ( 'NONE', *, *, #4522, .F. ) ;
#2247 = AXIS2_PLACEMENT_3D ( 'NONE', #8650, #1718, #1756 ) ;
#2248 = ORIENTED_EDGE ( 'NONE', *, *, #5447, .F. ) ;
#2249 = CARTESIAN_POINT ( 'NONE',  ( 726.0104817586559420, -471.4767195950502696, 425.0000000000000000 ) ) ;
#2250 = CARTESIAN_POINT ( 'NONE',  ( 324.9999999999999432, 184.0000000000000000, 300.0000000000000568 ) ) ;
#2251 = EDGE_CURVE ( 'NONE', #2789, #5163, #3401, .T. ) ;
#2252 = DIRECTION ( 'NONE',  ( -0.9848077530122077983, -0.1736481776669321353, -0.000000000000000000 ) ) ;
#2253 = DIRECTION ( 'NONE',  ( 1.000000000000000000, 0.000000000000000000, 0.000000000000000000 ) ) ;
#2254 = AXIS2_PLACEMENT_3D ( 'NONE', #7798, #7155, #3641 ) ;
#2255 = ORIENTED_EDGE ( 'NONE', *, *, #5990, .F. ) ;
#2256 = AXIS2_PLACEMENT_3D ( 'NONE', #7538, #3520, #6424 ) ;
#2257 = CARTESIAN_POINT ( 'NONE',  ( 369.9999999999999432, -161.0000000000000000, 425.0000000000000000 ) ) ;
#2258 = EDGE_LOOP ( 'NONE', ( #7323, #8104 ) ) ;
#2259 = CIRCLE ( 'NONE', #6227, 200.2500000000000000 ) ;
#2260 = CIRCLE ( 'NONE', #1518, 60.00000000000000000 ) ;
#2261 = LINE ( 'NONE', #4342, #8002 ) ;
#2263 = ORIENTED_EDGE ( 'NONE', *, *, #117, .T. ) ;
#2262 = VECTOR ( 'NONE', #5441, 1000.000000000000000 ) ;
#2264 = CARTESIAN_POINT ( 'NONE',  ( -43.88060242301830272, -1623.005906007237400, 2.123050860218224756 ) ) ;
#2265 = PERSON_AND_ORGANIZATION_ROLE ( 'design_supplier' ) ;
#2266 = VECTOR ( 'NONE', #6918, 1000.000000000000000 ) ;
#2267 = DIRECTION ( 'NONE',  ( 1.000000000000000000, 0.000000000000000000, 0.000000000000000000 ) ) ;
#2268 = EDGE_LOOP ( 'NONE', ( #6706, #9116, #5526, #5462 ) ) ;
#2269 = CARTESIAN_POINT ( 'NONE',  ( 0.000000000000000000, 0.000000000000000000, 25.00000000000000000 ) ) ;
#2270 = AXIS2_PLACEMENT_3D ( 'NONE', #1732, #950, #1771 ) ;
#2271 = EDGE_CURVE ( 'NONE', #3462, #6906, #5724, .T. ) ;
#2272 = AXIS2_PLACEMENT_3D ( 'NONE', #4291, #781, #4207 ) ;
#2273 = CONICAL_SURFACE ( 'NONE', #1532, 8.749999999999980460, 1.029744258676650759 ) ;
#2274 = CARTESIAN_POINT ( 'NONE',  ( -39.20115843827831270, -1539.634606710809066, 425.0000000000000000 ) ) ;
#2275 = CYLINDRICAL_SURFACE ( 'NONE', #7884, 44.99999999999992895 ) ;
#2276 = VERTEX_POINT ( 'NONE', #1527 ) ;
#2277 = DIRECTION ( 'NONE',  ( 0.000000000000000000, 1.000000000000000000, 0.000000000000000000 ) ) ;
#2278 = CARTESIAN_POINT ( 'NONE',  ( 255.4757059743467664, -1105.999999999999773, -54.00000000000005684 ) ) ;
#2279 = DIRECTION ( 'NONE',  ( -0.8386705679454260487, 0.5446390350150240867, 0.000000000000000000 ) ) ;
#2280 = ORIENTED_EDGE ( 'NONE', *, *, #8491, .T. ) ;
#2281 = AXIS2_PLACEMENT_3D ( 'NONE', #6138, #7487, #454 ) ;
#2282 = DIRECTION ( 'NONE',  ( -2.769130042253390913E-32, 1.734723475976804383E-16, -1.000000000000000000 ) ) ;
#2283 = VERTEX_POINT ( 'NONE', #7167 ) ;
#2284 = VECTOR ( 'NONE', #3929, 1000.000000000000000 ) ;
#2285 = LINE ( 'NONE', #192, #2528 ) ;
#2286 = EDGE_CURVE ( 'NONE', #1954, #1960, #1821, .T. ) ;
#2287 = CYLINDRICAL_SURFACE ( 'NONE', #8300, 45.00000000000004263 ) ;
#2288 = CARTESIAN_POINT ( 'NONE',  ( 310.4757059743468517, -1441.000000000000000, 53.99999999999997158 ) ) ;
#2289 = DIRECTION ( 'NONE',  ( 0.000000000000000000, 0.000000000000000000, 1.000000000000000000 ) ) ;
#2290 = CARTESIAN_POINT ( 'NONE',  ( 310.4757059743466243, -516.0000000000000000, 98.99999999999994316 ) ) ;
#2291 = ORIENTED_EDGE ( 'NONE', *, *, #2069, .F. ) ;
#2292 = DIRECTION ( 'NONE',  ( 0.9902680687415698069, 0.1391731009600692126, 0.000000000000000000 ) ) ;
#2293 = EDGE_CURVE ( 'NONE', #2974, #5350, #4616, .T. ) ;
#2294 = AXIS2_PLACEMENT_3D ( 'NONE', #6534, #6626, #8109 ) ;
#2295 = FACE_BOUND ( 'NONE', #4938, .T. ) ;
#2296 = VERTEX_POINT ( 'NONE', #8814 ) ;
#2297 = ORIENTED_EDGE ( 'NONE', *, *, #8798, .T. ) ;
#2298 = ORIENTED_EDGE ( 'NONE', *, *, #955, .T. ) ;
#2299 = VECTOR ( 'NONE', #8977, 1000.000000000000000 ) ;
#2300 = CARTESIAN_POINT ( 'NONE',  ( 71.63165170100150192, -1667.739137464959185, -13.63747088954840159 ) ) ;
#2301 = DIRECTION ( 'NONE',  ( 1.000000000000000000, 1.596294787383402785E-16, -0.000000000000000000 ) ) ;
#2302 = CARTESIAN_POINT ( 'NONE',  ( 310.4757059743466812, -516.0000000000000000, -342.0000000000001705 ) ) ;
#2303 = CARTESIAN_POINT ( 'NONE',  ( 63.12186535763336792, -1186.000000000000000, 53.99999999999996447 ) ) ;
#2304 = ORIENTED_EDGE ( 'NONE', *, *, #3831, .F. ) ;
#2305 = EDGE_CURVE ( 'NONE', #6753, #8105, #5987, .T. ) ;
#2306 = CARTESIAN_POINT ( 'NONE',  ( -31.93389202846885766, -941.8541429223073465, 297.0000000000000568 ) ) ;
#2307 = ORIENTED_EDGE ( 'NONE', *, *, #5574, .T. ) ;
#2308 = ADVANCED_FACE ( 'NONE', ( #3998 ), #8849, .F. ) ;
#2309 = CARTESIAN_POINT ( 'NONE',  ( 255.4757059743467096, -302.5544099627776973, -375.9999999999999432 ) ) ;
#2310 = VERTEX_POINT ( 'NONE', #4650 ) ;
#2311 = CARTESIAN_POINT ( 'NONE',  ( -22.90766316765001775, -1617.848842715428646, 17.40174731522283125 ) ) ;
#2312 = DATE_TIME_ROLE ( 'classification_date' ) ;
#2313 = DIRECTION ( 'NONE',  ( 0.2756373558170039928, -0.9612616959383175619, 0.000000000000000000 ) ) ;
#2314 = ORIENTED_EDGE ( 'NONE', *, *, #4186, .T. ) ;
#2315 = DIRECTION ( 'NONE',  ( 1.000000000000000000, -0.000000000000000000, -0.000000000000000000 ) ) ;
#2316 = VECTOR ( 'NONE', #3342, 1000.000000000000000 ) ;
#2317 = DIRECTION ( 'NONE',  ( 0.000000000000000000, 0.000000000000000000, 1.000000000000000000 ) ) ;
#2318 = CARTESIAN_POINT ( 'NONE',  ( 380.4757059743467948, -1669.927822996882924, -425.0000000000000000 ) ) ;
#2319 = ORIENTED_EDGE ( 'NONE', *, *, #2564, .F. ) ;
#2320 = DIRECTION ( 'NONE',  ( -1.000000000000000000, -7.772245805989896776E-17, 0.000000000000000000 ) ) ;
#2321 = CARTESIAN_POINT ( 'NONE',  ( -219.5807572464963755, -165.5944118602445201, 425.0000000000000000 ) ) ;
#2322 = FACE_BOUND ( 'NONE', #1683, .T. ) ;
#2323 = LINE ( 'NONE', #1487, #1456 ) ;
#2324 = DIRECTION ( 'NONE',  ( 1.000000000000000000, 1.596294787383402785E-16, -0.000000000000000000 ) ) ;
#2325 = ORIENTED_EDGE ( 'NONE', *, *, #6149, .F. ) ;
#2326 = EDGE_CURVE ( 'NONE', #2509, #8662, #7431, .T. ) ;
#2327 = CARTESIAN_POINT ( 'NONE',  ( 81.27727230576445550, -1643.227159735518853, 10.67289833653650710 ) ) ;
#2328 = EDGE_CURVE ( 'NONE', #2671, #8644, #8081, .T. ) ;
#2329 = CARTESIAN_POINT ( 'NONE',  ( 245.2942593069237773, -230.5272304481107710, -292.5203038901898367 ) ) ;
#2330 = ORIENTED_EDGE ( 'NONE', *, *, #6321, .F. ) ;
#2331 = CARTESIAN_POINT ( 'NONE',  ( -245.0000000000000000, 0.000000000000000000, 190.0000000000000000 ) ) ;
#2332 = CARTESIAN_POINT ( 'NONE',  ( 369.9999999999999432, 184.0000000000000000, 300.0000000000000568 ) ) ;
#2333 = DIRECTION ( 'NONE',  ( 0.03489949670248986696, 0.9993908270190959842, 1.049727191138613765E-16 ) ) ;
#2334 = EDGE_LOOP ( 'NONE', ( #2639, #259, #4809, #7152, #7625, #5426, #652, #5696, #5632, #7670 ) ) ;
#2335 = ADVANCED_FACE ( 'NONE', ( #5948 ), #4560, .F. ) ;
#2336 = DIRECTION ( 'NONE',  ( 0.000000000000000000, -0.000000000000000000, -1.000000000000000000 ) ) ;
#2337 = ORIENTED_EDGE ( 'NONE', *, *, #6724, .F. ) ;
#2338 = EDGE_LOOP ( 'NONE', ( #3563, #1365, #2226, #7411 ) ) ;
#2339 = ORIENTED_EDGE ( 'NONE', *, *, #724, .F. ) ;
#2340 = ADVANCED_FACE ( 'NONE', ( #8169, #7382, #2621, #6635, #6768 ), #365, .F. ) ;
#2341 = CARTESIAN_POINT ( 'NONE',  ( 369.9999999999999432, -161.0000000000000000, 425.0000000000000000 ) ) ;
#2342 = DIRECTION ( 'NONE',  ( -0.000000000000000000, 1.000000000000000000, -0.000000000000000000 ) ) ;
#2343 = CARTESIAN_POINT ( 'NONE',  ( 258.4097800024232470, 90.00000000000002842, -420.1260389022805271 ) ) ;
#2344 = CARTESIAN_POINT ( 'NONE',  ( -37.42065809561732692, -1604.076450324572079, 25.00000000000000000 ) ) ;
#2345 = CARTESIAN_POINT ( 'NONE',  ( 319.9999999999999432, 184.0000000000000000, -99.99999999999997158 ) ) ;
#2346 = DIRECTION ( 'NONE',  ( 0.9848077530122077983, 0.1736481776669324129, -0.000000000000000000 ) ) ;
#2347 = VERTEX_POINT ( 'NONE', #5340 ) ;
#2348 = ORIENTED_EDGE ( 'NONE', *, *, #5931, .F. ) ;
#2349 = CARTESIAN_POINT ( 'NONE',  ( 255.4757059743468801, -1665.420018894026043, 376.0000000000000000 ) ) ;
#2350 = VERTEX_POINT ( 'NONE', #6686 ) ;
#2351 = CARTESIAN_POINT ( 'NONE',  ( -19.13888663289267456, -1612.191782582603992, 17.88320584739759767 ) ) ;
#2352 = CIRCLE ( 'NONE', #8985, 45.00000000000004263 ) ;
#2353 = CARTESIAN_POINT ( 'NONE',  ( 2.427181401673750294, -1333.099075243235120, 425.0000000000000000 ) ) ;
#2354 = ORIENTED_EDGE ( 'NONE', *, *, #4360, .F. ) ;
#2355 = DIRECTION ( 'NONE',  ( 0.000000000000000000, 1.000000000000000000, 1.734723475976804383E-16 ) ) ;
#2356 = CIRCLE ( 'NONE', #5296, 17.50000000000002842 ) ;
#2357 = CARTESIAN_POINT ( 'NONE',  ( 255.4757059743467664, -1441.000000000000000, -99.00000000000004263 ) ) ;
#2358 = CARTESIAN_POINT ( 'NONE',  ( 63.12186535763336792, -851.0000000000000000, 98.99999999999994316 ) ) ;
#2359 = EDGE_LOOP ( 'NONE', ( #3733, #6679, #6884, #3336 ) ) ;
#2360 = DIRECTION ( 'NONE',  ( 7.772245805989896776E-17, -1.000000000000000000, -1.734723475976804383E-16 ) ) ;
#2361 = CARTESIAN_POINT ( 'NONE',  ( 80.55968013727917310, -1643.648726447497893, -11.46431905199005463 ) ) ;
#2362 = EDGE_CURVE ( 'NONE', #2155, #7203, #7475, .T. ) ;
#2363 = VECTOR ( 'NONE', #5870, 1000.000000000000000 ) ;
#2364 = FACE_BOUND ( 'NONE', #4132, .T. ) ;
#2365 = DIRECTION ( 'NONE',  ( -0.000000000000000000, 0.000000000000000000, 1.000000000000000000 ) ) ;
#2366 = EDGE_CURVE ( 'NONE', #8205, #3578, #1685, .T. ) ;
#2367 = CARTESIAN_POINT ( 'NONE',  ( 63.12186535763324002, -1396.000000000000227, 297.0000000000000000 ) ) ;
#2368 = EDGE_LOOP ( 'NONE', ( #1117, #7500, #2682, #2330 ) ) ;
#2369 = CARTESIAN_POINT ( 'NONE',  ( 70.47570597434686590, -1661.019580355183734, 16.93866242688202917 ) ) ;
#2370 = CARTESIAN_POINT ( 'NONE',  ( 310.4757059743466812, -516.0000000000000000, 251.9999999999999432 ) ) ;
#2371 = VERTEX_POINT ( 'NONE', #7341 ) ;
#2372 = DIRECTION ( 'NONE',  ( 1.000000000000000000, -0.000000000000000000, -0.000000000000000000 ) ) ;
#2373 = CARTESIAN_POINT ( 'NONE',  ( -149.5375001137657591, -229.0360598446168297, 239.4164003054491729 ) ) ;
#2374 = DIRECTION ( 'NONE',  ( 1.000000000000000000, 0.000000000000000000, 0.000000000000000000 ) ) ;
#2375 = ORIENTED_EDGE ( 'NONE', *, *, #661, .F. ) ;
#2376 = AXIS2_PLACEMENT_3D ( 'NONE', #2154, #108, #760 ) ;
#2377 = CARTESIAN_POINT ( 'NONE',  ( 369.9999999999999432, 234.0000000000000000, 425.0000000000000000 ) ) ;
#2378 = ORIENTED_EDGE ( 'NONE', *, *, #4077, .T. ) ;
#2379 = ORIENTED_EDGE ( 'NONE', *, *, #324, .F. ) ;
#2380 = ORIENTED_EDGE ( 'NONE', *, *, #1835, .F. ) ;
#2381 = CIRCLE ( 'NONE', #2524, 44.99999999999998579 ) ;
#2382 = EDGE_CURVE ( 'NONE', #7203, #291, #3445, .T. ) ;
#2383 = B_SPLINE_CURVE_WITH_KNOTS ( 'NONE', 3,
 ( #982, #6645, #1582, #3797, #4397, #234, #4434, #8605 ),
 .UNSPECIFIED., .F., .F.,
 ( 4, 2, 2, 4 ),
 ( 0.000000000000000000, 0.006681836152044185427, 0.01002275422806627771, 0.01336367230408837085 ),
 .UNSPECIFIED. ) ;
#2384 = CARTESIAN_POINT ( 'NONE',  ( 82.07208062471276833, -1679.168938721835048, -1.299629888539634681 ) ) ;
#2385 = CARTESIAN_POINT ( 'NONE',  ( 389.2348571395701811, -461.4200842584472184, 297.0000000000000568 ) ) ;
#2386 = CARTESIAN_POINT ( 'NONE',  ( 255.4757059743467664, -516.0000000000000000, -54.00000000000007816 ) ) ;
#2387 = EDGE_CURVE ( 'NONE', #2936, #8593, #314, .T. ) ;
#2388 = LINE ( 'NONE', #4553, #947 ) ;
#2389 = CARTESIAN_POINT ( 'NONE',  ( -45.42171525062185111, -1622.406875736492339, -1.275620236540178531 ) ) ;
#2390 = VECTOR ( 'NONE', #1143, 999.9999999999998863 ) ;
#2391 = ORIENTED_EDGE ( 'NONE', *, *, #6836, .F. ) ;
#2392 = CARTESIAN_POINT ( 'NONE',  ( 310.4757059743466243, -969.0000000000000000, -425.0000000000000000 ) ) ;
#2393 = ORIENTED_EDGE ( 'NONE', *, *, #6122, .F. ) ;
#2394 = DIRECTION ( 'NONE',  ( -0.4067366430758062590, -0.9135454576425982021, 0.000000000000000000 ) ) ;
#2395 = AXIS2_PLACEMENT_3D ( 'NONE', #3255, #8848, #8252 ) ;
#2396 = EDGE_CURVE ( 'NONE', #9019, #3483, #7520, .T. ) ;
#2397 = AXIS2_PLACEMENT_3D ( 'NONE', #6035, #6644, #8736 ) ;
#2398 = ORIENTED_EDGE ( 'NONE', *, *, #7874, .T. ) ;
#2399 = EDGE_CURVE ( 'NONE', #2849, #4078, #6243, .T. ) ;
#2400 = CARTESIAN_POINT ( 'NONE',  ( -81.17427967907947561, -950.5365518056539713, -297.0000000000000568 ) ) ;
#2401 = AXIS2_PLACEMENT_3D ( 'NONE', #8887, #8243, #1871 ) ;
#2402 = AXIS2_PLACEMENT_3D ( 'NONE', #8200, #6858, #1168 ) ;
#2403 = ORIENTED_EDGE ( 'NONE', *, *, #863, .T. ) ;
#2404 = DIRECTION ( 'NONE',  ( 1.000000000000000000, 1.596294787383402785E-16, -0.000000000000000000 ) ) ;
#2405 = CIRCLE ( 'NONE', #2691, 44.99999999999992895 ) ;
#2406 = CARTESIAN_POINT ( 'NONE',  ( 255.4757059743467096, -435.9999999999999432, -54.00000000000005684 ) ) ;
#2407 = LINE ( 'NONE', #5822, #1968 ) ;
#2408 = ORIENTED_EDGE ( 'NONE', *, *, #3426, .T. ) ;
#2410 = CARTESIAN_POINT ( 'NONE',  ( 310.4757059743466243, -969.0000000000000000, -425.0000000000000000 ) ) ;
#2409 = VECTOR ( 'NONE', #3767, 1000.000000000000000 ) ;
#2411 = CARTESIAN_POINT ( 'NONE',  ( 458.6941282063430663, -855.3431854633304283, 54.00000000000000711 ) ) ;
#2412 = AXIS2_PLACEMENT_3D ( 'NONE', #5220, #876, #8049 ) ;
#2413 = FACE_BOUND ( 'NONE', #5974, .T. ) ;
#2414 = CARTESIAN_POINT ( 'NONE',  ( 369.9999999999999432, 184.0000000000000000, -112.0000000000000142 ) ) ;
#2415 = AXIS2_PLACEMENT_3D ( 'NONE', #7773, #4114, #1443 ) ;
#2416 = CYLINDRICAL_SURFACE ( 'NONE', #6689, 44.99999999999992895 ) ;
#2417 = VECTOR ( 'NONE', #8456, 999.9999999999998863 ) ;
#2418 = VECTOR ( 'NONE', #1898, 999.9999999999998863 ) ;
#2419 = EDGE_CURVE ( 'NONE', #3068, #6161, #1789, .T. ) ;
#2420 = ORIENTED_EDGE ( 'NONE', *, *, #7472, .T. ) ;
#2421 = AXIS2_PLACEMENT_3D ( 'NONE', #2719, #6350, #2857 ) ;
#2422 = CARTESIAN_POINT ( 'NONE',  ( 245.2357379775465347, -230.2175041084763905, -297.0000000000000568 ) ) ;
#2423 = EDGE_LOOP ( 'NONE', ( #1899, #5366, #7544, #4877 ) ) ;
#2424 = CARTESIAN_POINT ( 'NONE',  ( 245.2357379775465347, -230.2175041084763905, -297.0000000000000568 ) ) ;
#2425 = CYLINDRICAL_SURFACE ( 'NONE', #1588, 69.99999999999992895 ) ;
#2426 = EDGE_CURVE ( 'NONE', #5982, #28, #193, .T. ) ;
#2427 = CARTESIAN_POINT ( 'NONE',  ( 319.9999999999999432, 90.00000000000000000, -425.0000000000000000 ) ) ;
#2428 = EDGE_LOOP ( 'NONE', ( #1202, #612, #152, #4844 ) ) ;
#2429 = LOCAL_TIME ( 15, 23, 54.00000000000000000, #7903 ) ;
#2430 = LINE ( 'NONE', #2377, #8476 ) ;
#2431 = AXIS2_PLACEMENT_3D ( 'NONE', #6659, #5972, #893 ) ;
#2432 = EDGE_LOOP ( 'NONE', ( #6792, #6952, #895, #7367 ) ) ;
#2433 = EDGE_LOOP ( 'NONE', ( #3619, #2145, #5717, #8511, #3614 ) ) ;
#2434 = ORIENTED_EDGE ( 'NONE', *, *, #661, .T. ) ;
#2435 = CARTESIAN_POINT ( 'NONE',  ( 75.08912279775270804, -1673.827452847353243, -8.452966312201832366 ) ) ;
#2436 = CARTESIAN_POINT ( 'NONE',  ( 149.6537014123777283, -193.9813641914472555, -190.0000000000000568 ) ) ;
#2437 = CARTESIAN_POINT ( 'NONE',  ( -124.2906801602892273, -245.3096549777295365, 376.0000000000000000 ) ) ;
#2438 = DIRECTION ( 'NONE',  ( -3.083952846180995211E-16, 1.000000000000000000, 0.000000000000000000 ) ) ;
#2439 = DIRECTION ( 'NONE',  ( 5.538260084506781826E-32, -3.469446951953608765E-16, 1.000000000000000000 ) ) ;
#2440 = VECTOR ( 'NONE', #3004, 1000.000000000000000 ) ;
#2441 = ORIENTED_EDGE ( 'NONE', *, *, #8955, .T. ) ;
#2442 = CARTESIAN_POINT ( 'NONE',  ( 118.8827914185351062, -1695.559955231067761, -1.275620236539608321 ) ) ;
#2443 = VECTOR ( 'NONE', #7061, 1000.000000000000000 ) ;
#2444 = ORIENTED_EDGE ( 'NONE', *, *, #2591, .F. ) ;
#2445 = EDGE_CURVE ( 'NONE', #7455, #7062, #1541, .T. ) ;
#2446 = CARTESIAN_POINT ( 'NONE',  ( -466.6501183485771094, -390.8561909204964877, 297.0000000000000000 ) ) ;
#2447 = ADVANCED_FACE ( 'NONE', ( #1928 ), #3919, .F. ) ;
#2448 = CARTESIAN_POINT ( 'NONE',  ( 33.39252059509767179, -1427.850143772910997, 200.0000000000001137 ) ) ;
#2449 = ORIENTED_EDGE ( 'NONE', *, *, #4629, .T. ) ;
#2450 = LINE ( 'NONE', #4652, #7894 ) ;
#2451 = EDGE_CURVE ( 'NONE', #7639, #6498, #5509, .T. ) ;
#2452 = EDGE_CURVE ( 'NONE', #6906, #4185, #25, .T. ) ;
#2453 = CYLINDRICAL_SURFACE ( 'NONE', #6623, 245.0000000000000000 ) ;
#2454 = CYLINDRICAL_SURFACE ( 'NONE', #8034, 44.99999999999998579 ) ;
#2455 = ORIENTED_EDGE ( 'NONE', *, *, #4338, .F. ) ;
#2456 = FACE_OUTER_BOUND ( 'NONE', #8406, .T. ) ;
#2457 = PLANE ( 'NONE',  #6957 ) ;
#2458 = DIRECTION ( 'NONE',  ( 1.000000000000000000, 0.000000000000000000, -0.000000000000000000 ) ) ;
#2459 = CARTESIAN_POINT ( 'NONE',  ( 178.5517187923148583, -181.9468873486003702, 207.1756291608468530 ) ) ;
#2460 = DIRECTION ( 'NONE',  ( 1.000000000000000000, 1.596294787383402785E-16, -0.000000000000000000 ) ) ;
#2461 = ORIENTED_EDGE ( 'NONE', *, *, #4483, .F. ) ;
#2462 = DIRECTION ( 'NONE',  ( 0.000000000000000000, 1.000000000000000000, 1.734723475976804383E-16 ) ) ;
#2463 = ORIENTED_EDGE ( 'NONE', *, *, #2474, .F. ) ;
#2464 = CYLINDRICAL_SURFACE ( 'NONE', #8883, 200.0000000000000000 ) ;
#2465 = CARTESIAN_POINT ( 'NONE',  ( 0.000000000000000000, 0.000000000000000000, 376.0000000000000000 ) ) ;
#2466 = CARTESIAN_POINT ( 'NONE',  ( 63.12186535763325423, -516.0000000000000000, 53.99999999999996447 ) ) ;
#2467 = ORIENTED_EDGE ( 'NONE', *, *, #1926, .T. ) ;
#2468 = VECTOR ( 'NONE', #2983, 1000.000000000000000 ) ;
#2469 = EDGE_CURVE ( 'NONE', #3446, #3031, #2803, .T. ) ;
#2470 = FACE_BOUND ( 'NONE', #69, .T. ) ;
#2471 = EDGE_LOOP ( 'NONE', ( #721, #7652, #989, #555, #3676 ) ) ;
#2472 = ORIENTED_EDGE ( 'NONE', *, *, #5852, .F. ) ;
#2473 = ORIENTED_EDGE ( 'NONE', *, *, #2251, .F. ) ;
#2474 = EDGE_CURVE ( 'NONE', #1070, #5019, #2121, .T. ) ;
#2475 = CARTESIAN_POINT ( 'NONE',  ( 310.4757059743466243, -298.9999999999999432, -425.0000000000000000 ) ) ;
#2476 = CARTESIAN_POINT ( 'NONE',  ( 70.58869250485238922, -1663.211432783006330, -16.11030034284338441 ) ) ;
#2477 = CARTESIAN_POINT ( 'NONE',  ( -470.8253113773791938, -361.1481488582493853, -297.0000000000000568 ) ) ;
#2478 = CARTESIAN_POINT ( 'NONE',  ( 63.12186535763336792, -851.0000000000000000, 143.9999999999999432 ) ) ;
#2479 = DIRECTION ( 'NONE',  ( -0.9848077530122076872, -0.1736481776669321075, -0.000000000000000000 ) ) ;
#2480 = CARTESIAN_POINT ( 'NONE',  ( -31.99417483949969920, -1623.331759914985241, -12.09486551138016885 ) ) ;
#2481 = EDGE_CURVE ( 'NONE', #8273, #5440, #6869, .T. ) ;
#2482 = EDGE_CURVE ( 'NONE', #4078, #4663, #939, .T. ) ;
#2483 = ORIENTED_EDGE ( 'NONE', *, *, #1248, .F. ) ;
#2484 = VERTEX_POINT ( 'NONE', #681 ) ;
#2485 = LINE ( 'NONE', #7983, #4152 ) ;
#2486 = DIRECTION ( 'NONE',  ( 1.000000000000000000, 1.596294787383402785E-16, -0.000000000000000000 ) ) ;
#2487 = ORIENTED_EDGE ( 'NONE', *, *, #2833, .T. ) ;
#2488 = CARTESIAN_POINT ( 'NONE',  ( 310.4757059743466243, -516.0000000000000000, 341.9999999999999432 ) ) ;
#2489 = EDGE_CURVE ( 'NONE', #111, #1811, #2711, .T. ) ;
#2490 = LINE ( 'NONE', #6640, #8244 ) ;
#2491 = EDGE_CURVE ( 'NONE', #558, #2646, #1977, .T. ) ;
#2492 = LINE ( 'NONE', #6774, #5065 ) ;
#2493 = ORIENTED_EDGE ( 'NONE', *, *, #2579, .F. ) ;
#2494 = DIRECTION ( 'NONE',  ( -3.083952846180995211E-16, 1.000000000000000000, 0.000000000000000000 ) ) ;
#2495 = CARTESIAN_POINT ( 'NONE',  ( 204.2061900648915014, -184.2201132652633646, -376.0000000000000000 ) ) ;
#2496 = CYLINDRICAL_SURFACE ( 'NONE', #1825, 44.99999999999998579 ) ;
#2497 = CARTESIAN_POINT ( 'NONE',  ( 150.3281785251038514, -193.4610152555681566, 190.0000000000000000 ) ) ;
#2498 = EDGE_CURVE ( 'NONE', #7886, #558, #7875, .T. ) ;
#2499 = CARTESIAN_POINT ( 'NONE',  ( 63.12186535763325423, -1441.000000000000000, -297.0000000000000568 ) ) ;
#2500 = ORIENTED_EDGE ( 'NONE', *, *, #6128, .T. ) ;
#2501 = LINE ( 'NONE', #6096, #6235 ) ;
#2502 = EDGE_LOOP ( 'NONE', ( #656, #6364, #299, #6065 ) ) ;
#2503 = DIRECTION ( 'NONE',  ( -0.000000000000000000, -0.000000000000000000, -1.000000000000000000 ) ) ;
#2504 = CARTESIAN_POINT ( 'NONE',  ( -219.7564391197979035, -164.5980704461534003, -418.0024639543698868 ) ) ;
#2505 = CARTESIAN_POINT ( 'NONE',  ( -19.58484753669445411, -1594.552824406148829, 2.204364238465246472E-15 ) ) ;
#2506 = ORIENTED_EDGE ( 'NONE', *, *, #8228, .T. ) ;
#2507 = ADVANCED_FACE ( 'NONE', ( #4832 ), #3354, .F. ) ;
#2508 = DIRECTION ( 'NONE',  ( 1.000000000000000000, 0.000000000000000000, 0.000000000000000000 ) ) ;
#2509 = VERTEX_POINT ( 'NONE', #5671 ) ;
#2510 = ORIENTED_EDGE ( 'NONE', *, *, #1255, .F. ) ;
#2511 = ORIENTED_EDGE ( 'NONE', *, *, #5536, .T. ) ;
#2512 = CARTESIAN_POINT ( 'NONE',  ( 63.12186535763325423, -1521.000000000000227, -144.0000000000000568 ) ) ;
#2513 = LINE ( 'NONE', #3983, #8459 ) ;
#2514 = CARTESIAN_POINT ( 'NONE',  ( 70.82574702018595758, -1664.782226269139301, 15.36847966107092134 ) ) ;
#2515 = DIRECTION ( 'NONE',  ( 5.538260084506780731E-32, -3.469446951953609258E-16, 1.000000000000000000 ) ) ;
#2516 = FACE_OUTER_BOUND ( 'NONE', #3789, .T. ) ;
#2517 = CARTESIAN_POINT ( 'NONE',  ( 63.12186535763331108, -770.9999999999998863, -297.0000000000000568 ) ) ;
#2518 = EDGE_LOOP ( 'NONE', ( #3660, #1275, #9051, #5796 ) ) ;
#2519 = AXIS2_PLACEMENT_3D ( 'NONE', #2517, #3208, #3912 ) ;
#2520 = ORIENTED_EDGE ( 'NONE', *, *, #450, .T. ) ;
#2521 = EDGE_CURVE ( 'NONE', #4829, #8401, #3605, .T. ) ;
#2522 = CARTESIAN_POINT ( 'NONE',  ( 59.80567514388355477, -1433.079413968832341, -200.0000000000001137 ) ) ;
#2523 = ADVANCED_FACE ( 'NONE', ( #5531, #6911, #8621 ), #6169, .T. ) ;
#2524 = AXIS2_PLACEMENT_3D ( 'NONE', #1865, #4586, #6798 ) ;
#2525 = DIRECTION ( 'NONE',  ( -2.769130042253390366E-32, 1.734723475976804629E-16, -1.000000000000000000 ) ) ;
#2526 = ORIENTED_EDGE ( 'NONE', *, *, #2481, .T. ) ;
#2527 = FACE_BOUND ( 'NONE', #2939, .T. ) ;
#2528 = VECTOR ( 'NONE', #3022, 1000.000000000000114 ) ;
#2529 = AXIS2_PLACEMENT_3D ( 'NONE', #3885, #1798, #5301 ) ;
#2530 = CARTESIAN_POINT ( 'NONE',  ( 255.4757059743467664, -516.0000000000000000, -297.0000000000000568 ) ) ;
#2531 = DIRECTION ( 'NONE',  ( -0.8987940462991687030, -0.4383711467890740732, 0.000000000000000000 ) ) ;
#2532 = DIRECTION ( 'NONE',  ( 0.9902680687415699179, 0.1391731009600692404, -0.000000000000000000 ) ) ;
#2533 = VERTEX_POINT ( 'NONE', #8992 ) ;
#2534 = CARTESIAN_POINT ( 'NONE',  ( 255.4757059743467664, -516.0000000000000000, 53.99999999999996447 ) ) ;
#2535 = CARTESIAN_POINT ( 'NONE',  ( 319.9999999999999432, 110.0000000000000000, -425.0000000000000000 ) ) ;
#2536 = DIRECTION ( 'NONE',  ( 1.000000000000000000, 1.596294787383402785E-16, -0.000000000000000000 ) ) ;
#2537 = FACE_OUTER_BOUND ( 'NONE', #562, .T. ) ;
#2538 = VECTOR ( 'NONE', #8997, 1000.000000000000000 ) ;
#2539 = AXIS2_PLACEMENT_3D ( 'NONE', #1508, #72, #2902 ) ;
#2540 = CARTESIAN_POINT ( 'NONE',  ( 118.8827914185351062, -1695.559955231067761, 1.275620236539608321 ) ) ;
#2541 = EDGE_CURVE ( 'NONE', #8962, #1782, #8398, .T. ) ;
#2542 = AXIS2_PLACEMENT_3D ( 'NONE', #2686, #8332, #8920 ) ;
#2543 = EDGE_LOOP ( 'NONE', ( #4041, #3240, #5203, #1405, #2083 ) ) ;
#2544 = CIRCLE ( 'NONE', #332, 200.0000000000000000 ) ;
#2545 = EDGE_CURVE ( 'NONE', #5374, #2350, #4093, .T. ) ;
#2546 = CARTESIAN_POINT ( 'NONE',  ( 310.4757059743467380, -1186.000000000000000, 143.9999999999999432 ) ) ;
#2547 = ORIENTED_EDGE ( 'NONE', *, *, #3141, .T. ) ;
#2548 = CARTESIAN_POINT ( 'NONE',  ( -241.2778994879909646, -42.54380352839819324, 425.0000000000000000 ) ) ;
#2549 = CARTESIAN_POINT ( 'NONE',  ( -219.5807572464956365, -165.5944118602485844, -415.2950518244231830 ) ) ;
#2550 = DIRECTION ( 'NONE',  ( 0.000000000000000000, 0.000000000000000000, 1.000000000000000000 ) ) ;
#2551 = ORIENTED_EDGE ( 'NONE', *, *, #8938, .T. ) ;
#2552 = AXIS2_PLACEMENT_3D ( 'NONE', #1674, #3837, #4432 ) ;
#2553 = VECTOR ( 'NONE', #5507, 1000.000000000000000 ) ;
#2554 = EDGE_CURVE ( 'NONE', #3020, #8606, #6307, .T. ) ;
#2555 = AXIS2_PLACEMENT_3D ( 'NONE', #4760, #8964, #1257 ) ;
#2556 = FACE_OUTER_BOUND ( 'NONE', #8413, .T. ) ;
#2557 = ORIENTED_EDGE ( 'NONE', *, *, #1878, .T. ) ;
#2558 = VERTEX_POINT ( 'NONE', #6959 ) ;
#2559 = ADVANCED_FACE ( 'NONE', ( #631, #3452 ), #6264, .F. ) ;
#2560 = EDGE_LOOP ( 'NONE', ( #6986, #8261, #4086, #3904, #204 ) ) ;
#2561 = CARTESIAN_POINT ( 'NONE',  ( 310.4757059743467948, -1521.000000000000227, -252.0000000000001137 ) ) ;
#2562 = CARTESIAN_POINT ( 'NONE',  ( 254.4680740156435945, 90.00000000000004263, 423.7452883339831260 ) ) ;
#2563 = CIRCLE ( 'NONE', #946, 17.50000000000001421 ) ;
#2564 = EDGE_CURVE ( 'NONE', #2572, #1450, #1380, .T. ) ;
#2565 = CARTESIAN_POINT ( 'NONE',  ( 76.30620426344538032, -1675.162160176051202, 6.919168413817994967 ) ) ;
#2566 = LINE ( 'NONE', #8202, #2316 ) ;
#2567 = DIRECTION ( 'NONE',  ( 1.000000000000000000, 1.596294787383402785E-16, -0.000000000000000000 ) ) ;
#2568 = EDGE_LOOP ( 'NONE', ( #3519, #8383, #7032, #6876 ) ) ;
#2569 = CARTESIAN_POINT ( 'NONE',  ( -24.92123538193835586, -1619.698677249297134, -16.53052523892250392 ) ) ;
#2570 = VECTOR ( 'NONE', #53, 1000.000000000000000 ) ;
#2571 = ORIENTED_EDGE ( 'NONE', *, *, #7383, .T. ) ;
#2572 = VERTEX_POINT ( 'NONE', #1078 ) ;
#2573 = AXIS2_PLACEMENT_3D ( 'NONE', #3179, #7522, #6770 ) ;
#2574 = FACE_OUTER_BOUND ( 'NONE', #3836, .T. ) ;
#2575 = DIRECTION ( 'NONE',  ( 0.8386705679454246054, -0.5446390350150260851, 0.000000000000000000 ) ) ;
#2576 = EDGE_CURVE ( 'NONE', #2796, #111, #3109, .T. ) ;
#2577 = CARTESIAN_POINT ( 'NONE',  ( 0.000000000000000000, 0.000000000000000000, -435.0000000000000000 ) ) ;
#2578 = VECTOR ( 'NONE', #8357, 1000.000000000000000 ) ;
#2579 = EDGE_CURVE ( 'NONE', #1262, #7593, #3902, .T. ) ;
#2580 = ORIENTED_EDGE ( 'NONE', *, *, #1850, .F. ) ;
#2581 = CARTESIAN_POINT ( 'NONE',  ( 310.4757059743468517, -1441.000000000000000, 98.99999999999995737 ) ) ;
#2582 = CARTESIAN_POINT ( 'NONE',  ( -110.7316968700759219, -218.5486017074317431, -190.0000000000000853 ) ) ;
#2583 = FACE_OUTER_BOUND ( 'NONE', #1656, .T. ) ;
#2584 = CIRCLE ( 'NONE', #4945, 265.0222139978606606 ) ;
#2585 = DIRECTION ( 'NONE',  ( -1.000000000000000000, -7.772245805989896776E-17, 0.000000000000000000 ) ) ;
#2586 = VERTEX_POINT ( 'NONE', #6617 ) ;
#2587 = CARTESIAN_POINT ( 'NONE',  ( 369.9999999999999432, -115.9999999999999858, 328.7500000000000000 ) ) ;
#2588 = DIRECTION ( 'NONE',  ( 1.000000000000000000, 1.596294787383402785E-16, -0.000000000000000000 ) ) ;
#2589 = DIRECTION ( 'NONE',  ( -0.000000000000000000, -0.000000000000000000, -1.000000000000000000 ) ) ;
#2590 = CARTESIAN_POINT ( 'NONE',  ( 310.4757059743466812, -770.9999999999998863, 143.9999999999999716 ) ) ;
#2591 = EDGE_CURVE ( 'NONE', #9140, #8245, #7729, .T. ) ;
#2592 = DIRECTION ( 'NONE',  ( -0.1736481776669323851, 0.9848077530122075762, 0.000000000000000000 ) ) ;
#2593 = ORIENTED_EDGE ( 'NONE', *, *, #7637, .T. ) ;
#2594 = CARTESIAN_POINT ( 'NONE',  ( 329.9999999999999432, -115.9999999999999858, -311.2500000000000000 ) ) ;
#2595 = EDGE_LOOP ( 'NONE', ( #6754, #9086, #5240, #3607 ) ) ;
#2596 = CARTESIAN_POINT ( 'NONE',  ( 245.3287797130421382, -230.7125773165648184, -93.41583561129998259 ) ) ;
#2597 = CARTESIAN_POINT ( 'NONE',  ( -220.5876222984704214, -159.8841963961757529, 421.7427289282319407 ) ) ;
#2598 = CARTESIAN_POINT ( 'NONE',  ( 310.4757059743466812, -770.9999999999998863, -144.0000000000000568 ) ) ;
#2599 = ORIENTED_EDGE ( 'NONE', *, *, #397, .F. ) ;
#2600 = DIRECTION ( 'NONE',  ( 0.000000000000000000, 0.000000000000000000, -1.000000000000000000 ) ) ;
#2601 = EDGE_CURVE ( 'NONE', #553, #7736, #6576, .T. ) ;
#2602 = ORIENTED_EDGE ( 'NONE', *, *, #4419, .T. ) ;
#2603 = ORIENTED_EDGE ( 'NONE', *, *, #2019, .F. ) ;
#2604 = ORIENTED_EDGE ( 'NONE', *, *, #9105, .F. ) ;
#2605 = ADVANCED_FACE ( 'NONE', ( #2295, #8103, #1638, #2470, #3769 ), #7274, .F. ) ;
#2606 = FACE_OUTER_BOUND ( 'NONE', #4455, .T. ) ;
#2607 = VECTOR ( 'NONE', #391, 1000.000000000000114 ) ;
#2608 = DIRECTION ( 'NONE',  ( 0.000000000000000000, 0.000000000000000000, -1.000000000000000000 ) ) ;
#2609 = CARTESIAN_POINT ( 'NONE',  ( 310.4757059743467380, -1186.000000000000000, 252.0000000000000000 ) ) ;
#2610 = DIRECTION ( 'NONE',  ( -1.000000000000000000, -7.772245805989896776E-17, 0.000000000000000000 ) ) ;
#2611 = ADVANCED_FACE ( 'NONE', ( #5883 ), #5842, .F. ) ;
#2612 = DIRECTION ( 'NONE',  ( -3.083952846180995211E-16, 1.000000000000000000, 0.000000000000000000 ) ) ;
#2613 = ORIENTED_EDGE ( 'NONE', *, *, #5205, .T. ) ;
#2614 = CARTESIAN_POINT ( 'NONE',  ( -26.20435869968239828, -1620.643758367418513, -15.86004239135118254 ) ) ;
#2615 = EDGE_LOOP ( 'NONE', ( #1640, #6514, #945, #7412, #4948 ) ) ;
#2616 = CIRCLE ( 'NONE', #8380, 44.99999999999992895 ) ;
#2617 = ADVANCED_FACE ( 'NONE', ( #3813 ), #3717, .F. ) ;
#2618 = VERTEX_POINT ( 'NONE', #4546 ) ;
#2619 = DIRECTION ( 'NONE',  ( -1.000000000000000000, -7.772245805989896776E-17, 0.000000000000000000 ) ) ;
#2620 = DIRECTION ( 'NONE',  ( 0.000000000000000000, 0.000000000000000000, 1.000000000000000000 ) ) ;
#2621 = FACE_BOUND ( 'NONE', #216, .T. ) ;
#2622 = ORIENTED_EDGE ( 'NONE', *, *, #1647, .F. ) ;
#2623 = DIRECTION ( 'NONE',  ( 0.1736481776669320798, -0.9848077530122077983, 0.000000000000000000 ) ) ;
#2624 = CIRCLE ( 'NONE', #7777, 17.50000000000001421 ) ;
#2625 = CARTESIAN_POINT ( 'NONE',  ( 320.4757059743469085, -1354.000000000000000, 425.0000000000000000 ) ) ;
#2626 = PLANE ( 'NONE',  #7336 ) ;
#2627 = DIRECTION ( 'NONE',  ( -0.1391731009600695457, 0.9902680687415696958, 0.000000000000000000 ) ) ;
#2628 = ORIENTED_EDGE ( 'NONE', *, *, #6021, .F. ) ;
#2629 = DIRECTION ( 'NONE',  ( -0.5446390350150243087, -0.8386705679454258267, 0.000000000000000000 ) ) ;
#2630 = CARTESIAN_POINT ( 'NONE',  ( 63.12186535763325423, -516.0000000000000000, 252.0000000000000000 ) ) ;
#2631 = CARTESIAN_POINT ( 'NONE',  ( 63.12186535763336792, -770.9999999999998863, -54.00000000000004974 ) ) ;
#2632 = DIRECTION ( 'NONE',  ( -0.000000000000000000, -1.000000000000000000, -3.469446951953608765E-16 ) ) ;
#2633 = VERTEX_POINT ( 'NONE', #8705 ) ;
#2634 = FACE_OUTER_BOUND ( 'NONE', #1181, .T. ) ;
#2635 = VERTEX_POINT ( 'NONE', #7927 ) ;
#2636 = EDGE_CURVE ( 'NONE', #8636, #7968, #2430, .T. ) ;
#2637 = DIRECTION ( 'NONE',  ( 0.000000000000000000, 1.000000000000000000, 1.734723475976804383E-16 ) ) ;
#2638 = CARTESIAN_POINT ( 'NONE',  ( 255.4757059743467664, -516.0000000000000000, 341.9999999999999432 ) ) ;
#2639 = ORIENTED_EDGE ( 'NONE', *, *, #1008, .T. ) ;
#2640 = CARTESIAN_POINT ( 'NONE',  ( 245.4594526077990224, -231.4455895485727410, -90.15376386700091871 ) ) ;
#2641 = CARTESIAN_POINT ( 'NONE',  ( 255.4757059743467096, -390.9999999999998863, 297.0000000000000000 ) ) ;
#2642 = CARTESIAN_POINT ( 'NONE',  ( 255.4757059743467664, -1105.999999999999773, 297.0000000000000000 ) ) ;
#2643 = ORIENTED_EDGE ( 'NONE', *, *, #6102, .T. ) ;
#2644 = CARTESIAN_POINT ( 'NONE',  ( 197.0883031891226267, -182.4349553839679174, -230.8101825150830280 ) ) ;
#2645 = ORIENTED_EDGE ( 'NONE', *, *, #1112, .T. ) ;
#2646 = VERTEX_POINT ( 'NONE', #384 ) ;
#2647 = ORIENTED_EDGE ( 'NONE', *, *, #8540, .F. ) ;
#2648 = DIRECTION ( 'NONE',  ( 0.1736481776669320798, -0.9848077530122077983, 0.000000000000000000 ) ) ;
#2649 = CARTESIAN_POINT ( 'NONE',  ( 320.4757059743469085, -683.9999999999998863, -425.0000000000000000 ) ) ;
#2650 = DIRECTION ( 'NONE',  ( 0.000000000000000000, 1.000000000000000000, 1.734723475976804383E-16 ) ) ;
#2651 = DIRECTION ( 'NONE',  ( 1.000000000000000000, -1.132880637372609085E-15, -0.000000000000000000 ) ) ;
#2652 = CARTESIAN_POINT ( 'NONE',  ( 0.000000000000000000, 0.000000000000000000, 275.0000000000000000 ) ) ;
#2653 = ORIENTED_EDGE ( 'NONE', *, *, #5828, .F. ) ;
#2654 = CARTESIAN_POINT ( 'NONE',  ( 369.9999999999999432, 184.0000000000000000, 88.00000000000000000 ) ) ;
#2655 = AXIS2_PLACEMENT_3D ( 'NONE', #6605, #5225, #7352 ) ;
#2656 = ORIENTED_EDGE ( 'NONE', *, *, #5662, .T. ) ;
#2657 = ADVANCED_FACE ( 'NONE', ( #8020 ), #7408, .F. ) ;
#2658 = ORIENTED_EDGE ( 'NONE', *, *, #1605, .F. ) ;
#2659 = EDGE_CURVE ( 'NONE', #8936, #3462, #4507, .T. ) ;
#2660 = CARTESIAN_POINT ( 'NONE',  ( -18.58610902079638194, -1597.348912799730215, 25.00000000000000000 ) ) ;
#2661 = CARTESIAN_POINT ( 'NONE',  ( 324.9999999999999432, 184.0000000000000000, -82.49999999999994316 ) ) ;
#2662 = AXIS2_PLACEMENT_3D ( 'NONE', #1986, #4797, #3408 ) ;
#2663 = DIRECTION ( 'NONE',  ( 0.000000000000000000, -0.000000000000000000, 1.000000000000000000 ) ) ;
#2664 = EDGE_LOOP ( 'NONE', ( #464, #7861, #5522, #4597 ) ) ;
#2665 = EDGE_CURVE ( 'NONE', #1691, #383, #6397, .T. ) ;
#2666 = CARTESIAN_POINT ( 'NONE',  ( -127.0082467431485327, -215.4284765332147629, -198.8000085315913168 ) ) ;
#2667 = AXIS2_PLACEMENT_3D ( 'NONE', #2942, #2854, #3546 ) ;
#2668 = DIRECTION ( 'NONE',  ( 0.000000000000000000, 0.000000000000000000, 1.000000000000000000 ) ) ;
#2669 = VECTOR ( 'NONE', #4888, 1000.000000000000114 ) ;
#2670 = DIRECTION ( 'NONE',  ( 0.000000000000000000, -0.000000000000000000, -1.000000000000000000 ) ) ;
#2671 = VERTEX_POINT ( 'NONE', #7365 ) ;
#2672 = CARTESIAN_POINT ( 'NONE',  ( 255.4757059743467664, -1105.999999999999773, 252.0000000000000000 ) ) ;
#2673 = ADVANCED_FACE ( 'NONE', ( #1032 ), #5811, .F. ) ;
#2674 = DIRECTION ( 'NONE',  ( -0.9902680687415702510, -0.1391731009600656876, 0.000000000000000000 ) ) ;
#2675 = CARTESIAN_POINT ( 'NONE',  ( 245.7196715970460730, -233.1366183439936037, -86.01026277031692757 ) ) ;
#2676 = FACE_OUTER_BOUND ( 'NONE', #6354, .T. ) ;
#2677 = CARTESIAN_POINT ( 'NONE',  ( 282.1454300350113726, -1748.319521313477935, 425.0000000000000000 ) ) ;
#2678 = VECTOR ( 'NONE', #8543, 1000.000000000000000 ) ;
#2679 = ORIENTED_EDGE ( 'NONE', *, *, #2873, .F. ) ;
#2680 = DIRECTION ( 'NONE',  ( 0.000000000000000000, -1.000000000000000000, 0.000000000000000000 ) ) ;
#2681 = AXIS2_PLACEMENT_3D ( 'NONE', #1342, #6287, #1299 ) ;
#2682 = ORIENTED_EDGE ( 'NONE', *, *, #2328, .F. ) ;
#2683 = DIRECTION ( 'NONE',  ( -1.000000000000000000, 0.000000000000000000, 0.000000000000000000 ) ) ;
#2684 = DIRECTION ( 'NONE',  ( -1.000000000000000000, -7.772245805989896776E-17, 0.000000000000000000 ) ) ;
#2685 = ORIENTED_EDGE ( 'NONE', *, *, #2905, .T. ) ;
#2686 = CARTESIAN_POINT ( 'NONE',  ( 320.4757059743469085, -348.9999999999999432, 425.0000000000000000 ) ) ;
#2687 = DIRECTION ( 'NONE',  ( -3.083952846180991267E-16, 1.000000000000000000, 0.000000000000000000 ) ) ;
#2688 = AXIS2_PLACEMENT_3D ( 'NONE', #6909, #489, #1319 ) ;
#2689 = DIRECTION ( 'NONE',  ( 0.000000000000000000, -1.000000000000000000, 0.000000000000000000 ) ) ;
#2690 = EDGE_LOOP ( 'NONE', ( #8930, #110, #4508, #5508 ) ) ;
#2691 = AXIS2_PLACEMENT_3D ( 'NONE', #6745, #1118, #6847 ) ;
#2692 = ADVANCED_FACE ( 'NONE', ( #3855, #7227, #8799, #6527, #202 ), #8876, .F. ) ;
#2693 = FACE_OUTER_BOUND ( 'NONE', #7230, .T. ) ;
#2694 = VECTOR ( 'NONE', #2333, 1000.000000000000114 ) ;
#2695 = VERTEX_POINT ( 'NONE', #8193 ) ;
#2696 = VECTOR ( 'NONE', #3846, 1000.000000000000000 ) ;
#2697 = ORIENTED_EDGE ( 'NONE', *, *, #2209, .F. ) ;
#2698 = VERTEX_POINT ( 'NONE', #6103 ) ;
#2699 = EDGE_CURVE ( 'NONE', #8523, #7137, #2870, .T. ) ;
#2700 = CARTESIAN_POINT ( 'NONE',  ( 85.87075198035650203, -1641.556351812041612, 1.500317686085103741 ) ) ;
#2701 = VECTOR ( 'NONE', #4744, 1000.000000000000000 ) ;
#2702 = CARTESIAN_POINT ( 'NONE',  ( 252.5947064000787918, 90.00000000000001421, 424.5039044920791298 ) ) ;
#2703 = DIRECTION ( 'NONE',  ( -3.083952846180991267E-16, 1.000000000000000000, 0.000000000000000000 ) ) ;
#2704 = CARTESIAN_POINT ( 'NONE',  ( -121.3657323965223895, -215.4459508655621107, 193.9450904349805285 ) ) ;
#2705 = CARTESIAN_POINT ( 'NONE',  ( -466.6501183485771094, -390.8561909204964877, 98.99999999999997158 ) ) ;
#2706 = ORIENTED_EDGE ( 'NONE', *, *, #5721, .T. ) ;
#2707 = CARTESIAN_POINT ( 'NONE',  ( -684.9362591943839789, -1054.709347979664244, 376.0000000000000000 ) ) ;
#2708 = CIRCLE ( 'NONE', #6234, 30.00000000000006395 ) ;
#2709 = AXIS2_PLACEMENT_3D ( 'NONE', #988, #290, #3102 ) ;
#2710 = VERTEX_POINT ( 'NONE', #9018 ) ;
#2711 = CIRCLE ( 'NONE', #3005, 20.00000000000001776 ) ;
#2712 = ORIENTED_EDGE ( 'NONE', *, *, #1882, .T. ) ;
#2713 = VECTOR ( 'NONE', #6037, 1000.000000000000000 ) ;
#2714 = VECTOR ( 'NONE', #1042, 1000.000000000000000 ) ;
#2715 = CALENDAR_DATE ( 2026, 18, 8 ) ;
#2716 = CARTESIAN_POINT ( 'NONE',  ( 389.2348571395701811, -461.4200842584472184, -297.0000000000000568 ) ) ;
#2717 = CARTESIAN_POINT ( 'NONE',  ( 310.4757059743466243, -435.9999999999999432, -297.0000000000000568 ) ) ;
#2718 = VECTOR ( 'NONE', #2460, 1000.000000000000000 ) ;
#2719 = CARTESIAN_POINT ( 'NONE',  ( 319.9999999999999432, 234.0000000000000000, 425.0000000000000000 ) ) ;
#2720 = FACE_OUTER_BOUND ( 'NONE', #7108, .T. ) ;
#2721 = EDGE_CURVE ( 'NONE', #7695, #3541, #6852, .T. ) ;
#2722 = AXIS2_PLACEMENT_3D ( 'NONE', #3758, #7956, #3058 ) ;
#2723 = CARTESIAN_POINT ( 'NONE',  ( -143.6217996869318654, -222.3183754524308142, -224.0770839875111164 ) ) ;
#2724 = CYLINDRICAL_SURFACE ( 'NONE', #4080, 12.00000000000001066 ) ;
#2725 = DIRECTION ( 'NONE',  ( -0.5446390350150267512, -0.8386705679454243834, 0.000000000000000000 ) ) ;
#2726 = ORIENTED_EDGE ( 'NONE', *, *, #6670, .T. ) ;
#2727 = CARTESIAN_POINT ( 'NONE',  ( -73.36011168406758998, -994.8529006912033310, -297.0000000000000568 ) ) ;
#2728 = CARTESIAN_POINT ( 'NONE',  ( 63.12186535763342476, -1186.000000000000000, 252.0000000000000000 ) ) ;
#2729 = ADVANCED_FACE ( 'NONE', ( #2693 ), #421, .F. ) ;
#2730 = PLANE ( 'NONE',  #2272 ) ;
#2731 = DIRECTION ( 'NONE',  ( -0.000000000000000000, -0.000000000000000000, -1.000000000000000000 ) ) ;
#2732 = VECTOR ( 'NONE', #1668, 1000.000000000000114 ) ;
#2733 = LINE ( 'NONE', #6229, #4734 ) ;
#2734 = EDGE_LOOP ( 'NONE', ( #7619, #1337, #1705, #1492 ) ) ;
#2735 = CARTESIAN_POINT ( 'NONE',  ( 255.4757059743467664, -516.0000000000000000, -144.0000000000000568 ) ) ;
#2736 = EDGE_CURVE ( 'NONE', #7137, #1031, #1303, .T. ) ;
#2737 = ORIENTED_EDGE ( 'NONE', *, *, #6039, .T. ) ;
#2738 = VECTOR ( 'NONE', #4519, 1000.000000000000000 ) ;
#2739 = CYLINDRICAL_SURFACE ( 'NONE', #5415, 17.50000000000002842 ) ;
#2740 = CARTESIAN_POINT ( 'NONE',  ( 245.2942593069237773, -230.5272304481107710, 103.4796961098101349 ) ) ;
#2741 = ORIENTED_EDGE ( 'NONE', *, *, #7109, .T. ) ;
#2742 = DIRECTION ( 'NONE',  ( -7.772245805989896776E-17, 1.000000000000000000, 3.469446951953608765E-16 ) ) ;
#2743 = FACE_OUTER_BOUND ( 'NONE', #2690, .T. ) ;
#2744 = DIRECTION ( 'NONE',  ( -0.9848077530122076872, -0.1736481776669321075, -0.000000000000000000 ) ) ;
#2745 = EDGE_LOOP ( 'NONE', ( #3061, #9127, #5221, #7762 ) ) ;
#2746 = DIRECTION ( 'NONE',  ( -0.9848077530122076872, -0.1736481776669321075, -0.000000000000000000 ) ) ;
#2747 = ORIENTED_EDGE ( 'NONE', *, *, #5711, .T. ) ;
#2748 = ORIENTED_EDGE ( 'NONE', *, *, #2251, .T. ) ;
#2749 = ORIENTED_EDGE ( 'NONE', *, *, #115, .F. ) ;
#2750 = CARTESIAN_POINT ( 'NONE',  ( 82.17859984479106572, -1642.800222502813085, 9.557885804548162056 ) ) ;
#2751 = LINE ( 'NONE', #5562, #3131 ) ;
#2752 = DIRECTION ( 'NONE',  ( 0.9135454576426019768, -0.4067366430757978768, 0.000000000000000000 ) ) ;
#2753 = PLANE ( 'NONE',  #2176 ) ;
#2754 = CARTESIAN_POINT ( 'NONE',  ( 0.000000000000000000, 0.000000000000000000, 432.9999999999998863 ) ) ;
#2755 = EDGE_LOOP ( 'NONE', ( #1133, #1349, #814, #8230 ) ) ;
#2756 = LINE ( 'NONE', #8937, #2079 ) ;
#2757 = ORIENTED_EDGE ( 'NONE', *, *, #9155, .T. ) ;
#2758 = EDGE_CURVE ( 'NONE', #5739, #521, #8835, .T. ) ;
#2759 = EDGE_LOOP ( 'NONE', ( #5603, #2603, #6579, #6887 ) ) ;
#2760 = SHAPE_DEFINITION_REPRESENTATION ( #8164, #6783 ) ;
#2761 = DIRECTION ( 'NONE',  ( -0.000000000000000000, -1.000000000000000000, -3.469446951953608765E-16 ) ) ;
#2762 = LINE ( 'NONE', #3996, #609 ) ;
#2763 = ADVANCED_FACE ( 'NONE', ( #2556 ), #7497, .F. ) ;
#2764 = CARTESIAN_POINT ( 'NONE',  ( -124.2906801602892273, -245.3096549777295365, -375.9999999999999432 ) ) ;
#2765 = CARTESIAN_POINT ( 'NONE',  ( 0.000000000000000000, 0.000000000000000000, -841.3925317304245937 ) ) ;
#2766 = ORIENTED_EDGE ( 'NONE', *, *, #2579, .T. ) ;
#2767 = CARTESIAN_POINT ( 'NONE',  ( -123.7459469414130808, -215.2912318774045275, -195.7484041591549158 ) ) ;
#2768 = FACE_OUTER_BOUND ( 'NONE', #6082, .T. ) ;
#2769 = DIRECTION ( 'NONE',  ( 0.000000000000000000, 0.000000000000000000, -1.000000000000000000 ) ) ;
#2770 = VERTEX_POINT ( 'NONE', #3379 ) ;
#2771 = CARTESIAN_POINT ( 'NONE',  ( -265.0222139978606606, 0.000000000000000000, -415.0000000000000000 ) ) ;
#2772 = CARTESIAN_POINT ( 'NONE',  ( 458.6941282063430663, -855.3431854633304283, -53.99999999999999289 ) ) ;
#2773 = DIRECTION ( 'NONE',  ( -0.8386705679454253826, 0.5446390350150249748, 0.000000000000000000 ) ) ;
#2774 = ORIENTED_EDGE ( 'NONE', *, *, #7645, .F. ) ;
#2775 = DIRECTION ( 'NONE',  ( -1.000000000000000000, -0.000000000000000000, -0.000000000000000000 ) ) ;
#2776 = ORIENTED_EDGE ( 'NONE', *, *, #8086, .T. ) ;
#2777 = EDGE_CURVE ( 'NONE', #3440, #3068, #3895, .T. ) ;
#2778 = ADVANCED_FACE ( 'NONE', ( #6050 ), #4118, .F. ) ;
#2779 = CARTESIAN_POINT ( 'NONE',  ( 310.4757059743467380, -851.0000000000000000, -144.0000000000000568 ) ) ;
#2780 = CARTESIAN_POINT ( 'NONE',  ( 63.12186535763336792, -770.9999999999998863, 143.9999999999999716 ) ) ;
#2781 = EDGE_LOOP ( 'NONE', ( #6528, #8123, #9128, #8481 ) ) ;
#2782 = PLANE ( 'NONE',  #3287 ) ;
#2783 = CARTESIAN_POINT ( 'NONE',  ( 71.69132680255815160, -1654.142997575511117, -17.99075508754355468 ) ) ;
#2784 = CARTESIAN_POINT ( 'NONE',  ( 255.4757059743467664, -770.9999999999998863, 98.99999999999995737 ) ) ;
#2785 = VERTEX_POINT ( 'NONE', #3978 ) ;
#2786 = EDGE_CURVE ( 'NONE', #5299, #3541, #3159, .T. ) ;
#2787 = CARTESIAN_POINT ( 'NONE',  ( 153.0914672171519726, -191.5106084182476991, -190.3096516078261686 ) ) ;
#2788 = ORIENTED_EDGE ( 'NONE', *, *, #5447, .T. ) ;
#2789 = VERTEX_POINT ( 'NONE', #7543 ) ;
#2790 = EDGE_LOOP ( 'NONE', ( #6725, #8910, #2165 ) ) ;
#2791 = CARTESIAN_POINT ( 'NONE',  ( 85.65042148598897143, -1641.610243780773089, 2.608010394137173726 ) ) ;
#2792 = DIRECTION ( 'NONE',  ( -0.8386705679454261597, 0.5446390350150240867, -0.000000000000000000 ) ) ;
#2793 = CARTESIAN_POINT ( 'NONE',  ( -202.0000000000000284, 0.000000000000000000, -435.0000000000000000 ) ) ;
#2794 = CARTESIAN_POINT ( 'NONE',  ( 245.0000000000000000, 0.000000000000000000, 435.0000000000000000 ) ) ;
#2795 = FACE_OUTER_BOUND ( 'NONE', #4100, .T. ) ;
#2796 = VERTEX_POINT ( 'NONE', #4714 ) ;
#2797 = DIRECTION ( 'NONE',  ( -0.000000000000000000, -0.000000000000000000, -1.000000000000000000 ) ) ;
#2798 = EDGE_CURVE ( 'NONE', #3331, #997, #6996, .T. ) ;
#2799 = VERTEX_POINT ( 'NONE', #1208 ) ;
#2800 = ORIENTED_EDGE ( 'NONE', *, *, #3072, .T. ) ;
#2801 = LINE ( 'NONE', #4283, #5201 ) ;
#2802 = CARTESIAN_POINT ( 'NONE',  ( -222.7836996639279903, -147.4296227589821342, 228.3031146104115976 ) ) ;
#2803 = LINE ( 'NONE', #2023, #8898 ) ;
#2804 = EDGE_CURVE ( 'NONE', #5665, #4021, #2994, .T. ) ;
#2805 = LINE ( 'NONE', #5619, #1559 ) ;
#2806 = ORIENTED_EDGE ( 'NONE', *, *, #4986, .T. ) ;
#2807 = CARTESIAN_POINT ( 'NONE',  ( 63.12186535763331108, -851.0000000000001137, -252.0000000000001137 ) ) ;
#2808 = EDGE_CURVE ( 'NONE', #4545, #5558, #2129, .T. ) ;
#2809 = DIRECTION ( 'NONE',  ( -1.000000000000000000, 0.000000000000000000, 0.000000000000000000 ) ) ;
#2810 = CARTESIAN_POINT ( 'NONE',  ( 319.9999999999999432, 184.0000000000000000, 300.0000000000000568 ) ) ;
#2811 = ORIENTED_EDGE ( 'NONE', *, *, #1723, .T. ) ;
#2812 = DIRECTION ( 'NONE',  ( 1.000000000000000000, 1.596294787383402785E-16, 0.000000000000000000 ) ) ;
#2813 = VECTOR ( 'NONE', #2943, 1000.000000000000000 ) ;
#2814 = CARTESIAN_POINT ( 'NONE',  ( 41.07422256427195606, -1526.186067574714116, 376.0000000000000000 ) ) ;
#2815 =( BOUNDED_CURVE ( )  B_SPLINE_CURVE ( 3, ( #2505, #4025, #4764, #382 ),
 .UNSPECIFIED., .F., .T. ) 
 B_SPLINE_CURVE_WITH_KNOTS ( ( 4, 4 ),
 ( 1.224646799147348030E-16, 0.4935439897663813635 ),
 .UNSPECIFIED. ) 
 CURVE ( )  GEOMETRIC_REPRESENTATION_ITEM ( )  RATIONAL_B_SPLINE_CURVE ( ( 1.000000000000000000, 0.9798039956883404233, 0.9798039956883404233, 1.000000000000000000 ) ) 
 REPRESENTATION_ITEM ( '' )  );
#2816 = DIRECTION ( 'NONE',  ( -1.000000000000000000, -7.772245805989896776E-17, 0.000000000000000000 ) ) ;
#2817 = ORIENTED_EDGE ( 'NONE', *, *, #1595, .T. ) ;
#2818 = LINE ( 'NONE', #8462, #2732 ) ;
#2819 = CIRCLE ( 'NONE', #5770, 20.00000000000006040 ) ;
#2820 = VERTEX_POINT ( 'NONE', #5601 ) ;
#2821 = CARTESIAN_POINT ( 'NONE',  ( 369.9999999999999432, 184.0000000000000000, 312.0000000000000568 ) ) ;
#2822 = CARTESIAN_POINT ( 'NONE',  ( 245.4594526077989087, -231.4455895485726558, 107.8462361329990387 ) ) ;
#2823 = ORIENTED_EDGE ( 'NONE', *, *, #579, .F. ) ;
#2824 = FACE_OUTER_BOUND ( 'NONE', #7969, .T. ) ;
#2825 = CARTESIAN_POINT ( 'NONE',  ( 255.4757059743467096, -390.9999999999998863, -99.00000000000004263 ) ) ;
#2826 = CARTESIAN_POINT ( 'NONE',  ( -255.0000000000000000, 3.122849337825750696E-14, 425.0000000000000000 ) ) ;
#2827 = ORIENTED_EDGE ( 'NONE', *, *, #7131, .T. ) ;
#2828 = VECTOR ( 'NONE', #5463, 1000.000000000000000 ) ;
#2829 = AXIS2_PLACEMENT_3D ( 'NONE', #2128, #4801, #4941 ) ;
#2830 = CARTESIAN_POINT ( 'NONE',  ( 249.4831827773962800, -259.9153918465117385, -99.00000000000002842 ) ) ;
#2831 = ORIENTED_EDGE ( 'NONE', *, *, #7803, .T. ) ;
#2832 = ORIENTED_EDGE ( 'NONE', *, *, #1368, .T. ) ;
#2833 = EDGE_CURVE ( 'NONE', #424, #8524, #2143, .T. ) ;
#2834 = ORIENTED_EDGE ( 'NONE', *, *, #5288, .T. ) ;
#2835 = PLANE ( 'NONE',  #616 ) ;
#2836 = AXIS2_PLACEMENT_3D ( 'NONE', #6410, #3503, #5719 ) ;
#2837 = DIRECTION ( 'NONE',  ( -0.000000000000000000, -0.000000000000000000, -1.000000000000000000 ) ) ;
#2838 = FACE_OUTER_BOUND ( 'NONE', #8220, .T. ) ;
#2839 = DIRECTION ( 'NONE',  ( 0.9848077530122077983, 0.1736481776669324129, -0.000000000000000000 ) ) ;
#2840 = DIRECTION ( 'NONE',  ( -0.1391731009600695457, 0.9902680687415696958, 0.000000000000000000 ) ) ;
#2841 = EDGE_LOOP ( 'NONE', ( #7825, #3266, #6166, #4666 ) ) ;
#2842 = DIRECTION ( 'NONE',  ( 1.000000000000000000, 0.000000000000000000, 0.000000000000000000 ) ) ;
#2843 = EDGE_CURVE ( 'NONE', #358, #2509, #360, .T. ) ;
#2844 = CIRCLE ( 'NONE', #927, 44.99999999999992895 ) ;
#2845 = CIRCLE ( 'NONE', #2986, 245.0000000000000000 ) ;
#2846 = EDGE_CURVE ( 'NONE', #3391, #1628, #1542, .T. ) ;
#2847 = ORIENTED_EDGE ( 'NONE', *, *, #4931, .F. ) ;
#2848 = ORIENTED_EDGE ( 'NONE', *, *, #4827, .F. ) ;
#2849 = VERTEX_POINT ( 'NONE', #1448 ) ;
#2850 = VECTOR ( 'NONE', #6190, 1000.000000000000000 ) ;
#2851 = EDGE_CURVE ( 'NONE', #6907, #1568, #4904, .T. ) ;
#2852 = LINE ( 'NONE', #6403, #1801 ) ;
#2853 = VECTOR ( 'NONE', #607, 999.9999999999998863 ) ;
#2854 = DIRECTION ( 'NONE',  ( -1.000000000000000000, -7.772245805989896776E-17, 0.000000000000000000 ) ) ;
#2855 = VECTOR ( 'NONE', #8149, 1000.000000000000114 ) ;
#2856 = VECTOR ( 'NONE', #2742, 1000.000000000000000 ) ;
#2857 = DIRECTION ( 'NONE',  ( 1.000000000000000000, 5.551115123125783688E-16, 0.000000000000000000 ) ) ;
#2858 = AXIS2_PLACEMENT_3D ( 'NONE', #2962, #5826, #2279 ) ;
#2859 = CIRCLE ( 'NONE', #3000, 275.0222139978606606 ) ;
#2860 = CARTESIAN_POINT ( 'NONE',  ( -6.522816337376891482, -1489.314372634083611, 425.0000000000000000 ) ) ;
#2861 = VERTEX_POINT ( 'NONE', #5645 ) ;
#2862 = AXIS2_PLACEMENT_3D ( 'NONE', #6010, #1694, #3158 ) ;
#2863 = CARTESIAN_POINT ( 'NONE',  ( 299.9999999999999432, 110.0000000000000000, 425.0000000000000000 ) ) ;
#2864 = VERTEX_POINT ( 'NONE', #6246 ) ;
#2865 = CARTESIAN_POINT ( 'NONE',  ( -43.03049966186497244, -1623.274809641288584, 2.843047023184383182 ) ) ;
#2866 = ADVANCED_FACE ( 'NONE', ( #662 ), #3624, .T. ) ;
#2867 = DIRECTION ( 'NONE',  ( -3.083952846180991267E-16, 1.000000000000000000, 0.000000000000000000 ) ) ;
#2868 = EDGE_CURVE ( 'NONE', #4134, #926, #5694, .T. ) ;
#2869 = DIRECTION ( 'NONE',  ( 0.000000000000000000, 1.000000000000000000, 1.734723475976804383E-16 ) ) ;
#2870 = CIRCLE ( 'NONE', #4043, 44.99999999999992895 ) ;
#2871 = ORIENTED_EDGE ( 'NONE', *, *, #699, .F. ) ;
#2872 = DIRECTION ( 'NONE',  ( -0.9848077530122076872, -0.1736481776669321075, -0.000000000000000000 ) ) ;
#2873 = EDGE_CURVE ( 'NONE', #3981, #3381, #4994, .T. ) ;
#2874 = EDGE_LOOP ( 'NONE', ( #2378, #732, #7359, #6066 ) ) ;
#2875 = CARTESIAN_POINT ( 'NONE',  ( 329.9999999999999432, -115.9999999999999858, -100.0000000000000142 ) ) ;
#2876 = VECTOR ( 'NONE', #8369, 1000.000000000000114 ) ;
#2877 = CARTESIAN_POINT ( 'NONE',  ( 245.4148737722549640, -231.1953507478638983, 91.26181260993872968 ) ) ;
#2878 = VERTEX_POINT ( 'NONE', #8560 ) ;
#2879 = CARTESIAN_POINT ( 'NONE',  ( 319.9999999999999432, 184.0000000000000000, 300.0000000000000568 ) ) ;
#2880 = CARTESIAN_POINT ( 'NONE',  ( 85.35673890964891086, -1641.683738814469052, -3.715681054670981531 ) ) ;
#2881 = EDGE_CURVE ( 'NONE', #1034, #7795, #1490, .T. ) ;
#2882 = CARTESIAN_POINT ( 'NONE',  ( 320.4757059743469085, -298.9999999999999432, 425.0000000000000000 ) ) ;
#2883 = EDGE_LOOP ( 'NONE', ( #4310, #394, #6797, #252 ) ) ;
#2884 = CARTESIAN_POINT ( 'NONE',  ( 164.8512236825712876, -185.4357848918146487, -195.3940825437622095 ) ) ;
#2885 = VECTOR ( 'NONE', #8541, 1000.000000000000000 ) ;
#2886 = VERTEX_POINT ( 'NONE', #7038 ) ;
#2887 = ORIENTED_EDGE ( 'NONE', *, *, #4789, .T. ) ;
#2888 = ORIENTED_EDGE ( 'NONE', *, *, #96, .F. ) ;
#2889 = FACE_OUTER_BOUND ( 'NONE', #2180, .T. ) ;
#2890 = DIRECTION ( 'NONE',  ( -0.000000000000000000, -0.000000000000000000, -1.000000000000000000 ) ) ;
#2891 = LINE ( 'NONE', #8564, #6666 ) ;
#2892 = DIRECTION ( 'NONE',  ( 0.1736481776669323573, -0.9848077530122076872, 0.000000000000000000 ) ) ;
#2893 = CARTESIAN_POINT ( 'NONE',  ( 369.9999999999999432, 184.0000000000000000, 112.0000000000000711 ) ) ;
#2894 = ORIENTED_EDGE ( 'NONE', *, *, #1661, .T. ) ;
#2895 = LINE ( 'NONE', #5658, #3108 ) ;
#2896 = ADVANCED_FACE ( 'NONE', ( #3526 ), #5556, .F. ) ;
#2897 = EDGE_CURVE ( 'NONE', #1141, #1491, #8906, .T. ) ;
#2898 = ORIENTED_EDGE ( 'NONE', *, *, #96, .T. ) ;
#2899 = VERTEX_POINT ( 'NONE', #8478 ) ;
#2900 = ORIENTED_EDGE ( 'NONE', *, *, #3636, .F. ) ;
#2901 = ADVANCED_FACE ( 'NONE', ( #7779 ), #5226, .T. ) ;
#2902 = DIRECTION ( 'NONE',  ( 0.000000000000000000, 0.000000000000000000, -1.000000000000000000 ) ) ;
#2903 = CARTESIAN_POINT ( 'NONE',  ( 255.4757059743467664, -1186.000000000000000, -342.0000000000000568 ) ) ;
#2904 = DIRECTION ( 'NONE',  ( -1.000000000000000000, -1.596294787383402785E-16, 0.000000000000000000 ) ) ;
#2905 = EDGE_CURVE ( 'NONE', #7632, #9113, #8723, .T. ) ;
#2906 = ORIENTED_EDGE ( 'NONE', *, *, #7472, .F. ) ;
#2907 = LINE ( 'NONE', #78, #1256 ) ;
#2908 = ORIENTED_EDGE ( 'NONE', *, *, #813, .F. ) ;
#2909 = CARTESIAN_POINT ( 'NONE',  ( 63.12186535763325423, -1521.000000000000227, -297.0000000000000568 ) ) ;
#2910 = VECTOR ( 'NONE', #8886, 1000.000000000000000 ) ;
#2911 = ORIENTED_EDGE ( 'NONE', *, *, #4738, .T. ) ;
#2912 = CARTESIAN_POINT ( 'NONE',  ( -20.47324601300210389, -1614.711830992145451, 17.99215019383811409 ) ) ;
#2913 = PERSON_AND_ORGANIZATION ( #5581, #207 ) ;
#2914 = CARTESIAN_POINT ( 'NONE',  ( 369.9999999999999432, -115.9999999999999858, 311.2500000000000000 ) ) ;
#2915 = EDGE_LOOP ( 'NONE', ( #1074, #3604, #7567, #4287 ) ) ;
#2916 = LINE ( 'NONE', #8549, #8042 ) ;
#2917 = CIRCLE ( 'NONE', #8080, 45.00000000000001421 ) ;
#2918 = ORIENTED_EDGE ( 'NONE', *, *, #5368, .F. ) ;
#2919 = CARTESIAN_POINT ( 'NONE',  ( 310.4757059743467948, -1353.999999999999545, -425.0000000000000000 ) ) ;
#2920 = CARTESIAN_POINT ( 'NONE',  ( 63.12186535763342476, -770.9999999999998863, 297.0000000000000000 ) ) ;
#2921 = ORIENTED_EDGE ( 'NONE', *, *, #7469, .F. ) ;
#2922 = CYLINDRICAL_SURFACE ( 'NONE', #5339, 44.99999999999992895 ) ;
#2923 = CARTESIAN_POINT ( 'NONE',  ( 83.79263989243349897, -1642.165558266059861, -7.109892595855423991 ) ) ;
#2924 = DIRECTION ( 'NONE',  ( -0.9902680687415702510, -0.1391731009600656876, 0.000000000000000000 ) ) ;
#2925 = ORIENTED_EDGE ( 'NONE', *, *, #4746, .F. ) ;
#2926 = TOROIDAL_SURFACE ( 'NONE', #109, 265.0222139978606606, 10.00000000000000000 ) ;
#2927 = CARTESIAN_POINT ( 'NONE',  ( 255.4757059743467664, -1521.000000000000227, -144.0000000000000568 ) ) ;
#2928 = ORIENTED_EDGE ( 'NONE', *, *, #3367, .T. ) ;
#2929 = EDGE_CURVE ( 'NONE', #2347, #553, #3801, .T. ) ;
#2930 = ORIENTED_EDGE ( 'NONE', *, *, #3454, .T. ) ;
#2931 = CARTESIAN_POINT ( 'NONE',  ( 79.15074541047360412, -1644.532230269793672, 12.95559103663588374 ) ) ;
#2932 = CARTESIAN_POINT ( 'NONE',  ( 255.4757059743467664, -1186.000000000000000, -144.0000000000000568 ) ) ;
#2933 = DIRECTION ( 'NONE',  ( -0.000000000000000000, -0.000000000000000000, 1.000000000000000000 ) ) ;
#2934 = PLANE ( 'NONE',  #8667 ) ;
#2935 = CARTESIAN_POINT ( 'NONE',  ( 90.47570597434693696, -1641.019580355183507, -25.00000000000000000 ) ) ;
#2936 = VERTEX_POINT ( 'NONE', #5268 ) ;
#2937 = LINE ( 'NONE', #9125, #1045 ) ;
#2938 = ORIENTED_EDGE ( 'NONE', *, *, #771, .F. ) ;
#2939 = EDGE_LOOP ( 'NONE', ( #533, #4609, #7405, #3959, #5751 ) ) ;
#2940 = ORIENTED_EDGE ( 'NONE', *, *, #3961, .T. ) ;
#2941 = DIRECTION ( 'NONE',  ( 0.9902680687415699179, 0.1391731009600692404, -0.000000000000000000 ) ) ;
#2942 = CARTESIAN_POINT ( 'NONE',  ( 255.4757059743467664, -1186.000000000000000, -99.00000000000005684 ) ) ;
#2943 = DIRECTION ( 'NONE',  ( 1.000000000000000000, -0.000000000000000000, -0.000000000000000000 ) ) ;
#2944 = EDGE_CURVE ( 'NONE', #5866, #9019, #934, .T. ) ;
#2945 = EDGE_CURVE ( 'NONE', #2120, #1762, #1760, .T. ) ;
#2946 = DIRECTION ( 'NONE',  ( -1.000000000000000000, 0.000000000000000000, 0.000000000000000000 ) ) ;
#2947 = ORIENTED_EDGE ( 'NONE', *, *, #7555, .T. ) ;
#2948 = DIRECTION ( 'NONE',  ( 0.4067366430757978768, 0.9135454576426019768, 0.000000000000000000 ) ) ;
#2949 = ORIENTED_EDGE ( 'NONE', *, *, #8771, .F. ) ;
#2950 = CARTESIAN_POINT ( 'NONE',  ( -38.61796508654062166, -1624.059359395402453, 6.772722124523526510 ) ) ;
#2951 = PERSON_AND_ORGANIZATION ( #5581, #207 ) ;
#2952 = DIRECTION ( 'NONE',  ( 0.000000000000000000, 1.000000000000000000, 0.000000000000000000 ) ) ;
#2953 = EDGE_LOOP ( 'NONE', ( #2304, #1037, #146, #979 ) ) ;
#2954 = CARTESIAN_POINT ( 'NONE',  ( 324.9999999999999432, 184.0000000000000000, 88.00000000000000000 ) ) ;
#2955 = EDGE_CURVE ( 'NONE', #5350, #2974, #6699, .T. ) ;
#2956 = EDGE_CURVE ( 'NONE', #1655, #3690, #7293, .T. ) ;
#2957 = LINE ( 'NONE', #8646, #2034 ) ;
#2958 = DIRECTION ( 'NONE',  ( 1.000000000000000000, 1.596294787383402785E-16, -0.000000000000000000 ) ) ;
#2959 = VERTEX_POINT ( 'NONE', #6513 ) ;
#2960 = DIRECTION ( 'NONE',  ( 0.000000000000000000, 0.000000000000000000, -1.000000000000000000 ) ) ;
#2961 = CARTESIAN_POINT ( 'NONE',  ( 76.28199138423792647, -1646.925288665923063, -15.50626610535744909 ) ) ;
#2962 = CARTESIAN_POINT ( 'NONE',  ( -684.9362591943839789, -1054.709347979664244, 425.0000000000000000 ) ) ;
#2963 = ORIENTED_EDGE ( 'NONE', *, *, #5744, .F. ) ;
#2964 = AXIS2_PLACEMENT_3D ( 'NONE', #6020, #4516, #8112 ) ;
#2965 = CARTESIAN_POINT ( 'NONE',  ( 0.000000000000000000, 0.000000000000000000, 435.0000000000000000 ) ) ;
#2966 = ORIENTED_EDGE ( 'NONE', *, *, #1661, .F. ) ;
#2967 = B_SPLINE_CURVE_WITH_KNOTS ( 'NONE', 3,
 ( #1156, #8188, #2640, #2596, #4576, #6144, #8967, #1071 ),
 .UNSPECIFIED., .F., .F.,
 ( 4, 2, 2, 4 ),
 ( 0.000000000000000000, 0.006681836152044171549, 0.01002275422806623607, 0.01336367230408830147 ),
 .UNSPECIFIED. ) ;
#2968 = DIRECTION ( 'NONE',  ( 0.000000000000000000, 0.000000000000000000, -1.000000000000000000 ) ) ;
#2969 = DIRECTION ( 'NONE',  ( -3.083952846180987322E-16, 1.000000000000000000, 0.000000000000000000 ) ) ;
#2970 = CARTESIAN_POINT ( 'NONE',  ( 310.4757059743466243, -390.9999999999998863, 98.99999999999995737 ) ) ;
#2971 = CARTESIAN_POINT ( 'NONE',  ( -140.4538890922309520, -220.0237504569035707, 217.7680490104569628 ) ) ;
#2972 = VECTOR ( 'NONE', #9038, 1000.000000000000114 ) ;
#2973 = DIRECTION ( 'NONE',  ( 1.000000000000000000, 0.000000000000000000, 0.000000000000000000 ) ) ;
#2974 = VERTEX_POINT ( 'NONE', #5088 ) ;
#2975 = DIRECTION ( 'NONE',  ( -0.9135454576426019768, 0.4067366430757978768, -0.000000000000000000 ) ) ;
#2976 = EDGE_CURVE ( 'NONE', #8623, #1503, #8329, .T. ) ;
#2977 = ORIENTED_EDGE ( 'NONE', *, *, #8955, .F. ) ;
#2978 = ORIENTED_EDGE ( 'NONE', *, *, #725, .F. ) ;
#2979 = CIRCLE ( 'NONE', #4307, 44.99999999999998579 ) ;
#2980 = ORIENTED_EDGE ( 'NONE', *, *, #853, .T. ) ;
#2981 = CARTESIAN_POINT ( 'NONE',  ( 73.49803882013667078, -1671.630220872240670, -10.62715583168404088 ) ) ;
#2982 = CARTESIAN_POINT ( 'NONE',  ( -219.5807572464963755, -165.5944118602445201, 242.0000000000000000 ) ) ;
#2983 = DIRECTION ( 'NONE',  ( -0.000000000000000000, -0.000000000000000000, -1.000000000000000000 ) ) ;
#2984 = CARTESIAN_POINT ( 'NONE',  ( 458.6941282063430663, -855.3431854633304283, -144.0000000000000284 ) ) ;
#2985 = CYLINDRICAL_SURFACE ( 'NONE', #4874, 44.99999999999998579 ) ;
#2986 = AXIS2_PLACEMENT_3D ( 'NONE', #9130, #5057, #722 ) ;
#2987 = VERTEX_POINT ( 'NONE', #1021 ) ;
#2988 = VECTOR ( 'NONE', #3898, 1000.000000000000000 ) ;
#2989 = DIRECTION ( 'NONE',  ( 5.538260084506780731E-32, -3.469446951953608765E-16, 1.000000000000000000 ) ) ;
#2990 = ORIENTED_EDGE ( 'NONE', *, *, #3525, .T. ) ;
#2991 = CIRCLE ( 'NONE', #5934, 44.99999999999992895 ) ;
#2992 = CIRCLE ( 'NONE', #1211, 44.99999999999992895 ) ;
#2993 = DIRECTION ( 'NONE',  ( 0.9135454576425982021, -0.4067366430758062590, 0.000000000000000000 ) ) ;
#2994 = B_SPLINE_CURVE_WITH_KNOTS ( 'NONE', 3,
 ( #4769, #4030, #1264, #2644, #1955, #5458, #8280, #611, #7595, #3427, #4074, #6894, #6194, #1122, #8336, #4815, #6429, #4308, #842, #708, #9115, #2884, #9072, #98, #2090, #7678, #7824, #7134, #8520, #2787, #8422, #7085, #799, #2187 ),
 .UNSPECIFIED., .F., .F.,
 ( 4, 2, 2, 2, 2, 2, 2, 2, 2, 2, 2, 2, 2, 2, 2, 2, 4 ),
 ( 2.351827107038816288E-07, 0.009997008901265203029, 0.01999378261981970412, 0.02999055633837420520, 0.03498894319765145228, 0.03748813662729010704, 0.03998733005692876180, 0.04998410377548329064, 0.05248329720512187602, 0.05498249063476046833, 0.05998087749403754193, 0.06497926435331460859, 0.06747845778295319397, 0.06997765121259176546, 0.07497603807186889457, 0.07747523150150749383, 0.07997442493114606532 ),
 .UNSPECIFIED. ) ;
#2996 = VERTEX_POINT ( 'NONE', #5913 ) ;
#2995 = AXIS2_PLACEMENT_3D ( 'NONE', #8857, #4566, #5352 ) ;
#2997 = CARTESIAN_POINT ( 'NONE',  ( -17.44725510890810227, -1602.941224613820850, 14.09625917685023566 ) ) ;
#2998 = APPROVAL_ROLE ( '' ) ;
#2999 = AXIS2_PLACEMENT_3D ( 'NONE', #8661, #1592, #890 ) ;
#3000 = AXIS2_PLACEMENT_3D ( 'NONE', #6005, #6142, #5309 ) ;
#3001 = EDGE_CURVE ( 'NONE', #3317, #1011, #497, .T. ) ;
#3002 = DIRECTION ( 'NONE',  ( -0.000000000000000000, -0.000000000000000000, -1.000000000000000000 ) ) ;
#3003 = ORIENTED_EDGE ( 'NONE', *, *, #6396, .F. ) ;
#3004 = DIRECTION ( 'NONE',  ( 0.000000000000000000, 0.000000000000000000, 1.000000000000000000 ) ) ;
#3005 = AXIS2_PLACEMENT_3D ( 'NONE', #8356, #1322, #1236 ) ;
#3006 = ADVANCED_FACE ( 'NONE', ( #5780 ), #1627, .F. ) ;
#3007 = VECTOR ( 'NONE', #2589, 1000.000000000000000 ) ;
#3008 = ADVANCED_FACE ( 'NONE', ( #5960 ), #2416, .F. ) ;
#3009 = VECTOR ( 'NONE', #320, 1000.000000000000000 ) ;
#3010 = LINE ( 'NONE', #1480, #3220 ) ;
#3011 = DIRECTION ( 'NONE',  ( 0.1736481776669323573, -0.9848077530122076872, 0.000000000000000000 ) ) ;
#3012 = ORIENTED_EDGE ( 'NONE', *, *, #3185, .T. ) ;
#3013 = CARTESIAN_POINT ( 'NONE',  ( 310.4757059743466812, -851.0000000000000000, -99.00000000000005684 ) ) ;
#3014 = CARTESIAN_POINT ( 'NONE',  ( 72.74614404896813369, -1651.734047888808846, -17.70787597966183924 ) ) ;
#3015 = DIRECTION ( 'NONE',  ( -0.000000000000000000, -0.000000000000000000, 1.000000000000000000 ) ) ;
#3016 = ORIENTED_EDGE ( 'NONE', *, *, #5536, .F. ) ;
#3017 = VECTOR ( 'NONE', #3940, 1000.000000000000000 ) ;
#3018 = EDGE_CURVE ( 'NONE', #28, #1820, #8790, .T. ) ;
#3019 = DIRECTION ( 'NONE',  ( 0.000000000000000000, 1.000000000000000000, 0.000000000000000000 ) ) ;
#3020 = VERTEX_POINT ( 'NONE', #8094 ) ;
#3021 = VECTOR ( 'NONE', #2355, 1000.000000000000000 ) ;
#3022 = DIRECTION ( 'NONE',  ( 0.9902680687415698069, 0.1391731009600692126, -0.000000000000000000 ) ) ;
#3023 = CARTESIAN_POINT ( 'NONE',  ( -610.3559649528139062, -1370.881942455822582, -25.00000000000000000 ) ) ;
#3024 = DIRECTION ( 'NONE',  ( 1.000000000000000000, 1.596294787383402785E-16, -0.000000000000000000 ) ) ;
#3025 = DIRECTION ( 'NONE',  ( -0.000000000000000000, -0.000000000000000000, 1.000000000000000000 ) ) ;
#3026 = DIRECTION ( 'NONE',  ( 0.000000000000000000, -0.000000000000000000, -1.000000000000000000 ) ) ;
#3027 = ORIENTED_EDGE ( 'NONE', *, *, #7196, .T. ) ;
#3028 = CARTESIAN_POINT ( 'NONE',  ( -19.58484753669445411, -1594.552824406148829, 2.204364238465246472E-15 ) ) ;
#3029 = AXIS2_PLACEMENT_3D ( 'NONE', #2765, #8994, #3551 ) ;
#3030 = DIRECTION ( 'NONE',  ( 0.9848077530122077983, 0.1736481776669324129, -0.000000000000000000 ) ) ;
#3031 = VERTEX_POINT ( 'NONE', #5228 ) ;
#3032 = EDGE_LOOP ( 'NONE', ( #46, #1213, #226, #6822, #2848 ) ) ;
#3033 = EDGE_LOOP ( 'NONE', ( #565, #6575 ) ) ;
#3034 = VECTOR ( 'NONE', #3863, 999.9999999999998863 ) ;
#3035 = DIRECTION ( 'NONE',  ( -0.000000000000000000, 0.000000000000000000, 1.000000000000000000 ) ) ;
#3036 = CARTESIAN_POINT ( 'NONE',  ( -220.3677257680490413, -161.1312915913515553, -238.4337458452384624 ) ) ;
#3037 = DIRECTION ( 'NONE',  ( 1.000000000000000000, 1.596294787383402785E-16, -0.000000000000000000 ) ) ;
#3038 = LINE ( 'NONE', #4459, #8156 ) ;
#3039 = PLANE ( 'NONE',  #2964 ) ;
#3040 = DIRECTION ( 'NONE',  ( 0.000000000000000000, 1.000000000000000000, 1.734723475976804383E-16 ) ) ;
#3041 = ORIENTED_EDGE ( 'NONE', *, *, #6565, .T. ) ;
#3042 = EDGE_CURVE ( 'NONE', #4849, #6812, #8694, .T. ) ;
#3043 = EDGE_CURVE ( 'NONE', #4915, #8636, #5177, .T. ) ;
#3044 = DIRECTION ( 'NONE',  ( -3.083952846180987322E-16, 1.000000000000000000, 0.000000000000000000 ) ) ;
#3045 = ORIENTED_EDGE ( 'NONE', *, *, #2271, .T. ) ;
#3046 = CARTESIAN_POINT ( 'NONE',  ( -17.45605586019586752, -1605.364806576177898, 15.60438375672017663 ) ) ;
#3047 = CARTESIAN_POINT ( 'NONE',  ( 255.4757059743467664, -1186.000000000000000, 143.9999999999999432 ) ) ;
#3048 = VERTEX_POINT ( 'NONE', #237 ) ;
#3049 = CARTESIAN_POINT ( 'NONE',  ( 259.8792377091426147, 90.00000000000000000, 425.0000000000000000 ) ) ;
#3050 = AXIS2_PLACEMENT_3D ( 'NONE', #7018, #8404, #638 ) ;
#3051 = DIRECTION ( 'NONE',  ( -3.083952846180995211E-16, 1.000000000000000000, 0.000000000000000000 ) ) ;
#3052 = DIRECTION ( 'NONE',  ( -1.000000000000000000, 1.506336130350388541E-16, -0.000000000000000000 ) ) ;
#3053 = ORIENTED_EDGE ( 'NONE', *, *, #1816, .T. ) ;
#3054 = DIRECTION ( 'NONE',  ( 1.000000000000000000, 1.596294787383403032E-16, -0.000000000000000000 ) ) ;
#3055 = CARTESIAN_POINT ( 'NONE',  ( 85.94762866272201052, -1641.538910041769213, 2.204364572314247469E-15 ) ) ;
#3056 = DIRECTION ( 'NONE',  ( -0.000000000000000000, -0.000000000000000000, -1.000000000000000000 ) ) ;
#3057 = CARTESIAN_POINT ( 'NONE',  ( 155.1783043193689196, -190.1649126865370363, 190.7603250271080242 ) ) ;
#3058 = DIRECTION ( 'NONE',  ( 0.000000000000000000, 0.000000000000000000, -1.000000000000000000 ) ) ;
#3059 = ADVANCED_FACE ( 'NONE', ( #7314 ), #882, .F. ) ;
#3060 = EDGE_CURVE ( 'NONE', #4549, #6206, #7915, .T. ) ;
#3061 = ORIENTED_EDGE ( 'NONE', *, *, #761, .F. ) ;
#3062 = DIRECTION ( 'NONE',  ( 0.03489949670248986696, 0.9993908270190959842, 1.049727191138613765E-16 ) ) ;
#3063 = DIRECTION ( 'NONE',  ( -0.1736481776669321631, 0.9848077530122076872, 0.000000000000000000 ) ) ;
#3064 = ORIENTED_EDGE ( 'NONE', *, *, #1608, .T. ) ;
#3065 = DIRECTION ( 'NONE',  ( 0.1391731009600656876, -0.9902680687415703620, 0.000000000000000000 ) ) ;
#3066 = LINE ( 'NONE', #5745, #845 ) ;
#3067 = DIRECTION ( 'NONE',  ( -1.000000000000000000, -7.772245805989896776E-17, 0.000000000000000000 ) ) ;
#3068 = VERTEX_POINT ( 'NONE', #8055 ) ;
#3069 = DIRECTION ( 'NONE',  ( -3.083952846180995211E-16, 1.000000000000000000, 0.000000000000000000 ) ) ;
#3070 = EDGE_LOOP ( 'NONE', ( #8665, #6865, #800, #7599 ) ) ;
#3071 = EDGE_LOOP ( 'NONE', ( #3992, #8509, #7178, #4846, #7827 ) ) ;
#3072 = EDGE_CURVE ( 'NONE', #9118, #6871, #4617, .T. ) ;
#3073 = ORIENTED_EDGE ( 'NONE', *, *, #2233, .F. ) ;
#3074 = CARTESIAN_POINT ( 'NONE',  ( 310.4757059743466243, -298.9999999999999432, -425.0000000000000000 ) ) ;
#3075 = ADVANCED_FACE ( 'NONE', ( #1065 ), #6838, .F. ) ;
#3076 = CARTESIAN_POINT ( 'NONE',  ( -237.2639853173094195, -65.30784199009040947, -191.4473063303735501 ) ) ;
#3077 = CARTESIAN_POINT ( 'NONE',  ( 256.9081989269791393, 90.00000000000001421, -421.9533170664715271 ) ) ;
#3078 = CARTESIAN_POINT ( 'NONE',  ( 324.9999999999999432, 184.0000000000000000, -99.99999999999997158 ) ) ;
#3079 = CARTESIAN_POINT ( 'NONE',  ( -43.88713238683153151, -1623.003662518533702, -2.117853672563030809 ) ) ;
#3080 = ORIENTED_EDGE ( 'NONE', *, *, #665, .F. ) ;
#3081 = CARTESIAN_POINT ( 'NONE',  ( 0.000000000000000000, 0.000000000000000000, 425.0000000000000000 ) ) ;
#3082 = ORIENTED_EDGE ( 'NONE', *, *, #7989, .F. ) ;
#3083 = CARTESIAN_POINT ( 'NONE',  ( 310.4757059743467380, -1061.000000000000000, 98.99999999999995737 ) ) ;
#3084 = ORIENTED_EDGE ( 'NONE', *, *, #1770, .F. ) ;
#3085 = CARTESIAN_POINT ( 'NONE',  ( 255.4757059743467664, -770.9999999999998863, 53.99999999999999289 ) ) ;
#3086 = CIRCLE ( 'NONE', #4696, 8.749999999999980460 ) ;
#3087 = EDGE_CURVE ( 'NONE', #1265, #5456, #6406, .T. ) ;
#3088 = DIRECTION ( 'NONE',  ( -1.000000000000000000, 0.000000000000000000, 0.000000000000000000 ) ) ;
#3089 = ORIENTED_EDGE ( 'NONE', *, *, #8046, .T. ) ;
#3090 = CARTESIAN_POINT ( 'NONE',  ( 320.4757059743469085, -633.9999999999998863, 425.0000000000000000 ) ) ;
#3091 = CIRCLE ( 'NONE', #2655, 12.00000000000001066 ) ;
#3092 = EDGE_CURVE ( 'NONE', #3483, #5975, #6882, .T. ) ;
#3093 = FACE_OUTER_BOUND ( 'NONE', #6345, .T. ) ;
#3094 = DIRECTION ( 'NONE',  ( -0.000000000000000000, -0.000000000000000000, -1.000000000000000000 ) ) ;
#3095 = ORIENTED_EDGE ( 'NONE', *, *, #6216, .F. ) ;
#3096 = CARTESIAN_POINT ( 'NONE',  ( 255.4757059743467664, -1186.000000000000000, 252.0000000000000000 ) ) ;
#3097 = FACE_OUTER_BOUND ( 'NONE', #1856, .T. ) ;
#3098 = DIRECTION ( 'NONE',  ( -0.9612616959383174509, -0.2756373558170039928, -0.000000000000000000 ) ) ;
#3099 = CARTESIAN_POINT ( 'NONE',  ( 389.2348571395701811, -461.4200842584472184, -99.00000000000000000 ) ) ;
#3100 = CARTESIAN_POINT ( 'NONE',  ( 227.8705773021168000, 90.00000000000001421, -190.0000000000000000 ) ) ;
#3101 = ORIENTED_EDGE ( 'NONE', *, *, #7971, .F. ) ;
#3102 = DIRECTION ( 'NONE',  ( 0.000000000000000000, -1.000000000000000000, -3.469446951953608765E-16 ) ) ;
#3103 = VERTEX_POINT ( 'NONE', #6782 ) ;
#3104 = DIRECTION ( 'NONE',  ( -0.000000000000000000, -0.000000000000000000, -1.000000000000000000 ) ) ;
#3105 = DIRECTION ( 'NONE',  ( 0.000000000000000000, 1.000000000000000000, 1.734723475976804383E-16 ) ) ;
#3106 = CARTESIAN_POINT ( 'NONE',  ( 255.4757059743467664, -1186.000000000000000, -252.0000000000001137 ) ) ;
#3107 = ORIENTED_EDGE ( 'NONE', *, *, #871, .F. ) ;
#3108 = VECTOR ( 'NONE', #2199, 1000.000000000000000 ) ;
#3109 = LINE ( 'NONE', #4449, #5062 ) ;
#3110 = ADVANCED_FACE ( 'NONE', ( #5358 ), #3892, .F. ) ;
#3111 = EDGE_LOOP ( 'NONE', ( #3542, #7834, #8097, #366, #7148 ) ) ;
#3112 = VERTEX_POINT ( 'NONE', #1894 ) ;
#3113 = ORIENTED_EDGE ( 'NONE', *, *, #8591, .F. ) ;
#3114 = VECTOR ( 'NONE', #6815, 1000.000000000000000 ) ;
#3115 = CARTESIAN_POINT ( 'NONE',  ( 0.000000000000000000, 0.000000000000000000, -425.0000000000000000 ) ) ;
#3116 = CARTESIAN_POINT ( 'NONE',  ( 320.4757059743469085, -1689.000000000000000, -425.0000000000000000 ) ) ;
#3117 = CARTESIAN_POINT ( 'NONE',  ( 257.1452329788335192, 90.00000000000002842, -421.7143223276054300 ) ) ;
#3118 = EDGE_CURVE ( 'NONE', #676, #4545, #441, .T. ) ;
#3119 = CARTESIAN_POINT ( 'NONE',  ( -73.36011168406758998, -994.8529006912033310, 99.00000000000000000 ) ) ;
#3120 = CARTESIAN_POINT ( 'NONE',  ( -39.44577550430884827, -1623.978348377404700, -6.044018962492331504 ) ) ;
#3121 = EDGE_CURVE ( 'NONE', #7006, #8662, #6250, .T. ) ;
#3122 = AXIS2_PLACEMENT_3D ( 'NONE', #101, #7263, #7918 ) ;
#3123 = ORIENTED_EDGE ( 'NONE', *, *, #1023, .T. ) ;
#3124 = EDGE_CURVE ( 'NONE', #6431, #3407, #648, .T. ) ;
#3125 = FACE_OUTER_BOUND ( 'NONE', #4882, .T. ) ;
#3126 = VERTEX_POINT ( 'NONE', #3275 ) ;
#3127 = CARTESIAN_POINT ( 'NONE',  ( -245.0000000000000000, 0.000000000000000000, -190.0000000000000000 ) ) ;
#3128 = VECTOR ( 'NONE', #2503, 1000.000000000000000 ) ;
#3129 = DIRECTION ( 'NONE',  ( -0.000000000000000000, -0.000000000000000000, -1.000000000000000000 ) ) ;
#3130 = CIRCLE ( 'NONE', #8007, 12.00000000000003908 ) ;
#3131 = VECTOR ( 'NONE', #2054, 1000.000000000000000 ) ;
#3132 = ORIENTED_EDGE ( 'NONE', *, *, #5574, .F. ) ;
#3133 = CARTESIAN_POINT ( 'NONE',  ( -63.82630010998529002, -1614.212626615908221, 1.275620236539526386 ) ) ;
#3134 = AXIS2_PLACEMENT_3D ( 'NONE', #4022, #7401, #4762 ) ;
#3135 = DIRECTION ( 'NONE',  ( -0.000000000000000000, -0.000000000000000000, -1.000000000000000000 ) ) ;
#3136 = DIRECTION ( 'NONE',  ( 0.000000000000000000, 0.000000000000000000, 1.000000000000000000 ) ) ;
#3137 = ORIENTED_EDGE ( 'NONE', *, *, #1426, .T. ) ;
#3139 = DIRECTION ( 'NONE',  ( 0.000000000000000000, 1.000000000000000000, 0.000000000000000000 ) ) ;
#3138 = CIRCLE ( 'NONE', #8609, 30.00000000000006395 ) ;
#3140 = CARTESIAN_POINT ( 'NONE',  ( 310.4757059743468517, -1396.000000000000227, 297.0000000000000000 ) ) ;
#3141 = EDGE_CURVE ( 'NONE', #6812, #8593, #5402, .T. ) ;
#3142 = AXIS2_PLACEMENT_3D ( 'NONE', #4392, #3698, #3659 ) ;
#3143 = CARTESIAN_POINT ( 'NONE',  ( -684.9362591943839789, -1054.709347979664244, -375.9999999999999432 ) ) ;
#3144 = CARTESIAN_POINT ( 'NONE',  ( 191.3548860229775812, -181.6683775030651304, 222.6554782556006273 ) ) ;
#3145 = ADVANCED_FACE ( 'NONE', ( #3229 ), #4753, .T. ) ;
#3146 = CARTESIAN_POINT ( 'NONE',  ( 238.6050638199232026, 90.00000000000001421, -207.2927502991126971 ) ) ;
#3147 = AXIS2_PLACEMENT_3D ( 'NONE', #3320, #1192, #5264 ) ;
#3148 = AXIS2_PLACEMENT_3D ( 'NONE', #1145, #3136, #8819 ) ;
#3149 = ORIENTED_EDGE ( 'NONE', *, *, #6356, .T. ) ;
#3150 = EDGE_CURVE ( 'NONE', #4242, #2051, #1994, .T. ) ;
#3151 = AXIS2_PLACEMENT_3D ( 'NONE', #5432, #1839, #1140 ) ;
#3152 = CARTESIAN_POINT ( 'NONE',  ( -81.17427967907947561, -950.5365518056539713, -297.0000000000000568 ) ) ;
#3153 = ORIENTED_EDGE ( 'NONE', *, *, #4199, .T. ) ;
#3154 = DIRECTION ( 'NONE',  ( -0.1391731009600695457, 0.9902680687415696958, 0.000000000000000000 ) ) ;
#3155 = DIRECTION ( 'NONE',  ( -0.000000000000000000, -0.000000000000000000, -1.000000000000000000 ) ) ;
#3156 = CARTESIAN_POINT ( 'NONE',  ( 200.0000000000000000, 2.449293598294706434E-14, -433.0000000000000000 ) ) ;
#3157 = ORIENTED_EDGE ( 'NONE', *, *, #1374, .T. ) ;
#3158 = DIRECTION ( 'NONE',  ( 0.000000000000000000, 0.000000000000000000, -1.000000000000000000 ) ) ;
#3159 = CIRCLE ( 'NONE', #5525, 8.749999999999994671 ) ;
#3160 = EDGE_LOOP ( 'NONE', ( #9007, #2622 ) ) ;
#3161 = ORIENTED_EDGE ( 'NONE', *, *, #8938, .F. ) ;
#3162 = ORIENTED_EDGE ( 'NONE', *, *, #7730, .F. ) ;
#3163 = DIRECTION ( 'NONE',  ( -0.5446390350150267512, -0.8386705679454243834, 0.000000000000000000 ) ) ;
#3164 = CARTESIAN_POINT ( 'NONE',  ( 81.81544767786793670, -1679.047892932250306, -1.382597077024317223 ) ) ;
#3165 = CARTESIAN_POINT ( 'NONE',  ( -234.3351921058633422, -81.91785368358387132, -195.5869664229606997 ) ) ;
#3166 = DIRECTION ( 'NONE',  ( 0.000000000000000000, 0.000000000000000000, 1.000000000000000000 ) ) ;
#3167 = CARTESIAN_POINT ( 'NONE',  ( 324.7424695835087505, -116.0000000000000000, -100.0000000000000142 ) ) ;
#3168 = FACE_OUTER_BOUND ( 'NONE', #7277, .T. ) ;
#3169 = VECTOR ( 'NONE', #697, 1000.000000000000000 ) ;
#3170 = ADVANCED_FACE ( 'NONE', ( #1152 ), #7532, .F. ) ;
#3171 = VERTEX_POINT ( 'NONE', #3189 ) ;
#3172 = EDGE_CURVE ( 'NONE', #1601, #3331, #375, .T. ) ;
#3173 = CIRCLE ( 'NONE', #8048, 44.99999999999992895 ) ;
#3174 = ORIENTED_EDGE ( 'NONE', *, *, #3686, .T. ) ;
#3175 = DIRECTION ( 'NONE',  ( 1.000000000000000000, 1.596294787383402785E-16, -0.000000000000000000 ) ) ;
#3176 = EDGE_CURVE ( 'NONE', #4864, #4242, #67, .T. ) ;
#3177 = CARTESIAN_POINT ( 'NONE',  ( 63.12186535763325423, -1521.000000000000227, -342.0000000000000568 ) ) ;
#3178 = ORIENTED_EDGE ( 'NONE', *, *, #3637, .F. ) ;
#3179 = CARTESIAN_POINT ( 'NONE',  ( 329.9999999999999432, -115.9999999999999858, -100.0000000000000142 ) ) ;
#3180 = ADVANCED_FACE ( 'NONE', ( #2634 ), #8826, .F. ) ;
#3181 = CARTESIAN_POINT ( 'NONE',  ( 324.9999999999999432, 184.0000000000000000, -282.5000000000000000 ) ) ;
#3182 = LINE ( 'NONE', #8855, #1090 ) ;
#3183 = VERTEX_POINT ( 'NONE', #8510 ) ;
#3184 = FACE_OUTER_BOUND ( 'NONE', #7940, .T. ) ;
#3185 = EDGE_CURVE ( 'NONE', #3031, #8238, #9103, .T. ) ;
#3186 = LINE ( 'NONE', #3796, #4596 ) ;
#3187 = DIRECTION ( 'NONE',  ( -0.000000000000000000, -0.000000000000000000, -1.000000000000000000 ) ) ;
#3188 = CARTESIAN_POINT ( 'NONE',  ( 152.3975217613051996, -191.9784547934668808, 190.1944257938212104 ) ) ;
#3189 = CARTESIAN_POINT ( 'NONE',  ( 310.4757059743467380, -1105.999999999999773, -252.0000000000000568 ) ) ;
#3190 = EDGE_LOOP ( 'NONE', ( #8834, #7605, #2449 ) ) ;
#3191 = CARTESIAN_POINT ( 'NONE',  ( 63.12186535763336792, -1186.000000000000000, -144.0000000000000568 ) ) ;
#3192 = ORIENTED_EDGE ( 'NONE', *, *, #236, .T. ) ;
#3193 = LINE ( 'NONE', #5453, #2850 ) ;
#3194 = CARTESIAN_POINT ( 'NONE',  ( -220.3190481346963168, -161.4073561684070341, -420.8849201291741338 ) ) ;
#3195 = CYLINDRICAL_SURFACE ( 'NONE', #4331, 30.00000000000004974 ) ;
#3196 = ORIENTED_EDGE ( 'NONE', *, *, #4974, .F. ) ;
#3197 = EDGE_CURVE ( 'NONE', #8587, #2572, #9060, .T. ) ;
#3198 = CARTESIAN_POINT ( 'NONE',  ( 320.4757059743469085, -1354.000000000000000, -425.0000000000000000 ) ) ;
#3199 = ORIENTED_EDGE ( 'NONE', *, *, #4718, .F. ) ;
#3200 = ORIENTED_EDGE ( 'NONE', *, *, #2426, .F. ) ;
#3201 = VECTOR ( 'NONE', #3585, 1000.000000000000000 ) ;
#3202 = ORIENTED_EDGE ( 'NONE', *, *, #1263, .T. ) ;
#3203 = LINE ( 'NONE', #3295, #4728 ) ;
#3204 = LINE ( 'NONE', #1914, #2855 ) ;
#3205 = CARTESIAN_POINT ( 'NONE',  ( 310.4757059743466243, -298.9999999999999432, -425.0000000000000000 ) ) ;
#3206 = CARTESIAN_POINT ( 'NONE',  ( 310.4757059743467380, -1105.999999999999773, -144.0000000000000568 ) ) ;
#3207 = DIRECTION ( 'NONE',  ( -3.083952846180995211E-16, 1.000000000000000000, 0.000000000000000000 ) ) ;
#3208 = DIRECTION ( 'NONE',  ( 1.000000000000000000, 1.596294787383402785E-16, -0.000000000000000000 ) ) ;
#3209 = ORIENTED_EDGE ( 'NONE', *, *, #3611, .T. ) ;
#3210 = ORIENTED_EDGE ( 'NONE', *, *, #1925, .T. ) ;
#3211 = DIRECTION ( 'NONE',  ( -0.1736481776669321908, 0.9848077530122076872, 0.000000000000000000 ) ) ;
#3212 = B_SPLINE_CURVE_WITH_KNOTS ( 'NONE', 3,
 ( #4424, #222, #4290, #8640, #869, #6457, #2997, #7806, #7115, #3046, #780, #3609, #5678, #33, #6412, #8680, #1523, #2351, #1472, #733, #82, #2912, #3692, #5722, #1614, #4345, #2311, #7764, #1432, #8545, #3556, #3738, #5020, #5115, #124, #4250, #7851, #7164, #826, #7943, #3652, #7243, #6494, #2950, #1571, #167, #913, #5763, #6360, #2865, #8588, #4385, #2264, #7902, #8506, #2171, #3786, #5899, #7986, #4474 ),
 .UNSPECIFIED., .F., .F.,
 ( 4, 2, 2, 2, 2, 2, 2, 2, 2, 2, 2, 2, 2, 2, 2, 2, 2, 2, 2, 2, 2, 2, 2, 2, 2, 2, 2, 2, 2, 4 ),
 ( 0.000000000000000000, 0.003418499490930701230, 0.006836998981861402459, 0.008546248727326753725, 0.01025549847279210759, 0.01196474821825745972, 0.01367399796372281186, 0.01709249745465290724, 0.01794712232738528146, 0.01880174720011765221, 0.02051099694558239026, 0.02222024669104713177, 0.02392949643651186634, 0.02563874618197660438, 0.02734799592744134242, 0.03076649541837042645, 0.03247574516383482102, 0.03418499490929920864, 0.03760349440022777573, 0.04102199389115634975, 0.04273124363662064024, 0.04444049338208493766, 0.04785899287301351862, 0.04956824261847784380, 0.05127749236394216897, 0.05213211723667425523, 0.05298674210940634149, 0.05384136698213842775, 0.05426867941850447435, 0.05469599185487051402 ),
 .UNSPECIFIED. ) ;
#3213 = ADVANCED_FACE ( 'NONE', ( #4294 ), #4983, .F. ) ;
#3214 = DIRECTION ( 'NONE',  ( -1.000000000000000000, -7.772245805989896776E-17, 0.000000000000000000 ) ) ;
#3215 = VERTEX_POINT ( 'NONE', #1335 ) ;
#3216 = CYLINDRICAL_SURFACE ( 'NONE', #6703, 45.00000000000000711 ) ;
#3217 = EDGE_CURVE ( 'NONE', #7929, #816, #40, .T. ) ;
#3218 = CARTESIAN_POINT ( 'NONE',  ( 70.52512625940806856, -1659.568027282020466, 17.36740579339300083 ) ) ;
#3219 = CARTESIAN_POINT ( 'NONE',  ( -56.84305041410275550, -1456.636030533182293, 425.0000000000000000 ) ) ;
#3220 = VECTOR ( 'NONE', #7075, 1000.000000000000000 ) ;
#3221 = CARTESIAN_POINT ( 'NONE',  ( 369.9999999999999432, -115.9999999999999858, -100.0000000000000142 ) ) ;
#3222 = ORIENTED_EDGE ( 'NONE', *, *, #583, .F. ) ;
#3223 = DIRECTION ( 'NONE',  ( 0.000000000000000000, 0.000000000000000000, 1.000000000000000000 ) ) ;
#3224 = CARTESIAN_POINT ( 'NONE',  ( 324.9999999999999432, 184.0000000000000000, -99.99999999999997158 ) ) ;
#3225 = EDGE_CURVE ( 'NONE', #5187, #5845, #1436, .T. ) ;
#3226 = LINE ( 'NONE', #2631, #2713 ) ;
#3227 = DIRECTION ( 'NONE',  ( 0.1736481776669322463, -0.9848077530122076872, 0.000000000000000000 ) ) ;
#3228 = EDGE_CURVE ( 'NONE', #7335, #5894, #3469, .T. ) ;
#3229 = FACE_OUTER_BOUND ( 'NONE', #7212, .T. ) ;
#3230 = ADVANCED_FACE ( 'NONE', ( #7120 ), #2175, .F. ) ;
#3231 = VERTEX_POINT ( 'NONE', #6418 ) ;
#3232 = AXIS2_PLACEMENT_3D ( 'NONE', #8127, #6740, #6038 ) ;
#3233 = LINE ( 'NONE', #2546, #4333 ) ;
#3234 = EDGE_LOOP ( 'NONE', ( #2379, #996, #2749, #3877, #4344 ) ) ;
#3235 = FACE_OUTER_BOUND ( 'NONE', #2841, .T. ) ;
#3236 = CARTESIAN_POINT ( 'NONE',  ( 324.9999999999999432, 184.0000000000000000, -300.0000000000000000 ) ) ;
#3237 = LINE ( 'NONE', #6192, #3279 ) ;
#3238 = VERTEX_POINT ( 'NONE', #6975 ) ;
#3239 = DIRECTION ( 'NONE',  ( 0.000000000000000000, 0.000000000000000000, 1.000000000000000000 ) ) ;
#3240 = ORIENTED_EDGE ( 'NONE', *, *, #5165, .F. ) ;
#3241 = ORIENTED_EDGE ( 'NONE', *, *, #5117, .F. ) ;
#3242 = ORIENTED_EDGE ( 'NONE', *, *, #7074, .F. ) ;
#3243 = LINE ( 'NONE', #5375, #2095 ) ;
#3244 = CARTESIAN_POINT ( 'NONE',  ( 250.6182977867991610, 89.99999999999998579, 424.9397991375295760 ) ) ;
#3245 = CARTESIAN_POINT ( 'NONE',  ( 73.49397654110724432, -1671.625084403327946, 10.63253656092679655 ) ) ;
#3246 = CARTESIAN_POINT ( 'NONE',  ( 255.4757059743467664, -516.0000000000000000, 143.9999999999999432 ) ) ;
#3247 = EDGE_CURVE ( 'NONE', #2618, #1478, #1991, .T. ) ;
#3248 = DIRECTION ( 'NONE',  ( 0.000000000000000000, 0.000000000000000000, 1.000000000000000000 ) ) ;
#3249 = ORIENTED_EDGE ( 'NONE', *, *, #3141, .F. ) ;
#3250 = CARTESIAN_POINT ( 'NONE',  ( -18.81683883584511108, -1611.423377985384150, -17.76709453157682717 ) ) ;
#3251 = ADVANCED_FACE ( 'NONE', ( #3561 ), #5683, .F. ) ;
#3252 = EDGE_LOOP ( 'NONE', ( #7422, #3380, #762, #472 ) ) ;
#3253 = VECTOR ( 'NONE', #4334, 999.9999999999998863 ) ;
#3254 = ORIENTED_EDGE ( 'NONE', *, *, #5984, .F. ) ;
#3255 = CARTESIAN_POINT ( 'NONE',  ( 380.4757059743467948, -1669.927822996882924, 425.0000000000000000 ) ) ;
#3256 = DIRECTION ( 'NONE',  ( 1.000000000000000000, 0.000000000000000000, 0.000000000000000000 ) ) ;
#3257 = CIRCLE ( 'NONE', #1787, 45.00000000000004263 ) ;
#3258 = CARTESIAN_POINT ( 'NONE',  ( -714.8914061202093535, -1100.836229216658694, -25.00000000000000000 ) ) ;
#3259 = ORIENTED_EDGE ( 'NONE', *, *, #2665, .F. ) ;
#3260 = CARTESIAN_POINT ( 'NONE',  ( -150.2834285576145987, -230.3304350129469924, 328.5000000000000000 ) ) ;
#3261 = AXIS2_PLACEMENT_3D ( 'NONE', #3484, #569, #7089 ) ;
#3262 = AXIS2_PLACEMENT_3D ( 'NONE', #4115, #705, #7590 ) ;
#3263 = CARTESIAN_POINT ( 'NONE',  ( 245.7196715970460730, -233.1366183439936037, 425.0000000000000000 ) ) ;
#3264 = CARTESIAN_POINT ( 'NONE',  ( 255.4757059743467096, -435.9999999999998863, -99.00000000000004263 ) ) ;
#3265 = DIRECTION ( 'NONE',  ( -3.083952846180987322E-16, 1.000000000000000000, 0.000000000000000000 ) ) ;
#3266 = ORIENTED_EDGE ( 'NONE', *, *, #5992, .T. ) ;
#3267 = FACE_OUTER_BOUND ( 'NONE', #2423, .T. ) ;
#3268 = DIRECTION ( 'NONE',  ( -0.000000000000000000, -0.000000000000000000, -1.000000000000000000 ) ) ;
#3269 = DIRECTION ( 'NONE',  ( 0.000000000000000000, 1.000000000000000000, 0.000000000000000000 ) ) ;
#3270 = CYLINDRICAL_SURFACE ( 'NONE', #6928, 12.00000000000003908 ) ;
#3271 = EDGE_CURVE ( 'NONE', #439, #1762, #1393, .T. ) ;
#3272 = CIRCLE ( 'NONE', #468, 30.00000000000004974 ) ;
#3273 = CIRCLE ( 'NONE', #8143, 255.0000000000000000 ) ;
#3274 = EDGE_CURVE ( 'NONE', #179, #2710, #4108, .T. ) ;
#3275 = CARTESIAN_POINT ( 'NONE',  ( 82.34097311283072429, -1679.290489508035762, -1.275620236539702690 ) ) ;
#3276 = CIRCLE ( 'NONE', #329, 12.00000000000001066 ) ;
#3277 = EDGE_CURVE ( 'NONE', #3446, #8770, #8412, .T. ) ;
#3278 = VERTEX_POINT ( 'NONE', #4155 ) ;
#3279 = VECTOR ( 'NONE', #6046, 1000.000000000000000 ) ;
#3280 = AXIS2_PLACEMENT_3D ( 'NONE', #7933, #8108, #6484 ) ;
#3281 = CARTESIAN_POINT ( 'NONE',  ( 63.12186535763336792, -1186.000000000000000, -144.0000000000000568 ) ) ;
#3282 = ORIENTED_EDGE ( 'NONE', *, *, #7334, .T. ) ;
#3283 = CARTESIAN_POINT ( 'NONE',  ( 313.9631204181872022, -1689.000000000000000, 425.0000000000000000 ) ) ;
#3284 = CARTESIAN_POINT ( 'NONE',  ( -222.1298353698629455, -151.1378714424105851, 424.3254089525245831 ) ) ;
#3285 = CARTESIAN_POINT ( 'NONE',  ( 116.9180103339598702, -1641.019580355183734, -25.00000000000002132 ) ) ;
#3286 = ORIENTED_EDGE ( 'NONE', *, *, #5828, .T. ) ;
#3287 = AXIS2_PLACEMENT_3D ( 'NONE', #1483, #605, #3421 ) ;
#3288 = EDGE_CURVE ( 'NONE', #358, #1210, #2916, .T. ) ;
#3289 = AXIS2_PLACEMENT_3D ( 'NONE', #5355, #7441, #4011 ) ;
#3290 = CARTESIAN_POINT ( 'NONE',  ( 29.65913315242496395, -1291.165546845963945, 425.0000000000000000 ) ) ;
#3291 = ORIENTED_EDGE ( 'NONE', *, *, #7578, .F. ) ;
#3292 = ORIENTED_EDGE ( 'NONE', *, *, #1406, .F. ) ;
#3293 = EDGE_LOOP ( 'NONE', ( #8095, #4819, #231, #4705 ) ) ;
#3294 = VECTOR ( 'NONE', #1748, 1000.000000000000114 ) ;
#3295 = CARTESIAN_POINT ( 'NONE',  ( -1.378017359753062989E-11, -1641.019580355182825, -25.00000000000000000 ) ) ;
#3296 = CARTESIAN_POINT ( 'NONE',  ( 259.8081183564488583, 90.00000000000005684, 416.3427564991392273 ) ) ;
#3297 = AXIS2_PLACEMENT_3D ( 'NONE', #7622, #7765, #734 ) ;
#3298 = CARTESIAN_POINT ( 'NONE',  ( -45.55539095713333353, -1622.347359477424106, -1.275620236540192742 ) ) ;
#3299 = CARTESIAN_POINT ( 'NONE',  ( -124.2906801602892273, -245.3096549777295365, 425.0000000000000000 ) ) ;
#3300 = DIRECTION ( 'NONE',  ( -3.083952846180995211E-16, 1.000000000000000000, 0.000000000000000000 ) ) ;
#3301 = ORIENTED_EDGE ( 'NONE', *, *, #5984, .T. ) ;
#3302 = CARTESIAN_POINT ( 'NONE',  ( -17.47791700879758636, -1605.888281868564491, -15.90312784815851543 ) ) ;
#3303 = AXIS2_PLACEMENT_3D ( 'NONE', #7354, #7260, #5130 ) ;
#3304 = VERTEX_POINT ( 'NONE', #7626 ) ;
#3305 = EDGE_LOOP ( 'NONE', ( #8255, #7636, #2788, #614, #815 ) ) ;
#3306 = VECTOR ( 'NONE', #2775, 1000.000000000000000 ) ;
#3307 = FACE_BOUND ( 'NONE', #649, .T. ) ;
#3308 = PLANE ( 'NONE',  #7395 ) ;
#3309 = DIRECTION ( 'NONE',  ( -0.5446390350150267512, -0.8386705679454243834, 0.000000000000000000 ) ) ;
#3310 = AXIS2_PLACEMENT_3D ( 'NONE', #4380, #2208, #964 ) ;
#3312 = EDGE_LOOP ( 'NONE', ( #5832, #8960, #7677, #8022 ) ) ;
#3311 = EDGE_CURVE ( 'NONE', #5635, #2201, #6925, .T. ) ;
#3313 = PLANE ( 'NONE',  #812 ) ;
#3314 = CARTESIAN_POINT ( 'NONE',  ( -115.5152061859043613, -216.6196383389704181, -190.8570647282243442 ) ) ;
#3315 = DIRECTION ( 'NONE',  ( -0.000000000000000000, -0.000000000000000000, 1.000000000000000000 ) ) ;
#3316 = CARTESIAN_POINT ( 'NONE',  ( 63.12186535763335371, -1061.000000000000000, 98.99999999999995737 ) ) ;
#3317 = VERTEX_POINT ( 'NONE', #2735 ) ;
#3318 = DIRECTION ( 'NONE',  ( 1.000000000000000000, 1.596294787383402785E-16, -0.000000000000000000 ) ) ;
#3319 = CARTESIAN_POINT ( 'NONE',  ( 324.9999999999999432, 184.0000000000000000, 117.5000000000000568 ) ) ;
#3320 = CARTESIAN_POINT ( 'NONE',  ( 0.000000000000000000, 0.000000000000000000, 435.0000000000000000 ) ) ;
#3321 = FACE_OUTER_BOUND ( 'NONE', #1889, .T. ) ;
#3322 = ORIENTED_EDGE ( 'NONE', *, *, #7691, .F. ) ;
#3323 = CARTESIAN_POINT ( 'NONE',  ( 245.4679228849009291, -231.5011306388962851, -107.8184150489205422 ) ) ;
#3324 = ORIENTED_EDGE ( 'NONE', *, *, #976, .F. ) ;
#3325 = LINE ( 'NONE', #5591, #7368 ) ;
#3326 = CARTESIAN_POINT ( 'NONE',  ( -608.2033234948921745, -936.5509887253790566, 425.0000000000000000 ) ) ;
#3327 = ORIENTED_EDGE ( 'NONE', *, *, #2554, .T. ) ;
#3328 = FACE_OUTER_BOUND ( 'NONE', #5159, .T. ) ;
#3329 = CARTESIAN_POINT ( 'NONE',  ( -219.6049101951144564, -165.4574336818569122, -416.1584699805883361 ) ) ;
#3330 = DIRECTION ( 'NONE',  ( -0.1391731009600695457, 0.9902680687415696958, 0.000000000000000000 ) ) ;
#3331 = VERTEX_POINT ( 'NONE', #5545 ) ;
#3332 = EDGE_CURVE ( 'NONE', #3571, #4269, #6258, .T. ) ;
#3333 = EDGE_CURVE ( 'NONE', #8191, #1819, #7716, .T. ) ;
#3334 = DIRECTION ( 'NONE',  ( 0.5150380749100574862, 1.049727191138616354E-16, 0.8571673007021104462 ) ) ;
#3335 = ORIENTED_EDGE ( 'NONE', *, *, #6722, .F. ) ;
#3336 = ORIENTED_EDGE ( 'NONE', *, *, #5769, .T. ) ;
#3337 = ORIENTED_EDGE ( 'NONE', *, *, #5841, .T. ) ;
#3338 = DIRECTION ( 'NONE',  ( 1.000000000000000000, 0.000000000000000000, 0.000000000000000000 ) ) ;
#3339 = AXIS2_PLACEMENT_3D ( 'NONE', #4458, #5891, #6486 ) ;
#3340 = CARTESIAN_POINT ( 'NONE',  ( 369.9999999999999432, 184.0000000000000000, -312.0000000000000000 ) ) ;
#3341 = LINE ( 'NONE', #1217, #6265 ) ;
#3342 = DIRECTION ( 'NONE',  ( -0.000000000000000000, -0.000000000000000000, -1.000000000000000000 ) ) ;
#3343 = DIRECTION ( 'NONE',  ( 1.000000000000000000, 0.000000000000000000, 0.000000000000000000 ) ) ;
#3344 = ORIENTED_EDGE ( 'NONE', *, *, #6892, .T. ) ;
#3345 = CYLINDRICAL_SURFACE ( 'NONE', #7839, 45.00000000000000711 ) ;
#3346 = EDGE_CURVE ( 'NONE', #2147, #884, #2818, .T. ) ;
#3347 = ORIENTED_EDGE ( 'NONE', *, *, #6807, .T. ) ;
#3348 = CIRCLE ( 'NONE', #3939, 275.0222139978606606 ) ;
#3349 = EDGE_LOOP ( 'NONE', ( #6687, #5549, #6805, #1507 ) ) ;
#3350 = EDGE_CURVE ( 'NONE', #8234, #8728, #8182, .T. ) ;
#3351 = CARTESIAN_POINT ( 'NONE',  ( 255.4757059743467664, -1186.000000000000000, 296.9999999999999432 ) ) ;
#3352 = DIRECTION ( 'NONE',  ( -0.5446390350150267512, -0.8386705679454243834, 0.000000000000000000 ) ) ;
#3353 = AXIS2_PLACEMENT_3D ( 'NONE', #8319, #4748, #4150 ) ;
#3354 = PLANE ( 'NONE',  #2421 ) ;
#3355 = ORIENTED_EDGE ( 'NONE', *, *, #6149, .T. ) ;
#3356 = CARTESIAN_POINT ( 'NONE',  ( 329.9999999999999432, -115.9999999999999858, 108.7499999999999858 ) ) ;
#3357 = CARTESIAN_POINT ( 'NONE',  ( -149.5375001137657591, -229.0360598446168297, -239.4164003054491729 ) ) ;
#3358 = CARTESIAN_POINT ( 'NONE',  ( 310.4757059743466243, -298.9999999999999432, 425.0000000000000000 ) ) ;
#3359 = CARTESIAN_POINT ( 'NONE',  ( 320.4757059743469085, -1689.000000000000000, 425.0000000000000000 ) ) ;
#3360 = VERTEX_POINT ( 'NONE', #974 ) ;
#3361 = DIRECTION ( 'NONE',  ( 0.000000000000000000, 0.000000000000000000, -1.000000000000000000 ) ) ;
#3362 = CARTESIAN_POINT ( 'NONE',  ( 100.6118822656829650, -1687.425222369551875, 25.00000000000000000 ) ) ;
#3363 = EDGE_CURVE ( 'NONE', #1599, #4510, #4525, .T. ) ;
#3364 = DIRECTION ( 'NONE',  ( -0.9848077530122076872, -0.1736481776669321075, -0.000000000000000000 ) ) ;
#3365 = DIRECTION ( 'NONE',  ( -0.9848077530122077983, -0.1736481776669321353, -0.000000000000000000 ) ) ;
#3366 = PLANE ( 'NONE',  #1935 ) ;
#3367 = EDGE_CURVE ( 'NONE', #7938, #6769, #4480, .T. ) ;
#3368 = ORIENTED_EDGE ( 'NONE', *, *, #1137, .T. ) ;
#3369 = CARTESIAN_POINT ( 'NONE',  ( -31.93389202846880082, -941.8541429223074601, -342.0000000000000000 ) ) ;
#3370 = EDGE_LOOP ( 'NONE', ( #2653, #3507, #7086, #8371 ) ) ;
#3371 = DIRECTION ( 'NONE',  ( -1.000000000000000000, 0.000000000000000000, 0.000000000000000000 ) ) ;
#3372 = CYLINDRICAL_SURFACE ( 'NONE', #2118, 8.749999999999980460 ) ;
#3373 = VERTEX_POINT ( 'NONE', #316 ) ;
#3374 = FACE_OUTER_BOUND ( 'NONE', #2067, .T. ) ;
#3375 = LINE ( 'NONE', #2044, #318 ) ;
#3376 = DIRECTION ( 'NONE',  ( -0.9135454576426020878, 0.4067366430757978768, 0.000000000000000000 ) ) ;
#3377 = ORIENTED_EDGE ( 'NONE', *, *, #7874, .F. ) ;
#3378 = CONICAL_SURFACE ( 'NONE', #1006, 9.999999999999959144, 1.029744258676646984 ) ;
#3379 = CARTESIAN_POINT ( 'NONE',  ( 255.4757059743467664, -516.0000000000000000, 341.9999999999999432 ) ) ;
#3380 = ORIENTED_EDGE ( 'NONE', *, *, #4867, .T. ) ;
#3381 = VERTEX_POINT ( 'NONE', #3746 ) ;
#3382 = ORIENTED_EDGE ( 'NONE', *, *, #1302, .T. ) ;
#3383 = CARTESIAN_POINT ( 'NONE',  ( -110.7316968700759219, -218.5486017074317431, 190.0000000000000853 ) ) ;
#3384 = DIRECTION ( 'NONE',  ( 1.000000000000000000, 0.000000000000000000, 0.000000000000000000 ) ) ;
#3385 = DIRECTION ( 'NONE',  ( 1.000000000000000000, -0.000000000000000000, -0.000000000000000000 ) ) ;
#3386 = CARTESIAN_POINT ( 'NONE',  ( -119.4814810259275077, -215.6903739126751418, 192.7228647217515061 ) ) ;
#3387 = CYLINDRICAL_SURFACE ( 'NONE', #3428, 44.99999999999992895 ) ;
#3388 = EDGE_LOOP ( 'NONE', ( #5720, #4301, #5131, #1687 ) ) ;
#3389 = LINE ( 'NONE', #6257, #3557 ) ;
#3390 = EDGE_CURVE ( 'NONE', #1712, #1125, #6637, .T. ) ;
#3391 = VERTEX_POINT ( 'NONE', #831 ) ;
#3392 = ORIENTED_EDGE ( 'NONE', *, *, #5718, .F. ) ;
#3393 = EDGE_CURVE ( 'NONE', #8555, #4598, #7304, .T. ) ;
#3394 = FACE_BOUND ( 'NONE', #5988, .T. ) ;
#3395 = CARTESIAN_POINT ( 'NONE',  ( 249.4831827773962800, -259.9153918465117385, 297.0000000000000000 ) ) ;
#3396 = EDGE_CURVE ( 'NONE', #26, #8881, #3656, .T. ) ;
#3397 = ADVANCED_FACE ( 'NONE', ( #1529, #4350, #6597 ), #6462, .T. ) ;
#3398 = CARTESIAN_POINT ( 'NONE',  ( 320.4757059743469085, -348.9999999999999432, 425.0000000000000000 ) ) ;
#3399 = PLANE ( 'NONE',  #6864 ) ;
#3400 = B_SPLINE_CURVE_WITH_KNOTS ( 'NONE', 3,
 ( #2424, #5233, #4542, #1590, #142, #5966, #5273, #1766 ),
 .UNSPECIFIED., .F., .F.,
 ( 4, 2, 2, 4 ),
 ( 0.01336367230408837085, 0.02003490921140073724, 0.02337052766505683804, 0.02670614611871294578 ),
 .UNSPECIFIED. ) ;
#3401 = CIRCLE ( 'NONE', #6948, 45.00000000000000711 ) ;
#3402 = LINE ( 'NONE', #6963, #2390 ) ;
#3403 = CIRCLE ( 'NONE', #5027, 9.999999999999959144 ) ;
#3404 = DIRECTION ( 'NONE',  ( -0.4067366430757944906, -0.9135454576426035311, 0.000000000000000000 ) ) ;
#3405 = VECTOR ( 'NONE', #1615, 1000.000000000000227 ) ;
#3406 = FACE_OUTER_BOUND ( 'NONE', #4245, .T. ) ;
#3407 = VERTEX_POINT ( 'NONE', #2954 ) ;
#3408 = DIRECTION ( 'NONE',  ( 0.000000000000000000, 0.000000000000000000, 1.000000000000000000 ) ) ;
#3409 = LINE ( 'NONE', #2728, #1049 ) ;
#3410 = LINE ( 'NONE', #6225, #7882 ) ;
#3411 = CARTESIAN_POINT ( 'NONE',  ( 310.4757059743467948, -1441.000000000000000, -144.0000000000000568 ) ) ;
#3412 = CARTESIAN_POINT ( 'NONE',  ( 255.4757059743467664, -770.9999999999998863, -144.0000000000000284 ) ) ;
#3413 = VECTOR ( 'NONE', #3554, 1000.000000000000000 ) ;
#3414 = VERTEX_POINT ( 'NONE', #6499 ) ;
#3415 = CARTESIAN_POINT ( 'NONE',  ( 63.12186535763336792, -1186.000000000000000, -342.0000000000000568 ) ) ;
#3416 = AXIS2_PLACEMENT_3D ( 'NONE', #7483, #8222, #3838 ) ;
#3417 = ORIENTED_EDGE ( 'NONE', *, *, #2040, .F. ) ;
#3418 = DIRECTION ( 'NONE',  ( 1.000000000000000000, 1.596294787383402785E-16, -0.000000000000000000 ) ) ;
#3419 = CARTESIAN_POINT ( 'NONE',  ( 310.4757059743467948, -1521.000000000000227, -252.0000000000001137 ) ) ;
#3420 = ORIENTED_EDGE ( 'NONE', *, *, #7594, .F. ) ;
#3421 = DIRECTION ( 'NONE',  ( 0.000000000000000000, 1.000000000000000000, 1.734723475976804383E-16 ) ) ;
#3422 = CARTESIAN_POINT ( 'NONE',  ( 329.9999999999999432, -115.9999999999999858, 311.2500000000000000 ) ) ;
#3423 = VECTOR ( 'NONE', #7611, 1000.000000000000000 ) ;
#3424 = LINE ( 'NONE', #9069, #8018 ) ;
#3425 = ORIENTED_EDGE ( 'NONE', *, *, #4050, .F. ) ;
#3426 = EDGE_CURVE ( 'NONE', #4, #5759, #5963, .T. ) ;
#3427 = CARTESIAN_POINT ( 'NONE',  ( 183.5752054853489312, -181.5466368859032116, -212.8350396602851617 ) ) ;
#3428 = AXIS2_PLACEMENT_3D ( 'NONE', #5467, #620, #2612 ) ;
#3429 = EDGE_LOOP ( 'NONE', ( #8708, #8707, #5839, #330 ) ) ;
#3430 = VECTOR ( 'NONE', #5835, 1000.000000000000000 ) ;
#3431 = ADVANCED_FACE ( 'NONE', ( #7855 ), #8594, .F. ) ;
#3432 = ORIENTED_EDGE ( 'NONE', *, *, #4437, .F. ) ;
#3433 = ORIENTED_EDGE ( 'NONE', *, *, #6556, .F. ) ;
#3434 = DIRECTION ( 'NONE',  ( 1.000000000000000000, 9.251858538542971828E-16, 0.000000000000000000 ) ) ;
#3435 = CIRCLE ( 'NONE', #3879, 45.00000000000001421 ) ;
#3436 = DIRECTION ( 'NONE',  ( 0.000000000000000000, 1.000000000000000000, 0.000000000000000000 ) ) ;
#3437 = CARTESIAN_POINT ( 'NONE',  ( 79.35209187290281818, -1677.646810954198600, 3.458437912882466492 ) ) ;
#3438 = CARTESIAN_POINT ( 'NONE',  ( -130.9680994390317608, -216.0474677422955097, 203.2389186524729610 ) ) ;
#3439 = CYLINDRICAL_SURFACE ( 'NONE', #4168, 9.999999999999959144 ) ;
#3440 = VERTEX_POINT ( 'NONE', #5164 ) ;
#3441 = CARTESIAN_POINT ( 'NONE',  ( -21.45541509297668270, -1616.135992055545557, -17.83737067828455025 ) ) ;
#3442 = VECTOR ( 'NONE', #5313, 1000.000000000000000 ) ;
#3443 = AXIS2_PLACEMENT_3D ( 'NONE', #8096, #6705, #3933 ) ;
#3444 = ORIENTED_EDGE ( 'NONE', *, *, #577, .T. ) ;
#3445 = CIRCLE ( 'NONE', #3151, 45.00000000000004263 ) ;
#3446 = VERTEX_POINT ( 'NONE', #227 ) ;
#3447 = CIRCLE ( 'NONE', #1681, 44.99999999999998579 ) ;
#3448 = VECTOR ( 'NONE', #8807, 1000.000000000000000 ) ;
#3449 = LINE ( 'NONE', #627, #3729 ) ;
#3450 = DIRECTION ( 'NONE',  ( 1.000000000000000000, 1.596294787383402785E-16, 0.000000000000000000 ) ) ;
#3451 = VECTOR ( 'NONE', #2592, 1000.000000000000227 ) ;
#3452 = FACE_OUTER_BOUND ( 'NONE', #56, .T. ) ;
#3453 = EDGE_CURVE ( 'NONE', #4280, #6498, #273, .T. ) ;
#3454 = EDGE_CURVE ( 'NONE', #3407, #5314, #5902, .T. ) ;
#3455 = FACE_OUTER_BOUND ( 'NONE', #2471, .T. ) ;
#3456 = VECTOR ( 'NONE', #7343, 1000.000000000000000 ) ;
#3457 = ORIENTED_EDGE ( 'NONE', *, *, #4713, .F. ) ;
#3458 = ADVANCED_FACE ( 'NONE', ( #7947 ), #5863, .F. ) ;
#3459 = CARTESIAN_POINT ( 'NONE',  ( -112.0855335705155511, -217.8626552682715385, -190.0000000000001421 ) ) ;
#3460 = FACE_BOUND ( 'NONE', #8888, .T. ) ;
#3461 = CARTESIAN_POINT ( 'NONE',  ( 310.4757059743468517, -1688.999999999999545, 425.0000000000000000 ) ) ;
#3462 = VERTEX_POINT ( 'NONE', #5818 ) ;
#3463 = CARTESIAN_POINT ( 'NONE',  ( 369.9999999999999432, -115.9999999999999858, -320.0000000000000000 ) ) ;
#3464 =( LENGTH_UNIT ( ) NAMED_UNIT ( * ) SI_UNIT ( .MILLI., .METRE. ) );
#3465 = CARTESIAN_POINT ( 'NONE',  ( 369.9999999999999432, -115.9999999999999858, 320.0000000000000000 ) ) ;
#3466 = CONICAL_SURFACE ( 'NONE', #2294, 8.749999999999994671, 1.029744258676650759 ) ;
#3467 = CARTESIAN_POINT ( 'NONE',  ( 33.39252059509767179, -1427.850143772910997, -200.0000000000001137 ) ) ;
#3468 = ORIENTED_EDGE ( 'NONE', *, *, #8706, .T. ) ;
#3469 = LINE ( 'NONE', #7812, #5230 ) ;
#3470 = VERTEX_POINT ( 'NONE', #7907 ) ;
#3471 = AXIS2_PLACEMENT_3D ( 'NONE', #4721, #7646, #3984 ) ;
#3472 = EDGE_CURVE ( 'NONE', #3571, #1566, #1713, .T. ) ;
#3473 = CARTESIAN_POINT ( 'NONE',  ( 310.4757059743467948, -1521.000000000000227, -342.0000000000000568 ) ) ;
#3474 = CARTESIAN_POINT ( 'NONE',  ( 38.83891094524791754, -1419.463438093456716, -200.0000000000001137 ) ) ;
#3475 = ORIENTED_EDGE ( 'NONE', *, *, #3887, .T. ) ;
#3476 = CARTESIAN_POINT ( 'NONE',  ( 255.4757059743467664, -851.0000000000000000, 341.9999999999999432 ) ) ;
#3477 = CYLINDRICAL_SURFACE ( 'NONE', #6064, 44.99999999999998579 ) ;
#3478 = DIRECTION ( 'NONE',  ( -1.596294787383402785E-16, 1.000000000000000000, -0.000000000000000000 ) ) ;
#3479 = ORIENTED_EDGE ( 'NONE', *, *, #7778, .T. ) ;
#3480 = CARTESIAN_POINT ( 'NONE',  ( 329.9999999999999432, -115.9999999999999858, 320.0000000000000000 ) ) ;
#3481 = ORIENTED_EDGE ( 'NONE', *, *, #2133, .T. ) ;
#3482 = VERTEX_POINT ( 'NONE', #1012 ) ;
#3483 = VERTEX_POINT ( 'NONE', #3133 ) ;
#3484 = CARTESIAN_POINT ( 'NONE',  ( 255.4757059743467664, -1105.999999999999773, 297.0000000000000000 ) ) ;
#3485 = PLANE ( 'NONE',  #8745 ) ;
#3486 = DIRECTION ( 'NONE',  ( -0.000000000000000000, -0.000000000000000000, -1.000000000000000000 ) ) ;
#3487 = CARTESIAN_POINT ( 'NONE',  ( -123.7459469414130808, -215.2912318774045275, 195.7484041591549158 ) ) ;
#3488 = CARTESIAN_POINT ( 'NONE',  ( 310.4757059743467380, -1186.000000000000000, 98.99999999999994316 ) ) ;
#3489 = ORIENTED_EDGE ( 'NONE', *, *, #4827, .T. ) ;
#3490 = CARTESIAN_POINT ( 'NONE',  ( 310.4757059743468517, -1690.000000000000000, 425.0000000000000000 ) ) ;
#3491 = ADVANCED_FACE ( 'NONE', ( #5950 ), #8781, .T. ) ;
#3492 = ORIENTED_EDGE ( 'NONE', *, *, #1096, .T. ) ;
#3493 = EDGE_CURVE ( 'NONE', #7593, #8191, #4562, .T. ) ;
#3494 = EDGE_LOOP ( 'NONE', ( #8439, #3457 ) ) ;
#3495 = CIRCLE ( 'NONE', #8076, 45.00000000000004263 ) ;
#3496 = ORIENTED_EDGE ( 'NONE', *, *, #6384, .T. ) ;
#3497 = DIRECTION ( 'NONE',  ( -1.000000000000000000, 0.000000000000000000, 0.000000000000000000 ) ) ;
#3498 = CARTESIAN_POINT ( 'NONE',  ( 63.12186535763325423, -435.9999999999999432, 53.99999999999997158 ) ) ;
#3499 = AXIS2_PLACEMENT_3D ( 'NONE', #4443, #7878, #4317 ) ;
#3500 = DIRECTION ( 'NONE',  ( -0.000000000000000000, -0.000000000000000000, -1.000000000000000000 ) ) ;
#3501 = CARTESIAN_POINT ( 'NONE',  ( 255.4757059743467096, -302.5544099627776404, 376.0000000000000000 ) ) ;
#3502 = ORIENTED_EDGE ( 'NONE', *, *, #8473, .T. ) ;
#3503 = DIRECTION ( 'NONE',  ( -1.000000000000000000, -7.772245805989896776E-17, 0.000000000000000000 ) ) ;
#3504 = CARTESIAN_POINT ( 'NONE',  ( 252.5951072436855611, 90.00000000000002842, -424.5037709485516757 ) ) ;
#3505 = EDGE_CURVE ( 'NONE', #251, #3103, #2450, .T. ) ;
#3506 = DIRECTION ( 'NONE',  ( 0.000000000000000000, -1.000000000000000000, 0.000000000000000000 ) ) ;
#3507 = ORIENTED_EDGE ( 'NONE', *, *, #4477, .T. ) ;
#3508 = DIRECTION ( 'NONE',  ( 0.000000000000000000, 0.000000000000000000, -1.000000000000000000 ) ) ;
#3509 = DIRECTION ( 'NONE',  ( 1.110223024625155554E-15, 1.000000000000000000, -0.000000000000000000 ) ) ;
#3510 = CARTESIAN_POINT ( 'NONE',  ( 310.4757059743467380, -1018.999999999999659, 425.0000000000000000 ) ) ;
#3511 = ADVANCED_FACE ( 'NONE', ( #496, #2527, #440, #541, #5434 ), #3313, .F. ) ;
#3512 = DIRECTION ( 'NONE',  ( -1.000000000000000000, 0.000000000000000000, 0.000000000000000000 ) ) ;
#3513 = ORIENTED_EDGE ( 'NONE', *, *, #8084, .T. ) ;
#3514 = CARTESIAN_POINT ( 'NONE',  ( 320.4757059743469085, -1639.000000000000000, -425.0000000000000000 ) ) ;
#3515 = ORIENTED_EDGE ( 'NONE', *, *, #3548, .F. ) ;
#3516 = ADVANCED_FACE ( 'NONE', ( #8256 ), #3216, .F. ) ;
#3517 = CARTESIAN_POINT ( 'NONE',  ( -150.6335507458523466, -556.6134506007708751, -144.0000000000000284 ) ) ;
#3518 = DIRECTION ( 'NONE',  ( -0.9135454576426019768, 0.4067366430757978768, -0.000000000000000000 ) ) ;
#3519 = ORIENTED_EDGE ( 'NONE', *, *, #5990, .T. ) ;
#3520 = DIRECTION ( 'NONE',  ( -2.769130042253390366E-32, 1.734723475976804383E-16, -1.000000000000000000 ) ) ;
#3521 = LINE ( 'NONE', #9068, #165 ) ;
#3522 = ADVANCED_FACE ( 'NONE', ( #7477 ), #4053, .T. ) ;
#3523 = DIRECTION ( 'NONE',  ( 0.8386705679454259377, -0.5446390350150241977, 0.000000000000000000 ) ) ;
#3524 = CARTESIAN_POINT ( 'NONE',  ( -6.522816337376891482, -1489.314372634083611, 425.0000000000000000 ) ) ;
#3525 = EDGE_CURVE ( 'NONE', #2042, #6256, #8119, .T. ) ;
#3526 = FACE_OUTER_BOUND ( 'NONE', #4153, .T. ) ;
#3527 = AXIS2_PLACEMENT_3D ( 'NONE', #8854, #8121, #4563 ) ;
#3528 = ORIENTED_EDGE ( 'NONE', *, *, #6036, .F. ) ;
#3529 = ORIENTED_EDGE ( 'NONE', *, *, #8827, .T. ) ;
#3530 = EDGE_LOOP ( 'NONE', ( #2062, #7582, #3242, #9150, #435 ) ) ;
#3531 = CARTESIAN_POINT ( 'NONE',  ( 63.12186535763336792, -1186.000000000000000, -342.0000000000000568 ) ) ;
#3532 = CIRCLE ( 'NONE', #6319, 17.50000000000002842 ) ;
#3533 = CARTESIAN_POINT ( 'NONE',  ( 310.4757059743466812, -516.0000000000000000, 54.00000000000001421 ) ) ;
#3534 = CARTESIAN_POINT ( 'NONE',  ( 82.20497675003238669, -1679.229940026220675, 1.275620236543081987 ) ) ;
#3535 = CARTESIAN_POINT ( 'NONE',  ( 63.12186535763325423, -516.0000000000000000, 53.99999999999996447 ) ) ;
#3536 = CARTESIAN_POINT ( 'NONE',  ( 303.9077434975146730, -252.2665186545951599, 98.99999999999997158 ) ) ;
#3537 = AXIS2_PLACEMENT_3D ( 'NONE', #1844, #319, #8687 ) ;
#3538 = VERTEX_POINT ( 'NONE', #1142 ) ;
#3539 = PLANE ( 'NONE',  #8574 ) ;
#3540 = AXIS2_PLACEMENT_3D ( 'NONE', #840, #6329, #5827 ) ;
#3541 = VERTEX_POINT ( 'NONE', #3356 ) ;
#3542 = ORIENTED_EDGE ( 'NONE', *, *, #2286, .T. ) ;
#3543 = ORIENTED_EDGE ( 'NONE', *, *, #5034, .F. ) ;
#3544 = EDGE_CURVE ( 'NONE', #3171, #6553, #1792, .T. ) ;
#3545 = FACE_OUTER_BOUND ( 'NONE', #3941, .T. ) ;
#3546 = DIRECTION ( 'NONE',  ( 0.000000000000000000, 1.000000000000000000, 0.000000000000000000 ) ) ;
#3547 = EDGE_CURVE ( 'NONE', #6248, #8270, #3960, .T. ) ;
#3548 = EDGE_CURVE ( 'NONE', #3373, #7125, #4605, .T. ) ;
#3550 = ORIENTED_EDGE ( 'NONE', *, *, #8473, .F. ) ;
#3549 = DIRECTION ( 'NONE',  ( 0.1736481776669323573, -0.9848077530122076872, 0.000000000000000000 ) ) ;
#3551 = DIRECTION ( 'NONE',  ( 1.000000000000000000, 0.000000000000000000, 0.000000000000000000 ) ) ;
#3552 = ORIENTED_EDGE ( 'NONE', *, *, #8493, .T. ) ;
#3553 = EDGE_CURVE ( 'NONE', #6377, #2799, #1836, .T. ) ;
#3554 = DIRECTION ( 'NONE',  ( -1.000000000000000000, -0.000000000000000000, -0.000000000000000000 ) ) ;
#3555 = ORIENTED_EDGE ( 'NONE', *, *, #5424, .F. ) ;
#3556 = CARTESIAN_POINT ( 'NONE',  ( -26.19353357187020492, -1620.659394325779658, 15.87685465839119558 ) ) ;
#3557 = VECTOR ( 'NONE', #6204, 1000.000000000000000 ) ;
#3558 = LINE ( 'NONE', #2127, #641 ) ;
#3559 = CARTESIAN_POINT ( 'NONE',  ( 63.12186535763336792, -851.0000000000000000, -144.0000000000000568 ) ) ;
#3560 = ORIENTED_EDGE ( 'NONE', *, *, #577, .F. ) ;
#3561 = FACE_OUTER_BOUND ( 'NONE', #1419, .T. ) ;
#3562 = AXIS2_PLACEMENT_3D ( 'NONE', #473, #1126, #1167 ) ;
#3563 = ORIENTED_EDGE ( 'NONE', *, *, #2163, .T. ) ;
#3564 = LINE ( 'NONE', #7210, #5145 ) ;
#3565 = EDGE_CURVE ( 'NONE', #997, #7397, #8172, .T. ) ;
#3566 = DIRECTION ( 'NONE',  ( 0.000000000000000000, 1.000000000000000000, 1.734723475976804383E-16 ) ) ;
#3567 = ORIENTED_EDGE ( 'NONE', *, *, #1852, .T. ) ;
#3568 = FACE_OUTER_BOUND ( 'NONE', #54, .T. ) ;
#3569 = CARTESIAN_POINT ( 'NONE',  ( 70.80645500116109758, -1657.378198260854788, -17.81082808711132870 ) ) ;
#3570 = PLANE ( 'NONE',  #6083 ) ;
#3571 = VERTEX_POINT ( 'NONE', #8904 ) ;
#3572 = EDGE_CURVE ( 'NONE', #1031, #8555, #4934, .T. ) ;
#3573 = AXIS2_PLACEMENT_3D ( 'NONE', #5018, #4288, #824 ) ;
#3574 = AXIS2_PLACEMENT_3D ( 'NONE', #3467, #2076, #6362 ) ;
#3575 = EDGE_CURVE ( 'NONE', #1820, #5727, #5080, .T. ) ;
#3576 = DIRECTION ( 'NONE',  ( -0.1391731009600657709, 0.9902680687415702510, 9.251858538542952106E-16 ) ) ;
#3577 = ORIENTED_EDGE ( 'NONE', *, *, #2777, .F. ) ;
#3578 = VERTEX_POINT ( 'NONE', #1182 ) ;
#3579 = ORIENTED_EDGE ( 'NONE', *, *, #1135, .T. ) ;
#3580 = CARTESIAN_POINT ( 'NONE',  ( 310.4757059743466243, -435.9999999999998863, 53.99999999999997158 ) ) ;
#3581 = CIRCLE ( 'NONE', #8287, 12.00000000000003908 ) ;
#3582 = DIRECTION ( 'NONE',  ( -0.7071067811865573427, 8.659560562355053653E-17, 0.7071067811865378028 ) ) ;
#3583 = ADVANCED_FACE ( 'NONE', ( #1885 ), #8083, .F. ) ;
#3584 = DIRECTION ( 'NONE',  ( 0.9902680687415698069, 0.1391731009600692126, 0.000000000000000000 ) ) ;
#3585 = DIRECTION ( 'NONE',  ( -0.000000000000000000, -0.000000000000000000, -1.000000000000000000 ) ) ;
#3586 = DIRECTION ( 'NONE',  ( 0.9848077530122077983, 0.1736481776669324129, -0.000000000000000000 ) ) ;
#3587 = EDGE_LOOP ( 'NONE', ( #578, #1500, #703, #8548, #4978 ) ) ;
#3588 = DIRECTION ( 'NONE',  ( -1.000000000000000000, -0.000000000000000000, -0.000000000000000000 ) ) ;
#3589 = VECTOR ( 'NONE', #7972, 1000.000000000000000 ) ;
#3590 = AXIS2_PLACEMENT_3D ( 'NONE', #1287, #4745, #8363 ) ;
#3591 = ORIENTED_EDGE ( 'NONE', *, *, #5288, .F. ) ;
#3592 = VERTEX_POINT ( 'NONE', #1103 ) ;
#3593 = ORIENTED_EDGE ( 'NONE', *, *, #1194, .T. ) ;
#3594 = AXIS2_PLACEMENT_3D ( 'NONE', #5045, #756, #670 ) ;
#3595 = DIRECTION ( 'NONE',  ( 1.000000000000000000, 1.596294787383402785E-16, 0.000000000000000000 ) ) ;
#3596 = AXIS2_PLACEMENT_3D ( 'NONE', #5788, #1205, #6100 ) ;
#3597 = DIRECTION ( 'NONE',  ( -0.8386705679454261597, 0.5446390350150240867, -0.000000000000000000 ) ) ;
#3598 = AXIS2_PLACEMENT_3D ( 'NONE', #3281, #3896, #2462 ) ;
#3599 = CYLINDRICAL_SURFACE ( 'NONE', #8431, 44.99999999999992895 ) ;
#3600 = VECTOR ( 'NONE', #3054, 1000.000000000000000 ) ;
#3601 = VECTOR ( 'NONE', #3015, 1000.000000000000000 ) ;
#3602 = VECTOR ( 'NONE', #1383, 1000.000000000000000 ) ;
#3603 = DIRECTION ( 'NONE',  ( -0.000000000000000000, -0.000000000000000000, -1.000000000000000000 ) ) ;
#3604 = ORIENTED_EDGE ( 'NONE', *, *, #8670, .T. ) ;
#3605 = CIRCLE ( 'NONE', #4482, 200.0000000000000000 ) ;
#3606 = DIRECTION ( 'NONE',  ( -0.000000000000000000, -0.000000000000000000, -1.000000000000000000 ) ) ;
#3607 = ORIENTED_EDGE ( 'NONE', *, *, #6737, .T. ) ;
#3608 = APPROVAL_PERSON_ORGANIZATION ( #3693, #274, #2998 ) ;
#3609 = CARTESIAN_POINT ( 'NONE',  ( -17.61431374376977388, -1606.901021199289062, 16.36285466112986597 ) ) ;
#3610 = DATE_TIME_ROLE ( 'creation_date' ) ;
#3611 = EDGE_CURVE ( 'NONE', #3331, #2864, #8947, .T. ) ;
#3612 = DIRECTION ( 'NONE',  ( 0.1736481776669320798, -0.9848077530122077983, 0.000000000000000000 ) ) ;
#3613 = VECTOR ( 'NONE', #6566, 1000.000000000000114 ) ;
#3614 = ORIENTED_EDGE ( 'NONE', *, *, #8194, .F. ) ;
#3615 = DIRECTION ( 'NONE',  ( 0.000000000000000000, 0.000000000000000000, 1.000000000000000000 ) ) ;
#3616 = EDGE_LOOP ( 'NONE', ( #6438, #8454, #3101, #6249, #5568 ) ) ;
#3617 = LINE ( 'NONE', #7817, #1447 ) ;
#3618 = CARTESIAN_POINT ( 'NONE',  ( 227.8705773021168000, 90.00000000000001421, 425.0000000000000000 ) ) ;
#3619 = ORIENTED_EDGE ( 'NONE', *, *, #4028, .F. ) ;
#3620 = CYLINDRICAL_SURFACE ( 'NONE', #8892, 44.99999999999992895 ) ;
#3621 = DIRECTION ( 'NONE',  ( 1.000000000000000000, 0.000000000000000000, 0.000000000000000000 ) ) ;
#3622 = CARTESIAN_POINT ( 'NONE',  ( 310.4757059743466243, -298.9999999999999432, 425.0000000000000000 ) ) ;
#3623 = LINE ( 'NONE', #95, #7517 ) ;
#3624 = PLANE ( 'NONE',  #3756 ) ;
#3625 = AXIS2_PLACEMENT_3D ( 'NONE', #6912, #2119, #8502 ) ;
#3626 = VERTEX_POINT ( 'NONE', #2488 ) ;
#3627 = EDGE_LOOP ( 'NONE', ( #1557, #973, #5134, #7153 ) ) ;
#3628 = ORIENTED_EDGE ( 'NONE', *, *, #2216, .T. ) ;
#3629 = CARTESIAN_POINT ( 'NONE',  ( 72.59254801891052011, -1652.056759681845961, 17.75905099836207413 ) ) ;
#3630 = DIRECTION ( 'NONE',  ( 1.000000000000000000, -0.000000000000000000, -0.000000000000000000 ) ) ;
#3631 = DIRECTION ( 'NONE',  ( -3.083952846180991267E-16, 1.000000000000000000, 0.000000000000000000 ) ) ;
#3632 = DIRECTION ( 'NONE',  ( 0.000000000000000000, 0.000000000000000000, -1.000000000000000000 ) ) ;
#3633 = FACE_OUTER_BOUND ( 'NONE', #2203, .T. ) ;
#3634 = ORIENTED_EDGE ( 'NONE', *, *, #5202, .F. ) ;
#3635 = DIRECTION ( 'NONE',  ( 1.000000000000000000, -0.000000000000000000, -0.000000000000000000 ) ) ;
#3636 = EDGE_CURVE ( 'NONE', #1568, #7366, #3173, .T. ) ;
#3637 = EDGE_CURVE ( 'NONE', #3231, #4864, #8185, .T. ) ;
#3638 = ORIENTED_EDGE ( 'NONE', *, *, #2758, .F. ) ;
#3639 = ORIENTED_EDGE ( 'NONE', *, *, #5986, .F. ) ;
#3640 = ORIENTED_EDGE ( 'NONE', *, *, #4222, .F. ) ;
#3641 = DIRECTION ( 'NONE',  ( 0.1736481776669320798, -0.9848077530122077983, 0.000000000000000000 ) ) ;
#3642 = CARTESIAN_POINT ( 'NONE',  ( -234.3351921058633991, -81.91785368358387132, 195.5869664229606144 ) ) ;
#3643 = DIRECTION ( 'NONE',  ( -7.772245805989896776E-17, 1.000000000000000000, 3.469446951953608765E-16 ) ) ;
#3644 = EDGE_CURVE ( 'NONE', #2886, #6302, #682, .T. ) ;
#3645 = ORIENTED_EDGE ( 'NONE', *, *, #601, .F. ) ;
#3646 = EDGE_CURVE ( 'NONE', #6053, #5362, #7015, .T. ) ;
#3647 = CARTESIAN_POINT ( 'NONE',  ( 369.9999999999999432, 184.0000000000000000, -300.0000000000000000 ) ) ;
#3648 = VERTEX_POINT ( 'NONE', #3501 ) ;
#3649 = DIRECTION ( 'NONE',  ( 0.000000000000000000, 0.000000000000000000, 1.000000000000000000 ) ) ;
#3650 = AXIS2_PLACEMENT_3D ( 'NONE', #1887, #544, #2668 ) ;
#3651 = VERTEX_POINT ( 'NONE', #7107 ) ;
#3652 = CARTESIAN_POINT ( 'NONE',  ( -36.00162740237018255, -1624.030917767063102, 8.977630638138320407 ) ) ;
#3653 = PERSON_AND_ORGANIZATION_ROLE ( 'classification_officer' ) ;
#3654 = CARTESIAN_POINT ( 'NONE',  ( 320.4757059743469085, -683.9999999999998863, 425.0000000000000000 ) ) ;
#3655 = VERTEX_POINT ( 'NONE', #5673 ) ;
#3656 = LINE ( 'NONE', #7208, #8337 ) ;
#3657 = CC_DESIGN_PERSON_AND_ORGANIZATION_ASSIGNMENT ( #83, #168, ( #492 ) ) ;
#3658 = DIRECTION ( 'NONE',  ( -3.083952846180995211E-16, 1.000000000000000000, 0.000000000000000000 ) ) ;
#3659 = DIRECTION ( 'NONE',  ( -1.000000000000000000, -5.551115123125777969E-15, 0.000000000000000000 ) ) ;
#3660 = ORIENTED_EDGE ( 'NONE', *, *, #120, .T. ) ;
#3661 = CARTESIAN_POINT ( 'NONE',  ( -19.24507260201600900, -1595.504065132486403, -5.892810920739282032 ) ) ;
#3662 = CARTESIAN_POINT ( 'NONE',  ( 80.79282828440838671, -1643.517846986002951, -11.19969926741719490 ) ) ;
#3663 = FACE_BOUND ( 'NONE', #2106, .T. ) ;
#3664 = ORIENTED_EDGE ( 'NONE', *, *, #7068, .F. ) ;
#3665 = ADVANCED_FACE ( 'NONE', ( #2720 ), #6308, .F. ) ;
#3666 = CARTESIAN_POINT ( 'NONE',  ( 259.8792377091426147, 90.00000000000000000, -242.0000000000000000 ) ) ;
#3667 = VERTEX_POINT ( 'NONE', #9045 ) ;
#3668 = CARTESIAN_POINT ( 'NONE',  ( 72.76409817142955205, -1651.722459024291311, 17.69244992358926183 ) ) ;
#3669 = CARTESIAN_POINT ( 'NONE',  ( 63.12186535763336792, -1186.000000000000000, -54.00000000000007816 ) ) ;
#3670 = CARTESIAN_POINT ( 'NONE',  ( -45.55539095713342590, -1622.347359477424334, 25.00000000000000000 ) ) ;
#3671 = CARTESIAN_POINT ( 'NONE',  ( -219.6745375862304286, -165.0625571244733862, 417.2699254265476156 ) ) ;
#3672 = CARTESIAN_POINT ( 'NONE',  ( 0.000000000000000000, 0.000000000000000000, -841.3925317304245937 ) ) ;
#3673 = ORIENTED_EDGE ( 'NONE', *, *, #6031, .T. ) ;
#3674 = CARTESIAN_POINT ( 'NONE',  ( 0.000000000000000000, 0.000000000000000000, 425.0000000000000000 ) ) ;
#3675 = ORIENTED_EDGE ( 'NONE', *, *, #401, .F. ) ;
#3676 = ORIENTED_EDGE ( 'NONE', *, *, #2451, .F. ) ;
#3677 = ORIENTED_EDGE ( 'NONE', *, *, #3390, .F. ) ;
#3678 = LINE ( 'NONE', #3074, #5495 ) ;
#3679 = CARTESIAN_POINT ( 'NONE',  ( 310.4757059743466812, -851.0000000000000000, 341.9999999999999432 ) ) ;
#3680 = CARTESIAN_POINT ( 'NONE',  ( 259.2906548957509472, 90.00000000000002842, -418.3055292109737024 ) ) ;
#3681 = CARTESIAN_POINT ( 'NONE',  ( 255.0000000000000000, 3.122849337825750696E-14, -435.0000000000000000 ) ) ;
#3682 = ADVANCED_FACE ( 'NONE', ( #6353 ), #9091, .T. ) ;
#3683 = FACE_BOUND ( 'NONE', #2560, .T. ) ;
#3684 = ADVANCED_FACE ( 'NONE', ( #6960 ), #4286, .F. ) ;
#3685 = EDGE_LOOP ( 'NONE', ( #1818, #8793 ) ) ;
#3686 = EDGE_CURVE ( 'NONE', #4849, #4922, #2805, .T. ) ;
#3687 = FACE_OUTER_BOUND ( 'NONE', #6309, .T. ) ;
#3688 = ORIENTED_EDGE ( 'NONE', *, *, #3493, .F. ) ;
#3689 = LINE ( 'NONE', #7162, #4001 ) ;
#3690 = VERTEX_POINT ( 'NONE', #1979 ) ;
#3691 = EDGE_CURVE ( 'NONE', #5578, #868, #7757, .T. ) ;
#3692 = CARTESIAN_POINT ( 'NONE',  ( -20.78453419288659632, -1615.192691181315467, 17.95876781087214269 ) ) ;
#3693 = PERSON_AND_ORGANIZATION ( #5581, #207 ) ;
#3694 = CARTESIAN_POINT ( 'NONE',  ( 255.4757059743467096, -435.9999999999999432, 53.99999999999999289 ) ) ;
#3695 = ORIENTED_EDGE ( 'NONE', *, *, #8307, .F. ) ;
#3696 = CARTESIAN_POINT ( 'NONE',  ( 324.9999999999999432, 184.0000000000000000, 300.0000000000000568 ) ) ;
#3697 = CARTESIAN_POINT ( 'NONE',  ( 63.12186535763325423, -1521.000000000000227, -144.0000000000000568 ) ) ;
#3698 = DIRECTION ( 'NONE',  ( -5.551115123125777969E-15, 1.000000000000000000, 0.000000000000000000 ) ) ;
#3699 = ORIENTED_EDGE ( 'NONE', *, *, #6209, .T. ) ;
#3700 = LINE ( 'NONE', #6507, #1971 ) ;
#3701 = DIRECTION ( 'NONE',  ( -0.000000000000000000, -0.000000000000000000, -1.000000000000000000 ) ) ;
#3702 = CARTESIAN_POINT ( 'NONE',  ( 319.9999999999999432, 184.0000000000000000, 317.5000000000000568 ) ) ;
#3703 = VERTEX_POINT ( 'NONE', #4140 ) ;
#3704 = CARTESIAN_POINT ( 'NONE',  ( 63.12186535763342476, -851.0000000000000000, 341.9999999999999432 ) ) ;
#3705 = EDGE_LOOP ( 'NONE', ( #295, #3199 ) ) ;
#3706 = CARTESIAN_POINT ( 'NONE',  ( 80.10599854258684616, -1643.915691729461969, 11.96413455518112023 ) ) ;
#3707 = DIRECTION ( 'NONE',  ( 0.9135454576426019768, -0.4067366430757978213, 0.000000000000000000 ) ) ;
#3708 = DIRECTION ( 'NONE',  ( 1.000000000000000000, 0.000000000000000000, 0.000000000000000000 ) ) ;
#3709 = ADVANCED_FACE ( 'NONE', ( #729 ), #772, .T. ) ;
#3710 = CARTESIAN_POINT ( 'NONE',  ( -219.5807572464964323, -165.5944118602445485, 415.2964284639385824 ) ) ;
#3711 = AXIS2_PLACEMENT_3D ( 'NONE', #6121, #3450, #9089 ) ;
#3712 = LINE ( 'NONE', #2427, #1376 ) ;
#3713 = ORIENTED_EDGE ( 'NONE', *, *, #8865, .F. ) ;
#3714 = AXIS2_PLACEMENT_3D ( 'NONE', #1291, #4843, #3512 ) ;
#3715 = DIRECTION ( 'NONE',  ( -0.1391731009600695457, 0.9902680687415696958, 0.000000000000000000 ) ) ;
#3716 = ADVANCED_FACE ( 'NONE', ( #7800 ), #7615, .F. ) ;
#3717 = CYLINDRICAL_SURFACE ( 'NONE', #5663, 44.99999999999992895 ) ;
#3718 = ORIENTED_EDGE ( 'NONE', *, *, #3525, .F. ) ;
#3719 = AXIS2_PLACEMENT_3D ( 'NONE', #6772, #5436, #4835 ) ;
#3720 = ORIENTED_EDGE ( 'NONE', *, *, #2419, .F. ) ;
#3721 = VECTOR ( 'NONE', #4303, 1000.000000000000000 ) ;
#3722 = EDGE_LOOP ( 'NONE', ( #2980, #1995 ) ) ;
#3723 = DIRECTION ( 'NONE',  ( 1.000000000000000000, 0.000000000000000000, 0.000000000000000000 ) ) ;
#3724 = CARTESIAN_POINT ( 'NONE',  ( 63.12186535763331108, -851.0000000000001137, -252.0000000000001137 ) ) ;
#3725 = DIRECTION ( 'NONE',  ( 1.000000000000000000, 0.000000000000000000, 0.000000000000000000 ) ) ;
#3726 = DIRECTION ( 'NONE',  ( -0.000000000000000000, 1.000000000000000000, -0.000000000000000000 ) ) ;
#3727 = DIRECTION ( 'NONE',  ( 0.000000000000000000, 0.000000000000000000, -1.000000000000000000 ) ) ;
#3728 = AXIS2_PLACEMENT_3D ( 'NONE', #4608, #446, #3265 ) ;
#3729 = VECTOR ( 'NONE', #7101, 1000.000000000000000 ) ;
#3730 = ORIENTED_EDGE ( 'NONE', *, *, #8591, .T. ) ;
#3731 = AXIS2_PLACEMENT_3D ( 'NONE', #7684, #1412, #5563 ) ;
#3732 = DIRECTION ( 'NONE',  ( 0.000000000000000000, 1.000000000000000000, 0.000000000000000000 ) ) ;
#3733 = ORIENTED_EDGE ( 'NONE', *, *, #6525, .F. ) ;
#3734 = CIRCLE ( 'NONE', #2401, 44.99999999999992895 ) ;
#3735 = CIRCLE ( 'NONE', #7865, 17.50000000000001421 ) ;
#3736 = DIRECTION ( 'NONE',  ( -0.000000000000000000, -0.000000000000000000, -1.000000000000000000 ) ) ;
#3737 = ORIENTED_EDGE ( 'NONE', *, *, #3118, .F. ) ;
#3738 = CARTESIAN_POINT ( 'NONE',  ( -27.50379185567703644, -1621.452190688189830, 15.10974790934002776 ) ) ;
#3739 = APPLICATION_PROTOCOL_DEFINITION ( 'international standard', 'config_control_design', 1994, #4154 ) ;
#3740 = ADVANCED_FACE ( 'NONE', ( #3455 ), #218, .T. ) ;
#3741 = AXIS2_PLACEMENT_3D ( 'NONE', #4116, #3523, #4992 ) ;
#3742 = AXIS2_PLACEMENT_3D ( 'NONE', #513, #378, #7587 ) ;
#3743 = EDGE_CURVE ( 'NONE', #3360, #7938, #4876, .T. ) ;
#3744 = FACE_OUTER_BOUND ( 'NONE', #5737, .T. ) ;
#3745 = ORIENTED_EDGE ( 'NONE', *, *, #8959, .T. ) ;
#3746 = CARTESIAN_POINT ( 'NONE',  ( 319.9999999999999432, 184.0000000000000000, 82.50000000000000000 ) ) ;
#3747 = VECTOR ( 'NONE', #2486, 1000.000000000000000 ) ;
#3748 = AXIS2_PLACEMENT_3D ( 'NONE', #3681, #7892, #6487 ) ;
#3749 = DIRECTION ( 'NONE',  ( -0.000000000000000000, -0.000000000000000000, -1.000000000000000000 ) ) ;
#3750 = PLANE ( 'NONE',  #3142 ) ;
#3751 = EDGE_LOOP ( 'NONE', ( #4072, #843, #2908, #2348, #1359 ) ) ;
#3752 = LINE ( 'NONE', #7173, #1373 ) ;
#3753 = CARTESIAN_POINT ( 'NONE',  ( 85.85116696751639154, -1641.561543389088911, -1.515492897449940868 ) ) ;
#3754 = DIRECTION ( 'NONE',  ( 1.000000000000000000, 7.772245805989896776E-17, -0.000000000000000000 ) ) ;
#3755 = CARTESIAN_POINT ( 'NONE',  ( 299.9999999999999432, 90.00000000000000000, -425.0000000000000000 ) ) ;
#3756 = AXIS2_PLACEMENT_3D ( 'NONE', #4358, #8382, #6330 ) ;
#3757 = ADVANCED_FACE ( 'NONE', ( #587 ), #3399, .T. ) ;
#3758 = CARTESIAN_POINT ( 'NONE',  ( 369.9999999999999432, -115.9999999999999858, -100.0000000000000142 ) ) ;
#3759 = ADVANCED_FACE ( 'NONE', ( #7702 ), #4196, .T. ) ;
#3760 = ORIENTED_EDGE ( 'NONE', *, *, #761, .T. ) ;
#3761 = VECTOR ( 'NONE', #737, 1000.000000000000000 ) ;
#3762 = DIRECTION ( 'NONE',  ( 0.000000000000000000, 1.000000000000000000, 0.000000000000000000 ) ) ;
#3763 = LINE ( 'NONE', #194, #1377 ) ;
#3764 = ORIENTED_EDGE ( 'NONE', *, *, #6988, .F. ) ;
#3765 = DIRECTION ( 'NONE',  ( 0.000000000000000000, 0.000000000000000000, 1.000000000000000000 ) ) ;
#3766 = CARTESIAN_POINT ( 'NONE',  ( 0.000000000000000000, 0.000000000000000000, -190.0000000000000000 ) ) ;
#3767 = DIRECTION ( 'NONE',  ( 7.772245805989896776E-17, -1.000000000000000000, -1.734723475976804383E-16 ) ) ;
#3768 = EDGE_LOOP ( 'NONE', ( #5896, #3292 ) ) ;
#3769 = FACE_OUTER_BOUND ( 'NONE', #20, .T. ) ;
#3770 = ORIENTED_EDGE ( 'NONE', *, *, #3547, .F. ) ;
#3771 = VERTEX_POINT ( 'NONE', #5016 ) ;
#3772 = ORIENTED_EDGE ( 'NONE', *, *, #8014, .T. ) ;
#3773 = VECTOR ( 'NONE', #8805, 1000.000000000000000 ) ;
#3774 = LINE ( 'NONE', #2341, #3589 ) ;
#3775 = CARTESIAN_POINT ( 'NONE',  ( 329.9999999999999432, -115.9999999999999858, 311.2500000000000000 ) ) ;
#3776 = CARTESIAN_POINT ( 'NONE',  ( 259.6809340424838410, 89.99999999999998579, -417.0121613151318911 ) ) ;
#3777 = EDGE_CURVE ( 'NONE', #4915, #7125, #5895, .T. ) ;
#3778 = CARTESIAN_POINT ( 'NONE',  ( 344.9999999999999432, -195.9999999999999716, 425.0000000000000000 ) ) ;
#3779 = DIRECTION ( 'NONE',  ( 0.000000000000000000, 0.000000000000000000, 1.000000000000000000 ) ) ;
#3780 = EDGE_CURVE ( 'NONE', #6855, #6544, #8917, .T. ) ;
#3781 = ORIENTED_EDGE ( 'NONE', *, *, #2955, .T. ) ;
#3782 = LINE ( 'NONE', #7980, #8635 ) ;
#3783 = ORIENTED_EDGE ( 'NONE', *, *, #2271, .F. ) ;
#3784 = FACE_OUTER_BOUND ( 'NONE', #604, .T. ) ;
#3785 = EDGE_LOOP ( 'NONE', ( #469, #720, #5708, #2551 ) ) ;
#3786 = CARTESIAN_POINT ( 'NONE',  ( -45.03482842377299988, -1622.570867855745973, 1.378308206126991786 ) ) ;
#3787 = CALENDAR_DATE ( 2026, 18, 8 ) ;
#3788 = FACE_OUTER_BOUND ( 'NONE', #3370, .T. ) ;
#3789 = EDGE_LOOP ( 'NONE', ( #7735, #1304 ) ) ;
#3790 = CARTESIAN_POINT ( 'NONE',  ( 389.2348571395701811, -461.4200842584472184, 99.00000000000000000 ) ) ;
#3791 = CIRCLE ( 'NONE', #8944, 17.50000000000002842 ) ;
#3792 = DIRECTION ( 'NONE',  ( 0.1736481776669323573, -0.9848077530122076872, -9.251858538542967883E-16 ) ) ;
#3793 = CARTESIAN_POINT ( 'NONE',  ( 310.4757059743466243, -516.0000000000000000, 143.9999999999999432 ) ) ;
#3794 = ORIENTED_EDGE ( 'NONE', *, *, #6781, .F. ) ;
#3795 = CARTESIAN_POINT ( 'NONE',  ( 320.4757059743469085, -969.0000000000000000, 425.0000000000000000 ) ) ;
#3796 = CARTESIAN_POINT ( 'NONE',  ( 255.4757059743467664, -851.0000000000000000, 143.9999999999999432 ) ) ;
#3797 = CARTESIAN_POINT ( 'NONE',  ( 245.3287797130421666, -230.7125773165648752, 302.5841643887001169 ) ) ;
#3798 = DIRECTION ( 'NONE',  ( 7.772245805989896776E-17, -1.000000000000000000, -1.734723475976804383E-16 ) ) ;
#3799 = EDGE_CURVE ( 'NONE', #3832, #2698, #1840, .T. ) ;
#3800 = AXIS2_PLACEMENT_3D ( 'NONE', #2332, #1689, #5096 ) ;
#3801 = LINE ( 'NONE', #4399, #4492 ) ;
#3802 = EDGE_CURVE ( 'NONE', #5101, #926, #5111, .T. ) ;
#3803 = ORIENTED_EDGE ( 'NONE', *, *, #2117, .F. ) ;
#3804 = CARTESIAN_POINT ( 'NONE',  ( 63.12186535763325423, -1521.000000000000227, 252.0000000000000000 ) ) ;
#3805 = EDGE_CURVE ( 'NONE', #3215, #6891, #71, .T. ) ;
#3806 = LINE ( 'NONE', #3669, #3430 ) ;
#3807 = VERTEX_POINT ( 'NONE', #6407 ) ;
#3808 = DIRECTION ( 'NONE',  ( -0.000000000000000000, 0.000000000000000000, 1.000000000000000000 ) ) ;
#3809 = DIRECTION ( 'NONE',  ( 1.000000000000000000, 0.000000000000000000, 0.000000000000000000 ) ) ;
#3810 = CARTESIAN_POINT ( 'NONE',  ( 0.000000000000000000, 0.000000000000000000, 190.0000000000000000 ) ) ;
#3811 = ORIENTED_EDGE ( 'NONE', *, *, #7135, .F. ) ;
#3812 = EDGE_CURVE ( 'NONE', #2861, #4838, #4339, .T. ) ;
#3813 = FACE_OUTER_BOUND ( 'NONE', #4708, .T. ) ;
#3814 = ORIENTED_EDGE ( 'NONE', *, *, #8316, .T. ) ;
#3815 = ORIENTED_EDGE ( 'NONE', *, *, #8768, .T. ) ;
#3816 = VERTEX_POINT ( 'NONE', #7897 ) ;
#3817 = CYLINDRICAL_SURFACE ( 'NONE', #3876, 275.0222139978606606 ) ;
#3818 = LINE ( 'NONE', #3724, #5680 ) ;
#3819 = CARTESIAN_POINT ( 'NONE',  ( 255.4757059743467664, -1521.000000000000227, -342.0000000000000568 ) ) ;
#3820 = CARTESIAN_POINT ( 'NONE',  ( 320.4757059743469085, -969.0000000000000000, -425.0000000000000000 ) ) ;
#3821 = CARTESIAN_POINT ( 'NONE',  ( -41.14692656663862635, -1623.730948393549625, -4.527497371042349172 ) ) ;
#3822 = VERTEX_POINT ( 'NONE', #5809 ) ;
#3823 = CARTESIAN_POINT ( 'NONE',  ( 63.12186535763325423, -1521.000000000000227, -99.00000000000005684 ) ) ;
#3824 = VECTOR ( 'NONE', #5123, 1000.000000000000000 ) ;
#3825 = ORIENTED_EDGE ( 'NONE', *, *, #1406, .T. ) ;
#3826 = EDGE_CURVE ( 'NONE', #8523, #8555, #2907, .T. ) ;
#3827 = LINE ( 'NONE', #220, #172 ) ;
#3828 = EDGE_CURVE ( 'NONE', #8411, #5949, #4209, .T. ) ;
#3829 = AXIS2_PLACEMENT_3D ( 'NONE', #3264, #4485, #5952 ) ;
#3830 = DIRECTION ( 'NONE',  ( 1.000000000000000000, 0.000000000000000000, 0.000000000000000000 ) ) ;
#3832 = VERTEX_POINT ( 'NONE', #7337 ) ;
#3831 = EDGE_CURVE ( 'NONE', #6891, #7455, #5853, .T. ) ;
#3833 = CARTESIAN_POINT ( 'NONE',  ( 310.4757059743466243, -516.0000000000000000, -342.0000000000000568 ) ) ;
#3834 = DIRECTION ( 'NONE',  ( -1.000000000000000000, -0.000000000000000000, -0.000000000000000000 ) ) ;
#3835 = DIRECTION ( 'NONE',  ( 0.000000000000000000, 0.000000000000000000, -1.000000000000000000 ) ) ;
#3836 = EDGE_LOOP ( 'NONE', ( #5319, #1698, #1212, #7007 ) ) ;
#3837 = DIRECTION ( 'NONE',  ( -1.000000000000000000, -0.000000000000000000, -0.000000000000000000 ) ) ;
#3838 = DIRECTION ( 'NONE',  ( -3.083952846180987322E-16, 1.000000000000000000, 0.000000000000000000 ) ) ;
#3839 = AXIS2_PLACEMENT_3D ( 'NONE', #8693, #2365, #6834 ) ;
#3840 = FACE_BOUND ( 'NONE', #3587, .T. ) ;
#3841 = DIRECTION ( 'NONE',  ( -0.000000000000000000, 1.000000000000000000, -0.000000000000000000 ) ) ;
#3842 = DIRECTION ( 'NONE',  ( 0.000000000000000000, 0.000000000000000000, -1.000000000000000000 ) ) ;
#3843 = VERTEX_POINT ( 'NONE', #217 ) ;
#3844 = EDGE_CURVE ( 'NONE', #1628, #2177, #822, .T. ) ;
#3845 = EDGE_CURVE ( 'NONE', #3482, #5461, #1404, .T. ) ;
#3846 = DIRECTION ( 'NONE',  ( 7.772245805989896776E-17, -1.000000000000000000, -1.734723475976804383E-16 ) ) ;
#3847 = ORIENTED_EDGE ( 'NONE', *, *, #6951, .F. ) ;
#3848 = DIRECTION ( 'NONE',  ( -0.000000000000000000, -0.000000000000000000, -1.000000000000000000 ) ) ;
#3849 = CARTESIAN_POINT ( 'NONE',  ( -222.3245438493828203, -150.0336247823844076, -424.4902331370091133 ) ) ;
#3850 = CARTESIAN_POINT ( 'NONE',  ( 59.80567514388355477, -1433.079413968832341, 200.0000000000001137 ) ) ;
#3851 = ORIENTED_EDGE ( 'NONE', *, *, #1085, .F. ) ;
#3852 = EDGE_CURVE ( 'NONE', #2042, #7476, #965, .T. ) ;
#3853 = AXIS2_PLACEMENT_3D ( 'NONE', #393, #2439, #6672 ) ;
#3854 = EDGE_CURVE ( 'NONE', #2296, #7901, #9084, .T. ) ;
#3855 = FACE_BOUND ( 'NONE', #7207, .T. ) ;
#3856 = B_SPLINE_CURVE_WITH_KNOTS ( 'NONE', 3,
 ( #6017, #8841, #7461, #2514, #5325, #8151, #4637, #3946, #6758, #428, #3245, #6058, #4679, #2565, #5377, #8201, #1869, #5000, #3437, #6253, #60, #10, #9079, #1496, #806, #7740, #6389, #4230, #3534, #6296 ),
 .UNSPECIFIED., .F., .F.,
 ( 4, 2, 2, 2, 2, 2, 2, 2, 2, 2, 2, 2, 2, 2, 4 ),
 ( 0.1006652398631667500, 0.1041936693005633824, 0.1059578840192620108, 0.1077220987379606254, 0.1112505281753578684, 0.1147789576127551114, 0.1183073870501523683, 0.1218358164875495975, 0.1236000312062482120, 0.1253642459249468266, 0.1262463532842959812, 0.1271284606436451359, 0.1280105680029942905, 0.1284516216826687429, 0.1288926753623431953 ),
 .UNSPECIFIED. ) ;
#3857 = ORIENTED_EDGE ( 'NONE', *, *, #115, .T. ) ;
#3858 = VERTEX_POINT ( 'NONE', #865 ) ;
#3859 = ORIENTED_EDGE ( 'NONE', *, *, #5253, .T. ) ;
#3860 = ADVANCED_FACE ( 'NONE', ( #3687 ), #4465, .F. ) ;
#3861 = AXIS2_PLACEMENT_3D ( 'NONE', #426, #4774, #1823 ) ;
#3862 = CARTESIAN_POINT ( 'NONE',  ( 81.12244669235205663, -1678.699330462055059, -1.802979072829696605 ) ) ;
#3863 = DIRECTION ( 'NONE',  ( 0.5150380749100574862, 0.000000000000000000, -0.8571673007021104462 ) ) ;
#3864 = CARTESIAN_POINT ( 'NONE',  ( 63.12186535763325423, -1441.000000000000000, -99.00000000000004263 ) ) ;
#3865 = FACE_OUTER_BOUND ( 'NONE', #8106, .T. ) ;
#3866 = CARTESIAN_POINT ( 'NONE',  ( -33.33724621580019232, -1623.676971216277252, -11.09672927766574269 ) ) ;
#3867 = AXIS2_PLACEMENT_3D ( 'NONE', #1494, #5783, #2968 ) ;
#3868 = AXIS2_PLACEMENT_3D ( 'NONE', #4059, #4009, #691 ) ;
#3869 = ORIENTED_EDGE ( 'NONE', *, *, #4887, .F. ) ;
#3870 = ORIENTED_EDGE ( 'NONE', *, *, #6503, .F. ) ;
#3871 = DIRECTION ( 'NONE',  ( 0.9902680687415698069, 0.1391731009600692126, -0.000000000000000000 ) ) ;
#3872 = AXIS2_PLACEMENT_3D ( 'NONE', #6682, #5897, #1708 ) ;
#3873 = AXIS2_PLACEMENT_3D ( 'NONE', #2237, #4274, #3631 ) ;
#3874 = DIRECTION ( 'NONE',  ( 1.000000000000000000, 0.000000000000000000, 0.000000000000000000 ) ) ;
#3875 = VECTOR ( 'NONE', #6615, 1000.000000000000000 ) ;
#3876 = AXIS2_PLACEMENT_3D ( 'NONE', #3115, #8761, #8804 ) ;
#3877 = ORIENTED_EDGE ( 'NONE', *, *, #8959, .F. ) ;
#3878 = CARTESIAN_POINT ( 'NONE',  ( 369.9999999999999432, -115.9999999999999858, -328.7500000000000000 ) ) ;
#3879 = AXIS2_PLACEMENT_3D ( 'NONE', #6466, #6034, #4058 ) ;
#3880 = CARTESIAN_POINT ( 'NONE',  ( 249.2724892809630433, 90.00000000000000000, -425.0000000000000000 ) ) ;
#3881 = DIRECTION ( 'NONE',  ( 1.000000000000000000, -0.000000000000000000, -0.000000000000000000 ) ) ;
#3882 = ORIENTED_EDGE ( 'NONE', *, *, #1425, .F. ) ;
#3884 = DIRECTION ( 'NONE',  ( -0.000000000000000000, -0.000000000000000000, -1.000000000000000000 ) ) ;
#3883 = AXIS2_PLACEMENT_3D ( 'NONE', #4446, #3067, #7268 ) ;
#3885 = CARTESIAN_POINT ( 'NONE',  ( 458.6941282063430663, -855.3431854633304283, 99.00000000000000000 ) ) ;
#3886 = AXIS2_PLACEMENT_3D ( 'NONE', #9010, #2684, #5503 ) ;
#3887 = EDGE_CURVE ( 'NONE', #4447, #298, #906, .T. ) ;
#3888 = DIRECTION ( 'NONE',  ( 0.000000000000000000, 0.000000000000000000, -1.000000000000000000 ) ) ;
#3889 = DIRECTION ( 'NONE',  ( 1.000000000000000000, 1.596294787383402785E-16, 0.000000000000000000 ) ) ;
#3890 = PRODUCT ( '55846', '55846', '', ( #7245 ) ) ;
#3891 = VECTOR ( 'NONE', #585, 1000.000000000000227 ) ;
#3892 = PLANE ( 'NONE',  #4782 ) ;
#3893 = VECTOR ( 'NONE', #1846, 1000.000000000000000 ) ;
#3894 = ORIENTED_EDGE ( 'NONE', *, *, #9, .F. ) ;
#3895 = CIRCLE ( 'NONE', #8173, 50.00000000000000000 ) ;
#3896 = DIRECTION ( 'NONE',  ( -2.769130042253390366E-32, 1.734723475976804383E-16, -1.000000000000000000 ) ) ;
#3897 = ORIENTED_EDGE ( 'NONE', *, *, #2482, .F. ) ;
#3898 = DIRECTION ( 'NONE',  ( 1.000000000000000000, -0.000000000000000000, -0.000000000000000000 ) ) ;
#3899 = CARTESIAN_POINT ( 'NONE',  ( -219.5807572464964039, -165.5944118602444632, -414.9999999999719762 ) ) ;
#3900 = FACE_OUTER_BOUND ( 'NONE', #7978, .T. ) ;
#3901 = ORIENTED_EDGE ( 'NONE', *, *, #2944, .T. ) ;
#3902 = LINE ( 'NONE', #5921, #6539 ) ;
#3903 = ORIENTED_EDGE ( 'NONE', *, *, #4396, .T. ) ;
#3904 = ORIENTED_EDGE ( 'NONE', *, *, #1630, .F. ) ;
#3905 = ORIENTED_EDGE ( 'NONE', *, *, #1573, .F. ) ;
#3906 = DIRECTION ( 'NONE',  ( 0.000000000000000000, 0.000000000000000000, 1.000000000000000000 ) ) ;
#3907 = EDGE_CURVE ( 'NONE', #1034, #4336, #6558, .T. ) ;
#3908 = DIRECTION ( 'NONE',  ( -0.000000000000000000, -0.000000000000000000, -1.000000000000000000 ) ) ;
#3909 = CARTESIAN_POINT ( 'NONE',  ( -225.2758741205746276, -133.2957990716872700, -218.9586324618983610 ) ) ;
#3910 = DIRECTION ( 'NONE',  ( -1.000000000000000000, -7.772245805989896776E-17, 0.000000000000000000 ) ) ;
#3911 = CYLINDRICAL_SURFACE ( 'NONE', #4013, 44.99999999999992895 ) ;
#3912 = DIRECTION ( 'NONE',  ( -3.083952846180987322E-16, 1.000000000000000000, 0.000000000000000000 ) ) ;
#3913 = ORIENTED_EDGE ( 'NONE', *, *, #6607, .F. ) ;
#3914 = AXIS2_PLACEMENT_3D ( 'NONE', #4792, #633, #4095 ) ;
#3915 = ORIENTED_EDGE ( 'NONE', *, *, #5769, .F. ) ;
#3916 = CARTESIAN_POINT ( 'NONE',  ( 344.9999999999999432, -195.9999999999999716, 425.0000000000000000 ) ) ;
#3917 = EDGE_CURVE ( 'NONE', #8238, #6053, #3782, .T. ) ;
#3918 = ADVANCED_FACE ( 'NONE', ( #7290 ), #309, .F. ) ;
#3919 = PLANE ( 'NONE',  #4184 ) ;
#3920 = ORIENTED_EDGE ( 'NONE', *, *, #1609, .F. ) ;
#3921 = CARTESIAN_POINT ( 'NONE',  ( 458.6941282063430663, -855.3431854633304283, 99.00000000000000000 ) ) ;
#3922 = DIRECTION ( 'NONE',  ( 0.4067366430757928253, 0.9135454576426041973, 0.000000000000000000 ) ) ;
#3923 = CARTESIAN_POINT ( 'NONE',  ( -18.58610902079638194, -1597.348912799730215, -25.00000000000000000 ) ) ;
#3924 = ORIENTED_EDGE ( 'NONE', *, *, #1630, .T. ) ;
#3925 = LINE ( 'NONE', #502, #7868 ) ;
#3926 = CYLINDRICAL_SURFACE ( 'NONE', #6512, 44.99999999999992895 ) ;
#3927 = CARTESIAN_POINT ( 'NONE',  ( 320.4757059743469085, -633.9999999999998863, 425.0000000000000000 ) ) ;
#3928 = DIRECTION ( 'NONE',  ( 0.000000000000000000, 1.000000000000000000, 0.000000000000000000 ) ) ;
#3929 = DIRECTION ( 'NONE',  ( -0.000000000000000000, -0.000000000000000000, -1.000000000000000000 ) ) ;
#3930 = EDGE_CURVE ( 'NONE', #4089, #2820, #7376, .T. ) ;
#3931 = ORIENTED_EDGE ( 'NONE', *, *, #2905, .F. ) ;
#3932 = EDGE_CURVE ( 'NONE', #5727, #3667, #6631, .T. ) ;
#3933 = DIRECTION ( 'NONE',  ( 0.1736481776669320798, -0.9848077530122077983, 0.000000000000000000 ) ) ;
#3934 = ORIENTED_EDGE ( 'NONE', *, *, #6892, .F. ) ;
#3935 = DIRECTION ( 'NONE',  ( 0.9135454576426019768, -0.4067366430757978213, 0.000000000000000000 ) ) ;
#3936 = CARTESIAN_POINT ( 'NONE',  ( -219.5857335759544355, -165.5661896934606716, -415.5856250217058232 ) ) ;
#3937 = LINE ( 'NONE', #4071, #9043 ) ;
#3938 = ORIENTED_EDGE ( 'NONE', *, *, #238, .F. ) ;
#3939 = AXIS2_PLACEMENT_3D ( 'NONE', #7223, #8565, #5136 ) ;
#3940 = DIRECTION ( 'NONE',  ( 1.000000000000000000, 1.596294787383402785E-16, -0.000000000000000000 ) ) ;
#3941 = EDGE_LOOP ( 'NONE', ( #4565, #414 ) ) ;
#3942 = ORIENTED_EDGE ( 'NONE', *, *, #625, .F. ) ;
#3943 = ORIENTED_EDGE ( 'NONE', *, *, #4133, .F. ) ;
#3944 = CARTESIAN_POINT ( 'NONE',  ( 63.12186535763324002, -390.9999999999999432, 98.99999999999995737 ) ) ;
#3945 = CARTESIAN_POINT ( 'NONE',  ( 90.47570597434693696, -1641.019580355183507, 25.00000000000000000 ) ) ;
#3946 = CARTESIAN_POINT ( 'NONE',  ( 71.79049724429415846, -1668.221642932287295, 13.32983960088088260 ) ) ;
#3947 = CARTESIAN_POINT ( 'NONE',  ( -610.3559649528139062, -1370.881942455822582, 25.00000000000000000 ) ) ;
#3948 = CARTESIAN_POINT ( 'NONE',  ( -470.8253113773791938, -361.1481488582493853, 297.0000000000000000 ) ) ;
#3949 = ORIENTED_EDGE ( 'NONE', *, *, #9042, .T. ) ;
#3950 = CARTESIAN_POINT ( 'NONE',  ( -17.41574363069680587, -1603.900004859717683, -14.74129886687237345 ) ) ;
#3951 = ORIENTED_EDGE ( 'NONE', *, *, #7466, .F. ) ;
#3952 = EDGE_LOOP ( 'NONE', ( #3202, #5, #4171, #6930 ) ) ;
#3953 = ADVANCED_FACE ( 'NONE', ( #3125 ), #1744, .F. ) ;
#3954 = DIRECTION ( 'NONE',  ( 0.9902680687415699179, 0.1391731009600692404, -0.000000000000000000 ) ) ;
#3955 = DIRECTION ( 'NONE',  ( -1.000000000000000000, 0.000000000000000000, 0.000000000000000000 ) ) ;
#3956 = EDGE_CURVE ( 'NONE', #2371, #7846, #3818, .T. ) ;
#3957 = ADVANCED_FACE ( 'NONE', ( #5283 ), #3466, .F. ) ;
#3958 = CARTESIAN_POINT ( 'NONE',  ( 63.12186535763325423, -516.0000000000000000, 143.9999999999999432 ) ) ;
#3959 = ORIENTED_EDGE ( 'NONE', *, *, #8731, .F. ) ;
#3960 = LINE ( 'NONE', #4737, #654 ) ;
#3961 = EDGE_CURVE ( 'NONE', #2015, #7184, #899, .T. ) ;
#3962 = DIRECTION ( 'NONE',  ( 0.000000000000000000, 1.000000000000000000, 1.734723475976804383E-16 ) ) ;
#3963 = CARTESIAN_POINT ( 'NONE',  ( 259.8792377091426147, 90.00000000000000000, -425.0000000000000000 ) ) ;
#3964 = LINE ( 'NONE', #3316, #3893 ) ;
#3965 = ORIENTED_EDGE ( 'NONE', *, *, #5600, .T. ) ;
#3966 = CARTESIAN_POINT ( 'NONE',  ( 63.12186535763325423, -1521.000000000000227, 53.99999999999996447 ) ) ;
#3967 = DIRECTION ( 'NONE',  ( 0.000000000000000000, 1.000000000000000000, 0.000000000000000000 ) ) ;
#3968 = CARTESIAN_POINT ( 'NONE',  ( 310.4757059743466812, -683.9999999999998863, 425.0000000000000000 ) ) ;
#3969 = LINE ( 'NONE', #5542, #7379 ) ;
#3970 = DIRECTION ( 'NONE',  ( 0.000000000000000000, 0.000000000000000000, -1.000000000000000000 ) ) ;
#3971 = ORIENTED_EDGE ( 'NONE', *, *, #971, .T. ) ;
#3972 = CARTESIAN_POINT ( 'NONE',  ( 204.2061900648915014, -184.2201132652633646, 376.0000000000000000 ) ) ;
#3973 = ORIENTED_EDGE ( 'NONE', *, *, #871, .T. ) ;
#3974 = LINE ( 'NONE', #2548, #3128 ) ;
#3975 = CARTESIAN_POINT ( 'NONE',  ( -220.5861981594096903, -159.8922730901392697, -421.7156127488715924 ) ) ;
#3976 = CARTESIAN_POINT ( 'NONE',  ( 320.4757059743469085, -1354.000000000000000, 425.0000000000000000 ) ) ;
#3977 = ORIENTED_EDGE ( 'NONE', *, *, #3472, .F. ) ;
#3978 = CARTESIAN_POINT ( 'NONE',  ( 310.4757059743467380, -968.9999999999997726, 425.0000000000000000 ) ) ;
#3979 = EDGE_LOOP ( 'NONE', ( #6189, #4805, #5144, #385 ) ) ;
#3980 = EDGE_LOOP ( 'NONE', ( #4676, #5583, #1035, #5157 ) ) ;
#3981 = VERTEX_POINT ( 'NONE', #4591 ) ;
#3982 = LINE ( 'NONE', #6756, #453 ) ;
#3983 = CARTESIAN_POINT ( 'NONE',  ( -39.20115843827836954, -1539.634606710809066, 25.00000000000000000 ) ) ;
#3984 = DIRECTION ( 'NONE',  ( 0.000000000000000000, 0.000000000000000000, -1.000000000000000000 ) ) ;
#3985 = DIRECTION ( 'NONE',  ( 1.000000000000000000, 0.000000000000000000, 0.000000000000000000 ) ) ;
#3986 = CONICAL_SURFACE ( 'NONE', #2, 8.749999999999980460, 1.029744258676650759 ) ;
#3987 = DIRECTION ( 'NONE',  ( 0.9902680687415699179, 0.1391731009600692404, -0.000000000000000000 ) ) ;
#3988 = ORIENTED_EDGE ( 'NONE', *, *, #4818, .F. ) ;
#3989 = CARTESIAN_POINT ( 'NONE',  ( -30.63903592323369907, -1622.897641217765340, -13.06462076359312086 ) ) ;
#3990 = EDGE_CURVE ( 'NONE', #1535, #7325, #4200, .T. ) ;
#3991 = EDGE_CURVE ( 'NONE', #2996, #3690, #209, .T. ) ;
#3992 = ORIENTED_EDGE ( 'NONE', *, *, #4157, .F. ) ;
#3993 = VECTOR ( 'NONE', #155, 1000.000000000000000 ) ;
#3994 = ORIENTED_EDGE ( 'NONE', *, *, #3636, .T. ) ;
#3995 = CARTESIAN_POINT ( 'NONE',  ( 466.5082962013550514, -899.6595343488797880, -297.0000000000000568 ) ) ;
#3996 = CARTESIAN_POINT ( 'NONE',  ( 63.12186535763325423, -1521.000000000000227, -252.0000000000001137 ) ) ;
#3997 = VECTOR ( 'NONE', #5347, 1000.000000000000000 ) ;
#3998 = FACE_OUTER_BOUND ( 'NONE', #431, .T. ) ;
#3999 = ORIENTED_EDGE ( 'NONE', *, *, #6675, .T. ) ;
#4000 = DIRECTION ( 'NONE',  ( -1.000000000000000000, 0.000000000000000000, 0.000000000000000000 ) ) ;
#4001 = VECTOR ( 'NONE', #2948, 999.9999999999998863 ) ;
#4002 = VECTOR ( 'NONE', #7214, 1000.000000000000000 ) ;
#4003 = CARTESIAN_POINT ( 'NONE',  ( -140.4538890922309520, -220.0237504569035707, -217.7680490104569628 ) ) ;
#4004 = DIRECTION ( 'NONE',  ( -0.000000000000000000, 1.000000000000000000, -0.000000000000000000 ) ) ;
#4005 = EDGE_CURVE ( 'NONE', #7125, #7968, #7232, .T. ) ;
#4006 = DIRECTION ( 'NONE',  ( 1.000000000000000000, -0.000000000000000000, -0.000000000000000000 ) ) ;
#4007 = EDGE_LOOP ( 'NONE', ( #2511, #1297, #5750, #5468, #2898, #7020, #3254 ) ) ;
#4008 = CARTESIAN_POINT ( 'NONE',  ( -200.0000000000000000, 2.449293598294706434E-14, 275.0000000000000000 ) ) ;
#4009 = DIRECTION ( 'NONE',  ( -0.9902680687415702510, -0.1391731009600656876, 0.000000000000000000 ) ) ;
#4010 = EDGE_CURVE ( 'NONE', #3183, #7628, #8627, .T. ) ;
#4011 = DIRECTION ( 'NONE',  ( 0.000000000000000000, -1.000000000000000000, -3.469446951953608765E-16 ) ) ;
#4012 = DIRECTION ( 'NONE',  ( -3.083952846180995211E-16, 1.000000000000000000, 0.000000000000000000 ) ) ;
#4013 = AXIS2_PLACEMENT_3D ( 'NONE', #7234, #4515, #3207 ) ;
#4014 = AXIS2_PLACEMENT_3D ( 'NONE', #6025, #3595, #21 ) ;
#4015 = DIRECTION ( 'NONE',  ( 1.000000000000000000, 1.596294787383402785E-16, -0.000000000000000000 ) ) ;
#4016 = VECTOR ( 'NONE', #8388, 1000.000000000000000 ) ;
#4017 = ORIENTED_EDGE ( 'NONE', *, *, #5765, .F. ) ;
#4018 = CIRCLE ( 'NONE', #6533, 12.00000000000001066 ) ;
#4019 = LINE ( 'NONE', #6927, #7051 ) ;
#4020 = FACE_OUTER_BOUND ( 'NONE', #7584, .T. ) ;
#4021 = VERTEX_POINT ( 'NONE', #2436 ) ;
#4022 = CARTESIAN_POINT ( 'NONE',  ( 54.35928479373330902, -1441.466119648286622, -200.0000000000001137 ) ) ;
#4023 = CARTESIAN_POINT ( 'NONE',  ( -221.2486183806249755, -156.1355013326137851, 423.1716759318962318 ) ) ;
#4024 = EDGE_CURVE ( 'NONE', #339, #6053, #957, .T. ) ;
#4025 = CARTESIAN_POINT ( 'NONE',  ( -19.58484753669440792, -1594.552824406148829, 2.991721069077395434 ) ) ;
#4026 = EDGE_LOOP ( 'NONE', ( #7445, #7679, #5481, #8856, #3528 ) ) ;
#4027 = VECTOR ( 'NONE', #1150, 1000.000000000000000 ) ;
#4028 = EDGE_CURVE ( 'NONE', #8677, #5845, #255, .T. ) ;
#4029 = AXIS2_PLACEMENT_3D ( 'NONE', #1715, #230, #178 ) ;
#4030 = CARTESIAN_POINT ( 'NONE',  ( 202.4874651229474125, -183.6828106635224742, -239.1662397012483439 ) ) ;
#4031 = EDGE_LOOP ( 'NONE', ( #3196, #6664, #4211, #5675 ) ) ;
#4032 = ORIENTED_EDGE ( 'NONE', *, *, #8552, .F. ) ;
#4033 = ORIENTED_EDGE ( 'NONE', *, *, #7209, .F. ) ;
#4034 = VECTOR ( 'NONE', #1100, 999.9999999999998863 ) ;
#4035 = CARTESIAN_POINT ( 'NONE',  ( 310.4757059743468517, -1441.000000000000000, 252.0000000000000000 ) ) ;
#4036 = LINE ( 'NONE', #7549, #482 ) ;
#4037 = DIRECTION ( 'NONE',  ( -1.596294787383402785E-16, 1.000000000000000000, -0.000000000000000000 ) ) ;
#4038 = PLANE ( 'NONE',  #8965 ) ;
#4039 = AXIS2_PLACEMENT_3D ( 'NONE', #3221, #4006, #3835 ) ;
#4040 = CARTESIAN_POINT ( 'NONE',  ( -470.8253113773791938, -361.1481488582493853, -297.0000000000000568 ) ) ;
#4041 = ORIENTED_EDGE ( 'NONE', *, *, #7196, .F. ) ;
#4042 = CARTESIAN_POINT ( 'NONE',  ( -18.14235697380074086, -1598.738933644595818, -10.31215225229540344 ) ) ;
#4043 = AXIS2_PLACEMENT_3D ( 'NONE', #1861, #8235, #5317 ) ;
#4044 = ORIENTED_EDGE ( 'NONE', *, *, #3363, .T. ) ;
#4045 = ORIENTED_EDGE ( 'NONE', *, *, #5600, .F. ) ;
#4046 = EDGE_CURVE ( 'NONE', #5384, #1491, #5147, .T. ) ;
#4047 = AXIS2_PLACEMENT_3D ( 'NONE', #5120, #8044, #920 ) ;
#4048 = PLANE ( 'NONE',  #2395 ) ;
#4049 = DIRECTION ( 'NONE',  ( -0.9135454576426020878, 0.4067366430757978768, 0.000000000000000000 ) ) ;
#4050 = EDGE_CURVE ( 'NONE', #6206, #7734, #8192, .T. ) ;
#4051 = DIRECTION ( 'NONE',  ( -0.000000000000000000, -0.000000000000000000, -1.000000000000000000 ) ) ;
#4052 = ORIENTED_EDGE ( 'NONE', *, *, #908, .T. ) ;
#4053 = CYLINDRICAL_SURFACE ( 'NONE', #6552, 275.0222139978606606 ) ;
#4054 = DIRECTION ( 'NONE',  ( -0.000000000000000000, -0.000000000000000000, -1.000000000000000000 ) ) ;
#4055 = CARTESIAN_POINT ( 'NONE',  ( -81.17427967907944719, -950.5365518056539713, -252.0000000000000568 ) ) ;
#4056 = CARTESIAN_POINT ( 'NONE',  ( 320.4757059743469085, -633.9999999999998863, 425.0000000000000000 ) ) ;
#4057 = ORIENTED_EDGE ( 'NONE', *, *, #8263, .T. ) ;
#4058 = DIRECTION ( 'NONE',  ( 0.1736481776669323573, -0.9848077530122076872, -1.233581138472395718E-15 ) ) ;
#4059 = CARTESIAN_POINT ( 'NONE',  ( 249.4831827773962800, -259.9153918465117385, 98.99999999999997158 ) ) ;
#4060 = CARTESIAN_POINT ( 'NONE',  ( 286.0588745030455584, 184.0000000000000000, -99.99999999999997158 ) ) ;
#4061 = FACE_OUTER_BOUND ( 'NONE', #6195, .T. ) ;
#4062 = ORIENTED_EDGE ( 'NONE', *, *, #5269, .T. ) ;
#4063 = DIRECTION ( 'NONE',  ( 0.000000000000000000, 0.000000000000000000, 1.000000000000000000 ) ) ;
#4064 = ORIENTED_EDGE ( 'NONE', *, *, #5607, .F. ) ;
#4065 = CARTESIAN_POINT ( 'NONE',  ( 0.000000000000000000, 0.000000000000000000, -435.0000000000000000 ) ) ;
#4066 = ADVANCED_FACE ( 'NONE', ( #4513 ), #1000, .F. ) ;
#4067 = FACE_OUTER_BOUND ( 'NONE', #5470, .T. ) ;
#4068 = ORIENTED_EDGE ( 'NONE', *, *, #6817, .T. ) ;
#4069 = FACE_OUTER_BOUND ( 'NONE', #7967, .T. ) ;
#4070 = DIRECTION ( 'NONE',  ( 0.000000000000000000, 1.000000000000000000, 0.000000000000000000 ) ) ;
#4071 = CARTESIAN_POINT ( 'NONE',  ( 255.4757059743467664, -516.0000000000000000, 53.99999999999996447 ) ) ;
#4072 = ORIENTED_EDGE ( 'NONE', *, *, #6335, .F. ) ;
#4073 = EDGE_CURVE ( 'NONE', #8966, #5920, #2584, .T. ) ;
#4074 = CARTESIAN_POINT ( 'NONE',  ( 183.0296713458104705, -181.5738404729351032, -212.1968166280922219 ) ) ;
#4075 = ORIENTED_EDGE ( 'NONE', *, *, #2366, .F. ) ;
#4076 = ORIENTED_EDGE ( 'NONE', *, *, #3854, .T. ) ;
#4077 = EDGE_CURVE ( 'NONE', #6193, #1516, #7755, .T. ) ;
#4078 = VERTEX_POINT ( 'NONE', #2012 ) ;
#4079 = DIRECTION ( 'NONE',  ( -0.000000000000000000, -0.000000000000000000, -1.000000000000000000 ) ) ;
#4080 = AXIS2_PLACEMENT_3D ( 'NONE', #4695, #1241, #7706 ) ;
#4081 = DIRECTION ( 'NONE',  ( -0.000000000000000000, -0.000000000000000000, 1.000000000000000000 ) ) ;
#4082 = EDGE_CURVE ( 'NONE', #7397, #2864, #7453, .T. ) ;
#4083 = CYLINDRICAL_SURFACE ( 'NONE', #6567, 44.99999999999998579 ) ;
#4084 = DIRECTION ( 'NONE',  ( 1.000000000000000000, 1.596294787383402785E-16, -0.000000000000000000 ) ) ;
#4085 = DIRECTION ( 'NONE',  ( 1.000000000000000000, -0.000000000000000000, -0.000000000000000000 ) ) ;
#4086 = ORIENTED_EDGE ( 'NONE', *, *, #7353, .F. ) ;
#4087 = CARTESIAN_POINT ( 'NONE',  ( -17.76436503765572894, -1600.297356837411144, -11.95947787784175809 ) ) ;
#4088 = ORIENTED_EDGE ( 'NONE', *, *, #7012, .T. ) ;
#4089 = VERTEX_POINT ( 'NONE', #3298 ) ;
#4090 = DIRECTION ( 'NONE',  ( 0.000000000000000000, 1.000000000000000000, 0.000000000000000000 ) ) ;
#4091 = LINE ( 'NONE', #1838, #6950 ) ;
#4092 = AXIS2_PLACEMENT_3D ( 'NONE', #8271, #6980, #8373 ) ;
#4093 = LINE ( 'NONE', #4790, #3891 ) ;
#4094 = ADVANCED_FACE ( 'NONE', ( #6200 ), #4083, .F. ) ;
#4095 = DIRECTION ( 'NONE',  ( 1.000000000000000000, 0.000000000000000000, 0.000000000000000000 ) ) ;
#4096 = CARTESIAN_POINT ( 'NONE',  ( -117.5359098661012354, -216.0718609085581363, -191.6802682799370814 ) ) ;
#4097 = EDGE_CURVE ( 'NONE', #3578, #2283, #1105, .T. ) ;
#4098 = DIRECTION ( 'NONE',  ( -2.769130042253390913E-32, 1.734723475976804383E-16, -1.000000000000000000 ) ) ;
#4099 = CARTESIAN_POINT ( 'NONE',  ( 59.39852595989217576, -1444.738641125543609, -200.0000000000001137 ) ) ;
#4100 = EDGE_LOOP ( 'NONE', ( #1350, #1972, #4052 ) ) ;
#4101 = CARTESIAN_POINT ( 'NONE',  ( 329.9999999999999432, -115.9999999999999858, -320.0000000000000000 ) ) ;
#4102 = CYLINDRICAL_SURFACE ( 'NONE', #3590, 44.99999999999992895 ) ;
#4103 = DIRECTION ( 'NONE',  ( 0.000000000000000000, 1.000000000000000000, 0.000000000000000000 ) ) ;
#4104 = CARTESIAN_POINT ( 'NONE',  ( -50.91318926656585120, -1447.504845111804798, 425.0000000000000000 ) ) ;
#4105 = EDGE_CURVE ( 'NONE', #6161, #1937, #4822, .T. ) ;
#4106 = DIRECTION ( 'NONE',  ( 1.000000000000000000, -0.000000000000000000, -0.000000000000000000 ) ) ;
#4107 = ORIENTED_EDGE ( 'NONE', *, *, #1922, .T. ) ;
#4108 = LINE ( 'NONE', #1293, #1704 ) ;
#4109 = ORIENTED_EDGE ( 'NONE', *, *, #3990, .F. ) ;
#4110 = VECTOR ( 'NONE', #4607, 1000.000000000000000 ) ;
#4111 = LINE ( 'NONE', #1396, #8817 ) ;
#4112 = CARTESIAN_POINT ( 'NONE',  ( 255.4757059743467096, -435.9999999999999432, -297.0000000000000568 ) ) ;
#4113 = ORIENTED_EDGE ( 'NONE', *, *, #8320, .F. ) ;
#4114 = DIRECTION ( 'NONE',  ( 1.224646799147353207E-16, 1.000000000000000000, -0.000000000000000000 ) ) ;
#4115 = CARTESIAN_POINT ( 'NONE',  ( 63.12186535763342476, -851.0000000000000000, 252.0000000000000000 ) ) ;
#4116 = CARTESIAN_POINT ( 'NONE',  ( 625.3700136052048038, -406.1200353932474627, 425.0000000000000000 ) ) ;
#4117 = ORIENTED_EDGE ( 'NONE', *, *, #2426, .T. ) ;
#4118 = CYLINDRICAL_SURFACE ( 'NONE', #951, 17.50000000000002842 ) ;
#4119 = ORIENTED_EDGE ( 'NONE', *, *, #401, .T. ) ;
#4120 = ORIENTED_EDGE ( 'NONE', *, *, #583, .T. ) ;
#4121 = VERTEX_POINT ( 'NONE', #5519 ) ;
#4122 = EDGE_CURVE ( 'NONE', #2698, #3626, #3341, .T. ) ;
#4123 = CARTESIAN_POINT ( 'NONE',  ( 83.40833223488769477, -1642.308765700932554, 7.720594870130008225 ) ) ;
#4124 = DIRECTION ( 'NONE',  ( -1.000000000000000000, -7.772245805989896776E-17, 0.000000000000000000 ) ) ;
#4125 = DIRECTION ( 'NONE',  ( 0.7071067811865524577, 8.659560562354994488E-17, -0.7071067811865426878 ) ) ;
#4126 = CARTESIAN_POINT ( 'NONE',  ( -128.5486935433326607, -215.6091599086061308, 200.4300140045438923 ) ) ;
#4127 = CARTESIAN_POINT ( 'NONE',  ( 310.4757059743467380, -1186.000000000000000, -99.00000000000005684 ) ) ;
#4128 = VERTEX_POINT ( 'NONE', #6157 ) ;
#4129 = FACE_OUTER_BOUND ( 'NONE', #7492, .T. ) ;
#4130 = EDGE_CURVE ( 'NONE', #4838, #3462, #1270, .T. ) ;
#4131 = VECTOR ( 'NONE', #452, 1000.000000000000000 ) ;
#4132 = EDGE_LOOP ( 'NONE', ( #7121, #1632, #5954, #6650, #7217 ) ) ;
#4133 = EDGE_CURVE ( 'NONE', #1516, #3832, #528, .T. ) ;
#4134 = VERTEX_POINT ( 'NONE', #8885 ) ;
#4135 = PLANE ( 'NONE',  #1952 ) ;
#4136 = LINE ( 'NONE', #582, #5912 ) ;
#4137 = AXIS2_PLACEMENT_3D ( 'NONE', #7977, #356, #6721 ) ;
#4138 = DIRECTION ( 'NONE',  ( 1.000000000000000000, 5.551115123125777969E-15, -0.000000000000000000 ) ) ;
#4139 = EDGE_CURVE ( 'NONE', #4, #377, #8933, .T. ) ;
#4140 = CARTESIAN_POINT ( 'NONE',  ( 299.7325504687124180, -222.5584765923480006, 98.99999999999997158 ) ) ;
#4141 = ORIENTED_EDGE ( 'NONE', *, *, #3247, .T. ) ;
#4142 = DIRECTION ( 'NONE',  ( 1.000000000000000000, 0.000000000000000000, 0.000000000000000000 ) ) ;
#4143 = AXIS2_PLACEMENT_3D ( 'NONE', #4788, #5530, #3955 ) ;
#4144 = CYLINDRICAL_SURFACE ( 'NONE', #1022, 60.00000000000000000 ) ;
#4145 = CIRCLE ( 'NONE', #8580, 200.0000000000000000 ) ;
#4146 = DIRECTION ( 'NONE',  ( -1.000000000000000000, 0.000000000000000000, -0.000000000000000000 ) ) ;
#4147 = ORIENTED_EDGE ( 'NONE', *, *, #4871, .F. ) ;
#4148 = DIRECTION ( 'NONE',  ( -0.9848077530122077983, -0.1736481776669321631, 0.000000000000000000 ) ) ;
#4149 = CARTESIAN_POINT ( 'NONE',  ( 245.2833643458207860, -230.4581725634150189, 292.5593879325078888 ) ) ;
#4150 = DIRECTION ( 'NONE',  ( 0.1736481776669320798, -0.9848077530122077983, 0.000000000000000000 ) ) ;
#4151 = DIRECTION ( 'NONE',  ( 0.000000000000000000, 0.000000000000000000, -1.000000000000000000 ) ) ;
#4152 = VECTOR ( 'NONE', #5113, 1000.000000000000000 ) ;
#4153 = EDGE_LOOP ( 'NONE', ( #315, #5789, #5515, #4858 ) ) ;
#4154 = APPLICATION_CONTEXT ( 'configuration controlled 3d designs of mechanical parts and assemblies' ) ;
#4155 = CARTESIAN_POINT ( 'NONE',  ( 310.4757059743466812, -770.9999999999998863, 252.0000000000000000 ) ) ;
#4156 = ORIENTED_EDGE ( 'NONE', *, *, #5063, .F. ) ;
#4157 = EDGE_CURVE ( 'NONE', #3414, #4952, #1128, .T. ) ;
#4158 = DIRECTION ( 'NONE',  ( -1.596294787383402785E-16, 1.000000000000000000, -0.000000000000000000 ) ) ;
#4159 = DIRECTION ( 'NONE',  ( 1.000000000000000000, 1.596294787383402785E-16, -0.000000000000000000 ) ) ;
#4160 = EDGE_LOOP ( 'NONE', ( #2007, #3973, #3529, #2737, #7025 ) ) ;
#4161 = DIRECTION ( 'NONE',  ( 0.000000000000000000, 0.000000000000000000, -1.000000000000000000 ) ) ;
#4162 = CARTESIAN_POINT ( 'NONE',  ( 70.47570597434689432, -1660.307496124141153, -17.17252586225428246 ) ) ;
#4163 = VECTOR ( 'NONE', #6546, 1000.000000000000000 ) ;
#4164 = DIRECTION ( 'NONE',  ( -0.1391731009600657709, 0.9902680687415702510, 0.000000000000000000 ) ) ;
#4165 = EDGE_LOOP ( 'NONE', ( #1522, #2613, #4217, #4870, #666, #3560 ) ) ;
#4166 = EDGE_CURVE ( 'NONE', #8401, #7680, #5465, .T. ) ;
#4167 = DIRECTION ( 'NONE',  ( -1.000000000000000000, -7.772245805989896776E-17, 0.000000000000000000 ) ) ;
#4168 = AXIS2_PLACEMENT_3D ( 'NONE', #7742, #7147, #2058 ) ;
#4169 = EDGE_LOOP ( 'NONE', ( #5757, #7229, #3903, #1872 ) ) ;
#4170 = AXIS2_PLACEMENT_3D ( 'NONE', #526, #4081, #3384 ) ;
#4171 = ORIENTED_EDGE ( 'NONE', *, *, #7313, .T. ) ;
#4172 = ORIENTED_EDGE ( 'NONE', *, *, #6207, .T. ) ;
#4173 = DIRECTION ( 'NONE',  ( 0.5150380749100574862, 1.049727191138616354E-16, 0.8571673007021104462 ) ) ;
#4174 = AXIS2_PLACEMENT_3D ( 'NONE', #1108, #8262, #5300 ) ;
#4175 = DIRECTION ( 'NONE',  ( -1.000000000000000000, 0.000000000000000000, 0.000000000000000000 ) ) ;
#4176 = DIRECTION ( 'NONE',  ( -0.9135454576426019768, 0.4067366430757978768, 0.000000000000000000 ) ) ;
#4177 = CARTESIAN_POINT ( 'NONE',  ( -112.0855335705155511, -217.8626552682715385, 190.0000000000001421 ) ) ;
#4178 = LINE ( 'NONE', #672, #7126 ) ;
#4179 = ORIENTED_EDGE ( 'NONE', *, *, #8861, .F. ) ;
#4180 = CARTESIAN_POINT ( 'NONE',  ( 324.9999999999999432, 184.0000000000000000, 100.0000000000000284 ) ) ;
#4181 = VECTOR ( 'NONE', #6747, 1000.000000000000000 ) ;
#4182 = VECTOR ( 'NONE', #4486, 1000.000000000000000 ) ;
#4183 = ORIENTED_EDGE ( 'NONE', *, *, #1137, .F. ) ;
#4184 = AXIS2_PLACEMENT_3D ( 'NONE', #8778, #2663, #4194 ) ;
#4185 = VERTEX_POINT ( 'NONE', #1963 ) ;
#4186 = EDGE_CURVE ( 'NONE', #4269, #6442, #6941, .T. ) ;
#4187 = ORIENTED_EDGE ( 'NONE', *, *, #2047, .T. ) ;
#4188 = AXIS2_PLACEMENT_3D ( 'NONE', #7436, #2585, #8784 ) ;
#4189 = APPROVAL_DATE_TIME ( #2158, #274 ) ;
#4190 = DIRECTION ( 'NONE',  ( 1.000000000000000000, 1.596294787383402785E-16, -0.000000000000000000 ) ) ;
#4191 = DIRECTION ( 'NONE',  ( 0.9848077530122077983, 0.1736481776669324129, -0.000000000000000000 ) ) ;
#4192 = EDGE_CURVE ( 'NONE', #8245, #5872, #5419, .T. ) ;
#4193 = SECURITY_CLASSIFICATION ( '', '', #5074 ) ;
#4194 = DIRECTION ( 'NONE',  ( 1.000000000000000000, 0.000000000000000000, -0.000000000000000000 ) ) ;
#4195 = EDGE_CURVE ( 'NONE', #5169, #7910, #3856, .T. ) ;
#4196 = CYLINDRICAL_SURFACE ( 'NONE', #663, 275.0222139978606606 ) ;
#4197 = VECTOR ( 'NONE', #5305, 999.9999999999998863 ) ;
#4198 = EDGE_LOOP ( 'NONE', ( #7016, #3178, #2938, #8391 ) ) ;
#4199 = EDGE_CURVE ( 'NONE', #7910, #1070, #2891, .T. ) ;
#4200 = B_SPLINE_CURVE_WITH_KNOTS ( 'NONE', 3,
 ( #6581, #3036, #5847, #7417, #7973, #3909, #8711, #6718, #8671, #5106, #7281, #6668, #390, #7934, #5890, #3165, #4457, #3076, #8027, #1700 ),
 .UNSPECIFIED., .F., .F.,
 ( 4, 2, 2, 2, 2, 2, 2, 2, 2, 4 ),
 ( 3.194057733279797783E-07, 0.01708656148445102108, 0.03417280356312871886, 0.05125904564180641665, 0.06834528772048410750, 0.08543152979916183998, 0.08970309031883126616, 0.09397465083850072010, 0.1025177718778395863, 0.1366902560351951346 ),
 .UNSPECIFIED. ) ;
#4201 = FACE_OUTER_BOUND ( 'NONE', #6125, .T. ) ;
#4202 = LINE ( 'NONE', #5535, #688 ) ;
#4203 = CYLINDRICAL_SURFACE ( 'NONE', #493, 45.00000000000000711 ) ;
#4204 = ORIENTED_EDGE ( 'NONE', *, *, #2161, .T. ) ;
#4205 = EDGE_CURVE ( 'NONE', #8270, #7795, #8017, .T. ) ;
#4206 = CARTESIAN_POINT ( 'NONE',  ( 255.4757059743467096, -435.9999999999998863, -99.00000000000004263 ) ) ;
#4207 = DIRECTION ( 'NONE',  ( -0.9135454576426019768, 0.4067366430757978768, 0.000000000000000000 ) ) ;
#4208 = CARTESIAN_POINT ( 'NONE',  ( 255.4757059743467664, -851.0000000000001137, -252.0000000000001137 ) ) ;
#4209 = CIRCLE ( 'NONE', #3310, 30.00000000000004974 ) ;
#4210 = FACE_OUTER_BOUND ( 'NONE', #3952, .T. ) ;
#4211 = ORIENTED_EDGE ( 'NONE', *, *, #2223, .T. ) ;
#4212 = DIRECTION ( 'NONE',  ( -1.000000000000000000, 1.132880637372609085E-15, 0.000000000000000000 ) ) ;
#4213 = ORIENTED_EDGE ( 'NONE', *, *, #8355, .F. ) ;
#4214 = AXIS2_PLACEMENT_3D ( 'NONE', #1169, #7550, #8241 ) ;
#4215 = DIRECTION ( 'NONE',  ( 0.8386705679454253826, -0.5446390350150250859, -0.000000000000000000 ) ) ;
#4216 = DIRECTION ( 'NONE',  ( 1.000000000000000000, 1.596294787383402785E-16, -0.000000000000000000 ) ) ;
#4217 = ORIENTED_EDGE ( 'NONE', *, *, #6905, .F. ) ;
#4218 = FACE_OUTER_BOUND ( 'NONE', #8021, .T. ) ;
#4219 = CARTESIAN_POINT ( 'NONE',  ( 255.4757059743467664, -1441.000000000000000, -99.00000000000004263 ) ) ;
#4220 = CARTESIAN_POINT ( 'NONE',  ( 310.4757059743466243, -435.9999999999999432, -297.0000000000000568 ) ) ;
#4221 = EDGE_LOOP ( 'NONE', ( #2244, #8559, #8142, #1052, #4431 ) ) ;
#4222 = EDGE_CURVE ( 'NONE', #8936, #2162, #2098, .T. ) ;
#4223 = CARTESIAN_POINT ( 'NONE',  ( 63.12186535763342476, -1186.000000000000000, 341.9999999999999432 ) ) ;
#4224 = ORIENTED_EDGE ( 'NONE', *, *, #6565, .F. ) ;
#4225 = EDGE_CURVE ( 'NONE', #6150, #6510, #7045, .T. ) ;
#4226 = EDGE_LOOP ( 'NONE', ( #667, #2214, #8618, #6400 ) ) ;
#4227 = ORIENTED_EDGE ( 'NONE', *, *, #7053, .F. ) ;
#4228 = CARTESIAN_POINT ( 'NONE',  ( 238.6052862558971981, 90.00000000000001421, 207.2931086329510038 ) ) ;
#4229 = FACE_OUTER_BOUND ( 'NONE', #6051, .T. ) ;
#4230 = CARTESIAN_POINT ( 'NONE',  ( 82.07379477701921644, -1679.169725883065666, 1.299312232503080589 ) ) ;
#4231 = CARTESIAN_POINT ( 'NONE',  ( -138.3461123769458538, -218.7933584747290467, 214.0113504312322732 ) ) ;
#4232 = CARTESIAN_POINT ( 'NONE',  ( -31.93389202846880082, -941.8541429223074601, 54.00000000000000711 ) ) ;
#4233 = EDGE_LOOP ( 'NONE', ( #4557, #3282, #5232, #3677 ) ) ;
#4234 = FACE_BOUND ( 'NONE', #2191, .T. ) ;
#4235 = ADVANCED_FACE ( 'NONE', ( #714 ), #7787, .F. ) ;
#4236 = ORIENTED_EDGE ( 'NONE', *, *, #4504, .T. ) ;
#4237 = VERTEX_POINT ( 'NONE', #8527 ) ;
#4238 = ORIENTED_EDGE ( 'NONE', *, *, #6124, .T. ) ;
#4239 = DIRECTION ( 'NONE',  ( -0.000000000000000000, -0.000000000000000000, -1.000000000000000000 ) ) ;
#4240 = CARTESIAN_POINT ( 'NONE',  ( 33.39252059509767179, -1427.850143772910997, 200.0000000000001137 ) ) ;
#4242 = VERTEX_POINT ( 'NONE', #6337 ) ;
#4241 = CARTESIAN_POINT ( 'NONE',  ( 389.2348571395701811, -461.4200842584472184, -53.99999999999999289 ) ) ;
#4243 = CARTESIAN_POINT ( 'NONE',  ( 324.9999999999999432, 184.0000000000000000, -82.49999999999994316 ) ) ;
#4244 = ADVANCED_FACE ( 'NONE', ( #2838 ), #5700, .F. ) ;
#4245 = EDGE_LOOP ( 'NONE', ( #2052, #8385, #7467, #8062 ) ) ;
#4246 = AXIS2_PLACEMENT_3D ( 'NONE', #741, #2224, #3051 ) ;
#4247 = ADVANCED_FACE ( 'NONE', ( #2056 ), #4912, .T. ) ;
#4248 = FACE_OUTER_BOUND ( 'NONE', #5970, .T. ) ;
#4249 = EDGE_LOOP ( 'NONE', ( #2297, #6926, #5614, #8416 ) ) ;
#4250 = CARTESIAN_POINT ( 'NONE',  ( -30.64008538368496914, -1622.917132221365819, 13.07252784270763257 ) ) ;
#4251 = EDGE_CURVE ( 'NONE', #2936, #7718, #4316, .T. ) ;
#4252 = CARTESIAN_POINT ( 'NONE',  ( 0.000000000000000000, 0.000000000000000000, -275.0000000000000000 ) ) ;
#4253 = CONICAL_SURFACE ( 'NONE', #1020, 9.999999999999959144, 1.029744258676646984 ) ;
#4254 = CARTESIAN_POINT ( 'NONE',  ( 369.9999999999999432, -115.9999999999999858, -320.0000000000000000 ) ) ;
#4255 = AXIS2_PLACEMENT_3D ( 'NONE', #3864, #4722, #7551 ) ;
#4256 = ORIENTED_EDGE ( 'NONE', *, *, #3042, .F. ) ;
#4257 = CARTESIAN_POINT ( 'NONE',  ( 344.9999999999999432, -160.9999999999999716, 425.0000000000000000 ) ) ;
#4258 = EDGE_CURVE ( 'NONE', #8305, #2849, #7145, .T. ) ;
#4259 = ORIENTED_EDGE ( 'NONE', *, *, #1510, .F. ) ;
#4260 = CLOSED_SHELL ( 'NONE', ( #1513, #4781, #7701, #5484, #7050, #7488, #286, #4511, #241, #5760, #2005, #5307, #1759, #3008, #3180, #1054, #8037, #642, #1909, #4635, #8130, #7630, #3170, #7693, #1693, #4094, #5094, #75, #9008, #3230, #635, #228, #5369, #2657, #8227, #8102, #4066, #6696, #4784, #519, #6634, #883, #37, #8367, #2212, #4368, #984, #7474, #8045, #2673, #2901, #3522, #4957, #405, #6620, #9020, #2763, #7690, #4693, #1161, #8040, #9132, #3759, #8168, #817, #4415, #5252, #2692, #5693, #6700, #8875, #6767, #1148, #8825, #564, #832, #3110, #6450, #838, #6835, #4470, #215, #4751, #5909, #5882, #2189, #5039, #2605, #3511, #6459, #7029, #3709, #3740, #1649, #5834, #488, #8435, #3397, #8093, #9016, #6993, #8279, #2523, #1024, #4955, #8777, #5524, #2559, #3716, #3684, #962, #3251, #6947, #9047, #5431, #2507, #2340, #2048, #1474, #6471, #6589, #7299, #5383, #6395, #8654, #4526, #1361, #8372, #5068, #3458, #7807, #2896, #5855, #8522, #7014, #6067, #5175, #7490, #5154, #2611, #6186, #466, #2113, #5023, #5315, #5629, #1315, #6638, #2778, #5875, #2729, #8284, #8198, #8595, #6342, #8393, #8257, #7459, #3957, #7641, #8926, #2308, #2186, #1228, #6245, #4411, #9114, #5266, #4235, #3860, #6660, #889, #1555, #7199, #7748, #1905, #7610, #6953, #7081, #3059, #8074, #5180, #7235, #2142, #6419, #6223, #5198, #4687, #4373, #8905, #1813, #1540, #2617, #3665, #4920, #523, #6094, #5430, #1742, #7273, #5139, #7814, #7926, #5946, #4833, #7519, #4584, #949, #4639, #4244, #7856, #5006, #3918, #1166, #6500, #5803, #6154, #8682, #296, #2335, #2055, #3006, #527, #4572, #3516, #3213, #3431, #2447, #271, #7788, #143, #348, #7300, #1822, #6550, #7975, #7883, #3075, #3953, #8983, #7896, #5631, #8773, #8249, #6352, #3757, #4247, #3583, #3145, #1318, #6281, #3682, #2866, #3491, #5449, #5152, #2075, #169 ) ) ;
#4261 = DIRECTION ( 'NONE',  ( 1.000000000000000000, 1.596294787383402785E-16, -0.000000000000000000 ) ) ;
#4262 = LINE ( 'NONE', #4848, #5214 ) ;
#4263 = EDGE_LOOP ( 'NONE', ( #5682, #1431, #4281 ) ) ;
#4264 = CARTESIAN_POINT ( 'NONE',  ( 458.6941282063430663, -855.3431854633304283, -53.99999999999999289 ) ) ;
#4265 = CYLINDRICAL_SURFACE ( 'NONE', #2681, 18.00000000000018474 ) ;
#4266 = CARTESIAN_POINT ( 'NONE',  ( 255.4757059743467664, -1105.999999999999773, -99.00000000000004263 ) ) ;
#4267 = LINE ( 'NONE', #5643, #5728 ) ;
#4268 = CIRCLE ( 'NONE', #1752, 44.99999999999992895 ) ;
#4269 = VERTEX_POINT ( 'NONE', #104 ) ;
#4270 = EDGE_LOOP ( 'NONE', ( #9033, #8011, #7163, #5995 ) ) ;
#4271 = ORIENTED_EDGE ( 'NONE', *, *, #6988, .T. ) ;
#4272 = CARTESIAN_POINT ( 'NONE',  ( 310.4757059743466243, -298.9999999999999432, 425.0000000000000000 ) ) ;
#4273 = CARTESIAN_POINT ( 'NONE',  ( 310.4757059743467948, -1396.000000000000227, -99.00000000000004263 ) ) ;
#4274 = DIRECTION ( 'NONE',  ( 1.000000000000000000, 1.596294787383402785E-16, -0.000000000000000000 ) ) ;
#4275 = DIRECTION ( 'NONE',  ( -1.000000000000000000, 0.000000000000000000, 0.000000000000000000 ) ) ;
#4276 = CARTESIAN_POINT ( 'NONE',  ( 320.4757059743469085, -348.9999999999999432, -425.0000000000000000 ) ) ;
#4277 = CIRCLE ( 'NONE', #7512, 18.00000000000015987 ) ;
#4278 = ORIENTED_EDGE ( 'NONE', *, *, #8990, .T. ) ;
#4279 = FACE_BOUND ( 'NONE', #6895, .T. ) ;
#4280 = VERTEX_POINT ( 'NONE', #1356 ) ;
#4281 = ORIENTED_EDGE ( 'NONE', *, *, #2897, .T. ) ;
#4282 = ORIENTED_EDGE ( 'NONE', *, *, #4629, .F. ) ;
#4283 = CARTESIAN_POINT ( 'NONE',  ( -39.20115843827831270, -1539.634606710809066, 425.0000000000000000 ) ) ;
#4284 = DIRECTION ( 'NONE',  ( -1.000000000000000000, 0.000000000000000000, 0.000000000000000000 ) ) ;
#4285 = EDGE_CURVE ( 'NONE', #2849, #1749, #8596, .T. ) ;
#4286 = PLANE ( 'NONE',  #5821 ) ;
#4287 = ORIENTED_EDGE ( 'NONE', *, *, #4481, .T. ) ;
#4288 = DIRECTION ( 'NONE',  ( 1.000000000000000000, 1.596294787383402785E-16, 0.000000000000000000 ) ) ;
#4289 = VERTEX_POINT ( 'NONE', #6999 ) ;
#4290 = CARTESIAN_POINT ( 'NONE',  ( -18.13578376793365976, -1598.715947472005382, 10.31660791083493223 ) ) ;
#4291 = CARTESIAN_POINT ( 'NONE',  ( -610.3559649528139062, -1370.881942455822582, 25.00000000000000000 ) ) ;
#4292 = LINE ( 'NONE', #9101, #2669 ) ;
#4293 = EDGE_LOOP ( 'NONE', ( #1834, #4088, #4408, #6313 ) ) ;
#4294 = FACE_OUTER_BOUND ( 'NONE', #6013, .T. ) ;
#4295 = CIRCLE ( 'NONE', #7844, 9.999999999999959144 ) ;
#4296 = VERTEX_POINT ( 'NONE', #9121 ) ;
#4297 = EDGE_CURVE ( 'NONE', #7924, #1265, #1803, .T. ) ;
#4298 = EDGE_CURVE ( 'NONE', #4829, #4381, #7877, .T. ) ;
#4299 = LINE ( 'NONE', #8598, #3824 ) ;
#4300 = CARTESIAN_POINT ( 'NONE',  ( 38.83891094524788912, -1419.463438093456716, 200.0000000000001137 ) ) ;
#4301 = ORIENTED_EDGE ( 'NONE', *, *, #6445, .T. ) ;
#4302 = DIRECTION ( 'NONE',  ( -0.000000000000000000, -0.000000000000000000, -1.000000000000000000 ) ) ;
#4303 = DIRECTION ( 'NONE',  ( -0.000000000000000000, -0.000000000000000000, -1.000000000000000000 ) ) ;
#4304 = FACE_OUTER_BOUND ( 'NONE', #684, .T. ) ;
#4305 = DIRECTION ( 'NONE',  ( 0.9135454576426019768, -0.4067366430757978213, 0.000000000000000000 ) ) ;
#4306 = CIRCLE ( 'NONE', #3261, 44.99999999999992895 ) ;
#4307 = AXIS2_PLACEMENT_3D ( 'NONE', #4206, #8315, #6274 ) ;
#4308 = CARTESIAN_POINT ( 'NONE',  ( 171.3095476063744229, -183.3871576631573248, -200.3112028561221223 ) ) ;
#4309 = EDGE_LOOP ( 'NONE', ( #3695, #825, #2811, #5731 ) ) ;
#4310 = ORIENTED_EDGE ( 'NONE', *, *, #1302, .F. ) ;
#4311 = VERTEX_POINT ( 'NONE', #5608 ) ;
#4312 = CARTESIAN_POINT ( 'NONE',  ( 71.82527931004392485, -1653.758523913896397, 17.98230817473321252 ) ) ;
#4313 = VECTOR ( 'NONE', #8722, 1000.000000000000227 ) ;
#4314 = EDGE_CURVE ( 'NONE', #1450, #2572, #4601, .T. ) ;
#4315 = DIRECTION ( 'NONE',  ( 1.000000000000000000, 0.000000000000000000, 0.000000000000000000 ) ) ;
#4316 = LINE ( 'NONE', #1549, #4321 ) ;
#4317 = DIRECTION ( 'NONE',  ( 0.000000000000000000, 0.000000000000000000, 1.000000000000000000 ) ) ;
#4318 = CARTESIAN_POINT ( 'NONE',  ( 319.9999999999999432, 110.0000000000000000, 425.0000000000000000 ) ) ;
#4319 = VERTEX_POINT ( 'NONE', #5786 ) ;
#4320 = FACE_BOUND ( 'NONE', #9097, .T. ) ;
#4321 = VECTOR ( 'NONE', #7831, 1000.000000000000114 ) ;
#4322 = EDGE_CURVE ( 'NONE', #4663, #6510, #6475, .T. ) ;
#4323 = CIRCLE ( 'NONE', #6673, 45.00000000000001421 ) ;
#4324 = VECTOR ( 'NONE', #6651, 1000.000000000000114 ) ;
#4325 = VERTEX_POINT ( 'NONE', #8615 ) ;
#4326 = ORIENTED_EDGE ( 'NONE', *, *, #586, .T. ) ;
#4327 = ORIENTED_EDGE ( 'NONE', *, *, #8637, .F. ) ;
#4328 = AXIS2_PLACEMENT_3D ( 'NONE', #322, #2320, #3139 ) ;
#4329 = UNCERTAINTY_MEASURE_WITH_UNIT (LENGTH_MEASURE( 1.000000000000000082E-05 ), #3464, 'distance_accuracy_value', 'NONE');
#4330 = DIRECTION ( 'NONE',  ( -3.083952846180991267E-16, 1.000000000000000000, 0.000000000000000000 ) ) ;
#4331 = AXIS2_PLACEMENT_3D ( 'NONE', #8276, #8833, #3330 ) ;
#4332 = CARTESIAN_POINT ( 'NONE',  ( -233.3671328580268209, -87.40799049615245053, 197.2673131953058601 ) ) ;
#4333 = VECTOR ( 'NONE', #8186, 1000.000000000000000 ) ;
#4334 = DIRECTION ( 'NONE',  ( -0.5446390350150240867, -0.8386705679454260487, 0.000000000000000000 ) ) ;
#4335 = CIRCLE ( 'NONE', #6078, 44.99999999999992895 ) ;
#4336 = VERTEX_POINT ( 'NONE', #4442 ) ;
#4337 = VECTOR ( 'NONE', #9001, 1000.000000000000000 ) ;
#4338 = EDGE_CURVE ( 'NONE', #6529, #3648, #7266, .T. ) ;
#4339 = LINE ( 'NONE', #2392, #2738 ) ;
#4340 = ORIENTED_EDGE ( 'NONE', *, *, #170, .T. ) ;
#4341 = VECTOR ( 'NONE', #6728, 1000.000000000000000 ) ;
#4342 = CARTESIAN_POINT ( 'NONE',  ( 310.4757059743466243, -298.9999999999999432, 425.0000000000000000 ) ) ;
#4343 = EDGE_CURVE ( 'NONE', #8033, #6432, #8794, .T. ) ;
#4344 = ORIENTED_EDGE ( 'NONE', *, *, #2843, .F. ) ;
#4345 = CARTESIAN_POINT ( 'NONE',  ( -22.52961410919591501, -1617.439583721581130, 17.53412686532540121 ) ) ;
#4346 = PERSON_AND_ORGANIZATION ( #5581, #207 ) ;
#4347 = CARTESIAN_POINT ( 'NONE',  ( 320.4757059743469085, -683.9999999999998863, -425.0000000000000000 ) ) ;
#4348 = AXIS2_PLACEMENT_3D ( 'NONE', #520, #2006, #3239 ) ;
#4349 = EDGE_LOOP ( 'NONE', ( #8709, #3481, #5937, #5385 ) ) ;
#4350 = FACE_OUTER_BOUND ( 'NONE', #6106, .T. ) ;
#4351 = CARTESIAN_POINT ( 'NONE',  ( 0.000000000000000000, 0.000000000000000000, -433.0000000000000000 ) ) ;
#4352 = FACE_OUTER_BOUND ( 'NONE', #6320, .T. ) ;
#4353 = EDGE_LOOP ( 'NONE', ( #7965, #3107, #4064, #941, #6795, #221, #5328, #2580, #1621, #5854, #3550, #1464, #2500, #5294, #7931, #2455 ) ) ;
#4354 = DIRECTION ( 'NONE',  ( 1.000000000000000000, 1.596294787383403032E-16, -0.000000000000000000 ) ) ;
#4355 = CARTESIAN_POINT ( 'NONE',  ( 78.42589621403560329, -1645.007293196322280, -13.68981088493544362 ) ) ;
#4356 = DIRECTION ( 'NONE',  ( -0.8386705679454260487, 0.5446390350150240867, 0.000000000000000000 ) ) ;
#4357 = FACE_OUTER_BOUND ( 'NONE', #751, .T. ) ;
#4358 = CARTESIAN_POINT ( 'NONE',  ( 546.5296648428286517, -243.3306841600858093, 25.00000000000000000 ) ) ;
#4359 = ORIENTED_EDGE ( 'NONE', *, *, #2636, .F. ) ;
#4360 = EDGE_CURVE ( 'NONE', #2059, #501, #778, .T. ) ;
#4361 = CARTESIAN_POINT ( 'NONE',  ( 71.45703812278883049, -1654.820337497935498, 18.00385087574357357 ) ) ;
#4362 = CARTESIAN_POINT ( 'NONE',  ( 324.9999999999999432, 184.0000000000000000, -300.0000000000000000 ) ) ;
#4363 = DIRECTION ( 'NONE',  ( -0.7071067811865524577, 0.000000000000000000, -0.7071067811865426878 ) ) ;
#4364 = CARTESIAN_POINT ( 'NONE',  ( 82.34097311283072429, -1679.290489508035762, 25.00000000000000000 ) ) ;
#4365 = CARTESIAN_POINT ( 'NONE',  ( -81.17427967907947561, -950.5365518056539713, 252.0000000000000000 ) ) ;
#4366 = ORIENTED_EDGE ( 'NONE', *, *, #4802, .F. ) ;
#4367 = LINE ( 'NONE', #5704, #7979 ) ;
#4368 = ADVANCED_FACE ( 'NONE', ( #8701 ), #2464, .F. ) ;
#4369 = EDGE_CURVE ( 'NONE', #6544, #6855, #3276, .T. ) ;
#4370 = ORIENTED_EDGE ( 'NONE', *, *, #2833, .F. ) ;
#4371 = ORIENTED_EDGE ( 'NONE', *, *, #1983, .T. ) ;
#4372 = ORIENTED_EDGE ( 'NONE', *, *, #586, .F. ) ;
#4373 = ADVANCED_FACE ( 'NONE', ( #1028 ), #292, .F. ) ;
#4374 = CARTESIAN_POINT ( 'NONE',  ( 255.4757059743467664, -1521.000000000000227, -342.0000000000000568 ) ) ;
#4375 = CARTESIAN_POINT ( 'NONE',  ( 310.4757059743467948, -1441.000000000000000, -342.0000000000000000 ) ) ;
#4376 = CARTESIAN_POINT ( 'NONE',  ( 249.9463171977768070, 90.00000000000002842, -424.9999999999999432 ) ) ;
#4377 = DIRECTION ( 'NONE',  ( -3.083952846180995211E-16, 1.000000000000000000, 0.000000000000000000 ) ) ;
#4378 = DIRECTION ( 'NONE',  ( 0.000000000000000000, 1.000000000000000000, 0.000000000000000000 ) ) ;
#4379 = ORIENTED_EDGE ( 'NONE', *, *, #5781, .T. ) ;
#4380 = CARTESIAN_POINT ( 'NONE',  ( 303.9077434975146730, -252.2665186545951599, 297.0000000000000000 ) ) ;
#4381 = VERTEX_POINT ( 'NONE', #8098 ) ;
#4382 = CYLINDRICAL_SURFACE ( 'NONE', #1504, 44.99999999999998579 ) ;
#4383 = VECTOR ( 'NONE', #6158, 1000.000000000000000 ) ;
#4384 = VERTEX_POINT ( 'NONE', #2288 ) ;
#4385 = CARTESIAN_POINT ( 'NONE',  ( -43.66588037012795809, -1623.077684887683972, 2.299843415560792081 ) ) ;
#4386 = DIRECTION ( 'NONE',  ( 1.000000000000000000, 1.596294787383402785E-16, -0.000000000000000000 ) ) ;
#4387 = ORIENTED_EDGE ( 'NONE', *, *, #4571, .F. ) ;
#4388 = CARTESIAN_POINT ( 'NONE',  ( 286.0588745030455584, 184.0000000000000000, 88.00000000000000000 ) ) ;
#4389 = CIRCLE ( 'NONE', #3800, 12.00000000000001066 ) ;
#4390 = EDGE_CURVE ( 'NONE', #5404, #750, #1669, .T. ) ;
#4391 = DIRECTION ( 'NONE',  ( 0.000000000000000000, 0.000000000000000000, -1.000000000000000000 ) ) ;
#4392 = CARTESIAN_POINT ( 'NONE',  ( 320.4757059743469085, -1689.000000000000000, 425.0000000000000000 ) ) ;
#4393 = EDGE_LOOP ( 'NONE', ( #4656, #1273, #4238, #3392 ) ) ;
#4394 = FACE_OUTER_BOUND ( 'NONE', #730, .T. ) ;
#4395 = CARTESIAN_POINT ( 'NONE',  ( 255.4757059743467664, -1521.000000000000227, -54.00000000000007816 ) ) ;
#4396 = EDGE_CURVE ( 'NONE', #5261, #6359, #6613, .T. ) ;
#4397 = CARTESIAN_POINT ( 'NONE',  ( 245.2942593069237773, -230.5272304481107710, 301.4796961098101633 ) ) ;
#4398 = ORIENTED_EDGE ( 'NONE', *, *, #1761, .F. ) ;
#4399 = CARTESIAN_POINT ( 'NONE',  ( 310.4757059743468517, -1354.000000000000000, 425.0000000000000000 ) ) ;
#4400 = ORIENTED_EDGE ( 'NONE', *, *, #8742, .F. ) ;
#4401 = CARTESIAN_POINT ( 'NONE',  ( 70.67503924815228800, -1658.108759943763971, 17.70022372578983649 ) ) ;
#4402 = CARTESIAN_POINT ( 'NONE',  ( 310.4757059743467380, -1186.000000000000000, -144.0000000000000568 ) ) ;
#4403 = DIRECTION ( 'NONE',  ( -1.000000000000000000, -7.772245805989896776E-17, 0.000000000000000000 ) ) ;
#4404 = CARTESIAN_POINT ( 'NONE',  ( 299.7325504687124180, -222.5584765923480006, -297.0000000000000568 ) ) ;
#4405 = CARTESIAN_POINT ( 'NONE',  ( -150.6335507458523466, -556.6134506007708751, -297.0000000000000568 ) ) ;
#4406 = ORIENTED_EDGE ( 'NONE', *, *, #5599, .F. ) ;
#4407 = FACE_OUTER_BOUND ( 'NONE', #5554, .T. ) ;
#4408 = ORIENTED_EDGE ( 'NONE', *, *, #2293, .F. ) ;
#4409 = ORIENTED_EDGE ( 'NONE', *, *, #7357, .F. ) ;
#4410 = VERTEX_POINT ( 'NONE', #5183 ) ;
#4411 = ADVANCED_FACE ( 'NONE', ( #1688 ), #847, .F. ) ;
#4412 = CARTESIAN_POINT ( 'NONE',  ( 310.4757059743466243, -298.9999999999999432, -425.0000000000000000 ) ) ;
#4413 = DIRECTION ( 'NONE',  ( 0.000000000000000000, 1.000000000000000000, 1.734723475976804383E-16 ) ) ;
#4414 = CARTESIAN_POINT ( 'NONE',  ( 258.7488672219727732, 90.00000000000005684, -419.5458365446472726 ) ) ;
#4415 = ADVANCED_FACE ( 'NONE', ( #7320 ), #1727, .F. ) ;
#4416 = FACE_OUTER_BOUND ( 'NONE', #2338, .T. ) ;
#4417 = CARTESIAN_POINT ( 'NONE',  ( -31.93389202846885766, -941.8541429223073465, 99.00000000000000000 ) ) ;
#4418 = CIRCLE ( 'NONE', #288, 44.99999999999998579 ) ;
#4419 = EDGE_CURVE ( 'NONE', #1978, #2671, #474, .T. ) ;
#4420 = DIRECTION ( 'NONE',  ( 1.000000000000000000, 1.596294787383402785E-16, -0.000000000000000000 ) ) ;
#4421 = ORIENTED_EDGE ( 'NONE', *, *, #1882, .F. ) ;
#4422 = DIRECTION ( 'NONE',  ( -0.000000000000000000, -0.000000000000000000, -1.000000000000000000 ) ) ;
#4423 = ORIENTED_EDGE ( 'NONE', *, *, #8718, .F. ) ;
#4424 = CARTESIAN_POINT ( 'NONE',  ( -18.58610902079634286, -1597.348912799730215, 8.527498285527473243 ) ) ;
#4425 = EDGE_CURVE ( 'NONE', #6150, #2484, #5917, .T. ) ;
#4426 = CARTESIAN_POINT ( 'NONE',  ( 310.4757059743467948, -1186.000000000000000, -342.0000000000001705 ) ) ;
#4427 = VERTEX_POINT ( 'NONE', #3670 ) ;
#4428 = DIRECTION ( 'NONE',  ( 0.000000000000000000, 0.000000000000000000, 1.000000000000000000 ) ) ;
#4429 = DIRECTION ( 'NONE',  ( -2.769130042253390366E-32, 1.734723475976804383E-16, -1.000000000000000000 ) ) ;
#4430 = DIRECTION ( 'NONE',  ( 0.000000000000000000, 1.000000000000000000, 0.000000000000000000 ) ) ;
#4431 = ORIENTED_EDGE ( 'NONE', *, *, #364, .F. ) ;
#4432 = DIRECTION ( 'NONE',  ( 0.000000000000000000, 0.000000000000000000, 1.000000000000000000 ) ) ;
#4433 = CARTESIAN_POINT ( 'NONE',  ( 76.51555157513803351, -1646.694089880768615, -15.32144116475695839 ) ) ;
#4434 = CARTESIAN_POINT ( 'NONE',  ( 245.2357379775465063, -230.2175041084763620, 298.1154929399493767 ) ) ;
#4435 = CYLINDRICAL_SURFACE ( 'NONE', #7826, 44.99999999999995737 ) ;
#4436 = CARTESIAN_POINT ( 'NONE',  ( -714.8914061202093535, -1100.836229216658694, 25.00000000000000000 ) ) ;
#4437 = EDGE_CURVE ( 'NONE', #447, #1258, #3400, .T. ) ;
#4438 = VERTEX_POINT ( 'NONE', #2970 ) ;
#4439 = CARTESIAN_POINT ( 'NONE',  ( 75.60564625096314728, -1647.628418816423618, 16.02418063095421275 ) ) ;
#4440 = DIRECTION ( 'NONE',  ( 1.000000000000000000, 0.000000000000000000, 0.000000000000000000 ) ) ;
#4441 = ORIENTED_EDGE ( 'NONE', *, *, #6803, .T. ) ;
#4442 = CARTESIAN_POINT ( 'NONE',  ( -31.93389202846878305, -941.8541429223073465, 252.0000000000000000 ) ) ;
#4443 = CARTESIAN_POINT ( 'NONE',  ( 324.9999999999999432, 184.0000000000000000, 300.0000000000000568 ) ) ;
#4444 = EDGE_CURVE ( 'NONE', #3816, #8962, #3193, .T. ) ;
#4445 = VECTOR ( 'NONE', #6348, 1000.000000000000000 ) ;
#4446 = CARTESIAN_POINT ( 'NONE',  ( 255.4757059743467664, -1521.000000000000227, 98.99999999999994316 ) ) ;
#4447 = VERTEX_POINT ( 'NONE', #8274 ) ;
#4448 = VECTOR ( 'NONE', #2220, 1000.000000000000000 ) ;
#4449 = CARTESIAN_POINT ( 'NONE',  ( 299.9999999999999432, 90.00000000000000000, -425.0000000000000000 ) ) ;
#4450 = AXIS2_PLACEMENT_3D ( 'NONE', #8683, #5162, #127 ) ;
#4451 = ORIENTED_EDGE ( 'NONE', *, *, #955, .F. ) ;
#4452 = VECTOR ( 'NONE', #5833, 1000.000000000000000 ) ;
#4453 = EDGE_LOOP ( 'NONE', ( #2747, #4730, #8296, #3851 ) ) ;
#4454 = AXIS2_PLACEMENT_3D ( 'NONE', #8125, #4533, #5263 ) ;
#4455 = EDGE_LOOP ( 'NONE', ( #6176, #2434, #3475, #4725 ) ) ;
#4456 = CARTESIAN_POINT ( 'NONE',  ( 73.02324073479249478, -1670.833883932278468, -11.32640607396255206 ) ) ;
#4457 = CARTESIAN_POINT ( 'NONE',  ( -234.8215735857421578, -79.15944723934848071, -194.8315299024509386 ) ) ;
#4458 = CARTESIAN_POINT ( 'NONE',  ( 295.9999999999999432, -195.9999999999999147, 425.0000000000000000 ) ) ;
#4459 = CARTESIAN_POINT ( 'NONE',  ( -45.55539095713342590, -1622.347359477424334, 25.00000000000000000 ) ) ;
#4460 = DIRECTION ( 'NONE',  ( -0.000000000000000000, -0.000000000000000000, 1.000000000000000000 ) ) ;
#4461 = CIRCLE ( 'NONE', #1517, 45.00000000000000711 ) ;
#4462 = VECTOR ( 'NONE', #8678, 1000.000000000000000 ) ;
#4463 = EDGE_LOOP ( 'NONE', ( #8214, #63, #8689, #6588 ) ) ;
#4464 = AXIS2_PLACEMENT_3D ( 'NONE', #887, #2372, #6572 ) ;
#4465 = PLANE ( 'NONE',  #5090 ) ;
#4466 = ORIENTED_EDGE ( 'NONE', *, *, #3686, .F. ) ;
#4467 = CIRCLE ( 'NONE', #481, 69.99999999999992895 ) ;
#4469 = ORIENTED_EDGE ( 'NONE', *, *, #2362, .T. ) ;
#4468 = VECTOR ( 'NONE', #7231, 1000.000000000000000 ) ;
#4470 = ADVANCED_FACE ( 'NONE', ( #4069 ), #6007, .F. ) ;
#4471 = CARTESIAN_POINT ( 'NONE',  ( 329.9999999999999432, -115.9999999999999858, -100.0000000000000142 ) ) ;
#4473 = ORIENTED_EDGE ( 'NONE', *, *, #6590, .T. ) ;
#4472 = AXIS2_PLACEMENT_3D ( 'NONE', #1622, #8602, #232 ) ;
#4474 = CARTESIAN_POINT ( 'NONE',  ( -45.55539095713340458, -1622.347359477424334, 1.275620236539608321 ) ) ;
#4475 = PERSON_AND_ORGANIZATION_ROLE ( 'creator' ) ;
#4476 = AXIS2_PLACEMENT_3D ( 'NONE', #4568, #6087, #2458 ) ;
#4477 = EDGE_CURVE ( 'NONE', #383, #2169, #5791, .T. ) ;
#4478 = LINE ( 'NONE', #2914, #8590 ) ;
#4479 = ORIENTED_EDGE ( 'NONE', *, *, #5478, .T. ) ;
#4480 = LINE ( 'NONE', #3833, #3021 ) ;
#4481 = EDGE_CURVE ( 'NONE', #8461, #9066, #1203, .T. ) ;
#4482 = AXIS2_PLACEMENT_3D ( 'NONE', #5576, #3500, #7614 ) ;
#4483 = EDGE_CURVE ( 'NONE', #1435, #809, #559, .T. ) ;
#4484 = VECTOR ( 'NONE', #7194, 1000.000000000000000 ) ;
#4485 = DIRECTION ( 'NONE',  ( -1.000000000000000000, -7.772245805989896776E-17, 0.000000000000000000 ) ) ;
#4486 = DIRECTION ( 'NONE',  ( -0.000000000000000000, -0.000000000000000000, -1.000000000000000000 ) ) ;
#4487 = ORIENTED_EDGE ( 'NONE', *, *, #7753, .F. ) ;
#4488 = DIRECTION ( 'NONE',  ( 1.000000000000000000, 1.596294787383402785E-16, 0.000000000000000000 ) ) ;
#4489 = CARTESIAN_POINT ( 'NONE',  ( 74.49504079697258874, -1648.988724879045549, -16.77544585111054687 ) ) ;
#4490 = FACE_BOUND ( 'NONE', #3616, .T. ) ;
#4491 = CARTESIAN_POINT ( 'NONE',  ( 310.4757059743466243, -516.0000000000000000, -99.00000000000005684 ) ) ;
#4492 = VECTOR ( 'NONE', #7218, 1000.000000000000000 ) ;
#4493 = APPROVAL_PERSON_ORGANIZATION ( #2951, #376, #7205 ) ;
#4494 = DIRECTION ( 'NONE',  ( -3.083952846180995211E-16, 1.000000000000000000, 0.000000000000000000 ) ) ;
#4495 = ORIENTED_EDGE ( 'NONE', *, *, #771, .T. ) ;
#4496 = VECTOR ( 'NONE', #9145, 1000.000000000000000 ) ;
#4497 = CARTESIAN_POINT ( 'NONE',  ( 255.4757059743467664, -1441.000000000000000, 341.9999999999999432 ) ) ;
#4498 = CARTESIAN_POINT ( 'NONE',  ( 255.4757059743467664, -1396.000000000000227, 98.99999999999995737 ) ) ;
#4499 = ORIENTED_EDGE ( 'NONE', *, *, #6039, .F. ) ;
#4500 = CARTESIAN_POINT ( 'NONE',  ( 63.12186535763325423, -516.0000000000000000, -54.00000000000007816 ) ) ;
#4501 = CARTESIAN_POINT ( 'NONE',  ( 310.4757059743466243, -516.0000000000000000, -144.0000000000000568 ) ) ;
#4502 = DIRECTION ( 'NONE',  ( -0.1391731009600657709, 0.9902680687415702510, 0.000000000000000000 ) ) ;
#4503 = VERTEX_POINT ( 'NONE', #8231 ) ;
#4504 = EDGE_CURVE ( 'NONE', #6522, #4128, #922, .T. ) ;
#4505 = AXIS2_PLACEMENT_3D ( 'NONE', #118, #5066, #7200 ) ;
#4506 = EDGE_CURVE ( 'NONE', #4952, #1409, #2405, .T. ) ;
#4507 = LINE ( 'NONE', #7324, #6837 ) ;
#4508 = ORIENTED_EDGE ( 'NONE', *, *, #65, .T. ) ;
#4509 = ORIENTED_EDGE ( 'NONE', *, *, #6159, .T. ) ;
#4510 = VERTEX_POINT ( 'NONE', #4667 ) ;
#4511 = ADVANCED_FACE ( 'NONE', ( #3374 ), #5363, .F. ) ;
#4512 = CARTESIAN_POINT ( 'NONE',  ( 71.16259375045832769, -1666.311745607779358, -14.54675289690411688 ) ) ;
#4513 = FACE_OUTER_BOUND ( 'NONE', #2615, .T. ) ;
#4514 = CARTESIAN_POINT ( 'NONE',  ( 259.8792377091426147, 90.00000000000001421, -415.0000000000000000 ) ) ;
#4515 = DIRECTION ( 'NONE',  ( 1.000000000000000000, 1.596294787383402785E-16, -0.000000000000000000 ) ) ;
#4516 = DIRECTION ( 'NONE',  ( 0.000000000000000000, -1.000000000000000000, 0.000000000000000000 ) ) ;
#4517 = EDGE_CURVE ( 'NONE', #7375, #7201, #5311, .T. ) ;
#4518 = ORIENTED_EDGE ( 'NONE', *, *, #4522, .T. ) ;
#4519 = DIRECTION ( 'NONE',  ( -1.000000000000000000, -0.000000000000000000, -0.000000000000000000 ) ) ;
#4520 = ORIENTED_EDGE ( 'NONE', *, *, #9129, .F. ) ;
#4521 = LINE ( 'NONE', #1785, #1666 ) ;
#4522 = EDGE_CURVE ( 'NONE', #3843, #7325, #3974, .T. ) ;
#4523 = CYLINDRICAL_SURFACE ( 'NONE', #5323, 44.99999999999998579 ) ;
#4524 = ORIENTED_EDGE ( 'NONE', *, *, #2328, .T. ) ;
#4525 = LINE ( 'NONE', #874, #6853 ) ;
#4526 = ADVANCED_FACE ( 'NONE', ( #3328 ), #5505, .F. ) ;
#4527 = AXIS2_PLACEMENT_3D ( 'NONE', #9049, #3315, #1326 ) ;
#4528 = EDGE_CURVE ( 'NONE', #9104, #676, #2967, .T. ) ;
#4529 = DIRECTION ( 'NONE',  ( 0.000000000000000000, 1.000000000000000000, 0.000000000000000000 ) ) ;
#4530 = CARTESIAN_POINT ( 'NONE',  ( 329.9999999999999432, -115.9999999999999858, -320.0000000000000000 ) ) ;
#4531 = ORIENTED_EDGE ( 'NONE', *, *, #211, .F. ) ;
#4532 = FACE_OUTER_BOUND ( 'NONE', #4868, .T. ) ;
#4533 = DIRECTION ( 'NONE',  ( 1.000000000000000000, 1.596294787383402785E-16, 0.000000000000000000 ) ) ;
#4534 = DIRECTION ( 'NONE',  ( 0.000000000000000000, 0.000000000000000000, 1.000000000000000000 ) ) ;
#4535 = CARTESIAN_POINT ( 'NONE',  ( 183.5752054853489312, -181.5466368859032116, 212.8350396602851617 ) ) ;
#4536 = CIRCLE ( 'NONE', #102, 255.0000000000000000 ) ;
#4537 = EDGE_CURVE ( 'NONE', #2799, #1503, #417, .T. ) ;
#4538 = DIRECTION ( 'NONE',  ( 0.000000000000000000, -1.000000000000000000, -3.469446951953608765E-16 ) ) ;
#4539 = ORIENTED_EDGE ( 'NONE', *, *, #3288, .T. ) ;
#4540 = CARTESIAN_POINT ( 'NONE',  ( 63.12186535763336792, -770.9999999999998863, 98.99999999999995737 ) ) ;
#4541 = ORIENTED_EDGE ( 'NONE', *, *, #7984, .T. ) ;
#4542 = CARTESIAN_POINT ( 'NONE',  ( 245.2833643458207860, -230.4581725634149620, -301.4406120674922249 ) ) ;
#4543 = CARTESIAN_POINT ( 'NONE',  ( 310.5723127412939562, -1684.351464131762214, 425.0000000000000000 ) ) ;
#4544 = LINE ( 'NONE', #8796, #632 ) ;
#4545 = VERTEX_POINT ( 'NONE', #6707 ) ;
#4546 = CARTESIAN_POINT ( 'NONE',  ( 324.9999999999999432, 184.0000000000000000, -312.0000000000000000 ) ) ;
#4547 = ORIENTED_EDGE ( 'NONE', *, *, #1595, .F. ) ;
#4548 = ORIENTED_EDGE ( 'NONE', *, *, #1867, .T. ) ;
#4549 = VERTEX_POINT ( 'NONE', #380 ) ;
#4550 = CARTESIAN_POINT ( 'NONE',  ( 79.91689293136249717, -1678.006671424686147, -2.887856091682877491 ) ) ;
#4551 = CARTESIAN_POINT ( 'NONE',  ( 0.000000000000000000, 0.000000000000000000, 425.0000000000000000 ) ) ;
#4552 = CARTESIAN_POINT ( 'NONE',  ( 252.9157812546590094, 90.00000000000001421, -424.3989237243658295 ) ) ;
#4553 = CARTESIAN_POINT ( 'NONE',  ( 63.12186535763335371, -1061.000000000000000, -99.00000000000004263 ) ) ;
#4554 = CARTESIAN_POINT ( 'NONE',  ( 320.4757059743469085, -633.9999999999998863, 425.0000000000000000 ) ) ;
#4555 = EDGE_LOOP ( 'NONE', ( #4935, #2741, #3513, #6105 ) ) ;
#4556 = DIRECTION ( 'NONE',  ( -3.083952846180995211E-16, 1.000000000000000000, 0.000000000000000000 ) ) ;
#4557 = ORIENTED_EDGE ( 'NONE', *, *, #7971, .T. ) ;
#4558 = EDGE_CURVE ( 'NONE', #3215, #7062, #8831, .T. ) ;
#4559 = DIRECTION ( 'NONE',  ( 1.000000000000000000, 0.000000000000000000, 0.000000000000000000 ) ) ;
#4560 = PLANE ( 'NONE',  #1976 ) ;
#4561 = ORIENTED_EDGE ( 'NONE', *, *, #2798, .F. ) ;
#4562 = LINE ( 'NONE', #4692, #7004 ) ;
#4563 = DIRECTION ( 'NONE',  ( 1.000000000000000000, 0.000000000000000000, 0.000000000000000000 ) ) ;
#4564 = DIRECTION ( 'NONE',  ( 1.000000000000000000, 0.000000000000000000, 0.000000000000000000 ) ) ;
#4565 = ORIENTED_EDGE ( 'NONE', *, *, #260, .T. ) ;
#4566 = DIRECTION ( 'NONE',  ( 0.000000000000000000, 0.000000000000000000, 1.000000000000000000 ) ) ;
#4567 = LINE ( 'NONE', #2411, #465 ) ;
#4568 = CARTESIAN_POINT ( 'NONE',  ( 458.6941282063430663, -855.3431854633304283, 342.0000000000000000 ) ) ;
#4569 = CARTESIAN_POINT ( 'NONE',  ( 156.5761745066535013, -189.3447236355531231, 191.2004585961075804 ) ) ;
#4570 = CARTESIAN_POINT ( 'NONE',  ( 369.9999999999999432, 234.0000000000000000, 425.0000000000000000 ) ) ;
#4571 = EDGE_CURVE ( 'NONE', #7184, #5270, #4624, .T. ) ;
#4572 = ADVANCED_FACE ( 'NONE', ( #3235 ), #459, .F. ) ;
#4573 = ORIENTED_EDGE ( 'NONE', *, *, #1624, .T. ) ;
#4574 = CARTESIAN_POINT ( 'NONE',  ( 310.4757059743466243, -435.9999999999998863, -144.0000000000000568 ) ) ;
#4575 = ORIENTED_EDGE ( 'NONE', *, *, #4285, .T. ) ;
#4576 = CARTESIAN_POINT ( 'NONE',  ( 245.2942593069237205, -230.5272304481107142, -94.52030389018982248 ) ) ;
#4577 = DIRECTION ( 'NONE',  ( 0.000000000000000000, 0.000000000000000000, 1.000000000000000000 ) ) ;
#4578 = CARTESIAN_POINT ( 'NONE',  ( 249.4831827773962800, -259.9153918465117385, -297.0000000000000568 ) ) ;
#4579 = ORIENTED_EDGE ( 'NONE', *, *, #6704, .T. ) ;
#4580 = AXIS2_PLACEMENT_3D ( 'NONE', #8362, #4148, #8845 ) ;
#4581 = DIRECTION ( 'NONE',  ( 0.000000000000000000, -1.000000000000000000, 0.000000000000000000 ) ) ;
#4582 = ORIENTED_EDGE ( 'NONE', *, *, #4195, .T. ) ;
#4583 = ORIENTED_EDGE ( 'NONE', *, *, #6454, .T. ) ;
#4584 = ADVANCED_FACE ( 'NONE', ( #92 ), #2922, .F. ) ;
#4585 = ORIENTED_EDGE ( 'NONE', *, *, #921, .T. ) ;
#4586 = DIRECTION ( 'NONE',  ( 1.000000000000000000, 1.596294787383402785E-16, 0.000000000000000000 ) ) ;
#4587 = VECTOR ( 'NONE', #7752, 1000.000000000000000 ) ;
#4588 = VECTOR ( 'NONE', #8592, 1000.000000000000000 ) ;
#4589 = CARTESIAN_POINT ( 'NONE',  ( 249.2724892809630433, 90.00000000000000000, 425.0000000000000000 ) ) ;
#4590 = EDGE_CURVE ( 'NONE', #8846, #1399, #176, .T. ) ;
#4591 = CARTESIAN_POINT ( 'NONE',  ( 324.9999999999999432, 184.0000000000000000, 82.50000000000000000 ) ) ;
#4592 = PLANE ( 'NONE',  #7473 ) ;
#4593 = LINE ( 'NONE', #7332, #790 ) ;
#4594 = DIRECTION ( 'NONE',  ( 0.000000000000000000, 0.000000000000000000, -1.000000000000000000 ) ) ;
#4595 = CIRCLE ( 'NONE', #1055, 60.00000000000000000 ) ;
#4596 = VECTOR ( 'NONE', #6603, 1000.000000000000000 ) ;
#4597 = ORIENTED_EDGE ( 'NONE', *, *, #543, .F. ) ;
#4598 = VERTEX_POINT ( 'NONE', #2138 ) ;
#4599 = DIRECTION ( 'NONE',  ( 1.000000000000000000, -0.000000000000000000, -0.000000000000000000 ) ) ;
#4600 = AXIS2_PLACEMENT_3D ( 'NONE', #2716, #8353, #7653 ) ;
#4601 = CIRCLE ( 'NONE', #8148, 30.00000000000004974 ) ;
#4602 = EDGE_CURVE ( 'NONE', #4549, #26, #7820, .T. ) ;
#4603 = CARTESIAN_POINT ( 'NONE',  ( -608.2033234948921745, -936.5509887253790566, 425.0000000000000000 ) ) ;
#4604 = ORIENTED_EDGE ( 'NONE', *, *, #857, .T. ) ;
#4605 = LINE ( 'NONE', #7568, #5816 ) ;
#4606 = CIRCLE ( 'NONE', #2995, 200.0000000000000000 ) ;
#4607 = DIRECTION ( 'NONE',  ( -1.000000000000000000, 8.397324299170181201E-15, 0.000000000000000000 ) ) ;
#4608 = CARTESIAN_POINT ( 'NONE',  ( 63.12186535763336792, -770.9999999999998863, -99.00000000000004263 ) ) ;
#4609 = ORIENTED_EDGE ( 'NONE', *, *, #1721, .F. ) ;
#4611 = PLANE ( 'NONE',  #7423 ) ;
#4610 = CIRCLE ( 'NONE', #4917, 44.99999999999998579 ) ;
#4612 = DIRECTION ( 'NONE',  ( 1.000000000000000000, -0.000000000000000000, -0.000000000000000000 ) ) ;
#4613 = AXIS2_PLACEMENT_3D ( 'NONE', #7221, #1631, #4440 ) ;
#4614 = DIRECTION ( 'NONE',  ( -1.000000000000000000, -7.772245805989896776E-17, 0.000000000000000000 ) ) ;
#4615 = CARTESIAN_POINT ( 'NONE',  ( 197.0883031891226267, -182.4349553839679174, 230.8101825150830280 ) ) ;
#4616 = CIRCLE ( 'NONE', #5951, 202.0000000000001705 ) ;
#4617 = LINE ( 'NONE', #3369, #3451 ) ;
#4618 = CIRCLE ( 'NONE', #5213, 44.99999999999998579 ) ;
#4619 = VECTOR ( 'NONE', #1091, 1000.000000000000000 ) ;
#4620 = ORIENTED_EDGE ( 'NONE', *, *, #6415, .T. ) ;
#4621 = VECTOR ( 'NONE', #8608, 1000.000000000000000 ) ;
#4622 = CARTESIAN_POINT ( 'NONE',  ( 245.7196715970460730, -233.1366183439936037, 309.9897372296831577 ) ) ;
#4623 = ORIENTED_EDGE ( 'NONE', *, *, #6722, .T. ) ;
#4624 = LINE ( 'NONE', #3283, #1066 ) ;
#4625 = DIRECTION ( 'NONE',  ( 0.9902680687415698069, 0.1391731009600692126, -0.000000000000000000 ) ) ;
#4626 = CARTESIAN_POINT ( 'NONE',  ( 253.6583758061983644, -289.6234339087588978, 297.0000000000000000 ) ) ;
#4627 = ORIENTED_EDGE ( 'NONE', *, *, #2452, .F. ) ;
#4628 = DIRECTION ( 'NONE',  ( 0.000000000000000000, 0.000000000000000000, 1.000000000000000000 ) ) ;
#4629 = EDGE_CURVE ( 'NONE', #5270, #3822, #5732, .T. ) ;
#4630 = VECTOR ( 'NONE', #6171, 1000.000000000000000 ) ;
#4631 = ORIENTED_EDGE ( 'NONE', *, *, #7398, .F. ) ;
#4632 = VERTEX_POINT ( 'NONE', #6372 ) ;
#4633 = ORIENTED_EDGE ( 'NONE', *, *, #5672, .F. ) ;
#4634 = CARTESIAN_POINT ( 'NONE',  ( 0.000000000000000000, 0.000000000000000000, -425.0000000000000000 ) ) ;
#4635 = ADVANCED_FACE ( 'NONE', ( #5689 ), #2043, .F. ) ;
#4636 = CARTESIAN_POINT ( 'NONE',  ( 251.6111675619184211, 90.00000000000002842, 424.7599652164854547 ) ) ;
#4637 = CARTESIAN_POINT ( 'NONE',  ( 71.32025247417203673, -1666.791952819359722, 14.24098060493944473 ) ) ;
#4638 = CARTESIAN_POINT ( 'NONE',  ( 255.4757059743467664, -1441.000000000000000, 297.0000000000000000 ) ) ;
#4639 = ADVANCED_FACE ( 'NONE', ( #2824 ), #3620, .F. ) ;
#4640 = LINE ( 'NONE', #6060, #6371 ) ;
#4641 = ORIENTED_EDGE ( 'NONE', *, *, #8063, .F. ) ;
#4642 = CARTESIAN_POINT ( 'NONE',  ( -200.0000000000000000, 2.449293598294706434E-14, 432.9999999999998863 ) ) ;
#4643 = VECTOR ( 'NONE', #2342, 1000.000000000000000 ) ;
#4644 = ORIENTED_EDGE ( 'NONE', *, *, #5852, .T. ) ;
#4645 = EDGE_CURVE ( 'NONE', #8652, #5872, #5639, .T. ) ;
#4646 = VECTOR ( 'NONE', #2650, 1000.000000000000000 ) ;
#4647 = ORIENTED_EDGE ( 'NONE', *, *, #5105, .F. ) ;
#4648 = DIRECTION ( 'NONE',  ( -3.083952846180995211E-16, 1.000000000000000000, 0.000000000000000000 ) ) ;
#4649 = DIRECTION ( 'NONE',  ( 1.000000000000000000, 1.596294787383402785E-16, 0.000000000000000000 ) ) ;
#4650 = CARTESIAN_POINT ( 'NONE',  ( 299.7325504687124180, -222.5584765923480006, -99.00000000000002842 ) ) ;
#4651 = EDGE_LOOP ( 'NONE', ( #4967, #1442, #6465, #7574 ) ) ;
#4652 = CARTESIAN_POINT ( 'NONE',  ( 63.12186535763325423, -436.0000000000000000, -252.0000000000000568 ) ) ;
#4653 = FACE_OUTER_BOUND ( 'NONE', #4555, .T. ) ;
#4654 = CARTESIAN_POINT ( 'NONE',  ( 369.9999999999999432, -115.9999999999999858, 91.25000000000000000 ) ) ;
#4655 = DIRECTION ( 'NONE',  ( -0.000000000000000000, -0.000000000000000000, -1.000000000000000000 ) ) ;
#4656 = ORIENTED_EDGE ( 'NONE', *, *, #8552, .T. ) ;
#4657 = FACE_OUTER_BOUND ( 'NONE', #700, .T. ) ;
#4658 = CARTESIAN_POINT ( 'NONE',  ( 310.4757059743468517, -1521.000000000000227, 54.00000000000000000 ) ) ;
#4659 = CARTESIAN_POINT ( 'NONE',  ( 63.12186535763325423, -435.9999999999999432, 98.99999999999995737 ) ) ;
#4660 = FACE_OUTER_BOUND ( 'NONE', #1392, .T. ) ;
#4661 = CARTESIAN_POINT ( 'NONE',  ( 458.6941282063430663, -855.3431854633304283, 252.0000000000000000 ) ) ;
#4662 = CIRCLE ( 'NONE', #8519, 44.99999999999992895 ) ;
#4663 = VERTEX_POINT ( 'NONE', #8471 ) ;
#4664 = EDGE_CURVE ( 'NONE', #7924, #8734, #7279, .T. ) ;
#4665 = LINE ( 'NONE', #8867, #5802 ) ;
#4666 = ORIENTED_EDGE ( 'NONE', *, *, #3225, .F. ) ;
#4667 = CARTESIAN_POINT ( 'NONE',  ( 310.4757059743466243, -390.9999999999998863, -99.00000000000004263 ) ) ;
#4668 = CARTESIAN_POINT ( 'NONE',  ( -220.1529353047474444, -162.3494288409013393, 420.2524694857349914 ) ) ;
#4669 = CARTESIAN_POINT ( 'NONE',  ( -56.52344825093994274, -1597.810152786117442, 0.000000000000000000 ) ) ;
#4670 = ORIENTED_EDGE ( 'NONE', *, *, #2117, .T. ) ;
#4671 = VECTOR ( 'NONE', #4625, 1000.000000000000114 ) ;
#4672 = CARTESIAN_POINT ( 'NONE',  ( 63.12186535763324002, -1396.000000000000227, 98.99999999999995737 ) ) ;
#4673 = ORIENTED_EDGE ( 'NONE', *, *, #1931, .T. ) ;
#4674 = VERTEX_POINT ( 'NONE', #7674 ) ;
#4675 = AXIS2_PLACEMENT_3D ( 'NONE', #6236, #2039, #9009 ) ;
#4676 = ORIENTED_EDGE ( 'NONE', *, *, #7068, .T. ) ;
#4677 = LINE ( 'NONE', #2475, #1650 ) ;
#4678 = CARTESIAN_POINT ( 'NONE',  ( 258.3945436002359770, 90.00000000000001421, 420.1181031262821080 ) ) ;
#4679 = CARTESIAN_POINT ( 'NONE',  ( 75.10943707039722028, -1673.851771231894645, 8.426572863419554693 ) ) ;
#4680 = FACE_OUTER_BOUND ( 'NONE', #3252, .T. ) ;
#4681 = CARTESIAN_POINT ( 'NONE',  ( 255.4757059743467664, -1441.000000000000000, -54.00000000000005684 ) ) ;
#4682 = ORIENTED_EDGE ( 'NONE', *, *, #445, .F. ) ;
#4683 = CARTESIAN_POINT ( 'NONE',  ( 458.6941282063430663, -855.3431854633304283, -99.00000000000000000 ) ) ;
#4684 = VERTEX_POINT ( 'NONE', #2000 ) ;
#4685 = EDGE_CURVE ( 'NONE', #8873, #4684, #47, .T. ) ;
#4686 = ORIENTED_EDGE ( 'NONE', *, *, #2387, .F. ) ;
#4687 = ADVANCED_FACE ( 'NONE', ( #3568 ), #2782, .F. ) ;
#4688 = CARTESIAN_POINT ( 'NONE',  ( 0.000000000000000000, 0.000000000000000000, 190.0000000000000000 ) ) ;
#4689 = CARTESIAN_POINT ( 'NONE',  ( 255.4757059743467664, -851.0000000000000000, 143.9999999999999432 ) ) ;
#4690 = DIRECTION ( 'NONE',  ( 0.000000000000000000, 1.000000000000000000, 0.000000000000000000 ) ) ;
#4691 = EDGE_LOOP ( 'NONE', ( #3080, #7715, #7681, #6786 ) ) ;
#4692 = CARTESIAN_POINT ( 'NONE',  ( 310.4757059743468517, -1690.000000000000000, -425.0000000000000000 ) ) ;
#4693 = ADVANCED_FACE ( 'NONE', ( #6239 ), #7127, .F. ) ;
#4694 = CARTESIAN_POINT ( 'NONE',  ( 255.4757059743467664, -770.9999999999998863, 252.0000000000000568 ) ) ;
#4695 = CARTESIAN_POINT ( 'NONE',  ( 286.0588745030455584, 184.0000000000000000, -300.0000000000000000 ) ) ;
#4696 = AXIS2_PLACEMENT_3D ( 'NONE', #7479, #6733, #7388 ) ;
#4697 = CARTESIAN_POINT ( 'NONE',  ( -275.0222139978606606, 0.000000000000000000, 415.0000000000000000 ) ) ;
#4698 = ORIENTED_EDGE ( 'NONE', *, *, #5008, .F. ) ;
#4699 = CARTESIAN_POINT ( 'NONE',  ( 310.4757059743467380, -1186.000000000000000, 143.9999999999999432 ) ) ;
#4700 = EDGE_CURVE ( 'NONE', #4121, #6661, #933, .T. ) ;
#4701 = CARTESIAN_POINT ( 'NONE',  ( 320.4757059743469085, -1639.000000000000000, -425.0000000000000000 ) ) ;
#4702 = CARTESIAN_POINT ( 'NONE',  ( 458.6941282063430663, -855.3431854633304283, 252.0000000000000000 ) ) ;
#4703 = LINE ( 'NONE', #4104, #6599 ) ;
#4704 = DIRECTION ( 'NONE',  ( 0.000000000000000000, 0.000000000000000000, -1.000000000000000000 ) ) ;
#4705 = ORIENTED_EDGE ( 'NONE', *, *, #3454, .F. ) ;
#4706 = CARTESIAN_POINT ( 'NONE',  ( 255.4757059743467096, -390.9999999999998863, 98.99999999999995737 ) ) ;
#4707 = CARTESIAN_POINT ( 'NONE',  ( 255.4757059743467664, -1186.000000000000000, -252.0000000000001137 ) ) ;
#4708 = EDGE_LOOP ( 'NONE', ( #403, #4120, #2506, #5940 ) ) ;
#4709 = CARTESIAN_POINT ( 'NONE',  ( 369.9999999999999432, -115.9999999999999858, -91.25000000000002842 ) ) ;
#4710 = CARTESIAN_POINT ( 'NONE',  ( -219.6193038864724372, -165.3758030017409055, -416.4430984685052977 ) ) ;
#4711 = LINE ( 'NONE', #3976, #2553 ) ;
#4712 = ORIENTED_EDGE ( 'NONE', *, *, #5457, .T. ) ;
#4713 = EDGE_CURVE ( 'NONE', #1503, #8623, #8024, .T. ) ;
#4714 = CARTESIAN_POINT ( 'NONE',  ( 299.9999999999999432, 90.00000000000000000, 425.0000000000000000 ) ) ;
#4715 = ORIENTED_EDGE ( 'NONE', *, *, #2166, .F. ) ;
#4716 = EDGE_LOOP ( 'NONE', ( #6409, #6140, #8868, #4579 ) ) ;
#4717 = EDGE_LOOP ( 'NONE', ( #4969, #7005, #3760 ) ) ;
#4718 = EDGE_CURVE ( 'NONE', #1775, #8758, #7569, .T. ) ;
#4719 = DIRECTION ( 'NONE',  ( -1.000000000000000000, 0.000000000000000000, 0.000000000000000000 ) ) ;
#4720 = DIRECTION ( 'NONE',  ( 0.000000000000000000, 1.000000000000000000, 0.000000000000000000 ) ) ;
#4721 = CARTESIAN_POINT ( 'NONE',  ( -255.0000000000000000, 0.000000000000000000, -435.0000000000000000 ) ) ;
#4722 = DIRECTION ( 'NONE',  ( 1.000000000000000000, 1.596294787383403032E-16, -0.000000000000000000 ) ) ;
#4723 = AXIS2_PLACEMENT_3D ( 'NONE', #2345, #213, #3779 ) ;
#4724 = FACE_OUTER_BOUND ( 'NONE', #7508, .T. ) ;
#4725 = ORIENTED_EDGE ( 'NONE', *, *, #4814, .F. ) ;
#4726 = CARTESIAN_POINT ( 'NONE',  ( -19.26715926084219888, -1612.474853392502837, -17.91640142810381420 ) ) ;
#4727 = ORIENTED_EDGE ( 'NONE', *, *, #1085, .T. ) ;
#4728 = VECTOR ( 'NONE', #6109, 1000.000000000000000 ) ;
#4729 = CIRCLE ( 'NONE', #6358, 44.99999999999992895 ) ;
#4730 = ORIENTED_EDGE ( 'NONE', *, *, #8307, .T. ) ;
#4731 = LINE ( 'NONE', #535, #5641 ) ;
#4732 = DIRECTION ( 'NONE',  ( 1.000000000000000000, 0.000000000000000000, 0.000000000000000000 ) ) ;
#4733 = CIRCLE ( 'NONE', #2836, 44.99999999999992895 ) ;
#4734 = VECTOR ( 'NONE', #9143, 1000.000000000000000 ) ;
#4735 = DIRECTION ( 'NONE',  ( -0.000000000000000000, -0.000000000000000000, -1.000000000000000000 ) ) ;
#4736 = ORIENTED_EDGE ( 'NONE', *, *, #1548, .T. ) ;
#4737 = CARTESIAN_POINT ( 'NONE',  ( -81.17427967907947561, -950.5365518056539713, 252.0000000000000000 ) ) ;
#4738 = EDGE_CURVE ( 'NONE', #3470, #8668, #6387, .T. ) ;
#4739 = VECTOR ( 'NONE', #7696, 1000.000000000000000 ) ;
#4740 = CARTESIAN_POINT ( 'NONE',  ( -120.1157790254321043, -215.5949053870967305, -193.1120253717204207 ) ) ;
#4741 = PLANE ( 'NONE',  #6443 ) ;
#4742 = CARTESIAN_POINT ( 'NONE',  ( 245.7196715970460730, -233.1366183439936037, 111.9897372296830156 ) ) ;
#4743 = ORIENTED_EDGE ( 'NONE', *, *, #6049, .T. ) ;
#4744 = DIRECTION ( 'NONE',  ( 1.000000000000000000, -0.000000000000000000, -0.000000000000000000 ) ) ;
#4745 = DIRECTION ( 'NONE',  ( 1.000000000000000000, 1.596294787383402785E-16, -0.000000000000000000 ) ) ;
#4746 = EDGE_CURVE ( 'NONE', #3112, #5440, #1874, .T. ) ;
#4747 = CARTESIAN_POINT ( 'NONE',  ( 150.4855003646649152, -1357.707474243703700, -375.9999999999999432 ) ) ;
#4748 = DIRECTION ( 'NONE',  ( -0.9848077530122077983, -0.1736481776669321631, 0.000000000000000000 ) ) ;
#4749 = CONICAL_SURFACE ( 'NONE', #7862, 200.0000000000000000, 0.7853981633974621568 ) ;
#4750 = CONICAL_SURFACE ( 'NONE', #775, 245.0000000000000000, 0.5235987755983000369 ) ;
#4751 = ADVANCED_FACE ( 'NONE', ( #4218 ), #7349, .F. ) ;
#4752 = ORIENTED_EDGE ( 'NONE', *, *, #802, .T. ) ;
#4753 = PLANE ( 'NONE',  #7443 ) ;
#4754 = AXIS2_PLACEMENT_3D ( 'NONE', #5836, #3808, #7920 ) ;
#4755 = EDGE_CURVE ( 'NONE', #5098, #1912, #6561, .T. ) ;
#4756 = EDGE_LOOP ( 'NONE', ( #7872, #8197, #5445, #710, #6282 ) ) ;
#4757 = AXIS2_PLACEMENT_3D ( 'NONE', #8751, #6521, #3026 ) ;
#4758 = CIRCLE ( 'NONE', #3443, 45.00000000000000711 ) ;
#4759 = CARTESIAN_POINT ( 'NONE',  ( 295.9999999999999432, -195.9999999999999147, 425.0000000000000000 ) ) ;
#4760 = CARTESIAN_POINT ( 'NONE',  ( 63.12186535763336792, -770.9999999999998863, -99.00000000000004263 ) ) ;
#4761 = ORIENTED_EDGE ( 'NONE', *, *, #8902, .F. ) ;
#4762 = DIRECTION ( 'NONE',  ( -0.5446390350150267512, -0.8386705679454243834, 0.000000000000000000 ) ) ;
#4763 = DIRECTION ( 'NONE',  ( 1.000000000000000000, 1.596294787383402785E-16, -0.000000000000000000 ) ) ;
#4764 = CARTESIAN_POINT ( 'NONE',  ( -19.24507260201601966, -1595.504065132486858, 5.892810920739231406 ) ) ;
#4765 = ORIENTED_EDGE ( 'NONE', *, *, #4205, .F. ) ;
#4766 = AXIS2_PLACEMENT_3D ( 'NONE', #704, #6983, #657 ) ;
#4767 = AXIS2_PLACEMENT_3D ( 'NONE', #4060, #6879, #3888 ) ;
#4768 = AXIS2_PLACEMENT_3D ( 'NONE', #5150, #1646, #305 ) ;
#4769 = CARTESIAN_POINT ( 'NONE',  ( 204.2061900648915014, -184.2201132652633646, -242.0000000000000000 ) ) ;
#4770 = ORIENTED_EDGE ( 'NONE', *, *, #857, .F. ) ;
#4771 = ORIENTED_EDGE ( 'NONE', *, *, #433, .F. ) ;
#4772 = ORIENTED_EDGE ( 'NONE', *, *, #9085, .T. ) ;
#4773 = AXIS2_PLACEMENT_3D ( 'NONE', #2115, #5140, #1596 ) ;
#4774 = DIRECTION ( 'NONE',  ( -0.9848077530122077983, -0.1736481776669321631, 0.000000000000000000 ) ) ;
#4775 = CARTESIAN_POINT ( 'NONE',  ( -101.3931630952419880, -547.9310417174242502, -342.0000000000000000 ) ) ;
#4776 = CARTESIAN_POINT ( 'NONE',  ( 389.2348571395701811, -461.4200842584472184, 342.0000000000000000 ) ) ;
#4777 = DIRECTION ( 'NONE',  ( 1.000000000000000000, 1.596294787383402785E-16, 0.000000000000000000 ) ) ;
#4778 = CARTESIAN_POINT ( 'NONE',  ( 0.000000000000000000, 0.000000000000000000, 435.0000000000000000 ) ) ;
#4779 = EDGE_LOOP ( 'NONE', ( #7899, #3579, #2827, #6729 ) ) ;
#4780 = CARTESIAN_POINT ( 'NONE',  ( 63.12186535763325423, -516.0000000000000000, -144.0000000000000568 ) ) ;
#4781 = ADVANCED_FACE ( 'NONE', ( #133 ), #5126, .F. ) ;
#4782 = AXIS2_PLACEMENT_3D ( 'NONE', #6701, #508, #554 ) ;
#4783 = ORIENTED_EDGE ( 'NONE', *, *, #1922, .F. ) ;
#4784 = ADVANCED_FACE ( 'NONE', ( #4532 ), #7911, .F. ) ;
#4785 = VERTEX_POINT ( 'NONE', #878 ) ;
#4786 = AXIS2_PLACEMENT_3D ( 'NONE', #3090, #174, #8729 ) ;
#4787 = DIRECTION ( 'NONE',  ( -0.000000000000000000, -0.000000000000000000, -1.000000000000000000 ) ) ;
#4788 = CARTESIAN_POINT ( 'NONE',  ( 90.47570597434693696, -1661.019580355183734, 25.00000000000000000 ) ) ;
#4789 = EDGE_CURVE ( 'NONE', #1516, #3238, #630, .T. ) ;
#4790 = CARTESIAN_POINT ( 'NONE',  ( -31.93389202846880082, -941.8541429223074601, 144.0000000000000284 ) ) ;
#4791 = VECTOR ( 'NONE', #3040, 1000.000000000000000 ) ;
#4792 = CARTESIAN_POINT ( 'NONE',  ( 0.000000000000000000, 0.000000000000000000, 415.0000000000000000 ) ) ;
#4793 = CARTESIAN_POINT ( 'NONE',  ( -128.5486935433326607, -215.6091599086061308, -200.4300140045438923 ) ) ;
#4794 = LINE ( 'NONE', #1186, #8810 ) ;
#4795 = LINE ( 'NONE', #4056, #7704 ) ;
#4796 = VERTEX_POINT ( 'NONE', #836 ) ;
#4797 = DIRECTION ( 'NONE',  ( -1.000000000000000000, 0.000000000000000000, 0.000000000000000000 ) ) ;
#4798 = CARTESIAN_POINT ( 'NONE',  ( 255.4757059743467664, -851.0000000000000000, -54.00000000000007816 ) ) ;
#4799 = CARTESIAN_POINT ( 'NONE',  ( 38.83891094524788912, -1419.463438093456716, -200.0000000000001137 ) ) ;
#4800 = DIRECTION ( 'NONE',  ( -0.8386705679454261597, 0.5446390350150240867, -0.000000000000000000 ) ) ;
#4801 = DIRECTION ( 'NONE',  ( -1.000000000000000000, -7.772245805989896776E-17, 0.000000000000000000 ) ) ;
#4802 = EDGE_CURVE ( 'NONE', #1833, #1027, #3700, .T. ) ;
#4803 = ORIENTED_EDGE ( 'NONE', *, *, #9062, .F. ) ;
#4804 = CARTESIAN_POINT ( 'NONE',  ( 63.12186535763331108, -770.9999999999998863, -297.0000000000000568 ) ) ;
#4805 = ORIENTED_EDGE ( 'NONE', *, *, #7842, .T. ) ;
#4806 = EDGE_CURVE ( 'NONE', #1027, #424, #4335, .T. ) ;
#4807 = CARTESIAN_POINT ( 'NONE',  ( 255.4757059743467664, -770.9999999999998863, -252.0000000000000568 ) ) ;
#4808 = CARTESIAN_POINT ( 'NONE',  ( 255.4757059743467664, -1061.000000000000000, 98.99999999999995737 ) ) ;
#4809 = ORIENTED_EDGE ( 'NONE', *, *, #1479, .T. ) ;
#4810 = CARTESIAN_POINT ( 'NONE',  ( 63.12186535763342476, -1105.999999999999773, 297.0000000000000000 ) ) ;
#4811 = CARTESIAN_POINT ( 'NONE',  ( 319.9999999999999432, 184.0000000000000000, 100.0000000000000284 ) ) ;
#4812 = CARTESIAN_POINT ( 'NONE',  ( 200.2500000000000000, 0.000000000000000000, 275.0000000000000000 ) ) ;
#4813 = ORIENTED_EDGE ( 'NONE', *, *, #7275, .T. ) ;
#4814 = EDGE_CURVE ( 'NONE', #6907, #298, #5774, .T. ) ;
#4815 = CARTESIAN_POINT ( 'NONE',  ( 173.1746181220235599, -182.9377201529534602, -201.9572199412983480 ) ) ;
#4816 = ORIENTED_EDGE ( 'NONE', *, *, #7923, .F. ) ;
#4817 = ORIENTED_EDGE ( 'NONE', *, *, #8597, .T. ) ;
#4818 = EDGE_CURVE ( 'NONE', #2899, #7780, #7254, .T. ) ;
#4819 = ORIENTED_EDGE ( 'NONE', *, *, #5105, .T. ) ;
#4820 = CARTESIAN_POINT ( 'NONE',  ( 84.82450347794521406, -1641.832587568541157, 5.108644862907802953 ) ) ;
#4821 = DIRECTION ( 'NONE',  ( -5.551115123125777969E-15, 1.000000000000000000, 0.000000000000000000 ) ) ;
#4822 = LINE ( 'NONE', #1915, #224 ) ;
#4823 = CARTESIAN_POINT ( 'NONE',  ( -126.4815435065736438, -215.3849065373130998, 198.2722280682577605 ) ) ;
#4824 = LINE ( 'NONE', #2705, #9037 ) ;
#4825 = ORIENTED_EDGE ( 'NONE', *, *, #4700, .F. ) ;
#4826 = CARTESIAN_POINT ( 'NONE',  ( -22.90686283942973844, -1617.883651367238599, -17.42051074143957479 ) ) ;
#4827 = EDGE_CURVE ( 'NONE', #5664, #6442, #2114, .T. ) ;
#4828 = ORIENTED_EDGE ( 'NONE', *, *, #3332, .F. ) ;
#4829 = VERTEX_POINT ( 'NONE', #7951 ) ;
#4830 = FACE_OUTER_BOUND ( 'NONE', #5498, .T. ) ;
#4831 = CARTESIAN_POINT ( 'NONE',  ( -56.52344825093994274, -1597.810152786117442, 0.000000000000000000 ) ) ;
#4832 = FACE_OUTER_BOUND ( 'NONE', #1243, .T. ) ;
#4833 = ADVANCED_FACE ( 'NONE', ( #4394 ), #7309, .F. ) ;
#4834 = CARTESIAN_POINT ( 'NONE',  ( 255.4757059743467664, -1521.000000000000227, -99.00000000000005684 ) ) ;
#4835 = DIRECTION ( 'NONE',  ( -3.083952846180995211E-16, 1.000000000000000000, 0.000000000000000000 ) ) ;
#4836 = CARTESIAN_POINT ( 'NONE',  ( 310.4757059743467380, -1186.000000000000000, 341.9999999999999432 ) ) ;
#4837 = CYLINDRICAL_SURFACE ( 'NONE', #5808, 44.99999999999992895 ) ;
#4838 = VERTEX_POINT ( 'NONE', #2410 ) ;
#4839 = DIRECTION ( 'NONE',  ( 0.1736481776669323573, -0.9848077530122076872, 0.000000000000000000 ) ) ;
#4840 = LINE ( 'NONE', #3319, #9025 ) ;
#4841 = DIRECTION ( 'NONE',  ( -1.000000000000000000, 1.110223024625155554E-15, 0.000000000000000000 ) ) ;
#4842 = DIRECTION ( 'NONE',  ( 1.000000000000000000, 0.000000000000000000, 0.000000000000000000 ) ) ;
#4843 = DIRECTION ( 'NONE',  ( -0.000000000000000000, -0.000000000000000000, 1.000000000000000000 ) ) ;
#4844 = ORIENTED_EDGE ( 'NONE', *, *, #579, .T. ) ;
#4845 = DIRECTION ( 'NONE',  ( 0.9902680687415698069, 0.1391731009600692126, -0.000000000000000000 ) ) ;
#4846 = ORIENTED_EDGE ( 'NONE', *, *, #1253, .F. ) ;
#4847 = CARTESIAN_POINT ( 'NONE',  ( 310.4757059743466243, -435.9999999999998863, 98.99999999999995737 ) ) ;
#4848 = CARTESIAN_POINT ( 'NONE',  ( 389.2348571395701811, -461.4200842584472184, 144.0000000000000284 ) ) ;
#4849 = VERTEX_POINT ( 'NONE', #5222 ) ;
#4850 = CARTESIAN_POINT ( 'NONE',  ( 369.9999999999999432, -115.9999999999999858, -100.0000000000000142 ) ) ;
#4851 = CARTESIAN_POINT ( 'NONE',  ( 70.87767964107042928, -1657.012589552638474, -17.86064487370764908 ) ) ;
#4852 = CARTESIAN_POINT ( 'NONE',  ( -81.17427967907944719, -950.5365518056539713, 342.0000000000000000 ) ) ;
#4853 = ORIENTED_EDGE ( 'NONE', *, *, #7237, .F. ) ;
#4854 = EDGE_CURVE ( 'NONE', #7541, #8846, #8649, .T. ) ;
#4855 = DIRECTION ( 'NONE',  ( -1.000000000000000000, -5.551115123125777969E-15, 0.000000000000000000 ) ) ;
#4856 = ORIENTED_EDGE ( 'NONE', *, *, #5599, .T. ) ;
#4857 = VERTEX_POINT ( 'NONE', #1536 ) ;
#4858 = ORIENTED_EDGE ( 'NONE', *, *, #4024, .T. ) ;
#4859 = CARTESIAN_POINT ( 'NONE',  ( 85.94762866272201052, -1641.538910041769213, 2.204364572314247469E-15 ) ) ;
#4860 = CARTESIAN_POINT ( 'NONE',  ( 344.9999999999999432, -160.9999999999999716, 425.0000000000000000 ) ) ;
#4861 = CARTESIAN_POINT ( 'NONE',  ( -150.2834285576145987, -230.3304350129469924, 0.000000000000000000 ) ) ;
#4862 = CARTESIAN_POINT ( 'NONE',  ( 380.4757059743468517, -1688.027822996883060, -425.0000000000000000 ) ) ;
#4863 = DIRECTION ( 'NONE',  ( -0.1391731009600695457, 0.9902680687415696958, 0.000000000000000000 ) ) ;
#4864 = VERTEX_POINT ( 'NONE', #928 ) ;
#4865 = DIRECTION ( 'NONE',  ( 0.8386705679454260487, -0.5446390350150240867, 0.000000000000000000 ) ) ;
#4866 = EDGE_CURVE ( 'NONE', #3592, #8881, #6531, .T. ) ;
#4867 = EDGE_CURVE ( 'NONE', #8184, #4857, #3752, .T. ) ;
#4868 = EDGE_LOOP ( 'NONE', ( #7348, #8939, #3492, #967 ) ) ;
#4869 = ORIENTED_EDGE ( 'NONE', *, *, #4369, .F. ) ;
#4870 = ORIENTED_EDGE ( 'NONE', *, *, #6675, .F. ) ;
#4871 = EDGE_CURVE ( 'NONE', #7758, #1556, #5867, .T. ) ;
#4872 = CARTESIAN_POINT ( 'NONE',  ( 255.4757059743467664, -1186.000000000000000, 341.9999999999999432 ) ) ;
#4873 = FACE_OUTER_BOUND ( 'NONE', #2953, .T. ) ;
#4874 = AXIS2_PLACEMENT_3D ( 'NONE', #862, #7157, #6448 ) ;
#4875 = CARTESIAN_POINT ( 'NONE',  ( 63.12186535763325423, -1521.000000000000227, 53.99999999999996447 ) ) ;
#4876 = LINE ( 'NONE', #5482, #6414 ) ;
#4877 = ORIENTED_EDGE ( 'NONE', *, *, #2521, .T. ) ;
#4878 = LINE ( 'NONE', #2068, #7848 ) ;
#4879 = CIRCLE ( 'NONE', #5622, 17.50000000000002842 ) ;
#4880 = CARTESIAN_POINT ( 'NONE',  ( 710.9678472184928069, -316.5432799137244047, 25.00000000000000000 ) ) ;
#4881 = DIRECTION ( 'NONE',  ( 7.772245805989896776E-17, -1.000000000000000000, -1.734723475976804383E-16 ) ) ;
#4882 = EDGE_LOOP ( 'NONE', ( #8801, #854, #3337, #3003 ) ) ;
#4883 = DIRECTION ( 'NONE',  ( -1.000000000000000000, 0.000000000000000000, -0.000000000000000000 ) ) ;
#4884 = CC_DESIGN_PERSON_AND_ORGANIZATION_ASSIGNMENT ( #2913, #2265, ( #492 ) ) ;
#4885 = CARTESIAN_POINT ( 'NONE',  ( 310.4757059743466243, -435.9999999999998863, 297.0000000000000000 ) ) ;
#4886 = DIRECTION ( 'NONE',  ( 0.000000000000000000, -0.000000000000000000, 1.000000000000000000 ) ) ;
#4887 = EDGE_CURVE ( 'NONE', #2695, #1034, #3435, .T. ) ;
#4888 = DIRECTION ( 'NONE',  ( -0.9848077530122076872, -0.1736481776669321075, -0.000000000000000000 ) ) ;
#4889 = CIRCLE ( 'NONE', #461, 17.50000000000002842 ) ;
#4890 = ORIENTED_EDGE ( 'NONE', *, *, #2636, .T. ) ;
#4891 = DIRECTION ( 'NONE',  ( 0.000000000000000000, 0.000000000000000000, -1.000000000000000000 ) ) ;
#4892 = AXIS2_PLACEMENT_3D ( 'NONE', #8691, #5171, #3621 ) ;
#4893 = EDGE_LOOP ( 'NONE', ( #830, #6242, #485, #1276 ) ) ;
#4894 = DIRECTION ( 'NONE',  ( 0.000000000000000000, 1.000000000000000000, 0.000000000000000000 ) ) ;
#4895 = CARTESIAN_POINT ( 'NONE',  ( 369.9999999999999432, -115.9999999999999858, 320.0000000000000000 ) ) ;
#4896 = VERTEX_POINT ( 'NONE', #7575 ) ;
#4898 = DIRECTION ( 'NONE',  ( 0.000000000000000000, 0.000000000000000000, -1.000000000000000000 ) ) ;
#4897 = AXIS2_PLACEMENT_3D ( 'NONE', #8566, #8488, #6339 ) ;
#4899 = DIRECTION ( 'NONE',  ( 0.000000000000000000, 0.000000000000000000, 1.000000000000000000 ) ) ;
#4900 = CIRCLE ( 'NONE', #5923, 20.00000000000006040 ) ;
#4901 = CARTESIAN_POINT ( 'NONE',  ( 310.4757059743467948, -1303.999999999999545, 425.0000000000000000 ) ) ;
#4902 = EDGE_LOOP ( 'NONE', ( #2018, #3479, #7946, #2184 ) ) ;
#4903 = VECTOR ( 'NONE', #3935, 1000.000000000000114 ) ;
#4904 = LINE ( 'NONE', #2927, #9058 ) ;
#4905 = ORIENTED_EDGE ( 'NONE', *, *, #4225, .F. ) ;
#4906 = VECTOR ( 'NONE', #6611, 1000.000000000000000 ) ;
#4907 = ORIENTED_EDGE ( 'NONE', *, *, #4866, .T. ) ;
#4908 = ORIENTED_EDGE ( 'NONE', *, *, #117, .F. ) ;
#4909 = CARTESIAN_POINT ( 'NONE',  ( -223.7301742539423230, -142.0618986239041988, 425.0000000000000000 ) ) ;
#4910 = VECTOR ( 'NONE', #6931, 1000.000000000000114 ) ;
#4911 = DIRECTION ( 'NONE',  ( -0.5446390350150267512, -0.8386705679454243834, 0.000000000000000000 ) ) ;
#4912 = PLANE ( 'NONE',  #7708 ) ;
#4913 = CARTESIAN_POINT ( 'NONE',  ( -135.3096726304167703, -217.3556107205771468, 209.1043732978242531 ) ) ;
#4914 = CARTESIAN_POINT ( 'NONE',  ( -81.17427967907947561, -950.5365518056539713, 99.00000000000000000 ) ) ;
#4915 = VERTEX_POINT ( 'NONE', #7391 ) ;
#4916 = CARTESIAN_POINT ( 'NONE',  ( 200.2500000000000000, 0.000000000000000000, -841.3925317304245937 ) ) ;
#4917 = AXIS2_PLACEMENT_3D ( 'NONE', #2290, #7362, #7224 ) ;
#4918 = AXIS2_PLACEMENT_3D ( 'NONE', #8229, #8918, #5361 ) ;
#4919 = EDGE_CURVE ( 'NONE', #809, #1070, #8786, .T. ) ;
#4920 = ADVANCED_FACE ( 'NONE', ( #4657 ), #7482, .F. ) ;
#4921 = AXIS2_PLACEMENT_3D ( 'NONE', #6213, #4051, #727 ) ;
#4922 = VERTEX_POINT ( 'NONE', #6776 ) ;
#4923 = ORIENTED_EDGE ( 'NONE', *, *, #5427, .T. ) ;
#4924 = ORIENTED_EDGE ( 'NONE', *, *, #4755, .T. ) ;
#4925 = CONICAL_SURFACE ( 'NONE', #7288, 202.0000000000000284, 0.7853981633974552734 ) ;
#4926 = EDGE_CURVE ( 'NONE', #7097, #8668, #6132, .T. ) ;
#4927 = AXIS2_PLACEMENT_3D ( 'NONE', #590, #6219, #2725 ) ;
#4928 = DIRECTION ( 'NONE',  ( 0.8386705679454259377, -0.5446390350150241977, 0.000000000000000000 ) ) ;
#4929 = LINE ( 'NONE', #5710, #6793 ) ;
#4930 = VECTOR ( 'NONE', #2746, 1000.000000000000114 ) ;
#4931 = EDGE_CURVE ( 'NONE', #1775, #5242, #6084, .T. ) ;
#4932 = DIRECTION ( 'NONE',  ( 0.4067366430757928253, 0.9135454576426041973, 0.000000000000000000 ) ) ;
#4933 = DIRECTION ( 'NONE',  ( 0.3363768762420943359, -0.9417274537410549318, 0.000000000000000000 ) ) ;
#4934 = CIRCLE ( 'NONE', #961, 44.99999999999992895 ) ;
#4935 = ORIENTED_EDGE ( 'NONE', *, *, #5715, .T. ) ;
#4936 = CARTESIAN_POINT ( 'NONE',  ( -219.5807572464963755, -165.5944118602445201, 242.0000000000000000 ) ) ;
#4937 = DIRECTION ( 'NONE',  ( -1.000000000000000000, 0.000000000000000000, 0.000000000000000000 ) ) ;
#4938 = EDGE_LOOP ( 'NONE', ( #7261, #3425, #2072, #8521, #1458 ) ) ;
#4939 = CARTESIAN_POINT ( 'NONE',  ( 255.4757059743467664, -1186.000000000000000, 252.0000000000000000 ) ) ;
#4940 = DIRECTION ( 'NONE',  ( -1.000000000000000000, 0.000000000000000000, 0.000000000000000000 ) ) ;
#4941 = DIRECTION ( 'NONE',  ( 0.000000000000000000, 1.000000000000000000, 0.000000000000000000 ) ) ;
#4942 = ORIENTED_EDGE ( 'NONE', *, *, #5992, .F. ) ;
#4943 = CARTESIAN_POINT ( 'NONE',  ( 310.4757059743466243, -1304.000000000000000, 425.0000000000000000 ) ) ;
#4944 = EDGE_LOOP ( 'NONE', ( #4117, #1334, #8946, #7161 ) ) ;
#4945 = AXIS2_PLACEMENT_3D ( 'NONE', #4551, #7371, #1040 ) ;
#4946 = DIRECTION ( 'NONE',  ( -1.000000000000000000, 0.000000000000000000, 0.000000000000000000 ) ) ;
#4947 = CARTESIAN_POINT ( 'NONE',  ( 63.12186535763324002, -391.0000000000000000, -297.0000000000000568 ) ) ;
#4948 = ORIENTED_EDGE ( 'NONE', *, *, #4437, .T. ) ;
#4949 = CARTESIAN_POINT ( 'NONE',  ( -81.17427967907947561, -950.5365518056539713, 342.0000000000000000 ) ) ;
#4950 = DIRECTION ( 'NONE',  ( -0.000000000000000000, -0.000000000000000000, -1.000000000000000000 ) ) ;
#4951 = LINE ( 'NONE', #5553, #35 ) ;
#4952 = VERTEX_POINT ( 'NONE', #448 ) ;
#4953 = CARTESIAN_POINT ( 'NONE',  ( 466.5082962013550514, -899.6595343488797880, 297.0000000000000568 ) ) ;
#4954 = ORIENTED_EDGE ( 'NONE', *, *, #8170, .F. ) ;
#4955 = ADVANCED_FACE ( 'NONE', ( #3267 ), #5262, .F. ) ;
#4956 = ORIENTED_EDGE ( 'NONE', *, *, #4251, .F. ) ;
#4957 = ADVANCED_FACE ( 'NONE', ( #2456 ), #8911, .T. ) ;
#4958 = VERTEX_POINT ( 'NONE', #2534 ) ;
#4959 = CARTESIAN_POINT ( 'NONE',  ( -150.6335507458523466, -556.6134506007708751, -342.0000000000000000 ) ) ;
#4960 = CARTESIAN_POINT ( 'NONE',  ( 310.4757059743467948, -1521.000000000000227, -99.00000000000005684 ) ) ;
#4961 = CARTESIAN_POINT ( 'NONE',  ( 303.9077434975146730, -252.2665186545951599, -297.0000000000000568 ) ) ;
#4962 = LINE ( 'NONE', #715, #7340 ) ;
#4963 = CARTESIAN_POINT ( 'NONE',  ( 310.4757059743468517, -1441.000000000000000, 98.99999999999995737 ) ) ;
#4964 = ORIENTED_EDGE ( 'NONE', *, *, #7756, .F. ) ;
#4965 = FACE_OUTER_BOUND ( 'NONE', #6047, .T. ) ;
#4966 = EDGE_LOOP ( 'NONE', ( #866, #4923, #7278, #5278 ) ) ;
#4967 = ORIENTED_EDGE ( 'NONE', *, *, #3930, .F. ) ;
#4968 = AXIS2_PLACEMENT_3D ( 'NONE', #8950, #9094, #8259 ) ;
#4969 = ORIENTED_EDGE ( 'NONE', *, *, #3172, .F. ) ;
#4970 = DIRECTION ( 'NONE',  ( 1.000000000000000000, 1.596294787383402785E-16, -0.000000000000000000 ) ) ;
#4971 = CARTESIAN_POINT ( 'NONE',  ( -230.5451392372831947, -103.4123116125522870, 203.2091033965162410 ) ) ;
#4972 = AXIS2_PLACEMENT_3D ( 'NONE', #5655, #9122, #2892 ) ;
#4973 = EDGE_CURVE ( 'NONE', #4632, #1712, #7717, .T. ) ;
#4974 = EDGE_CURVE ( 'NONE', #1141, #1080, #1060, .T. ) ;
#4975 = DIRECTION ( 'NONE',  ( -1.000000000000000000, 0.000000000000000000, 0.000000000000000000 ) ) ;
#4976 = ORIENTED_EDGE ( 'NONE', *, *, #8501, .T. ) ;
#4977 = CYLINDRICAL_SURFACE ( 'NONE', #317, 20.00000000000001776 ) ;
#4978 = ORIENTED_EDGE ( 'NONE', *, *, #2699, .F. ) ;
#4979 = DIRECTION ( 'NONE',  ( 1.000000000000000000, 1.596294787383402785E-16, -0.000000000000000000 ) ) ;
#4980 = CARTESIAN_POINT ( 'NONE',  ( 286.0588745030455584, 184.0000000000000000, -288.0000000000000000 ) ) ;
#4981 = DIRECTION ( 'NONE',  ( -0.000000000000000000, -0.000000000000000000, -1.000000000000000000 ) ) ;
#4982 = ORIENTED_EDGE ( 'NONE', *, *, #1039, .F. ) ;
#4983 = PLANE ( 'NONE',  #7302 ) ;
#4984 = EDGE_CURVE ( 'NONE', #8088, #6769, #3925, .T. ) ;
#4985 = EDGE_LOOP ( 'NONE', ( #1734, #5647, #7724, #6392 ) ) ;
#4986 = EDGE_CURVE ( 'NONE', #4796, #3231, #8089, .T. ) ;
#4987 = CARTESIAN_POINT ( 'NONE',  ( -18.58610902079638194, -1597.348912799730215, 25.00000000000000000 ) ) ;
#4988 = CARTESIAN_POINT ( 'NONE',  ( 369.9999999999999432, 184.0000000000000000, -87.99999999999994316 ) ) ;
#4989 = ORIENTED_EDGE ( 'NONE', *, *, #8746, .T. ) ;
#4990 = DIRECTION ( 'NONE',  ( -3.083952846180995211E-16, 1.000000000000000000, 0.000000000000000000 ) ) ;
#4991 = CARTESIAN_POINT ( 'NONE',  ( 85.57213452642483276, -1641.629423272595204, -2.995417967209840882 ) ) ;
#4992 = DIRECTION ( 'NONE',  ( 0.5446390350150241977, 0.8386705679454259377, 0.000000000000000000 ) ) ;
#4993 = ORIENTED_EDGE ( 'NONE', *, *, #1224, .T. ) ;
#4994 = LINE ( 'NONE', #5736, #57 ) ;
#4995 = ORIENTED_EDGE ( 'NONE', *, *, #1479, .F. ) ;
#4996 = VERTEX_POINT ( 'NONE', #4699 ) ;
#4997 = ORIENTED_EDGE ( 'NONE', *, *, #2451, .T. ) ;
#4998 = CARTESIAN_POINT ( 'NONE',  ( 259.8792377091426147, 90.00000000000000000, 242.0000000000000000 ) ) ;
#4999 = DIRECTION ( 'NONE',  ( 0.000000000000000000, 0.000000000000000000, 1.000000000000000000 ) ) ;
#5000 = CARTESIAN_POINT ( 'NONE',  ( 78.98943196959133672, -1677.398140037589201, 3.844195030619976805 ) ) ;
#5001 = FACE_OUTER_BOUND ( 'NONE', #7850, .T. ) ;
#5002 = CARTESIAN_POINT ( 'NONE',  ( 255.4757059743467664, -851.0000000000001137, -342.0000000000000568 ) ) ;
#5003 = VECTOR ( 'NONE', #4004, 1000.000000000000000 ) ;
#5004 = EDGE_LOOP ( 'NONE', ( #2949, #7916, #6619, #198, #1385 ) ) ;
#5005 = CARTESIAN_POINT ( 'NONE',  ( -101.3931630952418885, -547.9310417174241366, 144.0000000000000284 ) ) ;
#5006 = ADVANCED_FACE ( 'NONE', ( #6736 ), #1797, .F. ) ;
#5007 = ORIENTED_EDGE ( 'NONE', *, *, #8766, .F. ) ;
#5008 = EDGE_CURVE ( 'NONE', #4336, #9140, #8953, .T. ) ;
#5009 = ORIENTED_EDGE ( 'NONE', *, *, #811, .F. ) ;
#5011 = ORIENTED_EDGE ( 'NONE', *, *, #2382, .F. ) ;
#5010 = B_SPLINE_CURVE_WITH_KNOTS ( 'NONE', 3,
 ( #1003, #2389, #6538, #5199, #5981, #5850, #258, #3079, #8031, #8808, #8767, #5287, #1703, #3821, #6629, #306, #3120, #5933, #5247, #8073, #1741, #7374, #3866, #2480, #532, #3989, #6806, #8889, #7509, #2016, #2614, #5469, #2569, #1274, #4826, #6762, #3441, #1919, #5523, #480, #432, #4726, #1967, #5381, #3250, #1173, #8347, #6946, #7554, #7606, #3302, #6863, #3950, #7650, #1314, #5423, #4087, #1222, #4042, #6116, #8206, #7465 ),
 .UNSPECIFIED., .F., .F.,
 ( 4, 2, 2, 2, 2, 2, 2, 2, 2, 2, 2, 2, 2, 2, 2, 2, 2, 2, 2, 2, 2, 2, 2, 2, 2, 2, 2, 2, 2, 2, 4 ),
 ( 0.000000000000000000, 0.0004310343490292101632, 0.0008620686980584203263, 0.001724137396116840653, 0.002586206094175261087, 0.003448274792233681305, 0.005172412188350523042, 0.006896549584467362611, 0.008620686980584203046, 0.01034482437670104435, 0.01379309916893473910, 0.01724137396116843385, 0.01896551135728528556, 0.02068964875340213727, 0.02413792354563561865, 0.02586206094175219627, 0.02758619833786878084, 0.03103447313010154057, 0.03275861052621791003, 0.03448274792233428643, 0.03620688531845066283, 0.03706895401650885102, 0.03793102271456703922, 0.03965516011068341562, 0.04137929750679978508, 0.04482757229903253787, 0.04655170969514891427, 0.04827584709126529067, 0.05172412188349802958, 0.05344825927961417006, 0.05517239667573031053 ),
 .UNSPECIFIED. ) ;
#5012 = CYLINDRICAL_SURFACE ( 'NONE', #30, 17.50000000000001421 ) ;
#5013 = CARTESIAN_POINT ( 'NONE',  ( 204.2061900648915014, -184.2201132652633646, -242.0000000000000000 ) ) ;
#5014 = DIRECTION ( 'NONE',  ( 1.000000000000000000, 1.596294787383402785E-16, -0.000000000000000000 ) ) ;
#5015 = ORIENTED_EDGE ( 'NONE', *, *, #7353, .T. ) ;
#5016 = CARTESIAN_POINT ( 'NONE',  ( -200.0000000000000000, 0.000000000000000000, -275.0000000000000000 ) ) ;
#5017 = ORIENTED_EDGE ( 'NONE', *, *, #5476, .T. ) ;
#5018 = CARTESIAN_POINT ( 'NONE',  ( 310.4757059743467380, -1105.999999999999773, -99.00000000000004263 ) ) ;
#5019 = VERTEX_POINT ( 'NONE', #547 ) ;
#5020 = CARTESIAN_POINT ( 'NONE',  ( -27.94580779778723567, -1621.696842502377422, 14.84019539405012722 ) ) ;
#5021 = VECTOR ( 'NONE', #4594, 1000.000000000000000 ) ;
#5022 = PERSON_AND_ORGANIZATION ( #5581, #207 ) ;
#5023 = ADVANCED_FACE ( 'NONE', ( #3184, #8124 ), #4611, .T. ) ;
#5024 = LINE ( 'NONE', #5118, #7250 ) ;
#5025 = ORIENTED_EDGE ( 'NONE', *, *, #8440, .F. ) ;
#5026 = DIRECTION ( 'NONE',  ( 1.000000000000000000, 0.000000000000000000, -0.000000000000000000 ) ) ;
#5027 = AXIS2_PLACEMENT_3D ( 'NONE', #8253, #1320, #3352 ) ;
#5028 = EDGE_CURVE ( 'NONE', #5242, #272, #4606, .T. ) ;
#5029 = CARTESIAN_POINT ( 'NONE',  ( 310.4757059743466243, -298.9999999999999432, 425.0000000000000000 ) ) ;
#5030 = CARTESIAN_POINT ( 'NONE',  ( 308.0829365263166437, -281.9745607168422907, -99.00000000000002842 ) ) ;
#5031 = ORIENTED_EDGE ( 'NONE', *, *, #2956, .T. ) ;
#5032 = DIRECTION ( 'NONE',  ( 1.000000000000000000, 1.596294787383402785E-16, -0.000000000000000000 ) ) ;
#5033 = CARTESIAN_POINT ( 'NONE',  ( 255.4757059743467096, -435.9999999999999432, 143.9999999999999716 ) ) ;
#5034 = EDGE_CURVE ( 'NONE', #1833, #4121, #8178, .T. ) ;
#5035 = DIRECTION ( 'NONE',  ( -1.000000000000000000, 0.000000000000000000, 0.000000000000000000 ) ) ;
#5036 = CARTESIAN_POINT ( 'NONE',  ( 324.9999999999999432, 184.0000000000000000, 312.0000000000000568 ) ) ;
#5037 = VECTOR ( 'NONE', #1381, 1000.000000000000000 ) ;
#5038 = AXIS2_PLACEMENT_3D ( 'NONE', #4219, #6889, #6932 ) ;
#5039 = ADVANCED_FACE ( 'NONE', ( #821, #8537, #7843, #3683, #158 ), #6222, .F. ) ;
#5040 = DIRECTION ( 'NONE',  ( -1.000000000000000000, -0.000000000000000000, -0.000000000000000000 ) ) ;
#5041 = ORIENTED_EDGE ( 'NONE', *, *, #975, .T. ) ;
#5042 = DIRECTION ( 'NONE',  ( -1.000000000000000000, -7.772245805989896776E-17, 0.000000000000000000 ) ) ;
#5043 = VECTOR ( 'NONE', #2204, 1000.000000000000000 ) ;
#5044 = DIRECTION ( 'NONE',  ( 0.000000000000000000, 0.000000000000000000, -1.000000000000000000 ) ) ;
#5045 = CARTESIAN_POINT ( 'NONE',  ( 0.000000000000000000, 0.000000000000000000, 435.0000000000000000 ) ) ;
#5046 = DIRECTION ( 'NONE',  ( 1.000000000000000000, 1.596294787383402785E-16, -0.000000000000000000 ) ) ;
#5047 = DIRECTION ( 'NONE',  ( 1.000000000000000000, 1.596294787383402785E-16, 0.000000000000000000 ) ) ;
#5048 = EDGE_LOOP ( 'NONE', ( #4531, #7060, #5862, #76, #321 ) ) ;
#5049 = DIRECTION ( 'NONE',  ( 0.000000000000000000, 0.000000000000000000, 1.000000000000000000 ) ) ;
#5050 = VECTOR ( 'NONE', #1808, 1000.000000000000114 ) ;
#5051 = CONICAL_SURFACE ( 'NONE', #1665, 245.0000000000000000, 0.5235987755983000369 ) ;
#5052 = VECTOR ( 'NONE', #2890, 1000.000000000000000 ) ;
#5053 = ORIENTED_EDGE ( 'NONE', *, *, #5927, .F. ) ;
#5054 = ORIENTED_EDGE ( 'NONE', *, *, #2216, .F. ) ;
#5055 = ORIENTED_EDGE ( 'NONE', *, *, #5141, .F. ) ;
#5056 = VECTOR ( 'NONE', #980, 1000.000000000000000 ) ;
#5057 = DIRECTION ( 'NONE',  ( -0.000000000000000000, -0.000000000000000000, 1.000000000000000000 ) ) ;
#5058 = CARTESIAN_POINT ( 'NONE',  ( -225.2758741205745991, -133.2957990716871848, 218.9586324618983895 ) ) ;
#5059 = VECTOR ( 'NONE', #3707, 1000.000000000000114 ) ;
#5060 = DIRECTION ( 'NONE',  ( 0.1736481776669320798, -0.9848077530122077983, 0.000000000000000000 ) ) ;
#5061 = CARTESIAN_POINT ( 'NONE',  ( 310.4757059743467380, -1061.000000000000000, -297.0000000000000568 ) ) ;
#5062 = VECTOR ( 'NONE', #6712, 1000.000000000000000 ) ;
#5063 = EDGE_CURVE ( 'NONE', #8940, #6510, #7662, .T. ) ;
#5064 = CIRCLE ( 'NONE', #200, 45.00000000000004263 ) ;
#5065 = VECTOR ( 'NONE', #5439, 1000.000000000000114 ) ;
#5066 = DIRECTION ( 'NONE',  ( -0.000000000000000000, -0.000000000000000000, 1.000000000000000000 ) ) ;
#5067 = ORIENTED_EDGE ( 'NONE', *, *, #120, .F. ) ;
#5068 = ADVANCED_FACE ( 'NONE', ( #5539 ), #6488, .F. ) ;
#5069 = AXIS2_PLACEMENT_3D ( 'NONE', #5871, #187, #3019 ) ;
#5070 = PLANE ( 'NONE',  #7112 ) ;
#5071 = ORIENTED_EDGE ( 'NONE', *, *, #9111, .T. ) ;
#5072 = CC_DESIGN_APPROVAL ( #274, ( #4193 ) ) ;
#5073 = CARTESIAN_POINT ( 'NONE',  ( 310.4757059743466243, -1639.000000000000000, -425.0000000000000000 ) ) ;
#5074 = SECURITY_CLASSIFICATION_LEVEL ( 'unclassified' ) ;
#5075 = DIRECTION ( 'NONE',  ( -0.9135454576425982021, 0.4067366430758062590, 0.000000000000000000 ) ) ;
#5076 = VECTOR ( 'NONE', #6028, 1000.000000000000000 ) ;
#5077 = ORIENTED_EDGE ( 'NONE', *, *, #5368, .T. ) ;
#5078 = DIRECTION ( 'NONE',  ( -0.000000000000000000, 0.000000000000000000, 1.000000000000000000 ) ) ;
#5079 = LINE ( 'NONE', #7170, #574 ) ;
#5080 = CIRCLE ( 'NONE', #7607, 44.99999999999992895 ) ;
#5081 = LINE ( 'NONE', #1671, #4182 ) ;
#5082 = ORIENTED_EDGE ( 'NONE', *, *, #4926, .T. ) ;
#5083 = CARTESIAN_POINT ( 'NONE',  ( 310.4757059743466243, -298.9999999999999432, 425.0000000000000000 ) ) ;
#5084 = CARTESIAN_POINT ( 'NONE',  ( 310.4757059743467380, -1105.999999999999773, 98.99999999999995737 ) ) ;
#5085 = DIRECTION ( 'NONE',  ( -0.8386705679454261597, 0.5446390350150240867, -0.000000000000000000 ) ) ;
#5086 = ORIENTED_EDGE ( 'NONE', *, *, #1462, .T. ) ;
#5087 = EDGE_CURVE ( 'NONE', #5666, #8880, #768, .T. ) ;
#5088 = CARTESIAN_POINT ( 'NONE',  ( 202.0000000000001705, 0.000000000000000000, 435.0000000000000000 ) ) ;
#5089 = EDGE_CURVE ( 'NONE', #5380, #4549, #1927, .T. ) ;
#5090 = AXIS2_PLACEMENT_3D ( 'NONE', #8676, #2989, #8634 ) ;
#5091 = ORIENTED_EDGE ( 'NONE', *, *, #4258, .T. ) ;
#5092 = CARTESIAN_POINT ( 'NONE',  ( 73.30616036857881568, -1650.756147040811356, 17.44832048072190744 ) ) ;
#5093 = CARTESIAN_POINT ( 'NONE',  ( 369.9999999999999432, -161.0000000000000000, -425.0000000000000000 ) ) ;
#5094 = ADVANCED_FACE ( 'NONE', ( #74 ), #2985, .F. ) ;
#5095 = DIRECTION ( 'NONE',  ( 5.538260084506780731E-32, -3.469446951953608765E-16, 1.000000000000000000 ) ) ;
#5096 = DIRECTION ( 'NONE',  ( 0.000000000000000000, 0.000000000000000000, -1.000000000000000000 ) ) ;
#5097 = CARTESIAN_POINT ( 'NONE',  ( -24.11972403345691163, -986.1704918078568198, -99.00000000000000000 ) ) ;
#5098 = VERTEX_POINT ( 'NONE', #2672 ) ;
#5099 = DIRECTION ( 'NONE',  ( -0.000000000000000000, 0.000000000000000000, 1.000000000000000000 ) ) ;
#5100 = DIRECTION ( 'NONE',  ( -0.000000000000000000, -0.000000000000000000, -1.000000000000000000 ) ) ;
#5101 = VERTEX_POINT ( 'NONE', #8630 ) ;
#5102 = ORIENTED_EDGE ( 'NONE', *, *, #6737, .F. ) ;
#5103 = ORIENTED_EDGE ( 'NONE', *, *, #1198, .T. ) ;
#5104 = CARTESIAN_POINT ( 'NONE',  ( 319.9999999999999432, 234.0000000000000000, -425.0000000000000000 ) ) ;
#5105 = EDGE_CURVE ( 'NONE', #6431, #8350, #116, .T. ) ;
#5106 = CARTESIAN_POINT ( 'NONE',  ( -230.5451392372830242, -103.4123116125522728, -203.2091033965161841 ) ) ;
#5107 = CARTESIAN_POINT ( 'NONE',  ( 150.4855003646649152, -1357.707474243703700, 425.0000000000000000 ) ) ;
#5108 = DIRECTION ( 'NONE',  ( -0.000000000000000000, -0.000000000000000000, -1.000000000000000000 ) ) ;
#5109 = DIRECTION ( 'NONE',  ( 1.000000000000000000, 1.596294787383402785E-16, -0.000000000000000000 ) ) ;
#5110 = ORIENTED_EDGE ( 'NONE', *, *, #2868, .F. ) ;
#5111 = LINE ( 'NONE', #5758, #7008 ) ;
#5112 = ORIENTED_EDGE ( 'NONE', *, *, #1983, .F. ) ;
#5113 = DIRECTION ( 'NONE',  ( -0.000000000000000000, -0.000000000000000000, -1.000000000000000000 ) ) ;
#5114 = ORIENTED_EDGE ( 'NONE', *, *, #1786, .T. ) ;
#5115 = CARTESIAN_POINT ( 'NONE',  ( -28.83993319116200738, -1622.149141567993411, 14.27525276813669208 ) ) ;
#5116 = COORDINATED_UNIVERSAL_TIME_OFFSET ( 8, 0, .BEHIND. ) ;
#5117 = EDGE_CURVE ( 'NONE', #6432, #7325, #443, .T. ) ;
#5118 = CARTESIAN_POINT ( 'NONE',  ( 324.9999999999999432, 184.0000000000000000, 282.5000000000000568 ) ) ;
#5119 = VERTEX_POINT ( 'NONE', #5061 ) ;
#5120 = CARTESIAN_POINT ( 'NONE',  ( 0.000000000000000000, 0.000000000000000000, 275.0000000000000000 ) ) ;
#5121 = VECTOR ( 'NONE', #1200, 1000.000000000000000 ) ;
#5122 = EDGE_CURVE ( 'NONE', #8514, #3655, #5490, .T. ) ;
#5123 = DIRECTION ( 'NONE',  ( 1.000000000000000000, 1.596294787383402785E-16, -0.000000000000000000 ) ) ;
#5124 = DIRECTION ( 'NONE',  ( 5.538260084506781826E-32, -3.469446951953608765E-16, 1.000000000000000000 ) ) ;
#5125 = ORIENTED_EDGE ( 'NONE', *, *, #3565, .F. ) ;
#5126 = CYLINDRICAL_SURFACE ( 'NONE', #787, 8.749999999999980460 ) ;
#5127 = CARTESIAN_POINT ( 'NONE',  ( 85.79407701516866780, -1641.575091381527500, -1.888764288045956974 ) ) ;
#5128 = FACE_OUTER_BOUND ( 'NONE', #4226, .T. ) ;
#5129 = DIRECTION ( 'NONE',  ( -0.000000000000000000, -0.000000000000000000, -1.000000000000000000 ) ) ;
#5130 = DIRECTION ( 'NONE',  ( 0.1736481776669320798, -0.9848077530122077983, 0.000000000000000000 ) ) ;
#5131 = ORIENTED_EDGE ( 'NONE', *, *, #568, .T. ) ;
#5132 = CARTESIAN_POINT ( 'NONE',  ( 72.10930067521766773, -1653.067654304590633, 17.92165938610614973 ) ) ;
#5133 = DIRECTION ( 'NONE',  ( 0.000000000000000000, 1.000000000000000000, 1.734723475976804383E-16 ) ) ;
#5134 = ORIENTED_EDGE ( 'NONE', *, *, #625, .T. ) ;
#5135 = CARTESIAN_POINT ( 'NONE',  ( 0.000000000000000000, 0.000000000000000000, -275.0000000000000000 ) ) ;
#5136 = DIRECTION ( 'NONE',  ( 1.000000000000000000, 0.000000000000000000, 0.000000000000000000 ) ) ;
#5137 = FACE_OUTER_BOUND ( 'NONE', #5156, .T. ) ;
#5138 = ORIENTED_EDGE ( 'NONE', *, *, #4986, .F. ) ;
#5139 = ADVANCED_FACE ( 'NONE', ( #7893 ), #3599, .F. ) ;
#5140 = DIRECTION ( 'NONE',  ( 0.9902680687415698069, 0.1391731009600692126, 0.000000000000000000 ) ) ;
#5141 = EDGE_CURVE ( 'NONE', #5452, #2533, #9006, .T. ) ;
#5142 = ORIENTED_EDGE ( 'NONE', *, *, #5398, .F. ) ;
#5143 = ORIENTED_EDGE ( 'NONE', *, *, #7144, .F. ) ;
#5144 = ORIENTED_EDGE ( 'NONE', *, *, #3333, .T. ) ;
#5145 = VECTOR ( 'NONE', #2178, 1000.000000000000000 ) ;
#5146 = DIRECTION ( 'NONE',  ( 1.000000000000000000, 1.596294787383402785E-16, 0.000000000000000000 ) ) ;
#5147 = LINE ( 'NONE', #3775, #3034 ) ;
#5148 = CARTESIAN_POINT ( 'NONE',  ( 257.8119540665834961, 90.00000000000005684, -420.9455711565240108 ) ) ;
#5149 = EDGE_CURVE ( 'NONE', #8880, #7097, #2030, .T. ) ;
#5150 = CARTESIAN_POINT ( 'NONE',  ( 458.6941282063430663, -855.3431854633304283, -252.0000000000000000 ) ) ;
#5151 = FACE_OUTER_BOUND ( 'NONE', #6383, .T. ) ;
#5152 = ADVANCED_FACE ( 'NONE', ( #1565 ), #748, .F. ) ;
#5153 = ORIENTED_EDGE ( 'NONE', *, *, #1816, .F. ) ;
#5154 = ADVANCED_FACE ( 'NONE', ( #6177 ), #8314, .F. ) ;
#5155 = DIRECTION ( 'NONE',  ( 0.1736481776669323573, -0.9848077530122076872, 0.000000000000000000 ) ) ;
#5156 = EDGE_LOOP ( 'NONE', ( #408, #8114, #2441, #1107 ) ) ;
#5157 = ORIENTED_EDGE ( 'NONE', *, *, #8436, .F. ) ;
#5158 = CARTESIAN_POINT ( 'NONE',  ( -31.93389202846880082, -941.8541429223074601, -144.0000000000000284 ) ) ;
#5159 = EDGE_LOOP ( 'NONE', ( #1226, #4398, #8656, #8538 ) ) ;
#5160 = DIRECTION ( 'NONE',  ( -0.000000000000000000, -0.000000000000000000, -1.000000000000000000 ) ) ;
#5161 = AXIS2_PLACEMENT_3D ( 'NONE', #3465, #6970, #6277 ) ;
#5162 = DIRECTION ( 'NONE',  ( 1.000000000000000000, -0.000000000000000000, -0.000000000000000000 ) ) ;
#5163 = VERTEX_POINT ( 'NONE', #2727 ) ;
#5164 = CARTESIAN_POINT ( 'NONE',  ( -19.58125449818529162, -1299.847955729311252, 425.0000000000000000 ) ) ;
#5165 = EDGE_CURVE ( 'NONE', #7985, #16, #8269, .T. ) ;
#5166 = VECTOR ( 'NONE', #3643, 1000.000000000000000 ) ;
#5167 = DIRECTION ( 'NONE',  ( -0.000000000000000000, -0.000000000000000000, 1.000000000000000000 ) ) ;
#5168 = CARTESIAN_POINT ( 'NONE',  ( 255.4757059743467664, -1521.000000000000227, 252.0000000000000000 ) ) ;
#5169 = VERTEX_POINT ( 'NONE', #1781 ) ;
#5170 = DIRECTION ( 'NONE',  ( 0.000000000000000000, 1.000000000000000000, 0.000000000000000000 ) ) ;
#5171 = DIRECTION ( 'NONE',  ( 0.000000000000000000, 0.000000000000000000, -1.000000000000000000 ) ) ;
#5172 = EDGE_CURVE ( 'NONE', #4289, #868, #1783, .T. ) ;
#5173 = FACE_BOUND ( 'NONE', #1876, .T. ) ;
#5174 = CARTESIAN_POINT ( 'NONE',  ( 189.3607119764958497, -181.5290756270301529, 219.9875334013071324 ) ) ;
#5175 = ADVANCED_FACE ( 'NONE', ( #960 ), #3039, .F. ) ;
#5176 = CIRCLE ( 'NONE', #1346, 17.50000000000001421 ) ;
#5177 = LINE ( 'NONE', #4570, #4621 ) ;
#5178 = ORIENTED_EDGE ( 'NONE', *, *, #6525, .T. ) ;
#5179 = CARTESIAN_POINT ( 'NONE',  ( 77.94675927584935948, -1645.417783261422983, 14.10672022165634409 ) ) ;
#5180 = ADVANCED_FACE ( 'NONE', ( #5151 ), #7333, .F. ) ;
#5181 = CARTESIAN_POINT ( 'NONE',  ( -81.17427967907947561, -950.5365518056539713, 54.00000000000000711 ) ) ;
#5182 = ORIENTED_EDGE ( 'NONE', *, *, #3350, .T. ) ;
#5183 = CARTESIAN_POINT ( 'NONE',  ( 255.4757059743467664, -770.9999999999998863, 143.9999999999999716 ) ) ;
#5184 = CARTESIAN_POINT ( 'NONE',  ( -139.7702085353798509, -219.5986970742045230, 216.5105589424066750 ) ) ;
#5185 = VECTOR ( 'NONE', #3062, 1000.000000000000114 ) ;
#5186 = DIRECTION ( 'NONE',  ( 0.000000000000000000, 0.000000000000000000, -1.000000000000000000 ) ) ;
#5187 = VERTEX_POINT ( 'NONE', #8674 ) ;
#5188 = DIRECTION ( 'NONE',  ( -0.000000000000000000, -0.000000000000000000, -1.000000000000000000 ) ) ;
#5189 = ORIENTED_EDGE ( 'NONE', *, *, #2209, .T. ) ;
#5190 = AXIS2_PLACEMENT_3D ( 'NONE', #7470, #436, #4090 ) ;
#5191 = EDGE_LOOP ( 'NONE', ( #7501, #3286, #7088, #5914 ) ) ;
#5192 = VECTOR ( 'NONE', #3268, 1000.000000000000000 ) ;
#5193 = VERTEX_POINT ( 'NONE', #4554 ) ;
#5194 = CARTESIAN_POINT ( 'NONE',  ( 75.98585545635718574, -1674.812381625150238, -7.322285703605190044 ) ) ;
#5195 = DIRECTION ( 'NONE',  ( -0.9848077530122077983, -0.1736481776669321353, -0.000000000000000000 ) ) ;
#5196 = CARTESIAN_POINT ( 'NONE',  ( 256.4123166829261891, 90.00000000000001421, -422.4069369010446167 ) ) ;
#5197 = CARTESIAN_POINT ( 'NONE',  ( 255.4757059743467664, -1186.000000000000000, -144.0000000000000568 ) ) ;
#5198 = ADVANCED_FACE ( 'NONE', ( #1092 ), #1043, .F. ) ;
#5199 = CARTESIAN_POINT ( 'NONE',  ( -45.03570321294065337, -1622.570512064507056, -1.377908521740709435 ) ) ;
#5200 = AXIS2_PLACEMENT_3D ( 'NONE', #2344, #5108, #1606 ) ;
#5201 = VECTOR ( 'NONE', #1466, 1000.000000000000000 ) ;
#5202 = EDGE_CURVE ( 'NONE', #5594, #2770, #8120, .T. ) ;
#5203 = ORIENTED_EDGE ( 'NONE', *, *, #8208, .F. ) ;
#5204 = AXIS2_PLACEMENT_3D ( 'NONE', #618, #7091, #8429 ) ;
#5205 = EDGE_CURVE ( 'NONE', #4864, #3470, #5329, .T. ) ;
#5206 = DIRECTION ( 'NONE',  ( -0.000000000000000000, -0.000000000000000000, -1.000000000000000000 ) ) ;
#5207 = ORIENTED_EDGE ( 'NONE', *, *, #8493, .F. ) ;
#5208 = CIRCLE ( 'NONE', #8161, 265.0222139978606606 ) ;
#5209 = CIRCLE ( 'NONE', #2402, 69.99999999999992895 ) ;
#5210 = LINE ( 'NONE', #968, #1363 ) ;
#5211 = AXIS2_PLACEMENT_3D ( 'NONE', #8417, #4898, #7725 ) ;
#5212 = EDGE_CURVE ( 'NONE', #310, #6061, #1637, .T. ) ;
#5213 = AXIS2_PLACEMENT_3D ( 'NONE', #4885, #693, #4103 ) ;
#5214 = VECTOR ( 'NONE', #8374, 1000.000000000000114 ) ;
#5215 = CARTESIAN_POINT ( 'NONE',  ( 310.4757059743467380, -1105.999999999999773, -54.00000000000004974 ) ) ;
#5216 = EDGE_LOOP ( 'NONE', ( #3913, #4075 ) ) ;
#5217 = DIRECTION ( 'NONE',  ( 0.1736481776669322463, -0.9848077530122076872, 0.000000000000000000 ) ) ;
#5218 = AXIS2_PLACEMENT_3D ( 'NONE', #9090, #8302, #7655 ) ;
#5219 = LINE ( 'NONE', #1794, #4110 ) ;
#5220 = CARTESIAN_POINT ( 'NONE',  ( 33.39252059509767179, -1427.850143772910997, -200.0000000000001137 ) ) ;
#5221 = ORIENTED_EDGE ( 'NONE', *, *, #4082, .T. ) ;
#5222 = CARTESIAN_POINT ( 'NONE',  ( -39.20115843827831270, -1539.634606710809066, 25.00000000000002132 ) ) ;
#5223 = LINE ( 'NONE', #6085, #5779 ) ;
#5224 = DIRECTION ( 'NONE',  ( -0.5446390350150267512, -0.8386705679454243834, 0.000000000000000000 ) ) ;
#5225 = DIRECTION ( 'NONE',  ( 1.000000000000000000, -0.000000000000000000, -0.000000000000000000 ) ) ;
#5226 = TOROIDAL_SURFACE ( 'NONE', #8622, 265.0222139978606606, 10.00000000000000000 ) ;
#5227 = B_SPLINE_CURVE_WITH_KNOTS ( 'NONE', 3,
 ( #2582, #3459, #542, #5485, #3314, #637, #6127, #4096, #2026, #5392, #4740, #7570, #7657, #2767, #8217, #1282, #2666, #1325, #4793, #442, #8949, #7524, #1184, #8995, #6217, #6913, #4003, #1843, #2723, #7478, #588, #6172, #3357, #1240 ),
 .UNSPECIFIED., .F., .F.,
 ( 4, 2, 2, 2, 2, 2, 2, 2, 2, 2, 2, 2, 2, 2, 2, 2, 4 ),
 ( 2.206416875106216635E-07, 0.004480910977914129290, 0.005601083561970741399, 0.006721256146027352642, 0.008961601314140608954, 0.01120194648225386613, 0.01344229165036712331, 0.01792298198659368277, 0.02016332715470691914, 0.02240367232282015897, 0.02688436265904675659, 0.03584574333149987552, 0.04032643366772643845, 0.04480712400395300832, 0.05376850467640621745, 0.06272988534885941270, 0.07169126602131262183 ),
 .UNSPECIFIED. ) ;
#5228 = CARTESIAN_POINT ( 'NONE',  ( 320.4757059743469085, -1304.000000000000000, -425.0000000000000000 ) ) ;
#5229 = ORIENTED_EDGE ( 'NONE', *, *, #2945, .T. ) ;
#5230 = VECTOR ( 'NONE', #2872, 1000.000000000000114 ) ;
#5231 = FACE_OUTER_BOUND ( 'NONE', #5291, .T. ) ;
#5232 = ORIENTED_EDGE ( 'NONE', *, *, #7144, .T. ) ;
#5233 = CARTESIAN_POINT ( 'NONE',  ( 245.2357379775465631, -230.2175041084764473, -299.2274469177337437 ) ) ;
#5234 = CARTESIAN_POINT ( 'NONE',  ( -222.9256824853024739, -146.6243981654234005, 424.8475302629307180 ) ) ;
#5235 = DIRECTION ( 'NONE',  ( 0.5150380749100574862, 1.049727191138616354E-16, 0.8571673007021104462 ) ) ;
#5236 = ORIENTED_EDGE ( 'NONE', *, *, #5672, .T. ) ;
#5237 = AXIS2_PLACEMENT_3D ( 'NONE', #6587, #6490, #1567 ) ;
#5238 = EDGE_CURVE ( 'NONE', #7901, #8234, #6584, .T. ) ;
#5239 = DIRECTION ( 'NONE',  ( -1.000000000000000000, -7.772245805989896776E-17, 0.000000000000000000 ) ) ;
#5240 = ORIENTED_EDGE ( 'NONE', *, *, #6207, .F. ) ;
#5241 = VERTEX_POINT ( 'NONE', #1831 ) ;
#5242 = VERTEX_POINT ( 'NONE', #4642 ) ;
#5243 = CARTESIAN_POINT ( 'NONE',  ( 77.93548495230655249, -1676.606004490469104, -5.007542006845198124 ) ) ;
#5244 = CARTESIAN_POINT ( 'NONE',  ( 310.4757059743466812, -851.0000000000000000, 296.9999999999999432 ) ) ;
#5245 = CARTESIAN_POINT ( 'NONE',  ( 253.8593324885652294, 90.00000000000000000, -424.0419555060377093 ) ) ;
#5246 = DIRECTION ( 'NONE',  ( 1.000000000000000000, 1.596294787383402785E-16, -0.000000000000000000 ) ) ;
#5247 = CARTESIAN_POINT ( 'NONE',  ( -38.15275755680814740, -1624.067739780444754, -7.169700365552857946 ) ) ;
#5248 = ORIENTED_EDGE ( 'NONE', *, *, #2419, .T. ) ;
#5249 = CARTESIAN_POINT ( 'NONE',  ( 310.4757059743468517, -1521.000000000000227, 341.9999999999999432 ) ) ;
#5250 = ORIENTED_EDGE ( 'NONE', *, *, #2777, .T. ) ;
#5251 = CARTESIAN_POINT ( 'NONE',  ( 63.12186535763325423, -516.0000000000000000, -54.00000000000007816 ) ) ;
#5252 = ADVANCED_FACE ( 'NONE', ( #3168 ), #5316, .T. ) ;
#5253 = EDGE_CURVE ( 'NONE', #4089, #3112, #5010, .T. ) ;
#5254 = DIRECTION ( 'NONE',  ( -0.000000000000000000, -0.000000000000000000, 1.000000000000000000 ) ) ;
#5255 = B_SPLINE_CURVE_WITH_KNOTS ( 'NONE', 3,
 ( #2136, #1441, #2822, #6237, #2740, #1398, #7771, #5637 ),
 .UNSPECIFIED., .F., .F.,
 ( 4, 2, 2, 4 ),
 ( 0.000000000000000000, 0.006681836152044118640, 0.01002275422806617883, 0.01336367230408823728 ),
 .UNSPECIFIED. ) ;
#5256 = ORIENTED_EDGE ( 'NONE', *, *, #7514, .F. ) ;
#5257 = DIRECTION ( 'NONE',  ( 1.000000000000000000, -0.000000000000000000, -0.000000000000000000 ) ) ;
#5258 = AXIS2_PLACEMENT_3D ( 'NONE', #6270, #5486, #7659 ) ;
#5259 = CARTESIAN_POINT ( 'NONE',  ( 0.000000000000000000, 0.000000000000000000, 190.0000000000000000 ) ) ;
#5260 = CARTESIAN_POINT ( 'NONE',  ( -470.8253113773791938, -361.1481488582493853, 98.99999999999997158 ) ) ;
#5261 = VERTEX_POINT ( 'NONE', #6062 ) ;
#5262 = CYLINDRICAL_SURFACE ( 'NONE', #6677, 200.0000000000000000 ) ;
#5263 = DIRECTION ( 'NONE',  ( 0.000000000000000000, 1.000000000000000000, 0.000000000000000000 ) ) ;
#5264 = DIRECTION ( 'NONE',  ( 1.000000000000000000, 0.000000000000000000, 0.000000000000000000 ) ) ;
#5265 = CARTESIAN_POINT ( 'NONE',  ( 161.4708882170983486, -186.8619958386596522, 193.3965937667737762 ) ) ;
#5266 = ADVANCED_FACE ( 'NONE', ( #4129 ), #576, .F. ) ;
#5267 = CIRCLE ( 'NONE', #7930, 60.00000000000000000 ) ;
#5268 = CARTESIAN_POINT ( 'NONE',  ( -39.20115843827836954, -1539.634606710809066, -25.00000000000000000 ) ) ;
#5269 = EDGE_CURVE ( 'NONE', #1782, #4384, #3389, .T. ) ;
#5270 = VERTEX_POINT ( 'NONE', #9083 ) ;
#5271 = PLANE ( 'NONE',  #7427 ) ;
#5272 = EDGE_LOOP ( 'NONE', ( #6420, #7527, #3938, #634, #7521, #2706, #4518, #4109, #8757, #41 ) ) ;
#5273 = CARTESIAN_POINT ( 'NONE',  ( 245.6517048751561276, -232.6530099889277210, -308.9730706190774754 ) ) ;
#5274 = CARTESIAN_POINT ( 'NONE',  ( -219.9216345265999735, -163.6612007388724521, 419.1223917311425566 ) ) ;
#5275 = DIRECTION ( 'NONE',  ( 0.1736481776669320798, -0.9848077530122077983, 0.000000000000000000 ) ) ;
#5276 = ORIENTED_EDGE ( 'NONE', *, *, #4186, .F. ) ;
#5277 = DIRECTION ( 'NONE',  ( 1.000000000000000000, 5.551115123125777969E-15, -0.000000000000000000 ) ) ;
#5278 = ORIENTED_EDGE ( 'NONE', *, *, #3311, .F. ) ;
#5279 = ORIENTED_EDGE ( 'NONE', *, *, #5149, .T. ) ;
#5280 = ORIENTED_EDGE ( 'NONE', *, *, #8316, .F. ) ;
#5281 = DIRECTION ( 'NONE',  ( -1.000000000000000000, -0.000000000000000000, -0.000000000000000000 ) ) ;
#5282 = CARTESIAN_POINT ( 'NONE',  ( 72.38237429527987388, -1669.555306637204467, -12.34050555402293803 ) ) ;
#5283 = FACE_OUTER_BOUND ( 'NONE', #803, .T. ) ;
#5284 = CARTESIAN_POINT ( 'NONE',  ( 310.4757059743466243, -969.0000000000000000, 425.0000000000000000 ) ) ;
#5285 = CC_DESIGN_PERSON_AND_ORGANIZATION_ASSIGNMENT ( #1663, #7165, ( #3890 ) ) ;
#5286 = LINE ( 'NONE', #8030, #5947 ) ;
#5287 = CARTESIAN_POINT ( 'NONE',  ( -42.40501460431672598, -1623.450315242063198, -3.394799357531317341 ) ) ;
#5288 = EDGE_CURVE ( 'NONE', #7154, #4021, #2756, .T. ) ;
#5289 = EDGE_LOOP ( 'NONE', ( #4340, #5513, #7052, #3417 ) ) ;
#5290 = VECTOR ( 'NONE', #130, 1000.000000000000000 ) ;
#5291 = EDGE_LOOP ( 'NONE', ( #6652, #5703, #5747, #8475 ) ) ;
#5292 = CARTESIAN_POINT ( 'NONE',  ( 63.12186535763331108, -851.0000000000001137, -297.0000000000000568 ) ) ;
#5293 = DIRECTION ( 'NONE',  ( 1.000000000000000000, 0.000000000000000000, 0.000000000000000000 ) ) ;
#5294 = ORIENTED_EDGE ( 'NONE', *, *, #8145, .F. ) ;
#5295 = DIRECTION ( 'NONE',  ( -0.9848077530122077983, -0.1736481776669321353, -0.000000000000000000 ) ) ;
#5296 = AXIS2_PLACEMENT_3D ( 'NONE', #2230, #7867, #1539 ) ;
#5297 = CARTESIAN_POINT ( 'NONE',  ( 245.2357379775465347, -230.2175041084763905, -99.00000000000002842 ) ) ;
#5298 = FACE_OUTER_BOUND ( 'NONE', #6992, .T. ) ;
#5299 = VERTEX_POINT ( 'NONE', #1873 ) ;
#5300 = DIRECTION ( 'NONE',  ( -1.000000000000000000, 0.000000000000000000, 0.000000000000000000 ) ) ;
#5301 = DIRECTION ( 'NONE',  ( 0.1736481776669320798, -0.9848077530122077983, 0.000000000000000000 ) ) ;
#5302 = PLANE ( 'NONE',  #4476 ) ;
#5303 = FACE_OUTER_BOUND ( 'NONE', #937, .T. ) ;
#5304 = EDGE_CURVE ( 'NONE', #6854, #3446, #9031, .T. ) ;
#5305 = DIRECTION ( 'NONE',  ( 0.5150380749100574862, 0.000000000000000000, -0.8571673007021104462 ) ) ;
#5306 = EDGE_CURVE ( 'NONE', #9066, #6430, #8246, .T. ) ;
#5307 = ADVANCED_FACE ( 'NONE', ( #1132 ), #3345, .F. ) ;
#5308 = ORIENTED_EDGE ( 'NONE', *, *, #491, .F. ) ;
#5309 = DIRECTION ( 'NONE',  ( 1.000000000000000000, 0.000000000000000000, 0.000000000000000000 ) ) ;
#5310 = EDGE_LOOP ( 'NONE', ( #1428, #2146, #2658, #6967 ) ) ;
#5311 = LINE ( 'NONE', #6098, #7563 ) ;
#5312 = CARTESIAN_POINT ( 'NONE',  ( -219.7279340459980972, -164.7597307529605928, -417.7571593928226434 ) ) ;
#5313 = DIRECTION ( 'NONE',  ( 1.000000000000000000, 1.596294787383402785E-16, -0.000000000000000000 ) ) ;
#5314 = VERTEX_POINT ( 'NONE', #2654 ) ;
#5315 = ADVANCED_FACE ( 'NONE', ( #4965 ), #7744, .F. ) ;
#5316 = CONICAL_SURFACE ( 'NONE', #8853, 245.0000000000000000, 0.5235987755983000369 ) ;
#5317 = DIRECTION ( 'NONE',  ( 0.000000000000000000, 1.000000000000000000, 0.000000000000000000 ) ) ;
#5318 = ORIENTED_EDGE ( 'NONE', *, *, #4139, .T. ) ;
#5319 = ORIENTED_EDGE ( 'NONE', *, *, #4343, .F. ) ;
#5320 = EDGE_LOOP ( 'NONE', ( #1830, #3496, #8878, #8836, #3901, #1716, #3132 ) ) ;
#5321 = CARTESIAN_POINT ( 'NONE',  ( 255.4757059743467664, -1521.000000000000227, 143.9999999999999432 ) ) ;
#5322 = AXIS2_PLACEMENT_3D ( 'NONE', #3395, #7654, #6447 ) ;
#5323 = AXIS2_PLACEMENT_3D ( 'NONE', #7206, #6460, #8041 ) ;
#5324 = DIRECTION ( 'NONE',  ( 0.000000000000000000, 1.000000000000000000, 0.000000000000000000 ) ) ;
#5325 = CARTESIAN_POINT ( 'NONE',  ( 70.93087364840008036, -1665.293642508306903, 15.10074359205730232 ) ) ;
#5326 = LINE ( 'NONE', #8934, #2910 ) ;
#5327 = CARTESIAN_POINT ( 'NONE',  ( 63.12186535763325423, -435.9999999999999432, 252.0000000000000000 ) ) ;
#5328 = ORIENTED_EDGE ( 'NONE', *, *, #7594, .T. ) ;
#5329 = LINE ( 'NONE', #8715, #5021 ) ;
#5330 = VECTOR ( 'NONE', #347, 1000.000000000000000 ) ;
#5331 = VECTOR ( 'NONE', #7621, 1000.000000000000000 ) ;
#5332 = VERTEX_POINT ( 'NONE', #1553 ) ;
#5333 = B_SPLINE_CURVE_WITH_KNOTS ( 'NONE', 3,
 ( #2982, #6305, #8576, #2802, #7156, #5058, #8442, #22, #2160, #4971, #7799, #767, #1509, #4332, #820, #3642, #5754, #6015, #8931, #388 ),
 .UNSPECIFIED., .F., .F.,
 ( 4, 2, 2, 2, 2, 2, 2, 2, 2, 4 ),
 ( 3.194057732863757964E-07, 0.01708656148445100373, 0.03417280356312872580, 0.05125904564180644440, 0.06834528772048416301, 0.08543152979916186773, 0.08970309031883130779, 0.09397465083850073397, 0.1025177718778396002, 0.1366902560351951068 ),
 .UNSPECIFIED. ) ;
#5334 = ORIENTED_EDGE ( 'NONE', *, *, #7691, .T. ) ;
#5335 = CARTESIAN_POINT ( 'NONE',  ( 310.4757059743467380, -1186.000000000000000, -252.0000000000001137 ) ) ;
#5336 = CIRCLE ( 'NONE', #4188, 45.00000000000004263 ) ;
#5337 = CIRCLE ( 'NONE', #8450, 8.749999999999980460 ) ;
#5338 = EDGE_CURVE ( 'NONE', #801, #3126, #4367, .T. ) ;
#5339 = AXIS2_PLACEMENT_3D ( 'NONE', #4810, #6326, #9067 ) ;
#5340 = CARTESIAN_POINT ( 'NONE',  ( 310.4757059743467948, -1353.999999999999545, 425.0000000000000000 ) ) ;
#5341 = CIRCLE ( 'NONE', #1956, 44.99999999999992895 ) ;
#5342 = CIRCLE ( 'NONE', #6526, 12.00000000000001066 ) ;
#5344 = ORIENTED_EDGE ( 'NONE', *, *, #2200, .F. ) ;
#5343 = EDGE_CURVE ( 'NONE', #5380, #7734, #2937, .T. ) ;
#5345 = DIRECTION ( 'NONE',  ( 1.000000000000000000, -1.110223024625155554E-15, -0.000000000000000000 ) ) ;
#5346 = VECTOR ( 'NONE', #8556, 1000.000000000000000 ) ;
#5347 = DIRECTION ( 'NONE',  ( -0.000000000000000000, -1.000000000000000000, -3.469446951953608765E-16 ) ) ;
#5348 = DIRECTION ( 'NONE',  ( -1.000000000000000000, -7.772245805989896776E-17, 0.000000000000000000 ) ) ;
#5349 = DIRECTION ( 'NONE',  ( 0.000000000000000000, 0.000000000000000000, -1.000000000000000000 ) ) ;
#5350 = VERTEX_POINT ( 'NONE', #7185 ) ;
#5352 = DIRECTION ( 'NONE',  ( 1.000000000000000000, 0.000000000000000000, 0.000000000000000000 ) ) ;
#5351 = AXIS2_PLACEMENT_3D ( 'NONE', #4669, #3376, #7495 ) ;
#5353 = DIRECTION ( 'NONE',  ( -1.000000000000000000, -7.772245805989896776E-17, 0.000000000000000000 ) ) ;
#5354 = CIRCLE ( 'NONE', #7871, 45.00000000000000711 ) ;
#5355 = CARTESIAN_POINT ( 'NONE',  ( 63.12186535763342476, -851.0000000000000000, 341.9999999999999432 ) ) ;
#5356 = CARTESIAN_POINT ( 'NONE',  ( -241.2778994879909362, -42.54380352839839219, 425.0000000000000000 ) ) ;
#5357 = VECTOR ( 'NONE', #7059, 1000.000000000000114 ) ;
#5358 = FACE_OUTER_BOUND ( 'NONE', #149, .T. ) ;
#5359 = CIRCLE ( 'NONE', #2125, 45.00000000000004263 ) ;
#5360 = ORIENTED_EDGE ( 'NONE', *, *, #3646, .F. ) ;
#5361 = DIRECTION ( 'NONE',  ( -0.1391731009600695457, 0.9902680687415696958, 0.000000000000000000 ) ) ;
#5362 = VERTEX_POINT ( 'NONE', #1502 ) ;
#5363 = CYLINDRICAL_SURFACE ( 'NONE', #8301, 9.999999999999959144 ) ;
#5364 = CARTESIAN_POINT ( 'NONE',  ( -220.6782699295496002, -159.3701081340450969, -421.9613817780680733 ) ) ;
#5365 = CARTESIAN_POINT ( 'NONE',  ( 310.4757059743468517, -1521.000000000000227, 296.9999999999999432 ) ) ;
#5366 = ORIENTED_EDGE ( 'NONE', *, *, #7084, .F. ) ;
#5367 = LOCAL_TIME ( 15, 23, 54.00000000000000000, #5116 ) ;
#5368 = EDGE_CURVE ( 'NONE', #5906, #2789, #810, .T. ) ;
#5369 = ADVANCED_FACE ( 'NONE', ( #6393 ), #3986, .F. ) ;
#5370 = CARTESIAN_POINT ( 'NONE',  ( -192.0375118373805776, -33.86139464505183128, 425.0000000000000000 ) ) ;
#5371 = AXIS2_PLACEMENT_3D ( 'NONE', #8645, #1617, #5026 ) ;
#5372 = VERTEX_POINT ( 'NONE', #851 ) ;
#5373 = EDGE_LOOP ( 'NONE', ( #2234, #55, #2911, #9074, #6862, #6936, #1482, #3552, #7096, #8802, #8891, #4853, #5695, #5598, #5433, #6924, #3515, #7688, #4982, #4770, #522, #1155, #8929, #6279, #6752, #4627, #3783, #6540, #8139, #8998, #5360, #6398, #434, #5067, #6593, #8850, #6601, #9117, #3688, #2493, #4423 ) ) ;
#5374 = VERTEX_POINT ( 'NONE', #5005 ) ;
#5375 = CARTESIAN_POINT ( 'NONE',  ( 310.4757059743466243, -298.9999999999999432, 425.0000000000000000 ) ) ;
#5376 = CARTESIAN_POINT ( 'NONE',  ( 257.6088888889320287, 90.00000000000001421, 421.2232222796539531 ) ) ;
#5377 = CARTESIAN_POINT ( 'NONE',  ( 76.93891561353734687, -1675.768026882556569, 6.155371393368531230 ) ) ;
#5378 = LINE ( 'NONE', #2478, #4383 ) ;
#5379 = CARTESIAN_POINT ( 'NONE',  ( 310.4757059743468517, -1521.000000000000000, -342.0000000000001137 ) ) ;
#5380 = VERTEX_POINT ( 'NONE', #8531 ) ;
#5381 = CARTESIAN_POINT ( 'NONE',  ( -18.92285242113014831, -1611.686496112869463, -17.81109148481768401 ) ) ;
#5382 = VECTOR ( 'NONE', #1610, 1000.000000000000000 ) ;
#5383 = ADVANCED_FACE ( 'NONE', ( #7003, #4279, #15 ), #6341, .F. ) ;
#5384 = VERTEX_POINT ( 'NONE', #8568 ) ;
#5385 = ORIENTED_EDGE ( 'NONE', *, *, #4685, .F. ) ;
#5386 = EDGE_CURVE ( 'NONE', #4381, #7680, #1179, .T. ) ;
#5387 = LINE ( 'NONE', #2660, #1512 ) ;
#5388 = CARTESIAN_POINT ( 'NONE',  ( 253.6583758061983644, -289.6234339087588978, -99.00000000000002842 ) ) ;
#5389 = CARTESIAN_POINT ( 'NONE',  ( 63.12186535763325423, -1521.000000000000227, -342.0000000000000568 ) ) ;
#5390 = ORIENTED_EDGE ( 'NONE', *, *, #8798, .F. ) ;
#5391 = CARTESIAN_POINT ( 'NONE',  ( 310.4757059743468517, -1441.000000000000000, 297.0000000000000000 ) ) ;
#5392 = CARTESIAN_POINT ( 'NONE',  ( -119.4814810259275077, -215.6903739126751418, -192.7228647217515061 ) ) ;
#5393 = FACE_OUTER_BOUND ( 'NONE', #1616, .T. ) ;
#5394 = DIRECTION ( 'NONE',  ( 0.000000000000000000, 1.000000000000000000, 0.000000000000000000 ) ) ;
#5395 = ORIENTED_EDGE ( 'NONE', *, *, #3831, .T. ) ;
#5396 = CARTESIAN_POINT ( 'NONE',  ( 625.3700136052048038, -406.1200353932474627, 425.0000000000000000 ) ) ;
#5397 = FACE_OUTER_BOUND ( 'NONE', #6203, .T. ) ;
#5398 = EDGE_CURVE ( 'NONE', #2959, #5372, #1416, .T. ) ;
#5399 = CARTESIAN_POINT ( 'NONE',  ( 41.07422256427195606, -1526.186067574714116, -375.9999999999999432 ) ) ;
#5400 = CARTESIAN_POINT ( 'NONE',  ( 63.12186535763325423, -1441.000000000000000, -297.0000000000000568 ) ) ;
#5401 = EDGE_CURVE ( 'NONE', #8734, #5456, #7533, .T. ) ;
#5402 = LINE ( 'NONE', #1944, #2284 ) ;
#5403 = VECTOR ( 'NONE', #7372, 1000.000000000000000 ) ;
#5404 = VERTEX_POINT ( 'NONE', #147 ) ;
#5405 = DIRECTION ( 'NONE',  ( 0.1736481776669320798, -0.9848077530122077983, 0.000000000000000000 ) ) ;
#5406 = ORIENTED_EDGE ( 'NONE', *, *, #8607, .F. ) ;
#5407 = DIRECTION ( 'NONE',  ( 0.000000000000000000, 0.000000000000000000, -1.000000000000000000 ) ) ;
#5408 = CARTESIAN_POINT ( 'NONE',  ( -221.5325173374107237, -154.5254303403869756, -423.6337706118591768 ) ) ;
#5409 = DIRECTION ( 'NONE',  ( 1.000000000000000000, -0.000000000000000000, -0.000000000000000000 ) ) ;
#5410 = EDGE_LOOP ( 'NONE', ( #4641, #1424, #3053, #904 ) ) ;
#5411 = AXIS2_PLACEMENT_3D ( 'NONE', #6201, #7741, #9080 ) ;
#5412 = DIRECTION ( 'NONE',  ( 0.000000000000000000, 0.000000000000000000, 1.000000000000000000 ) ) ;
#5413 = VERTEX_POINT ( 'NONE', #7689 ) ;
#5414 = ORIENTED_EDGE ( 'NONE', *, *, #3217, .F. ) ;
#5415 = AXIS2_PLACEMENT_3D ( 'NONE', #5547, #7671, #791 ) ;
#5416 = ORIENTED_EDGE ( 'NONE', *, *, #921, .F. ) ;
#5417 = FACE_OUTER_BOUND ( 'NONE', #6897, .T. ) ;
#5418 = CARTESIAN_POINT ( 'NONE',  ( 255.6175093638659064, 90.00000000000000000, 423.0435629220528426 ) ) ;
#5419 = LINE ( 'NONE', #4776, #7857 ) ;
#5420 = LINE ( 'NONE', #8806, #2607 ) ;
#5421 = CARTESIAN_POINT ( 'NONE',  ( 310.4757059743467948, -1441.000000000000000, -297.0000000000000568 ) ) ;
#5422 = ORIENTED_EDGE ( 'NONE', *, *, #5944, .T. ) ;
#5423 = CARTESIAN_POINT ( 'NONE',  ( -17.61705057780649497, -1601.138834413757195, -12.71518237032911891 ) ) ;
#5424 = EDGE_CURVE ( 'NONE', #2296, #8728, #64, .T. ) ;
#5425 = ORIENTED_EDGE ( 'NONE', *, *, #7523, .T. ) ;
#5426 = ORIENTED_EDGE ( 'NONE', *, *, #66, .T. ) ;
#5427 = EDGE_CURVE ( 'NONE', #7356, #6553, #2895, .T. ) ;
#5428 = CARTESIAN_POINT ( 'NONE',  ( 63.12186535763325423, -1441.000000000000000, -99.00000000000004263 ) ) ;
#5429 = CARTESIAN_POINT ( 'NONE',  ( 255.4757059743467664, -1441.000000000000000, -297.0000000000000568 ) ) ;
#5430 = ADVANCED_FACE ( 'NONE', ( #5790 ), #8619, .F. ) ;
#5431 = ADVANCED_FACE ( 'NONE', ( #4320, #5612, #8490, #8434, #2102, #4234, #7149, #7049, #718 ), #3539, .F. ) ;
#5432 = CARTESIAN_POINT ( 'NONE',  ( 310.4757059743466812, -770.9999999999998863, 98.99999999999995737 ) ) ;
#5433 = ORIENTED_EDGE ( 'NONE', *, *, #6771, .F. ) ;
#5434 = FACE_OUTER_BOUND ( 'NONE', #6009, .T. ) ;
#5435 = AXIS2_PLACEMENT_3D ( 'NONE', #5400, #595, #4012 ) ;
#5436 = DIRECTION ( 'NONE',  ( 1.000000000000000000, 1.596294787383402785E-16, -0.000000000000000000 ) ) ;
#5437 = FACE_BOUND ( 'NONE', #1254, .T. ) ;
#5438 = CIRCLE ( 'NONE', #6174, 45.00000000000001421 ) ;
#5439 = DIRECTION ( 'NONE',  ( -0.9848077530122076872, -0.1736481776669321075, -0.000000000000000000 ) ) ;
#5440 = VERTEX_POINT ( 'NONE', #3028 ) ;
#5441 = DIRECTION ( 'NONE',  ( -0.000000000000000000, -0.000000000000000000, 1.000000000000000000 ) ) ;
#5442 = LINE ( 'NONE', #1245, #5496 ) ;
#5443 = CARTESIAN_POINT ( 'NONE',  ( 310.4757059743466243, -298.9999999999999432, -425.0000000000000000 ) ) ;
#5444 = CARTESIAN_POINT ( 'NONE',  ( 255.4757059743467664, -1105.999999999999773, -342.0000000000001137 ) ) ;
#5445 = ORIENTED_EDGE ( 'NONE', *, *, #7315, .F. ) ;
#5446 = CARTESIAN_POINT ( 'NONE',  ( 245.6517048751560992, -232.6530099889278347, -110.9730706190774470 ) ) ;
#5447 = EDGE_CURVE ( 'NONE', #7537, #2310, #8579, .T. ) ;
#5448 = VERTEX_POINT ( 'NONE', #892 ) ;
#5449 = ADVANCED_FACE ( 'NONE', ( #4407 ), #6523, .F. ) ;
#5450 = FACE_OUTER_BOUND ( 'NONE', #2036, .T. ) ;
#5451 = DIRECTION ( 'NONE',  ( -1.000000000000000000, 1.506336130350388541E-16, -0.000000000000000000 ) ) ;
#5452 = VERTEX_POINT ( 'NONE', #1233 ) ;
#5453 = CARTESIAN_POINT ( 'NONE',  ( 255.4757059743467664, -1521.000000000000227, 53.99999999999996447 ) ) ;
#5454 = DIRECTION ( 'NONE',  ( -1.000000000000000000, 0.000000000000000000, 0.000000000000000000 ) ) ;
#5455 = DIRECTION ( 'NONE',  ( -1.000000000000000000, -7.772245805989896776E-17, 0.000000000000000000 ) ) ;
#5456 = VERTEX_POINT ( 'NONE', #8989 ) ;
#5457 = EDGE_CURVE ( 'NONE', #1556, #2861, #4091, .T. ) ;
#5458 = CARTESIAN_POINT ( 'NONE',  ( 191.3548860229775812, -181.6683775030651304, -222.6554782556006273 ) ) ;
#5459 = ORIENTED_EDGE ( 'NONE', *, *, #5117, .T. ) ;
#5460 = EDGE_CURVE ( 'NONE', #6769, #5448, #5471, .T. ) ;
#5461 = VERTEX_POINT ( 'NONE', #4689 ) ;
#5462 = ORIENTED_EDGE ( 'NONE', *, *, #2491, .F. ) ;
#5463 = DIRECTION ( 'NONE',  ( 1.000000000000000000, 1.596294787383402785E-16, -0.000000000000000000 ) ) ;
#5464 = DIRECTION ( 'NONE',  ( 0.000000000000000000, 0.000000000000000000, 1.000000000000000000 ) ) ;
#5465 = LINE ( 'NONE', #6900, #5644 ) ;
#5466 = DIRECTION ( 'NONE',  ( 0.000000000000000000, 1.000000000000000000, 0.000000000000000000 ) ) ;
#5467 = CARTESIAN_POINT ( 'NONE',  ( 63.12186535763336792, -1105.999999999999773, 98.99999999999995737 ) ) ;
#5468 = ORIENTED_EDGE ( 'NONE', *, *, #1608, .F. ) ;
#5469 = CARTESIAN_POINT ( 'NONE',  ( -25.34239733664251304, -1620.026268034001760, -16.31884511011474004 ) ) ;
#5470 = EDGE_LOOP ( 'NONE', ( #6333, #4993, #5604, #2748 ) ) ;
#5471 = CIRCLE ( 'NONE', #1933, 44.99999999999998579 ) ;
#5472 = ORIENTED_EDGE ( 'NONE', *, *, #2541, .T. ) ;
#5473 = EDGE_CURVE ( 'NONE', #4128, #6522, #3403, .T. ) ;
#5474 = CYLINDRICAL_SURFACE ( 'NONE', #6962, 30.00000000000004974 ) ;
#5475 = CARTESIAN_POINT ( 'NONE',  ( -223.7301742539424367, -142.0618986239041703, -425.0000000000000000 ) ) ;
#5476 = EDGE_CURVE ( 'NONE', #8323, #3703, #6910, .T. ) ;
#5477 = VECTOR ( 'NONE', #5579, 1000.000000000000000 ) ;
#5478 = EDGE_CURVE ( 'NONE', #2710, #5119, #1185, .T. ) ;
#5479 = CARTESIAN_POINT ( 'NONE',  ( 320.4757059743469085, -633.9999999999998863, -425.0000000000000000 ) ) ;
#5480 = EDGE_CURVE ( 'NONE', #6292, #8514, #536, .T. ) ;
#5481 = ORIENTED_EDGE ( 'NONE', *, *, #1263, .F. ) ;
#5482 = CARTESIAN_POINT ( 'NONE',  ( 63.12186535763325423, -516.0000000000000000, -342.0000000000000568 ) ) ;
#5483 = AXIS2_PLACEMENT_3D ( 'NONE', #266, #2394, #2993 ) ;
#5484 = ADVANCED_FACE ( 'NONE', ( #8897 ), #6070, .F. ) ;
#5485 = CARTESIAN_POINT ( 'NONE',  ( -115.1698894684386687, -216.7274497010568268, -190.7408237877380088 ) ) ;
#5486 = DIRECTION ( 'NONE',  ( -0.9902680687415702510, -0.1391731009600656876, 0.000000000000000000 ) ) ;
#5487 = CARTESIAN_POINT ( 'NONE',  ( 63.12186535763325423, -1441.000000000000000, 98.99999999999995737 ) ) ;
#5489 = EDGE_LOOP ( 'NONE', ( #7276, #7119, #2263, #3905 ) ) ;
#5488 = AXIS2_PLACEMENT_3D ( 'NONE', #942, #3765, #6653 ) ;
#5490 = LINE ( 'NONE', #2303, #6785 ) ;
#5491 = CARTESIAN_POINT ( 'NONE',  ( 245.5863103836340997, -232.2298437225668408, 286.0646732637853233 ) ) ;
#5492 = DIRECTION ( 'NONE',  ( 1.000000000000000000, 1.596294787383402785E-16, -0.000000000000000000 ) ) ;
#5493 = CYLINDRICAL_SURFACE ( 'NONE', #5161, 8.749999999999980460 ) ;
#5494 = AXIS2_PLACEMENT_3D ( 'NONE', #3948, #3987, #8935 ) ;
#5495 = VECTOR ( 'NONE', #8069, 1000.000000000000000 ) ;
#5496 = VECTOR ( 'NONE', #593, 1000.000000000000000 ) ;
#5497 = FACE_OUTER_BOUND ( 'NONE', #8158, .T. ) ;
#5498 = EDGE_LOOP ( 'NONE', ( #2604, #5767, #6977, #4736 ) ) ;
#5499 = DIRECTION ( 'NONE',  ( 1.000000000000000000, -8.397324299170181201E-15, 0.000000000000000000 ) ) ;
#5500 = ORIENTED_EDGE ( 'NONE', *, *, #3390, .T. ) ;
#5501 = CIRCLE ( 'NONE', #5351, 18.00000000000018474 ) ;
#5502 = CARTESIAN_POINT ( 'NONE',  ( 255.4757059743467664, -1061.000000000000000, -297.0000000000000568 ) ) ;
#5503 = DIRECTION ( 'NONE',  ( 0.000000000000000000, 1.000000000000000000, 0.000000000000000000 ) ) ;
#5504 = ORIENTED_EDGE ( 'NONE', *, *, #9100, .F. ) ;
#5505 = PLANE ( 'NONE',  #2542 ) ;
#5506 = CARTESIAN_POINT ( 'NONE',  ( 63.12186535763325423, -516.0000000000000000, -144.0000000000000568 ) ) ;
#5507 = DIRECTION ( 'NONE',  ( -0.000000000000000000, -0.000000000000000000, -1.000000000000000000 ) ) ;
#5508 = ORIENTED_EDGE ( 'NONE', *, *, #915, .F. ) ;
#5509 = CIRCLE ( 'NONE', #4921, 275.0222139978606606 ) ;
#5510 = AXIS2_PLACEMENT_3D ( 'NONE', #5541, #1288, #7022 ) ;
#5511 = AXIS2_PLACEMENT_3D ( 'NONE', #5892, #8673, #2438 ) ;
#5512 = CARTESIAN_POINT ( 'NONE',  ( 310.4757059743466243, -1639.000000000000000, 425.0000000000000000 ) ) ;
#5513 = ORIENTED_EDGE ( 'NONE', *, *, #539, .T. ) ;
#5514 = ORIENTED_EDGE ( 'NONE', *, *, #8421, .F. ) ;
#5515 = ORIENTED_EDGE ( 'NONE', *, *, #7658, .F. ) ;
#5516 = AXIS2_PLACEMENT_3D ( 'NONE', #8901, #3214, #4690 ) ;
#5517 = DIRECTION ( 'NONE',  ( 1.596294787383402785E-16, -1.000000000000000000, 0.000000000000000000 ) ) ;
#5518 = CARTESIAN_POINT ( 'NONE',  ( 252.9186964810506879, 90.00000000000001421, 424.3979542248346775 ) ) ;
#5519 = CARTESIAN_POINT ( 'NONE',  ( 255.4757059743467664, -770.9999999999998863, -54.00000000000005684 ) ) ;
#5520 = CARTESIAN_POINT ( 'NONE',  ( 458.6941282063430663, -855.3431854633304283, -342.0000000000000000 ) ) ;
#5521 = CARTESIAN_POINT ( 'NONE',  ( 63.12186535763336792, -851.0000000000000000, -99.00000000000005684 ) ) ;
#5522 = ORIENTED_EDGE ( 'NONE', *, *, #8458, .T. ) ;
#5523 = CARTESIAN_POINT ( 'NONE',  ( -20.48864498118311772, -1614.736216193211249, -17.99082495259509429 ) ) ;
#5524 = ADVANCED_FACE ( 'NONE', ( #7471, #6766 ), #3308, .F. ) ;
#5525 = AXIS2_PLACEMENT_3D ( 'NONE', #6794, #8927, #2600 ) ;
#5526 = ORIENTED_EDGE ( 'NONE', *, *, #6851, .T. ) ;
#5527 = ORIENTED_EDGE ( 'NONE', *, *, #5008, .T. ) ;
#5528 = VECTOR ( 'NONE', #4845, 1000.000000000000114 ) ;
#5529 = LINE ( 'NONE', #1879, #3423 ) ;
#5530 = DIRECTION ( 'NONE',  ( -0.000000000000000000, -0.000000000000000000, -1.000000000000000000 ) ) ;
#5531 = FACE_BOUND ( 'NONE', #2790, .T. ) ;
#5532 = AXIS2_PLACEMENT_3D ( 'NONE', #2860, #2024, #5533 ) ;
#5533 = DIRECTION ( 'NONE',  ( 1.000000000000000000, 0.000000000000000000, 0.000000000000000000 ) ) ;
#5534 = LINE ( 'NONE', #8174, #6655 ) ;
#5535 = CARTESIAN_POINT ( 'NONE',  ( 295.9999999999999432, -195.9999999999999147, -425.0000000000000000 ) ) ;
#5536 = EDGE_CURVE ( 'NONE', #6842, #5916, #2819, .T. ) ;
#5537 = CARTESIAN_POINT ( 'NONE',  ( -200.2500000000000000, 2.452355215292574813E-14, -275.0000000000000000 ) ) ;
#5538 = ORIENTED_EDGE ( 'NONE', *, *, #7572, .F. ) ;
#5539 = FACE_OUTER_BOUND ( 'NONE', #6027, .T. ) ;
#5540 = CARTESIAN_POINT ( 'NONE',  ( 310.4757059743468517, -1521.000000000000227, 98.99999999999994316 ) ) ;
#5541 = CARTESIAN_POINT ( 'NONE',  ( 0.000000000000000000, 0.000000000000000000, -275.0000000000000000 ) ) ;
#5542 = CARTESIAN_POINT ( 'NONE',  ( 310.4757059743466243, -516.0000000000000000, 252.0000000000000000 ) ) ;
#5543 = CARTESIAN_POINT ( 'NONE',  ( 259.8792377091426147, 90.00000000000001421, -415.0000000000000000 ) ) ;
#5544 = ORIENTED_EDGE ( 'NONE', *, *, #7105, .F. ) ;
#5545 = CARTESIAN_POINT ( 'NONE',  ( 329.9999999999999432, -115.9999999999999858, -328.7500000000000000 ) ) ;
#5546 = ORIENTED_EDGE ( 'NONE', *, *, #2445, .T. ) ;
#5547 = CARTESIAN_POINT ( 'NONE',  ( 324.9999999999999432, 184.0000000000000000, -99.99999999999997158 ) ) ;
#5548 = CARTESIAN_POINT ( 'NONE',  ( 255.4757059743467664, -1521.000000000000227, -54.00000000000007816 ) ) ;
#5549 = ORIENTED_EDGE ( 'NONE', *, *, #3311, .T. ) ;
#5550 = DIRECTION ( 'NONE',  ( -1.000000000000000000, -7.772245805989896776E-17, 0.000000000000000000 ) ) ;
#5551 = CARTESIAN_POINT ( 'NONE',  ( 255.4757059743467664, -1521.000000000000227, -144.0000000000000568 ) ) ;
#5552 = EDGE_CURVE ( 'NONE', #4325, #7369, #2762, .T. ) ;
#5553 = CARTESIAN_POINT ( 'NONE',  ( 310.4757059743466243, -298.9999999999999432, -425.0000000000000000 ) ) ;
#5554 = EDGE_LOOP ( 'NONE', ( #7673, #3699, #7598, #4803, #4956, #423, #4379, #8023, #2602, #4524, #3949 ) ) ;
#5555 = EDGE_CURVE ( 'NONE', #6150, #8461, #4136, .T. ) ;
#5556 = PLANE ( 'NONE',  #5959 ) ;
#5557 = ORIENTED_EDGE ( 'NONE', *, *, #2881, .T. ) ;
#5558 = VERTEX_POINT ( 'NONE', #5388 ) ;
#5559 = ORIENTED_EDGE ( 'NONE', *, *, #4390, .F. ) ;
#5560 = FACE_BOUND ( 'NONE', #5898, .T. ) ;
#5561 = VECTOR ( 'NONE', #6901, 1000.000000000000000 ) ;
#5562 = CARTESIAN_POINT ( 'NONE',  ( 310.4757059743467948, -1521.000000000000227, -54.00000000000007816 ) ) ;
#5563 = DIRECTION ( 'NONE',  ( 0.1736481776669320798, -0.9848077530122077983, 0.000000000000000000 ) ) ;
#5564 = CARTESIAN_POINT ( 'NONE',  ( 310.4757059743467380, -1105.999999999999773, 297.0000000000000000 ) ) ;
#5565 = DIRECTION ( 'NONE',  ( 1.000000000000000000, 1.596294787383402785E-16, 0.000000000000000000 ) ) ;
#5566 = EDGE_LOOP ( 'NONE', ( #4487, #6506, #162, #479, #7783, #9021, #3382, #2990 ) ) ;
#5567 = CARTESIAN_POINT ( 'NONE',  ( 320.4757059743469085, -1304.000000000000000, 425.0000000000000000 ) ) ;
#5568 = ORIENTED_EDGE ( 'NONE', *, *, #8655, .F. ) ;
#5569 = CIRCLE ( 'NONE', #1134, 275.0222139978606606 ) ;
#5570 = VERTEX_POINT ( 'NONE', #629 ) ;
#5571 = EDGE_CURVE ( 'NONE', #4438, #5697, #159, .T. ) ;
#5572 = LINE ( 'NONE', #4872, #4739 ) ;
#5573 = DIRECTION ( 'NONE',  ( -0.4067366430757953788, -0.9135454576426029760, 0.000000000000000000 ) ) ;
#5574 = EDGE_CURVE ( 'NONE', #2586, #3483, #7106, .T. ) ;
#5575 = VECTOR ( 'NONE', #7030, 1000.000000000000000 ) ;
#5576 = CARTESIAN_POINT ( 'NONE',  ( 0.000000000000000000, 0.000000000000000000, -433.0000000000000000 ) ) ;
#5577 = DIRECTION ( 'NONE',  ( 1.000000000000000000, 1.596294787383402785E-16, -0.000000000000000000 ) ) ;
#5578 = VERTEX_POINT ( 'NONE', #2661 ) ;
#5579 = DIRECTION ( 'NONE',  ( -1.000000000000000000, -0.000000000000000000, -0.000000000000000000 ) ) ;
#5580 = CYLINDRICAL_SURFACE ( 'NONE', #3650, 17.50000000000002842 ) ;
#5581 = PERSON ( 'UNSPECIFIED', 'UNSPECIFIED', 'UNSPECIFIED', ('UNSPECIFIED'), ('UNSPECIFIED'), ('UNSPECIFIED') ) ;
#5582 = DIRECTION ( 'NONE',  ( 5.538260084506780731E-32, -3.469446951953608765E-16, 1.000000000000000000 ) ) ;
#5583 = ORIENTED_EDGE ( 'NONE', *, *, #4010, .T. ) ;
#5584 = CARTESIAN_POINT ( 'NONE',  ( 245.4679228849008723, -231.5011306388962851, 288.1815849510795715 ) ) ;
#5585 = CARTESIAN_POINT ( 'NONE',  ( 63.12186535763325423, -435.9999999999999432, -99.00000000000004263 ) ) ;
#5586 = DIRECTION ( 'NONE',  ( 1.000000000000000000, 0.000000000000000000, -0.000000000000000000 ) ) ;
#5587 = DIRECTION ( 'NONE',  ( -0.8386705679454260487, 0.5446390350150239756, -0.000000000000000000 ) ) ;
#5588 = VERTEX_POINT ( 'NONE', #5475 ) ;
#5589 = CARTESIAN_POINT ( 'NONE',  ( 369.9999999999999432, -115.9999999999999858, -100.0000000000000142 ) ) ;
#5590 = ORIENTED_EDGE ( 'NONE', *, *, #2103, .T. ) ;
#5591 = CARTESIAN_POINT ( 'NONE',  ( -466.6501183485771094, -390.8561909204964877, -99.00000000000002842 ) ) ;
#5592 = EDGE_CURVE ( 'NONE', #4311, #6481, #8211, .T. ) ;
#5593 = CARTESIAN_POINT ( 'NONE',  ( 245.2357379775465347, -230.2175041084763905, 98.99999999999997158 ) ) ;
#5594 = VERTEX_POINT ( 'NONE', #8299 ) ;
#5595 = CARTESIAN_POINT ( 'NONE',  ( -124.2906801602892273, -245.3096549777295365, 425.0000000000000000 ) ) ;
#5596 = CARTESIAN_POINT ( 'NONE',  ( 319.9999999999999432, 184.0000000000000000, -317.5000000000000000 ) ) ;
#5597 = CARTESIAN_POINT ( 'NONE',  ( 310.4757059743467948, -1521.000000000000227, -297.0000000000000568 ) ) ;
#5598 = ORIENTED_EDGE ( 'NONE', *, *, #8381, .F. ) ;
#5599 = EDGE_CURVE ( 'NONE', #4269, #18, #8128, .T. ) ;
#5600 = EDGE_CURVE ( 'NONE', #1807, #1552, #6799, .T. ) ;
#5601 = CARTESIAN_POINT ( 'NONE',  ( -63.82630010998530423, -1614.212626615908221, -1.275620236539523278 ) ) ;
#5602 = ORIENTED_EDGE ( 'NONE', *, *, #4537, .T. ) ;
#5603 = ORIENTED_EDGE ( 'NONE', *, *, #1875, .F. ) ;
#5604 = ORIENTED_EDGE ( 'NONE', *, *, #1234, .T. ) ;
#5605 = CARTESIAN_POINT ( 'NONE',  ( 85.22480083098099612, -1641.720689437883038, 4.059646224988371799 ) ) ;
#5606 = CYLINDRICAL_SURFACE ( 'NONE', #930, 20.00000000000006040 ) ;
#5607 = EDGE_CURVE ( 'NONE', #2899, #8625, #2088, .T. ) ;
#5608 = CARTESIAN_POINT ( 'NONE',  ( 255.4757059743467664, -516.0000000000000000, -252.0000000000001137 ) ) ;
#5609 = LINE ( 'NONE', #5520, #8216 ) ;
#5610 = DIRECTION ( 'NONE',  ( 0.000000000000000000, 1.000000000000000000, 0.000000000000000000 ) ) ;
#5611 = ORIENTED_EDGE ( 'NONE', *, *, #4139, .F. ) ;
#5612 = FACE_BOUND ( 'NONE', #3494, .T. ) ;
#5613 = ORIENTED_EDGE ( 'NONE', *, *, #2498, .T. ) ;
#5614 = ORIENTED_EDGE ( 'NONE', *, *, #8731, .T. ) ;
#5615 = VECTOR ( 'NONE', #4460, 1000.000000000000000 ) ;
#5616 = FACE_OUTER_BOUND ( 'NONE', #3305, .T. ) ;
#5617 = CYLINDRICAL_SURFACE ( 'NONE', #7249, 9.999999999999959144 ) ;
#5618 = DIRECTION ( 'NONE',  ( 0.000000000000000000, 0.000000000000000000, -1.000000000000000000 ) ) ;
#5619 = CARTESIAN_POINT ( 'NONE',  ( -522.4838454937388406, -186.6266966476980258, 25.00000000000000000 ) ) ;
#5620 = VERTEX_POINT ( 'NONE', #8397 ) ;
#5621 = DIRECTION ( 'NONE',  ( -0.000000000000000000, -0.000000000000000000, -1.000000000000000000 ) ) ;
#5622 = AXIS2_PLACEMENT_3D ( 'NONE', #1776, #4719, #3906 ) ;
#5623 = DIRECTION ( 'NONE',  ( 7.772245805989896776E-17, -1.000000000000000000, -1.734723475976804629E-16 ) ) ;
#5624 = AXIS2_PLACEMENT_3D ( 'NONE', #735, #7810, #647 ) ;
#5625 = CARTESIAN_POINT ( 'NONE',  ( 458.6941282063430663, -855.3431854633304283, 297.0000000000000568 ) ) ;
#5626 = ORIENTED_EDGE ( 'NONE', *, *, #7763, .F. ) ;
#5627 = DIRECTION ( 'NONE',  ( 0.000000000000000000, 1.000000000000000000, 0.000000000000000000 ) ) ;
#5628 = FACE_OUTER_BOUND ( 'NONE', #4985, .T. ) ;
#5629 = ADVANCED_FACE ( 'NONE', ( #5669, #2064 ), #8500, .T. ) ;
#5630 = CYLINDRICAL_SURFACE ( 'NONE', #9017, 8.749999999999980460 ) ;
#5631 = ADVANCED_FACE ( 'NONE', ( #4873 ), #5617, .F. ) ;
#5632 = ORIENTED_EDGE ( 'NONE', *, *, #5555, .F. ) ;
#5633 = DIRECTION ( 'NONE',  ( 1.000000000000000000, 1.596294787383402785E-16, -0.000000000000000000 ) ) ;
#5634 = AXIS2_PLACEMENT_3D ( 'NONE', #7128, #1581, #7999 ) ;
#5635 = VERTEX_POINT ( 'NONE', #2903 ) ;
#5636 = CYLINDRICAL_SURFACE ( 'NONE', #4092, 12.00000000000003908 ) ;
#5637 = CARTESIAN_POINT ( 'NONE',  ( 245.2357379775465347, -230.2175041084763905, 98.99999999999997158 ) ) ;
#5638 = ORIENTED_EDGE ( 'NONE', *, *, #1089, .F. ) ;
#5639 = LINE ( 'NONE', #4949, #8308 ) ;
#5640 = LINE ( 'NONE', #5506, #6809 ) ;
#5641 = VECTOR ( 'NONE', #6867, 1000.000000000000000 ) ;
#5642 = FACE_OUTER_BOUND ( 'NONE', #5922, .T. ) ;
#5643 = CARTESIAN_POINT ( 'NONE',  ( -610.3559649528139062, -1370.881942455822582, 25.00000000000000000 ) ) ;
#5644 = VECTOR ( 'NONE', #4125, 1000.000000000000000 ) ;
#5645 = CARTESIAN_POINT ( 'NONE',  ( 320.4757059743469085, -969.0000000000000000, -425.0000000000000000 ) ) ;
#5646 = CIRCLE ( 'NONE', #1673, 44.99999999999998579 ) ;
#5647 = ORIENTED_EDGE ( 'NONE', *, *, #811, .T. ) ;
#5648 = AXIS2_PLACEMENT_3D ( 'NONE', #7644, #2792, #4911 ) ;
#5649 = ORIENTED_EDGE ( 'NONE', *, *, #2469, .T. ) ;
#5650 = EDGE_LOOP ( 'NONE', ( #5041, #673, #4905, #621 ) ) ;
#5651 = DIRECTION ( 'NONE',  ( -2.769130042253390366E-32, 1.734723475976804383E-16, -1.000000000000000000 ) ) ;
#5652 = VECTOR ( 'NONE', #371, 999.9999999999998863 ) ;
#5653 = CARTESIAN_POINT ( 'NONE',  ( 259.8792377091426147, 90.00000000000002842, 415.6728578468021738 ) ) ;
#5654 = CARTESIAN_POINT ( 'NONE',  ( 27.28479393348801096, -1277.699999999999818, 425.0000000000000000 ) ) ;
#5655 = CARTESIAN_POINT ( 'NONE',  ( -31.93389202846885766, -941.8541429223073465, -297.0000000000000568 ) ) ;
#5656 = FACE_OUTER_BOUND ( 'NONE', #5810, .T. ) ;
#5657 = EDGE_LOOP ( 'NONE', ( #2337, #5844, #6472, #4327, #2198 ) ) ;
#5658 = CARTESIAN_POINT ( 'NONE',  ( 63.12186535763336792, -1186.000000000000000, -252.0000000000001137 ) ) ;
#5659 = EDGE_CURVE ( 'NONE', #8881, #6206, #1562, .T. ) ;
#5660 = CIRCLE ( 'NONE', #5510, 200.2500000000000000 ) ;
#5661 = VECTOR ( 'NONE', #5905, 1000.000000000000000 ) ;
#5662 = EDGE_CURVE ( 'NONE', #7846, #8639, #3257, .T. ) ;
#5663 = AXIS2_PLACEMENT_3D ( 'NONE', #343, #249, #3069 ) ;
#5664 = VERTEX_POINT ( 'NONE', #4375 ) ;
#5665 = VERTEX_POINT ( 'NONE', #5013 ) ;
#5666 = VERTEX_POINT ( 'NONE', #1371 ) ;
#5667 = CIRCLE ( 'NONE', #353, 8.749999999999980460 ) ;
#5668 = FACE_BOUND ( 'NONE', #8573, .T. ) ;
#5669 = FACE_OUTER_BOUND ( 'NONE', #5752, .T. ) ;
#5670 = EDGE_CURVE ( 'NONE', #5413, #7632, #4929, .T. ) ;
#5671 = CARTESIAN_POINT ( 'NONE',  ( 255.4757059743467664, -725.9999999999998863, -297.0000000000000568 ) ) ;
#5672 = EDGE_CURVE ( 'NONE', #1746, #7541, #5176, .T. ) ;
#5673 = CARTESIAN_POINT ( 'NONE',  ( 310.4757059743467948, -1185.999999999999773, 54.00000000000000711 ) ) ;
#5674 = AXIS2_PLACEMENT_3D ( 'NONE', #598, #6365, #3615 ) ;
#5675 = ORIENTED_EDGE ( 'NONE', *, *, #7917, .T. ) ;
#5676 = LINE ( 'NONE', #121, #2678 ) ;
#5677 = EDGE_LOOP ( 'NONE', ( #5091, #4575, #6949, #1697 ) ) ;
#5678 = CARTESIAN_POINT ( 'NONE',  ( -17.69645729360513542, -1607.429805825989206, 16.59079900624917769 ) ) ;
#5679 = CARTESIAN_POINT ( 'NONE',  ( -31.93389202846878305, -941.8541429223073465, -342.0000000000000000 ) ) ;
#5680 = VECTOR ( 'NONE', #303, 1000.000000000000000 ) ;
#5681 = CARTESIAN_POINT ( 'NONE',  ( -73.36011168406758998, -994.8529006912033310, -99.00000000000000000 ) ) ;
#5682 = ORIENTED_EDGE ( 'NONE', *, *, #4046, .F. ) ;
#5683 = PLANE ( 'NONE',  #1098 ) ;
#5684 = ORIENTED_EDGE ( 'NONE', *, *, #6923, .T. ) ;
#5685 = EDGE_CURVE ( 'NONE', #6596, #2959, #7891, .T. ) ;
#5686 = CARTESIAN_POINT ( 'NONE',  ( 63.12186535763342476, -1105.999999999999773, 297.0000000000000000 ) ) ;
#5687 = CARTESIAN_POINT ( 'NONE',  ( 245.2357379775465347, -230.2175041084764189, 96.77255308226631314 ) ) ;
#5688 = ORIENTED_EDGE ( 'NONE', *, *, #2976, .T. ) ;
#5689 = FACE_OUTER_BOUND ( 'NONE', #7728, .T. ) ;
#5690 = CARTESIAN_POINT ( 'NONE',  ( 73.67324878405858612, -1650.165599977853162, -17.25850055426523255 ) ) ;
#5691 = CARTESIAN_POINT ( 'NONE',  ( 100.6118822656829650, -1687.425222369551875, -25.00000000000000000 ) ) ;
#5692 = FACE_OUTER_BOUND ( 'NONE', #4165, .T. ) ;
#5693 = ADVANCED_FACE ( 'NONE', ( #114 ), #8536, .T. ) ;
#5694 = LINE ( 'NONE', #4223, #6095 ) ;
#5695 = ORIENTED_EDGE ( 'NONE', *, *, #2489, .T. ) ;
#5696 = ORIENTED_EDGE ( 'NONE', *, *, #4481, .F. ) ;
#5697 = VERTEX_POINT ( 'NONE', #7010 ) ;
#5698 = CARTESIAN_POINT ( 'NONE',  ( 249.2672376898018456, 90.00000000000001421, 224.6315253253063986 ) ) ;
#5699 = FACE_OUTER_BOUND ( 'NONE', #743, .T. ) ;
#5700 = PLANE ( 'NONE',  #5204 ) ;
#5701 = CARTESIAN_POINT ( 'NONE',  ( -115.1698894684386687, -216.7274497010568268, 190.7408237877380088 ) ) ;
#5702 = FACE_OUTER_BOUND ( 'NONE', #370, .T. ) ;
#5703 = ORIENTED_EDGE ( 'NONE', *, *, #2233, .T. ) ;
#5704 = CARTESIAN_POINT ( 'NONE',  ( 118.8827914185351062, -1695.559955231067761, -1.275620236539608321 ) ) ;
#5705 = ORIENTED_EDGE ( 'NONE', *, *, #4645, .F. ) ;
#5706 = ORIENTED_EDGE ( 'NONE', *, *, #601, .T. ) ;
#5707 = AXIS2_PLACEMENT_3D ( 'NONE', #1170, #4777, #5466 ) ;
#5708 = ORIENTED_EDGE ( 'NONE', *, *, #6267, .F. ) ;
#5709 = CARTESIAN_POINT ( 'NONE',  ( 255.4757059743467664, -1521.000000000000227, 143.9999999999999432 ) ) ;
#5710 = CARTESIAN_POINT ( 'NONE',  ( 227.8705773021168000, 90.00000000000001421, 425.0000000000000000 ) ) ;
#5711 = EDGE_CURVE ( 'NONE', #2350, #5452, #8437, .T. ) ;
#5712 = CARTESIAN_POINT ( 'NONE',  ( 255.4757059743467664, -851.0000000000000000, 296.9999999999999432 ) ) ;
#5713 = CIRCLE ( 'NONE', #6449, 12.00000000000003908 ) ;
#5714 = EDGE_LOOP ( 'NONE', ( #8532, #6003 ) ) ;
#5715 = EDGE_CURVE ( 'NONE', #7064, #3391, #1048, .T. ) ;
#5716 = DIRECTION ( 'NONE',  ( -1.000000000000000000, -7.772245805989896776E-17, 0.000000000000000000 ) ) ;
#5717 = ORIENTED_EDGE ( 'NONE', *, *, #3932, .F. ) ;
#5718 = EDGE_CURVE ( 'NONE', #2169, #5877, #680, .T. ) ;
#5719 = DIRECTION ( 'NONE',  ( 0.000000000000000000, 1.000000000000000000, 0.000000000000000000 ) ) ;
#5720 = ORIENTED_EDGE ( 'NONE', *, *, #9111, .F. ) ;
#5721 = EDGE_CURVE ( 'NONE', #6230, #3843, #5333, .T. ) ;
#5722 = CARTESIAN_POINT ( 'NONE',  ( -21.45151087734133455, -1616.131232214475858, 17.83846510397329865 ) ) ;
#5723 = APPROVAL_STATUS ( 'not_yet_approved' ) ;
#5724 = LINE ( 'NONE', #4347, #6839 ) ;
#5725 = ORIENTED_EDGE ( 'NONE', *, *, #1761, .T. ) ;
#5726 = DIRECTION ( 'NONE',  ( -1.000000000000000000, -0.000000000000000000, -0.000000000000000000 ) ) ;
#5727 = VERTEX_POINT ( 'NONE', #6716 ) ;
#5728 = VECTOR ( 'NONE', #4305, 1000.000000000000114 ) ;
#5729 = PLANE ( 'NONE',  #6023 ) ;
#5730 = DIRECTION ( 'NONE',  ( 1.000000000000000000, 1.596294787383402785E-16, -0.000000000000000000 ) ) ;
#5731 = ORIENTED_EDGE ( 'NONE', *, *, #8208, .T. ) ;
#5732 = LINE ( 'NONE', #2181, #1679 ) ;
#5733 = CARTESIAN_POINT ( 'NONE',  ( 63.12186535763342476, -770.9999999999998863, 252.0000000000000000 ) ) ;
#5734 = DIRECTION ( 'NONE',  ( 1.000000000000000000, 1.596294787383402785E-16, 0.000000000000000000 ) ) ;
#5735 = CYLINDRICAL_SURFACE ( 'NONE', #3540, 44.99999999999998579 ) ;
#5736 = CARTESIAN_POINT ( 'NONE',  ( 324.9999999999999432, 184.0000000000000000, 82.50000000000000000 ) ) ;
#5737 = EDGE_LOOP ( 'NONE', ( #8838, #5142, #1402, #1636 ) ) ;
#5738 = EDGE_CURVE ( 'NONE', #9135, #8830, #4295, .T. ) ;
#5739 = VERTEX_POINT ( 'NONE', #8199 ) ;
#5740 = CARTESIAN_POINT ( 'NONE',  ( 76.52765024732886445, -1646.670586489056177, 15.31779829363289558 ) ) ;
#5741 = VECTOR ( 'NONE', #2632, 1000.000000000000000 ) ;
#5742 = LINE ( 'NONE', #1725, #5793 ) ;
#5743 = DIRECTION ( 'NONE',  ( -1.000000000000000000, 0.000000000000000000, 0.000000000000000000 ) ) ;
#5744 = EDGE_CURVE ( 'NONE', #7225, #4510, #2381, .T. ) ;
#5745 = CARTESIAN_POINT ( 'NONE',  ( 63.12186535763325423, -435.9999999999999432, -54.00000000000004974 ) ) ;
#5746 = CARTESIAN_POINT ( 'NONE',  ( 320.4757059743469085, -1639.000000000000000, 425.0000000000000000 ) ) ;
#5747 = ORIENTED_EDGE ( 'NONE', *, *, #8571, .T. ) ;
#5748 = CARTESIAN_POINT ( 'NONE',  ( 675.6902476819301455, -438.7983774941484967, 425.0000000000000000 ) ) ;
#5749 = EDGE_CURVE ( 'NONE', #1566, #7369, #7414, .T. ) ;
#5750 = ORIENTED_EDGE ( 'NONE', *, *, #5968, .F. ) ;
#5751 = ORIENTED_EDGE ( 'NONE', *, *, #5460, .F. ) ;
#5752 = EDGE_LOOP ( 'NONE', ( #7703, #5236 ) ) ;
#5753 = DIRECTION ( 'NONE',  ( -0.1391731009600695457, 0.9902680687415696958, 0.000000000000000000 ) ) ;
#5754 = CARTESIAN_POINT ( 'NONE',  ( -234.8215735857421578, -79.15944723934849492, 194.8315299024509386 ) ) ;
#5755 = DIRECTION ( 'NONE',  ( -1.000000000000000000, -5.551115123125777969E-15, 0.000000000000000000 ) ) ;
#5756 = B_SPLINE_CURVE_WITH_KNOTS ( 'NONE', 3,
 ( #643, #6224, #4149, #9098, #5584, #5491, #8407, #1386 ),
 .UNSPECIFIED., .F., .F.,
 ( 4, 2, 2, 4 ),
 ( 0.01336367230408837085, 0.02003490921140057765, 0.02337052766505676171, 0.02670614611871294578 ),
 .UNSPECIFIED. ) ;
#5757 = ORIENTED_EDGE ( 'NONE', *, *, #5861, .T. ) ;
#5758 = CARTESIAN_POINT ( 'NONE',  ( 310.4757059743467380, -1186.000000000000000, 341.9999999999999432 ) ) ;
#5759 = VERTEX_POINT ( 'NONE', #8839 ) ;
#5760 = ADVANCED_FACE ( 'NONE', ( #8107 ), #5976, .F. ) ;
#5761 = CARTESIAN_POINT ( 'NONE',  ( 255.4757059743467096, -435.9999999999999432, 341.9999999999999432 ) ) ;
#5762 = ORIENTED_EDGE ( 'NONE', *, *, #3991, .T. ) ;
#5763 = CARTESIAN_POINT ( 'NONE',  ( -41.98608582519967314, -1623.553075749198342, 3.772556843741046162 ) ) ;
#5764 = COORDINATED_UNIVERSAL_TIME_OFFSET ( 8, 0, .BEHIND. ) ;
#5765 = EDGE_CURVE ( 'NONE', #2987, #424, #3982, .T. ) ;
#5766 = DIRECTION ( 'NONE',  ( -0.1391731009600657709, 0.9902680687415702510, 0.000000000000000000 ) ) ;
#5767 = ORIENTED_EDGE ( 'NONE', *, *, #699, .T. ) ;
#5768 = DIRECTION ( 'NONE',  ( 1.000000000000000000, -0.000000000000000000, -0.000000000000000000 ) ) ;
#5769 = EDGE_CURVE ( 'NONE', #868, #4289, #4879, .T. ) ;
#5770 = AXIS2_PLACEMENT_3D ( 'NONE', #1178, #2021, #4732 ) ;
#5771 = LINE ( 'NONE', #2274, #7957 ) ;
#5772 = LINE ( 'NONE', #7996, #8304 ) ;
#5773 = ORIENTED_EDGE ( 'NONE', *, *, #7378, .T. ) ;
#5774 = LINE ( 'NONE', #2227, #3600 ) ;
#5775 = CARTESIAN_POINT ( 'NONE',  ( 84.48791101160671246, -1641.936249902923009, -5.801125933616234853 ) ) ;
#5776 = FACE_BOUND ( 'NONE', #873, .T. ) ;
#5777 = CARTESIAN_POINT ( 'NONE',  ( 255.4757059743467664, -1396.000000000000227, 297.0000000000000000 ) ) ;
#5778 = AXIS2_PLACEMENT_3D ( 'NONE', #2530, #5042, #3762 ) ;
#5779 = VECTOR ( 'NONE', #6695, 1000.000000000000000 ) ;
#5780 = FACE_OUTER_BOUND ( 'NONE', #5289, .T. ) ;
#5781 = EDGE_CURVE ( 'NONE', #8593, #8207, #3203, .T. ) ;
#5782 = ORIENTED_EDGE ( 'NONE', *, *, #9148, .F. ) ;
#5783 = DIRECTION ( 'NONE',  ( 1.000000000000000000, -0.000000000000000000, -0.000000000000000000 ) ) ;
#5784 = CIRCLE ( 'NONE', #2688, 44.99999999999992895 ) ;
#5785 = CARTESIAN_POINT ( 'NONE',  ( 310.4757059743466812, -851.0000000000000000, 98.99999999999994316 ) ) ;
#5786 = CARTESIAN_POINT ( 'NONE',  ( 310.4757059743467380, -1105.999999999999773, 143.9999999999999716 ) ) ;
#5787 = CARTESIAN_POINT ( 'NONE',  ( -145.8377765436210325, -224.3808768525934738, 229.1622728723619389 ) ) ;
#5788 = CARTESIAN_POINT ( 'NONE',  ( 29.65913315242496395, -1291.165546845963945, -425.0000000000000000 ) ) ;
#5789 = ORIENTED_EDGE ( 'NONE', *, *, #1194, .F. ) ;
#5790 = FACE_OUTER_BOUND ( 'NONE', #4463, .T. ) ;
#5791 = CIRCLE ( 'NONE', #6966, 44.99999999999998579 ) ;
#5792 = CONICAL_SURFACE ( 'NONE', #4897, 8.749999999999994671, 1.029744258676650759 ) ;
#5793 = VECTOR ( 'NONE', #7264, 999.9999999999998863 ) ;
#5794 = ORIENTED_EDGE ( 'NONE', *, *, #6727, .F. ) ;
#5795 = ORIENTED_EDGE ( 'NONE', *, *, #148, .T. ) ;
#5796 = ORIENTED_EDGE ( 'NONE', *, *, #8540, .T. ) ;
#5797 = VECTOR ( 'NONE', #2629, 999.9999999999998863 ) ;
#5798 = CARTESIAN_POINT ( 'NONE',  ( 78.98903128842890453, -1677.397906087138608, -3.844593814825949973 ) ) ;
#5799 = CIRCLE ( 'NONE', #7870, 245.0000000000000000 ) ;
#5800 = DIRECTION ( 'NONE',  ( -0.9848077530122076872, -0.1736481776669321075, -0.000000000000000000 ) ) ;
#5801 = DIRECTION ( 'NONE',  ( 0.000000000000000000, 0.000000000000000000, -1.000000000000000000 ) ) ;
#5802 = VECTOR ( 'NONE', #5451, 1000.000000000000000 ) ;
#5803 = ADVANCED_FACE ( 'NONE', ( #2606 ), #6857, .F. ) ;
#5804 = FACE_OUTER_BOUND ( 'NONE', #1114, .T. ) ;
#5805 = CARTESIAN_POINT ( 'NONE',  ( 286.0588745030455584, 184.0000000000000000, 112.0000000000000711 ) ) ;
#5806 = VECTOR ( 'NONE', #2065, 1000.000000000000000 ) ;
#5807 = AXIS2_PLACEMENT_3D ( 'NONE', #4252, #6361, #4940 ) ;
#5808 = AXIS2_PLACEMENT_3D ( 'NONE', #5487, #1936, #4377 ) ;
#5809 = CARTESIAN_POINT ( 'NONE',  ( 310.4757059743468517, -1690.000000000000000, 425.0000000000000000 ) ) ;
#5810 = EDGE_LOOP ( 'NONE', ( #6702, #6097, #1652, #7048, #8561 ) ) ;
#5811 = TOROIDAL_SURFACE ( 'NONE', #2431, 255.0000000000000000, 10.00000000000000000 ) ;
#5812 = LINE ( 'NONE', #2446, #623 ) ;
#5813 = ORIENTED_EDGE ( 'NONE', *, *, #4285, .F. ) ;
#5814 = CARTESIAN_POINT ( 'NONE',  ( -0.5929551898399276766, -1480.183187212705661, 425.0000000000000000 ) ) ;
#5815 = CARTESIAN_POINT ( 'NONE',  ( 255.4757059743467664, -770.9999999999998863, 98.99999999999995737 ) ) ;
#5816 = VECTOR ( 'NONE', #5345, 1000.000000000000000 ) ;
#5817 = VERTEX_POINT ( 'NONE', #5321 ) ;
#5818 = CARTESIAN_POINT ( 'NONE',  ( 310.4757059743466812, -683.9999999999998863, -425.0000000000000000 ) ) ;
#5819 = EDGE_CURVE ( 'NONE', #5332, #8993, #4677, .T. ) ;
#5820 = DIRECTION ( 'NONE',  ( 1.000000000000000000, 1.596294787383402785E-16, -0.000000000000000000 ) ) ;
#5821 = AXIS2_PLACEMENT_3D ( 'NONE', #1378, #9134, #1323 ) ;
#5822 = CARTESIAN_POINT ( 'NONE',  ( 204.2061900648915014, -184.2201132652633646, 328.5000000000000000 ) ) ;
#5823 = EDGE_LOOP ( 'NONE', ( #3803, #2124 ) ) ;
#5824 = DIRECTION ( 'NONE',  ( 1.000000000000000000, 1.596294787383402785E-16, 0.000000000000000000 ) ) ;
#5825 = CYLINDRICAL_SURFACE ( 'NONE', #2247, 45.00000000000004263 ) ;
#5826 = DIRECTION ( 'NONE',  ( 0.5446390350150240867, 0.8386705679454260487, -0.000000000000000000 ) ) ;
#5827 = DIRECTION ( 'NONE',  ( -3.083952846180991267E-16, 1.000000000000000000, 0.000000000000000000 ) ) ;
#5828 = EDGE_CURVE ( 'NONE', #383, #4438, #8147, .T. ) ;
#5829 = CARTESIAN_POINT ( 'NONE',  ( 63.12186535763325423, -1441.000000000000000, 297.0000000000000000 ) ) ;
#5830 = AXIS2_PLACEMENT_3D ( 'NONE', #7504, #9027, #6859 ) ;
#5831 = EDGE_CURVE ( 'NONE', #2646, #439, #8278, .T. ) ;
#5832 = ORIENTED_EDGE ( 'NONE', *, *, #7105, .T. ) ;
#5833 = DIRECTION ( 'NONE',  ( 1.000000000000000000, 1.596294787383402785E-16, -0.000000000000000000 ) ) ;
#5834 = ADVANCED_FACE ( 'NONE', ( #5417 ), #1913, .T. ) ;
#5835 = DIRECTION ( 'NONE',  ( 1.000000000000000000, 1.596294787383402785E-16, -0.000000000000000000 ) ) ;
#5836 = CARTESIAN_POINT ( 'NONE',  ( 90.47570597434693696, -1661.019580355183734, -25.00000000000000000 ) ) ;
#5837 = LINE ( 'NONE', #5918, #399 ) ;
#5838 = PLANE ( 'NONE',  #2999 ) ;
#5839 = ORIENTED_EDGE ( 'NONE', *, *, #3271, .T. ) ;
#5840 = DIRECTION ( 'NONE',  ( 0.000000000000000000, 0.000000000000000000, 1.000000000000000000 ) ) ;
#5841 = EDGE_CURVE ( 'NONE', #5872, #6248, #2239, .T. ) ;
#5842 = PLANE ( 'NONE',  #8613 ) ;
#5843 = ORIENTED_EDGE ( 'NONE', *, *, #324, .T. ) ;
#5844 = ORIENTED_EDGE ( 'NONE', *, *, #6489, .F. ) ;
#5845 = VERTEX_POINT ( 'NONE', #4035 ) ;
#5846 = FACE_OUTER_BOUND ( 'NONE', #5677, .T. ) ;
#5847 = CARTESIAN_POINT ( 'NONE',  ( -221.1650370568331141, -156.6095145746947139, -234.9741963777785259 ) ) ;
#5848 = LINE ( 'NONE', #5107, #2468 ) ;
#5849 = LINE ( 'NONE', #7419, #4619 ) ;
#5850 = CARTESIAN_POINT ( 'NONE',  ( -44.55179571895005353, -1622.763692856754687, -1.625812550576187121 ) ) ;
#5851 = VECTOR ( 'NONE', #8996, 1000.000000000000000 ) ;
#5852 = EDGE_CURVE ( 'NONE', #5739, #2347, #3243, .T. ) ;
#5853 = LINE ( 'NONE', #7845, #8498 ) ;
#5854 = ORIENTED_EDGE ( 'NONE', *, *, #7518, .T. ) ;
#5855 = ADVANCED_FACE ( 'NONE', ( #525 ), #6155, .F. ) ;
#5856 = DIRECTION ( 'NONE',  ( -0.9848077530122076872, -0.1736481776669321075, -0.000000000000000000 ) ) ;
#5857 = AXIS2_PLACEMENT_3D ( 'NONE', #3236, #5454, #4899 ) ;
#5858 = ORIENTED_EDGE ( 'NONE', *, *, #2474, .T. ) ;
#5859 = CARTESIAN_POINT ( 'NONE',  ( 253.6583758061983644, -289.6234339087588978, 98.99999999999997158 ) ) ;
#5860 = DIRECTION ( 'NONE',  ( -0.000000000000000000, -0.000000000000000000, -1.000000000000000000 ) ) ;
#5862 = ORIENTED_EDGE ( 'NONE', *, *, #4122, .F. ) ;
#5861 = EDGE_CURVE ( 'NONE', #1993, #3482, #1268, .T. ) ;
#5863 = PLANE ( 'NONE',  #4786 ) ;
#5864 = DIRECTION ( 'NONE',  ( -0.000000000000000000, -0.000000000000000000, -1.000000000000000000 ) ) ;
#5865 = CARTESIAN_POINT ( 'NONE',  ( 245.7196715970460730, -233.1366183439936037, 425.0000000000000000 ) ) ;
#5866 = VERTEX_POINT ( 'NONE', #8386 ) ;
#5867 = LINE ( 'NONE', #3795, #5056 ) ;
#5868 = LINE ( 'NONE', #5733, #8003 ) ;
#5869 = DIRECTION ( 'NONE',  ( -1.000000000000000000, -7.772245805989896776E-17, 0.000000000000000000 ) ) ;
#5870 = DIRECTION ( 'NONE',  ( -7.772245805989896776E-17, 1.000000000000000000, 3.469446951953608765E-16 ) ) ;
#5871 = CARTESIAN_POINT ( 'NONE',  ( 255.4757059743467664, -516.0000000000000000, -99.00000000000005684 ) ) ;
#5872 = VERTEX_POINT ( 'NONE', #712 ) ;
#5873 = EDGE_CURVE ( 'NONE', #5384, #1141, #2192, .T. ) ;
#5874 = CARTESIAN_POINT ( 'NONE',  ( 310.4757059743467380, -1018.999999999999659, -425.0000000000000000 ) ) ;
#5875 = ADVANCED_FACE ( 'NONE', ( #6386, #5560 ), #6334, .T. ) ;
#5876 = FACE_OUTER_BOUND ( 'NONE', #39, .T. ) ;
#5877 = VERTEX_POINT ( 'NONE', #3580 ) ;
#5878 = CARTESIAN_POINT ( 'NONE',  ( 369.9999999999999432, 184.0000000000000000, -300.0000000000000000 ) ) ;
#5879 = LINE ( 'NONE', #4501, #6000 ) ;
#5880 = FACE_OUTER_BOUND ( 'NONE', #8423, .T. ) ;
#5881 = ORIENTED_EDGE ( 'NONE', *, *, #8550, .F. ) ;
#5882 = ADVANCED_FACE ( 'NONE', ( #2889 ), #7784, .F. ) ;
#5883 = FACE_OUTER_BOUND ( 'NONE', #5973, .T. ) ;
#5884 = ORIENTED_EDGE ( 'NONE', *, *, #3956, .F. ) ;
#5885 = ORIENTED_EDGE ( 'NONE', *, *, #512, .T. ) ;
#5886 = ORIENTED_EDGE ( 'NONE', *, *, #4590, .T. ) ;
#5887 = EDGE_CURVE ( 'NONE', #5413, #4280, #6002, .T. ) ;
#5888 = VECTOR ( 'NONE', #5167, 1000.000000000000000 ) ;
#5889 = CARTESIAN_POINT ( 'NONE',  ( 81.69131410489160317, -1678.987654294292042, -1.441260308404434420 ) ) ;
#5890 = CARTESIAN_POINT ( 'NONE',  ( -233.6086439933066572, -86.03831278540410210, -196.8332507428459905 ) ) ;
#5891 = DIRECTION ( 'NONE',  ( -0.9902680687415699179, -0.1391731009600692126, 0.000000000000000000 ) ) ;
#5892 = CARTESIAN_POINT ( 'NONE',  ( 63.12186535763336792, -1105.999999999999773, -297.0000000000000568 ) ) ;
#5893 = DIRECTION ( 'NONE',  ( -1.000000000000000000, -7.772245805989896776E-17, 0.000000000000000000 ) ) ;
#5894 = VERTEX_POINT ( 'NONE', #7682 ) ;
#5895 = LINE ( 'NONE', #2257, #2885 ) ;
#5896 = ORIENTED_EDGE ( 'NONE', *, *, #8501, .F. ) ;
#5897 = DIRECTION ( 'NONE',  ( -0.5446390350150194237, -0.8386705679454290463, 0.000000000000000000 ) ) ;
#5898 = EDGE_LOOP ( 'NONE', ( #4141, #7794 ) ) ;
#5899 = CARTESIAN_POINT ( 'NONE',  ( -45.28948475780731542, -1622.463963385450370, 1.298979750945795653 ) ) ;
#5900 = LINE ( 'NONE', #3047, #4448 ) ;
#5901 = ORIENTED_EDGE ( 'NONE', *, *, #4205, .T. ) ;
#5902 = LINE ( 'NONE', #4388, #7596 ) ;
#5903 = AXIS2_PLACEMENT_3D ( 'NONE', #5748, #4865, #1459 ) ;
#5904 = DIRECTION ( 'NONE',  ( 0.9848077530122077983, 0.1736481776669324129, -0.000000000000000000 ) ) ;
#5905 = DIRECTION ( 'NONE',  ( 7.772245805989896776E-17, -1.000000000000000000, -1.734723475976804383E-16 ) ) ;
#5906 = VERTEX_POINT ( 'NONE', #4959 ) ;
#5907 = CARTESIAN_POINT ( 'NONE',  ( 310.4757059743467948, -1441.000000000000000, -297.0000000000000568 ) ) ;
#5908 = LINE ( 'NONE', #6738, #5192 ) ;
#5909 = ADVANCED_FACE ( 'NONE', ( #615, #7738, #7829, #7042, #1352 ), #6898, .F. ) ;
#5910 = LINE ( 'NONE', #3143, #6829 ) ;
#5911 = CARTESIAN_POINT ( 'NONE',  ( 173.1746181220235599, -182.9377201529534602, 201.9572199412983480 ) ) ;
#5912 = VECTOR ( 'NONE', #2575, 1000.000000000000114 ) ;
#5913 = CARTESIAN_POINT ( 'NONE',  ( -101.3931630952419880, -547.9310417174242502, 54.00000000000000711 ) ) ;
#5914 = ORIENTED_EDGE ( 'NONE', *, *, #7801, .F. ) ;
#5915 = CARTESIAN_POINT ( 'NONE',  ( 245.7196715970460730, -233.1366183439936037, -284.0102627703168992 ) ) ;
#5916 = VERTEX_POINT ( 'NONE', #8427 ) ;
#5917 = LINE ( 'NONE', #8749, #8753 ) ;
#5918 = CARTESIAN_POINT ( 'NONE',  ( 63.12186535763335371, -725.9999999999998863, -99.00000000000004263 ) ) ;
#5919 = FACE_OUTER_BOUND ( 'NONE', #2595, .T. ) ;
#5920 = VERTEX_POINT ( 'NONE', #4909 ) ;
#5921 = CARTESIAN_POINT ( 'NONE',  ( 380.4757059743467948, -1669.927822996882924, -425.0000000000000000 ) ) ;
#5922 = EDGE_LOOP ( 'NONE', ( #1324, #6052, #420 ) ) ;
#5923 = AXIS2_PLACEMENT_3D ( 'NONE', #7370, #3035, #3723 ) ;
#5924 = ORIENTED_EDGE ( 'NONE', *, *, #3930, .T. ) ;
#5925 = AXIS2_PLACEMENT_3D ( 'NONE', #8264, #2674, #1330 ) ;
#5926 = ORIENTED_EDGE ( 'NONE', *, *, #8203, .F. ) ;
#5927 = EDGE_CURVE ( 'NONE', #7265, #6529, #4595, .T. ) ;
#5928 = CARTESIAN_POINT ( 'NONE',  ( 78.28047956347319314, -1676.877376605281825, -4.619077200588146859 ) ) ;
#5929 = CARTESIAN_POINT ( 'NONE',  ( 369.9999999999999432, 234.0000000000000000, -425.0000000000000000 ) ) ;
#5930 = CARTESIAN_POINT ( 'NONE',  ( 255.3321259835368835, 90.00000000000002842, -423.2177912449821520 ) ) ;
#5931 = EDGE_CURVE ( 'NONE', #558, #8873, #1452, .T. ) ;
#5932 = LINE ( 'NONE', #6671, #8477 ) ;
#5933 = CARTESIAN_POINT ( 'NONE',  ( -38.58447338694158901, -1624.047233498800324, -6.796748883222210935 ) ) ;
#5934 = AXIS2_PLACEMENT_3D ( 'NONE', #9123, #5565, #1457 ) ;
#5935 = CIRCLE ( 'NONE', #4170, 245.0000000000000000 ) ;
#5936 = AXIS2_PLACEMENT_3D ( 'NONE', #5540, #2812, #5627 ) ;
#5937 = ORIENTED_EDGE ( 'NONE', *, *, #264, .T. ) ;
#5938 = VECTOR ( 'NONE', #3065, 999.9999999999998863 ) ;
#5939 = DIRECTION ( 'NONE',  ( 1.000000000000000000, 1.596294787383403032E-16, -0.000000000000000000 ) ) ;
#5940 = ORIENTED_EDGE ( 'NONE', *, *, #5122, .F. ) ;
#5941 = VECTOR ( 'NONE', #6376, 1000.000000000000000 ) ;
#5942 = AXIS2_PLACEMENT_3D ( 'NONE', #1534, #6505, #3011 ) ;
#5943 = LINE ( 'NONE', #3916, #8009 ) ;
#5944 = EDGE_CURVE ( 'NONE', #4896, #3304, #4306, .T. ) ;
#5945 = CIRCLE ( 'NONE', #3297, 19.99999999999990052 ) ;
#5946 = ADVANCED_FACE ( 'NONE', ( #7 ), #2835, .F. ) ;
#5947 = VECTOR ( 'NONE', #1702, 1000.000000000000000 ) ;
#5948 = FACE_OUTER_BOUND ( 'NONE', #1146, .T. ) ;
#5949 = VERTEX_POINT ( 'NONE', #753 ) ;
#5950 = FACE_OUTER_BOUND ( 'NONE', #894, .T. ) ;
#5951 = AXIS2_PLACEMENT_3D ( 'NONE', #6497, #3002, #3874 ) ;
#5952 = DIRECTION ( 'NONE',  ( 0.000000000000000000, 1.000000000000000000, 0.000000000000000000 ) ) ;
#5953 = FACE_OUTER_BOUND ( 'NONE', #1004, .T. ) ;
#5954 = ORIENTED_EDGE ( 'NONE', *, *, #8941, .F. ) ;
#5955 = CARTESIAN_POINT ( 'NONE',  ( 324.9999999999999432, 184.0000000000000000, 100.0000000000000284 ) ) ;
#5956 = CARTESIAN_POINT ( 'NONE',  ( 255.0000000000000000, 3.122849337825750696E-14, -425.0000000000000000 ) ) ;
#5957 = CARTESIAN_POINT ( 'NONE',  ( 324.9999999999999432, 184.0000000000000000, 100.0000000000000284 ) ) ;
#5958 = CARTESIAN_POINT ( 'NONE',  ( 163.5158907497921632, -185.9627850975594470, 194.5446768421552122 ) ) ;
#5959 = AXIS2_PLACEMENT_3D ( 'NONE', #2232, #2049, #4855 ) ;
#5960 = FACE_OUTER_BOUND ( 'NONE', #4944, .T. ) ;
#5961 = APPROVAL ( #8681, 'UNSPECIFIED' ) ;
#5962 = ORIENTED_EDGE ( 'NONE', *, *, #4050, .T. ) ;
#5963 = CIRCLE ( 'NONE', #6408, 12.00000000000001066 ) ;
#5964 = DIRECTION ( 'NONE',  ( -0.9848077530122077983, -0.1736481776669321631, 0.000000000000000000 ) ) ;
#5965 = VERTEX_POINT ( 'NONE', #3383 ) ;
#5966 = CARTESIAN_POINT ( 'NONE',  ( 245.5863103836340429, -232.2298437225668408, -307.9353267362147335 ) ) ;
#5967 = CARTESIAN_POINT ( 'NONE',  ( -220.0716139408531546, -162.8106252135019361, 419.9015141332150733 ) ) ;
#5968 = EDGE_CURVE ( 'NONE', #8273, #5169, #1384, .T. ) ;
#5969 = CARTESIAN_POINT ( 'NONE',  ( 255.4757059743467664, -851.0000000000000000, -144.0000000000000568 ) ) ;
#5970 = EDGE_LOOP ( 'NONE', ( #9034, #7139, #1864, #7087 ) ) ;
#5971 = AXIS2_PLACEMENT_3D ( 'NONE', #3823, #5939, #4556 ) ;
#5972 = DIRECTION ( 'NONE',  ( 0.000000000000000000, 0.000000000000000000, 1.000000000000000000 ) ) ;
#5973 = EDGE_LOOP ( 'NONE', ( #6657, #3638, #5504, #3210 ) ) ;
#5974 = EDGE_LOOP ( 'NONE', ( #6748, #3634, #5544, #8533, #6197 ) ) ;
#5975 = VERTEX_POINT ( 'NONE', #287 ) ;
#5976 = CYLINDRICAL_SURFACE ( 'NONE', #3562, 45.00000000000000711 ) ;
#5977 = CARTESIAN_POINT ( 'NONE',  ( 70.65585896366130214, -1663.749820064787173, -15.86925164382952502 ) ) ;
#5978 = DIRECTION ( 'NONE',  ( 0.1736481776669322463, -0.9848077530122076872, 0.000000000000000000 ) ) ;
#5979 = DIRECTION ( 'NONE',  ( -0.000000000000000000, -0.000000000000000000, -1.000000000000000000 ) ) ;
#5980 = FACE_OUTER_BOUND ( 'NONE', #2755, .T. ) ;
#5981 = CARTESIAN_POINT ( 'NONE',  ( -44.91045891077107655, -1622.621514979735821, -1.434294120680280171 ) ) ;
#5982 = VERTEX_POINT ( 'NONE', #4497 ) ;
#5983 = VERTEX_POINT ( 'NONE', #7317 ) ;
#5984 = EDGE_CURVE ( 'NONE', #6842, #8207, #7220, .T. ) ;
#5985 = FACE_OUTER_BOUND ( 'NONE', #2210, .T. ) ;
#5986 = EDGE_CURVE ( 'NONE', #6753, #4325, #9024, .T. ) ;
#5987 = LINE ( 'NONE', #5389, #4341 ) ;
#5988 = EDGE_LOOP ( 'NONE', ( #5705, #8312, #4765, #3770, #1165 ) ) ;
#5989 = DIRECTION ( 'NONE',  ( 0.000000000000000000, 1.000000000000000000, 0.000000000000000000 ) ) ;
#5990 = EDGE_CURVE ( 'NONE', #3360, #4311, #7258, .T. ) ;
#5991 = CIRCLE ( 'NONE', #2022, 275.0222139978606037 ) ;
#5992 = EDGE_CURVE ( 'NONE', #1896, #8677, #7873, .T. ) ;
#5993 = CARTESIAN_POINT ( 'NONE',  ( 282.1454300350113726, -1748.319521313477935, 425.0000000000000000 ) ) ;
#5994 = CARTESIAN_POINT ( 'NONE',  ( 202.0000000000000284, 2.473786534277653779E-14, -435.0000000000000000 ) ) ;
#5995 = ORIENTED_EDGE ( 'NONE', *, *, #1135, .F. ) ;
#5996 = DIRECTION ( 'NONE',  ( 1.000000000000000000, 1.596294787383402785E-16, -0.000000000000000000 ) ) ;
#5997 = DIRECTION ( 'NONE',  ( 0.000000000000000000, 0.000000000000000000, -1.000000000000000000 ) ) ;
#5998 = CARTESIAN_POINT ( 'NONE',  ( 255.4757059743467664, -770.9999999999998863, -297.0000000000000568 ) ) ;
#5999 = CARTESIAN_POINT ( 'NONE',  ( 151.0131691407655410, -192.9555285299157674, 190.0392255151943175 ) ) ;
#6000 = VECTOR ( 'NONE', #3105, 1000.000000000000000 ) ;
#6001 = CARTESIAN_POINT ( 'NONE',  ( -6.522816337376891482, -1489.314372634083611, 425.0000000000000000 ) ) ;
#6002 = B_SPLINE_CURVE_WITH_KNOTS ( 'NONE', 3,
 ( #8525, #4228, #5698, #4998 ),
 .UNSPECIFIED., .F., .F.,
 ( 4, 4 ),
 ( 0.1203687607025056006, 0.1814272707394196382 ),
 .UNSPECIFIED. ) ;
#6003 = ORIENTED_EDGE ( 'NONE', *, *, #491, .T. ) ;
#6004 = AXIS2_PLACEMENT_3D ( 'NONE', #1577, #4429, #1440 ) ;
#6005 = CARTESIAN_POINT ( 'NONE',  ( 0.000000000000000000, 0.000000000000000000, -242.0000000000000000 ) ) ;
#6006 = EDGE_LOOP ( 'NONE', ( #7815, #3781 ) ) ;
#6007 = CYLINDRICAL_SURFACE ( 'NONE', #6220, 12.00000000000001066 ) ;
#6008 = CARTESIAN_POINT ( 'NONE',  ( -219.8519958595632318, -164.0561412451803847, 418.6983787306791669 ) ) ;
#6009 = EDGE_LOOP ( 'NONE', ( #567, #7709, #2291, #986 ) ) ;
#6010 = CARTESIAN_POINT ( 'NONE',  ( 369.9999999999999432, -115.9999999999999858, 99.99999999999998579 ) ) ;
#6011 = ORIENTED_EDGE ( 'NONE', *, *, #905, .F. ) ;
#6012 = ORIENTED_EDGE ( 'NONE', *, *, #4192, .F. ) ;
#6013 = EDGE_LOOP ( 'NONE', ( #3814, #5762, #7743, #8340 ) ) ;
#6014 = EDGE_CURVE ( 'NONE', #2177, #5620, #6029, .T. ) ;
#6015 = CARTESIAN_POINT ( 'NONE',  ( -237.2639853173094480, -65.30784199009038105, 191.4473063303735501 ) ) ;
#6016 = DIRECTION ( 'NONE',  ( 1.000000000000000000, -0.000000000000000000, -0.000000000000000000 ) ) ;
#6017 = CARTESIAN_POINT ( 'NONE',  ( 70.47570597434686590, -1661.019580355183734, 16.93866242688202917 ) ) ;
#6018 = DIRECTION ( 'NONE',  ( -1.000000000000000000, -0.000000000000000000, -0.000000000000000000 ) ) ;
#6019 = DIRECTION ( 'NONE',  ( 0.000000000000000000, 0.000000000000000000, 1.000000000000000000 ) ) ;
#6020 = CARTESIAN_POINT ( 'NONE',  ( 310.4757059743466243, -1304.000000000000000, 425.0000000000000000 ) ) ;
#6021 = EDGE_CURVE ( 'NONE', #4785, #3381, #4889, .T. ) ;
#6022 = ORIENTED_EDGE ( 'NONE', *, *, #7555, .F. ) ;
#6023 = AXIS2_PLACEMENT_3D ( 'NONE', #7908, #7859, #1533 ) ;
#6024 = ORIENTED_EDGE ( 'NONE', *, *, #7313, .F. ) ;
#6025 = CARTESIAN_POINT ( 'NONE',  ( 310.4757059743467380, -1105.999999999999773, 98.99999999999995737 ) ) ;
#6026 = DIRECTION ( 'NONE',  ( 0.000000000000000000, -1.000000000000000000, -3.469446951953608765E-16 ) ) ;
#6027 = EDGE_LOOP ( 'NONE', ( #3045, #6291, #3640, #1696 ) ) ;
#6028 = DIRECTION ( 'NONE',  ( 0.000000000000000000, 0.000000000000000000, 1.000000000000000000 ) ) ;
#6029 = LINE ( 'NONE', #7959, #3997 ) ;
#6030 = CARTESIAN_POINT ( 'NONE',  ( 100.6118822656829650, -1687.425222369551875, -1.275620236539608321 ) ) ;
#6031 = EDGE_CURVE ( 'NONE', #1080, #6714, #1195, .T. ) ;
#6032 = CARTESIAN_POINT ( 'NONE',  ( 320.4757059743469085, -1354.000000000000000, -425.0000000000000000 ) ) ;
#6033 = ORIENTED_EDGE ( 'NONE', *, *, #1437, .T. ) ;
#6034 = DIRECTION ( 'NONE',  ( 0.9848077530122077983, 0.1736481776669324129, -0.000000000000000000 ) ) ;
#6035 = CARTESIAN_POINT ( 'NONE',  ( 0.000000000000000000, 0.000000000000000000, -425.0000000000000000 ) ) ;
#6036 = EDGE_CURVE ( 'NONE', #6871, #7335, #2245, .T. ) ;
#6037 = DIRECTION ( 'NONE',  ( 1.000000000000000000, 1.596294787383402785E-16, -0.000000000000000000 ) ) ;
#6038 = DIRECTION ( 'NONE',  ( -0.4067366430757953788, -0.9135454576426029760, 0.000000000000000000 ) ) ;
#6039 = EDGE_CURVE ( 'NONE', #1164, #8411, #2285, .T. ) ;
#6040 = CARTESIAN_POINT ( 'NONE',  ( -1.378017359753062989E-11, -1641.019580355182825, 25.00000000000000000 ) ) ;
#6041 = ORIENTED_EDGE ( 'NONE', *, *, #3805, .T. ) ;
#6042 = DIRECTION ( 'NONE',  ( 1.000000000000000000, 1.596294787383402785E-16, -0.000000000000000000 ) ) ;
#6043 = ORIENTED_EDGE ( 'NONE', *, *, #175, .F. ) ;
#6044 = DIRECTION ( 'NONE',  ( -1.000000000000000000, -7.772245805989896776E-17, 0.000000000000000000 ) ) ;
#6045 = CARTESIAN_POINT ( 'NONE',  ( -220.4078124778513086, -160.9039485628418618, 421.2212800781666715 ) ) ;
#6046 = DIRECTION ( 'NONE',  ( -1.000000000000000000, -5.551115123125783688E-16, -0.000000000000000000 ) ) ;
#6047 = EDGE_LOOP ( 'NONE', ( #2679, #8058, #8809, #7782 ) ) ;
#6048 = AXIS2_PLACEMENT_3D ( 'NONE', #4780, #622, #6904 ) ;
#6049 = EDGE_CURVE ( 'NONE', #7895, #6522, #1629, .T. ) ;
#6050 = FACE_OUTER_BOUND ( 'NONE', #2359, .T. ) ;
#6051 = EDGE_LOOP ( 'NONE', ( #2847, #1082, #7811, #345 ) ) ;
#6052 = ORIENTED_EDGE ( 'NONE', *, *, #685, .T. ) ;
#6053 = VERTEX_POINT ( 'NONE', #5874 ) ;
#6054 = CARTESIAN_POINT ( 'NONE',  ( 33.39252059509767179, -1427.850143772910997, -200.0000000000001137 ) ) ;
#6055 = VECTOR ( 'NONE', #1139, 1000.000000000000000 ) ;
#6056 = AXIS2_PLACEMENT_3D ( 'NONE', #6595, #2313, #270 ) ;
#6057 = DIRECTION ( 'NONE',  ( -1.000000000000000000, 0.000000000000000000, 0.000000000000000000 ) ) ;
#6058 = CARTESIAN_POINT ( 'NONE',  ( 74.54553420149107978, -1673.147460546967523, 9.170478226852694092 ) ) ;
#6059 = DIRECTION ( 'NONE',  ( 0.000000000000000000, 0.000000000000000000, 1.000000000000000000 ) ) ;
#6060 = CARTESIAN_POINT ( 'NONE',  ( 255.4757059743467096, -302.5544099627776404, -375.9999999999999432 ) ) ;
#6061 = VERTEX_POINT ( 'NONE', #4694 ) ;
#6062 = CARTESIAN_POINT ( 'NONE',  ( 310.4757059743467380, -851.0000000000000000, 54.00000000000000711 ) ) ;
#6063 = CIRCLE ( 'NONE', #6357, 275.0222139978606037 ) ;
#6064 = AXIS2_PLACEMENT_3D ( 'NONE', #6327, #2085, #2687 ) ;
#6065 = ORIENTED_EDGE ( 'NONE', *, *, #4225, .T. ) ;
#6066 = ORIENTED_EDGE ( 'NONE', *, *, #7383, .F. ) ;
#6067 = ADVANCED_FACE ( 'NONE', ( #6269 ), #1886, .F. ) ;
#6068 = DIRECTION ( 'NONE',  ( 0.000000000000000000, 1.000000000000000000, 0.000000000000000000 ) ) ;
#6069 = AXIS2_PLACEMENT_3D ( 'NONE', #6298, #6255, #808 ) ;
#6070 = CYLINDRICAL_SURFACE ( 'NONE', #4143, 20.00000000000006040 ) ;
#6071 = EDGE_CURVE ( 'NONE', #2162, #6906, #1932, .T. ) ;
#6072 = AXIS2_PLACEMENT_3D ( 'NONE', #7962, #4403, #7222 ) ;
#6073 = DIRECTION ( 'NONE',  ( -0.000000000000000000, -0.000000000000000000, 1.000000000000000000 ) ) ;
#6074 = AXIS2_PLACEMENT_3D ( 'NONE', #4266, #6328, #49 ) ;
#6075 = CIRCLE ( 'NONE', #1805, 44.99999999999998579 ) ;
#6076 = EDGE_LOOP ( 'NONE', ( #3444, #79, #2547, #4686, #3999, #2520, #1579, #8346 ) ) ;
#6077 = CARTESIAN_POINT ( 'NONE',  ( 369.9999999999999432, -115.9999999999999858, -311.2500000000000000 ) ) ;
#6078 = AXIS2_PLACEMENT_3D ( 'NONE', #3013, #5824, #2277 ) ;
#6079 = DIRECTION ( 'NONE',  ( 1.000000000000000000, 5.551115123125777969E-15, -0.000000000000000000 ) ) ;
#6080 = LINE ( 'NONE', #2027, #5851 ) ;
#6081 = CARTESIAN_POINT ( 'NONE',  ( 255.4757059743467664, -1105.999999999999773, -297.0000000000000568 ) ) ;
#6082 = EDGE_LOOP ( 'NONE', ( #8479, #1469, #2928, #7819 ) ) ;
#6084 = LINE ( 'NONE', #4008, #2262 ) ;
#6083 = AXIS2_PLACEMENT_3D ( 'NONE', #6241, #2183, #1343 ) ;
#6085 = CARTESIAN_POINT ( 'NONE',  ( 82.34097311283072429, -1679.290489508035762, 25.00000000000000000 ) ) ;
#6086 = VECTOR ( 'NONE', #1481, 1000.000000000000000 ) ;
#6087 = DIRECTION ( 'NONE',  ( 0.000000000000000000, -0.000000000000000000, 1.000000000000000000 ) ) ;
#6088 = CARTESIAN_POINT ( 'NONE',  ( 54.35928479373330902, -1441.466119648286622, 200.0000000000001137 ) ) ;
#6089 = AXIS2_PLACEMENT_3D ( 'NONE', #9041, #538, #3549 ) ;
#6090 = CARTESIAN_POINT ( 'NONE',  ( 329.9999999999999432, -115.9999999999999858, -328.7500000000000000 ) ) ;
#6091 = VECTOR ( 'NONE', #1110, 1000.000000000000000 ) ;
#6092 = AXIS2_PLACEMENT_3D ( 'NONE', #6559, #6600, #4430 ) ;
#6093 = ORIENTED_EDGE ( 'NONE', *, *, #4973, .T. ) ;
#6094 = ADVANCED_FACE ( 'NONE', ( #4653 ), #9048, .F. ) ;
#6095 = VECTOR ( 'NONE', #7177, 1000.000000000000000 ) ;
#6096 = CARTESIAN_POINT ( 'NONE',  ( 200.0000000000000000, 0.000000000000000000, 432.9999999999998863 ) ) ;
#6097 = ORIENTED_EDGE ( 'NONE', *, *, #1850, .T. ) ;
#6098 = CARTESIAN_POINT ( 'NONE',  ( 310.4757059743466243, -633.9999999999998863, 425.0000000000000000 ) ) ;
#6099 = CARTESIAN_POINT ( 'NONE',  ( -223.3270424581088776, -144.3481726485244110, 424.9706701711652954 ) ) ;
#6100 = DIRECTION ( 'NONE',  ( -1.000000000000000000, 0.000000000000000000, 0.000000000000000000 ) ) ;
#6101 = ORIENTED_EDGE ( 'NONE', *, *, #5034, .T. ) ;
#6102 = EDGE_CURVE ( 'NONE', #3538, #8305, #5227, .T. ) ;
#6103 = CARTESIAN_POINT ( 'NONE',  ( 310.4757059743466243, -435.9999999999998863, 341.9999999999999432 ) ) ;
#6104 = AXIS2_PLACEMENT_3D ( 'NONE', #6001, #4063, #8961 ) ;
#6105 = ORIENTED_EDGE ( 'NONE', *, *, #7334, .F. ) ;
#6106 = EDGE_LOOP ( 'NONE', ( #2806, #6775, #8361, #8648, #7836, #6616, #8171, #1966, #1163, #4644, #1877, #6221, #8384, #3468, #8187, #119, #3368, #1730, #6530, #2398, #912, #1707, #3327, #2593, #4172, #6238, #1121, #2130, #1379, #9004, #4817, #2467, #7295, #8759, #1188, #263, #5250, #5248, #8928, #8447 ) ) ;
#6107 = EDGE_CURVE ( 'NONE', #2347, #6854, #6873, .T. ) ;
#6108 = ORIENTED_EDGE ( 'NONE', *, *, #2382, .T. ) ;
#6109 = DIRECTION ( 'NONE',  ( -1.000000000000000000, 8.397324299170181201E-15, 0.000000000000000000 ) ) ;
#6110 = CARTESIAN_POINT ( 'NONE',  ( 0.000000000000000000, 0.000000000000000000, 190.0000000000000000 ) ) ;
#6111 = EDGE_CURVE ( 'NONE', #7695, #5299, #3402, .T. ) ;
#6112 = CARTESIAN_POINT ( 'NONE',  ( 286.0588745030455584, 184.0000000000000000, 312.0000000000000568 ) ) ;
#6113 = FACE_OUTER_BOUND ( 'NONE', #2368, .T. ) ;
#6114 = CARTESIAN_POINT ( 'NONE',  ( 255.4757059743467096, -435.9999999999999432, -342.0000000000001137 ) ) ;
#6115 = ORIENTED_EDGE ( 'NONE', *, *, #8005, .F. ) ;
#6116 = CARTESIAN_POINT ( 'NONE',  ( -18.35708405303508073, -1598.016572176007685, -9.439672774558330204 ) ) ;
#6117 = AXIS2_PLACEMENT_3D ( 'NONE', #1468, #3603, #4975 ) ;
#6118 = VERTEX_POINT ( 'NONE', #8309 ) ;
#6119 = EDGE_LOOP ( 'NONE', ( #1316, #2420, #6810, #1544 ) ) ;
#6120 = DIRECTION ( 'NONE',  ( -0.1391731009600695457, 0.9902680687415696958, 0.000000000000000000 ) ) ;
#6121 = CARTESIAN_POINT ( 'NONE',  ( 310.4757059743467380, -1105.999999999999773, -297.0000000000000568 ) ) ;
#6122 = EDGE_CURVE ( 'NONE', #6560, #6230, #6063, .T. ) ;
#6123 = CARTESIAN_POINT ( 'NONE',  ( -610.3559649528139062, -1370.881942455822582, -25.00000000000000000 ) ) ;
#6124 = EDGE_CURVE ( 'NONE', #7028, #5877, #5534, .T. ) ;
#6125 = EDGE_LOOP ( 'NONE', ( #5706, #4371, #8339, #6491 ) ) ;
#6126 = CARTESIAN_POINT ( 'NONE',  ( 310.4757059743467380, -1186.000000000000000, -252.0000000000001137 ) ) ;
#6127 = CARTESIAN_POINT ( 'NONE',  ( -116.5336995419083905, -216.3277962963804555, -191.2449207393538586 ) ) ;
#6128 = EDGE_CURVE ( 'NONE', #1258, #7694, #8907, .T. ) ;
#6129 = FACE_BOUND ( 'NONE', #3160, .T. ) ;
#6130 = LINE ( 'NONE', #6692, #6990 ) ;
#6131 = ORIENTED_EDGE ( 'NONE', *, *, #8115, .T. ) ;
#6132 = LINE ( 'NONE', #1147, #5652 ) ;
#6133 = LINE ( 'NONE', #3362, #2266 ) ;
#6134 = FACE_OUTER_BOUND ( 'NONE', #5410, .T. ) ;
#6135 = DIRECTION ( 'NONE',  ( -0.8386705679454261597, 0.5446390350150240867, -0.000000000000000000 ) ) ;
#6136 = EDGE_CURVE ( 'NONE', #8770, #8238, #1520, .T. ) ;
#6137 = EDGE_LOOP ( 'NONE', ( #747, #191, #2487, #3942 ) ) ;
#6138 = CARTESIAN_POINT ( 'NONE',  ( 310.4757059743466812, -770.9999999999998863, -297.0000000000000568 ) ) ;
#6139 = TOROIDAL_SURFACE ( 'NONE', #1430, 255.0000000000000000, 10.00000000000000000 ) ;
#6140 = ORIENTED_EDGE ( 'NONE', *, *, #3777, .F. ) ;
#6141 = LINE ( 'NONE', #7722, #1597 ) ;
#6142 = DIRECTION ( 'NONE',  ( -0.000000000000000000, -0.000000000000000000, 1.000000000000000000 ) ) ;
#6143 = VERTEX_POINT ( 'NONE', #2167 ) ;
#6144 = CARTESIAN_POINT ( 'NONE',  ( 245.2475120160384563, -230.2785358178057322, -96.76479542359147956 ) ) ;
#6145 = CARTESIAN_POINT ( 'NONE',  ( -219.8186603081529142, -164.2451965518411043, 418.4745467447707483 ) ) ;
#6146 = CARTESIAN_POINT ( 'NONE',  ( 310.4757059743466243, -969.0000000000000000, 425.0000000000000000 ) ) ;
#6147 = ORIENTED_EDGE ( 'NONE', *, *, #8464, .F. ) ;
#6148 = DIRECTION ( 'NONE',  ( -0.000000000000000000, -0.000000000000000000, -1.000000000000000000 ) ) ;
#6149 = EDGE_CURVE ( 'NONE', #919, #2177, #6808, .T. ) ;
#6150 = VERTEX_POINT ( 'NONE', #7847 ) ;
#6151 = ORIENTED_EDGE ( 'NONE', *, *, #1867, .F. ) ;
#6152 = AXIS2_PLACEMENT_3D ( 'NONE', #6421, #2317, #89 ) ;
#6153 = EDGE_LOOP ( 'NONE', ( #4585, #86, #3924, #8250 ) ) ;
#6154 = ADVANCED_FACE ( 'NONE', ( #4248 ), #7111, .F. ) ;
#6155 = PLANE ( 'NONE',  #8585 ) ;
#6156 = CARTESIAN_POINT ( 'NONE',  ( 59.80567514388355477, -1433.079413968832341, 200.0000000000001137 ) ) ;
#6157 = CARTESIAN_POINT ( 'NONE',  ( 48.91289444358312011, -1449.852825327740675, -200.0000000000001137 ) ) ;
#6158 = DIRECTION ( 'NONE',  ( 1.000000000000000000, 1.596294787383402785E-16, -0.000000000000000000 ) ) ;
#6159 = EDGE_CURVE ( 'NONE', #7137, #3816, #4733, .T. ) ;
#6160 = DIRECTION ( 'NONE',  ( 0.000000000000000000, 1.000000000000000000, 0.000000000000000000 ) ) ;
#6161 = VERTEX_POINT ( 'NONE', #1569 ) ;
#6162 = DIRECTION ( 'NONE',  ( -0.9848077530122077983, -0.1736481776669321353, -0.000000000000000000 ) ) ;
#6163 = VECTOR ( 'NONE', #3037, 1000.000000000000000 ) ;
#6164 = ORIENTED_EDGE ( 'NONE', *, *, #1598, .F. ) ;
#6165 = EDGE_CURVE ( 'NONE', #540, #8993, #2261, .T. ) ;
#6166 = ORIENTED_EDGE ( 'NONE', *, *, #4028, .T. ) ;
#6167 = CYLINDRICAL_SURFACE ( 'NONE', #470, 44.99999999999992895 ) ;
#6168 = CARTESIAN_POINT ( 'NONE',  ( 310.4757059743466243, -435.9999999999998863, 98.99999999999995737 ) ) ;
#6169 = PLANE ( 'NONE',  #5218 ) ;
#6170 = ORIENTED_EDGE ( 'NONE', *, *, #9148, .T. ) ;
#6171 = DIRECTION ( 'NONE',  ( -0.000000000000000000, -1.000000000000000000, -3.469446951953608765E-16 ) ) ;
#6172 = CARTESIAN_POINT ( 'NONE',  ( -148.7014218028593859, -227.8074945499387240, -236.8428876015583455 ) ) ;
#6173 = DIRECTION ( 'NONE',  ( -0.1391731009600692126, 0.9902680687415699179, -0.000000000000000000 ) ) ;
#6174 = AXIS2_PLACEMENT_3D ( 'NONE', #977, #5904, #3792 ) ;
#6175 = CARTESIAN_POINT ( 'NONE',  ( 310.4757059743466243, -969.0000000000000000, 425.0000000000000000 ) ) ;
#6176 = ORIENTED_EDGE ( 'NONE', *, *, #2851, .T. ) ;
#6177 = FACE_OUTER_BOUND ( 'NONE', #3979, .T. ) ;
#6178 = DIRECTION ( 'NONE',  ( -2.769130042253390366E-32, 1.734723475976804383E-16, -1.000000000000000000 ) ) ;
#6179 = CARTESIAN_POINT ( 'NONE',  ( 369.9999999999999432, -161.0000000000000000, 425.0000000000000000 ) ) ;
#6180 = CARTESIAN_POINT ( 'NONE',  ( 200.0000000000000000, 0.000000000000000000, 432.9999999999998863 ) ) ;
#6181 = VECTOR ( 'NONE', #282, 1000.000000000000000 ) ;
#6182 = DIRECTION ( 'NONE',  ( -0.9848077530122077983, -0.1736481776669321353, -0.000000000000000000 ) ) ;
#6183 = ORIENTED_EDGE ( 'NONE', *, *, #1331, .F. ) ;
#6184 = CARTESIAN_POINT ( 'NONE',  ( 245.2357379775465347, -230.2175041084763905, -99.00000000000002842 ) ) ;
#6185 = ORIENTED_EDGE ( 'NONE', *, *, #2366, .T. ) ;
#6186 = ADVANCED_FACE ( 'NONE', ( #31 ), #4977, .F. ) ;
#6187 = DIRECTION ( 'NONE',  ( 1.000000000000000000, 1.596294787383402785E-16, 0.000000000000000000 ) ) ;
#6188 = CARTESIAN_POINT ( 'NONE',  ( 245.7196715970460730, -233.1366183439936037, 86.01026277031682810 ) ) ;
#6189 = ORIENTED_EDGE ( 'NONE', *, *, #828, .F. ) ;
#6190 = DIRECTION ( 'NONE',  ( 7.772245805989896776E-17, -1.000000000000000000, -1.734723475976804383E-16 ) ) ;
#6191 = CARTESIAN_POINT ( 'NONE',  ( 310.4757059743467948, -1441.000000000000000, -252.0000000000000568 ) ) ;
#6192 = CARTESIAN_POINT ( 'NONE',  ( 319.9999999999999432, 234.0000000000000000, 425.0000000000000000 ) ) ;
#6193 = VERTEX_POINT ( 'NONE', #5761 ) ;
#6194 = CARTESIAN_POINT ( 'NONE',  ( 181.3674170951804001, -181.6877231774426207, -210.2970056395264180 ) ) ;
#6195 = EDGE_LOOP ( 'NONE', ( #6577, #8480, #6881 ) ) ;
#6196 = ORIENTED_EDGE ( 'NONE', *, *, #4506, .T. ) ;
#6197 = ORIENTED_EDGE ( 'NONE', *, *, #4077, .F. ) ;
#6198 = CARTESIAN_POINT ( 'NONE',  ( 85.94762866272202473, -1641.538910041769441, 0.7542817474204573935 ) ) ;
#6199 = CARTESIAN_POINT ( 'NONE',  ( 249.9490781331808478, 90.00000000000001421, 425.0000000000000568 ) ) ;
#6200 = FACE_OUTER_BOUND ( 'NONE', #2874, .T. ) ;
#6201 = CARTESIAN_POINT ( 'NONE',  ( 369.9999999999999432, 184.0000000000000000, 100.0000000000000284 ) ) ;
#6202 = DIRECTION ( 'NONE',  ( 1.000000000000000000, 0.000000000000000000, -0.000000000000000000 ) ) ;
#6203 = EDGE_LOOP ( 'NONE', ( #8572, #6642, #4573, #4441 ) ) ;
#6204 = DIRECTION ( 'NONE',  ( 0.000000000000000000, 1.000000000000000000, 1.734723475976804383E-16 ) ) ;
#6205 = CIRCLE ( 'NONE', #1344, 45.00000000000004263 ) ;
#6206 = VERTEX_POINT ( 'NONE', #6455 ) ;
#6207 = EDGE_CURVE ( 'NONE', #8666, #540, #731, .T. ) ;
#6208 = ORIENTED_EDGE ( 'NONE', *, *, #2161, .F. ) ;
#6209 = EDGE_CURVE ( 'NONE', #664, #711, #3689, .T. ) ;
#6210 = CARTESIAN_POINT ( 'NONE',  ( -241.2778994879909362, -42.54380352839839219, 425.0000000000000000 ) ) ;
#6211 = DIRECTION ( 'NONE',  ( 1.000000000000000000, 1.596294787383402785E-16, 0.000000000000000000 ) ) ;
#6212 = VECTOR ( 'NONE', #1444, 1000.000000000000000 ) ;
#6213 = CARTESIAN_POINT ( 'NONE',  ( 0.000000000000000000, 0.000000000000000000, 415.0000000000000000 ) ) ;
#6214 = CARTESIAN_POINT ( 'NONE',  ( 710.9678472184928069, -316.5432799137244047, 25.00000000000000000 ) ) ;
#6215 = AXIS2_PLACEMENT_3D ( 'NONE', #819, #4970, #4330 ) ;
#6216 = EDGE_CURVE ( 'NONE', #1937, #4796, #5676, .T. ) ;
#6217 = CARTESIAN_POINT ( 'NONE',  ( -138.3461123769458538, -218.7933584747290467, -214.0113504312322732 ) ) ;
#6218 = FACE_OUTER_BOUND ( 'NONE', #8919, .T. ) ;
#6219 = DIRECTION ( 'NONE',  ( -0.8386705679454261597, 0.5446390350150240867, -0.000000000000000000 ) ) ;
#6221 = ORIENTED_EDGE ( 'NONE', *, *, #5304, .T. ) ;
#6220 = AXIS2_PLACEMENT_3D ( 'NONE', #1857, #1259, #5407 ) ;
#6222 = PLANE ( 'NONE',  #1336 ) ;
#6223 = ADVANCED_FACE ( 'NONE', ( #2213 ), #5070, .F. ) ;
#6224 = CARTESIAN_POINT ( 'NONE',  ( 245.2357379775465631, -230.2175041084764189, 294.7725530822663131 ) ) ;
#6225 = CARTESIAN_POINT ( 'NONE',  ( -0.5929551898399276766, -1480.183187212705661, 425.0000000000000000 ) ) ;
#6226 = LINE ( 'NONE', #9056, #7511 ) ;
#6227 = AXIS2_PLACEMENT_3D ( 'NONE', #2652, #6019, #3343 ) ;
#6228 = AXIS2_PLACEMENT_3D ( 'NONE', #5785, #7919, #334 ) ;
#6229 = CARTESIAN_POINT ( 'NONE',  ( 63.12186535763325423, -1521.000000000000227, 341.9999999999999432 ) ) ;
#6230 = VERTEX_POINT ( 'NONE', #4936 ) ;
#6231 = DIRECTION ( 'NONE',  ( 1.000000000000000000, 1.596294787383402785E-16, -0.000000000000000000 ) ) ;
#6232 = VECTOR ( 'NONE', #6877, 1000.000000000000227 ) ;
#6233 = EDGE_LOOP ( 'NONE', ( #2888, #5794, #1199, #8903 ) ) ;
#6234 = AXIS2_PLACEMENT_3D ( 'NONE', #2140, #2924, #4164 ) ;
#6235 = VECTOR ( 'NONE', #8272, 1000.000000000000000 ) ;
#6236 = CARTESIAN_POINT ( 'NONE',  ( 29.65913315242496395, -1291.165546845963945, 425.0000000000000000 ) ) ;
#6237 = CARTESIAN_POINT ( 'NONE',  ( 245.3287797130421666, -230.7125773165648752, 104.5841643886999890 ) ) ;
#6238 = ORIENTED_EDGE ( 'NONE', *, *, #7103, .T. ) ;
#6239 = FACE_OUTER_BOUND ( 'NONE', #5566, .T. ) ;
#6240 = DIRECTION ( 'NONE',  ( 0.000000000000000000, 1.000000000000000000, 1.734723475976804383E-16 ) ) ;
#6241 = CARTESIAN_POINT ( 'NONE',  ( 63.12186535763325423, -1521.000000000000227, -252.0000000000001137 ) ) ;
#6242 = ORIENTED_EDGE ( 'NONE', *, *, #1408, .T. ) ;
#6243 = CIRCLE ( 'NONE', #8322, 29.99999999999998579 ) ;
#6244 = CIRCLE ( 'NONE', #1387, 17.50000000000001421 ) ;
#6245 = ADVANCED_FACE ( 'NONE', ( #7760 ), #4382, .F. ) ;
#6246 = CARTESIAN_POINT ( 'NONE',  ( 369.9999999999999432, -115.9999999999999858, -328.7500000000000000 ) ) ;
#6247 = EDGE_LOOP ( 'NONE', ( #7176, #2894, #765, #3920 ) ) ;
#6248 = VERTEX_POINT ( 'NONE', #6492 ) ;
#6249 = ORIENTED_EDGE ( 'NONE', *, *, #4973, .F. ) ;
#6250 = CIRCLE ( 'NONE', #2281, 45.00000000000004263 ) ;
#6251 = CARTESIAN_POINT ( 'NONE',  ( 84.50854089838350092, -1641.926890954719738, 5.782645902957599837 ) ) ;
#6252 = CARTESIAN_POINT ( 'NONE',  ( 310.4757059743466243, -435.9999999999998863, -99.00000000000004263 ) ) ;
#6253 = CARTESIAN_POINT ( 'NONE',  ( 79.91725504673402725, -1678.006899479366894, 2.887493378160292057 ) ) ;
#6254 = CARTESIAN_POINT ( 'NONE',  ( -133.6655180849553517, -216.7515294441951141, 206.7122732772405129 ) ) ;
#6255 = DIRECTION ( 'NONE',  ( 1.000000000000000000, -0.000000000000000000, -0.000000000000000000 ) ) ;
#6256 = VERTEX_POINT ( 'NONE', #8402 ) ;
#6257 = CARTESIAN_POINT ( 'NONE',  ( 310.4757059743468517, -1521.000000000000227, 53.99999999999996447 ) ) ;
#6258 = CIRCLE ( 'NONE', #1249, 44.99999999999992895 ) ;
#6259 = ORIENTED_EDGE ( 'NONE', *, *, #8403, .T. ) ;
#6260 = ORIENTED_EDGE ( 'NONE', *, *, #4713, .T. ) ;
#6261 = VECTOR ( 'NONE', #1778, 1000.000000000000000 ) ;
#6262 = CYLINDRICAL_SURFACE ( 'NONE', #6363, 30.00000000000004974 ) ;
#6263 = CARTESIAN_POINT ( 'NONE',  ( -475.0005044061812782, -331.4401067960022260, 98.99999999999997158 ) ) ;
#6264 = PLANE ( 'NONE',  #8769 ) ;
#6265 = VECTOR ( 'NONE', #1309, 1000.000000000000000 ) ;
#6266 = DIRECTION ( 'NONE',  ( -0.9135454576426019768, 0.4067366430757978768, 0.000000000000000000 ) ) ;
#6267 = EDGE_CURVE ( 'NONE', #5193, #7375, #6310, .T. ) ;
#6268 = ORIENTED_EDGE ( 'NONE', *, *, #777, .F. ) ;
#6269 = FACE_OUTER_BOUND ( 'NONE', #2518, .T. ) ;
#6270 = CARTESIAN_POINT ( 'NONE',  ( 249.4831827773962800, -259.9153918465117385, 297.0000000000000000 ) ) ;
#6271 = EDGE_CURVE ( 'NONE', #764, #1552, #4878, .T. ) ;
#6272 = FACE_OUTER_BOUND ( 'NONE', #3785, .T. ) ;
#6273 = EDGE_LOOP ( 'NONE', ( #1847, #877, #1267, #580 ) ) ;
#6274 = DIRECTION ( 'NONE',  ( 0.000000000000000000, 1.000000000000000000, -1.850371707708594760E-15 ) ) ;
#6275 = EDGE_CURVE ( 'NONE', #7649, #5866, #7705, .T. ) ;
#6276 = CARTESIAN_POINT ( 'NONE',  ( 324.9999999999999432, 184.0000000000000000, -282.5000000000000000 ) ) ;
#6277 = DIRECTION ( 'NONE',  ( 0.000000000000000000, 0.000000000000000000, -1.000000000000000000 ) ) ;
#6278 = CARTESIAN_POINT ( 'NONE',  ( -31.93389202846878305, -941.8541429223073465, -144.0000000000000284 ) ) ;
#6279 = ORIENTED_EDGE ( 'NONE', *, *, #6755, .F. ) ;
#6280 = CARTESIAN_POINT ( 'NONE',  ( 458.6941282063430663, -855.3431854633304283, 54.00000000000000711 ) ) ;
#6281 = ADVANCED_FACE ( 'NONE', ( #4201 ), #7017, .F. ) ;
#6282 = ORIENTED_EDGE ( 'NONE', *, *, #5831, .F. ) ;
#6283 = FACE_OUTER_BOUND ( 'NONE', #2759, .T. ) ;
#6284 = CARTESIAN_POINT ( 'NONE',  ( 310.4757059743466812, -633.9999999999997726, 425.0000000000000000 ) ) ;
#6285 = ORIENTED_EDGE ( 'NONE', *, *, #4645, .T. ) ;
#6286 = DIRECTION ( 'NONE',  ( 1.000000000000000000, 1.596294787383402785E-16, -0.000000000000000000 ) ) ;
#6287 = DIRECTION ( 'NONE',  ( -0.9135454576426019768, 0.4067366430757978768, -0.000000000000000000 ) ) ;
#6288 = CARTESIAN_POINT ( 'NONE',  ( 286.0588745030455584, 184.0000000000000000, -87.99999999999994316 ) ) ;
#6289 = ORIENTED_EDGE ( 'NONE', *, *, #3572, .F. ) ;
#6290 = DIRECTION ( 'NONE',  ( 0.000000000000000000, 0.000000000000000000, -1.000000000000000000 ) ) ;
#6291 = ORIENTED_EDGE ( 'NONE', *, *, #6071, .F. ) ;
#6292 = VERTEX_POINT ( 'NONE', #8451 ) ;
#6293 = ORIENTED_EDGE ( 'NONE', *, *, #4802, .T. ) ;
#6294 = DIRECTION ( 'NONE',  ( 0.000000000000000000, 1.000000000000000000, 1.734723475976804383E-16 ) ) ;
#6295 = DIRECTION ( 'NONE',  ( 1.000000000000000000, 1.596294787383402785E-16, 0.000000000000000000 ) ) ;
#6296 = CARTESIAN_POINT ( 'NONE',  ( 82.34097311283076692, -1679.290489508035762, 1.275620236539724672 ) ) ;
#6297 = CARTESIAN_POINT ( 'NONE',  ( -127.0082467431485327, -215.4284765332147629, 198.8000085315913168 ) ) ;
#6298 = CARTESIAN_POINT ( 'NONE',  ( 329.9999999999999432, -115.9999999999999858, 320.0000000000000000 ) ) ;
#6299 = ORIENTED_EDGE ( 'NONE', *, *, #1519, .F. ) ;
#6300 = DIRECTION ( 'NONE',  ( 0.000000000000000000, 0.000000000000000000, -1.000000000000000000 ) ) ;
#6301 = EDGE_LOOP ( 'NONE', ( #5280, #5055, #8016, #7668, #6367 ) ) ;
#6302 = VERTEX_POINT ( 'NONE', #2309 ) ;
#6303 = VERTEX_POINT ( 'NONE', #3083 ) ;
#6304 = CARTESIAN_POINT ( 'NONE',  ( 255.4757059743467664, -725.9999999999998863, -99.00000000000004263 ) ) ;
#6305 = CARTESIAN_POINT ( 'NONE',  ( -220.3677257680490698, -161.1312915913515269, 238.4337458452385192 ) ) ;
#6306 = EDGE_CURVE ( 'NONE', #2799, #6377, #8137, .T. ) ;
#6307 = LINE ( 'NONE', #3398, #9046 ) ;
#6308 = PLANE ( 'NONE',  #3625 ) ;
#6309 = EDGE_LOOP ( 'NONE', ( #6340, #8494, #2132, #2017 ) ) ;
#6310 = LINE ( 'NONE', #163, #5477 ) ;
#6311 = CARTESIAN_POINT ( 'NONE',  ( 251.9412591967911794, 90.00000000000002842, -424.6847534348606814 ) ) ;
#6312 = LINE ( 'NONE', #2071, #8167 ) ;
#6313 = ORIENTED_EDGE ( 'NONE', *, *, #7275, .F. ) ;
#6314 = CARTESIAN_POINT ( 'NONE',  ( 255.4757059743467664, -1521.000000000000227, 252.0000000000000000 ) ) ;
#6315 = FACE_OUTER_BOUND ( 'NONE', #2268, .T. ) ;
#6316 = CARTESIAN_POINT ( 'NONE',  ( 255.4757059743467664, -851.0000000000000000, -99.00000000000005684 ) ) ;
#6317 = ORIENTED_EDGE ( 'NONE', *, *, #683, .F. ) ;
#6318 = CARTESIAN_POINT ( 'NONE',  ( -81.17427967907947561, -950.5365518056539713, -144.0000000000000284 ) ) ;
#6319 = AXIS2_PLACEMENT_3D ( 'NONE', #1941, #9099, #8181 ) ;
#6320 = EDGE_LOOP ( 'NONE', ( #8724, #4326, #7437, #5110 ) ) ;
#6321 = EDGE_CURVE ( 'NONE', #3126, #2671, #2485, .T. ) ;
#6322 = EDGE_CURVE ( 'NONE', #5456, #8734, #3273, .T. ) ;
#6323 = DIRECTION ( 'NONE',  ( 0.9902680687415698069, 0.1391731009600692126, -0.000000000000000000 ) ) ;
#6324 = LINE ( 'NONE', #4947, #8467 ) ;
#6325 = EDGE_LOOP ( 'NONE', ( #8570, #2921, #8748, #5638, #3200 ) ) ;
#6326 = DIRECTION ( 'NONE',  ( 1.000000000000000000, 1.596294787383402785E-16, -0.000000000000000000 ) ) ;
#6327 = CARTESIAN_POINT ( 'NONE',  ( 63.12186535763325423, -516.0000000000000000, 296.9999999999999432 ) ) ;
#6328 = DIRECTION ( 'NONE',  ( -1.000000000000000000, -7.772245805989896776E-17, 0.000000000000000000 ) ) ;
#6329 = DIRECTION ( 'NONE',  ( 1.000000000000000000, 1.596294787383402785E-16, -0.000000000000000000 ) ) ;
#6330 = DIRECTION ( 'NONE',  ( -0.4067366430757978213, -0.9135454576426019768, 0.000000000000000000 ) ) ;
#6331 = ORIENTED_EDGE ( 'NONE', *, *, #3228, .T. ) ;
#6332 = EDGE_LOOP ( 'NONE', ( #5276, #4856, #5684, #3489 ) ) ;
#6333 = ORIENTED_EDGE ( 'NONE', *, *, #6555, .F. ) ;
#6334 = PLANE ( 'NONE',  #7993 ) ;
#6335 = EDGE_CURVE ( 'NONE', #2120, #7886, #7941, .T. ) ;
#6336 = FACE_OUTER_BOUND ( 'NONE', #2781, .T. ) ;
#6337 = CARTESIAN_POINT ( 'NONE',  ( -39.20115843827831270, -1539.634606710809066, 425.0000000000000000 ) ) ;
#6338 = CARTESIAN_POINT ( 'NONE',  ( -31.93389202846885766, -941.8541429223073465, -297.0000000000000568 ) ) ;
#6339 = DIRECTION ( 'NONE',  ( 0.000000000000000000, 0.000000000000000000, -1.000000000000000000 ) ) ;
#6340 = ORIENTED_EDGE ( 'NONE', *, *, #8005, .T. ) ;
#6341 = PLANE ( 'NONE',  #5903 ) ;
#6342 = ADVANCED_FACE ( 'NONE', ( #8812 ), #2105, .F. ) ;
#6343 = ORIENTED_EDGE ( 'NONE', *, *, #3644, .T. ) ;
#6344 = ORIENTED_EDGE ( 'NONE', *, *, #1710, .F. ) ;
#6345 = EDGE_LOOP ( 'NONE', ( #6934, #387, #1229, #3591 ) ) ;
#6346 = VECTOR ( 'NONE', #2060, 999.9999999999998863 ) ;
#6347 = CARTESIAN_POINT ( 'NONE',  ( 380.4757059743468517, -1688.027822996883060, 425.0000000000000000 ) ) ;
#6348 = DIRECTION ( 'NONE',  ( 1.000000000000000000, 1.596294787383402785E-16, -0.000000000000000000 ) ) ;
#6349 = AXIS2_PLACEMENT_3D ( 'NONE', #4831, #4049, #5573 ) ;
#6351 = ORIENTED_EDGE ( 'NONE', *, *, #4199, .F. ) ;
#6350 = DIRECTION ( 'NONE',  ( 5.551115123125783688E-16, -1.000000000000000000, 0.000000000000000000 ) ) ;
#6352 = ADVANCED_FACE ( 'NONE', ( #8079 ), #7240, .T. ) ;
#6353 = FACE_OUTER_BOUND ( 'NONE', #7094, .T. ) ;
#6354 = EDGE_LOOP ( 'NONE', ( #8146, #4743, #4236 ) ) ;
#6355 = DIRECTION ( 'NONE',  ( -3.083952846180991267E-16, 1.000000000000000000, 0.000000000000000000 ) ) ;
#6356 = EDGE_CURVE ( 'NONE', #8625, #5949, #5812, .T. ) ;
#6357 = AXIS2_PLACEMENT_3D ( 'NONE', #1981, #7616, #4142 ) ;
#6358 = AXIS2_PLACEMENT_3D ( 'NONE', #6316, #2816, #2173 ) ;
#6359 = VERTEX_POINT ( 'NONE', #909 ) ;
#6360 = CARTESIAN_POINT ( 'NONE',  ( -42.40212657874347002, -1623.451028078944091, 3.397408627784359592 ) ) ;
#6361 = DIRECTION ( 'NONE',  ( 0.000000000000000000, 0.000000000000000000, -1.000000000000000000 ) ) ;
#6362 = DIRECTION ( 'NONE',  ( -0.5446390350150267512, -0.8386705679454243834, 0.000000000000000000 ) ) ;
#6363 = AXIS2_PLACEMENT_3D ( 'NONE', #766, #2941, #5753 ) ;
#6364 = ORIENTED_EDGE ( 'NONE', *, *, #9040, .F. ) ;
#6365 = DIRECTION ( 'NONE',  ( 1.000000000000000000, -0.000000000000000000, -0.000000000000000000 ) ) ;
#6366 = CIRCLE ( 'NONE', #24, 44.99999999999992895 ) ;
#6367 = ORIENTED_EDGE ( 'NONE', *, *, #8349, .F. ) ;
#6368 = FACE_OUTER_BOUND ( 'NONE', #8277, .T. ) ;
#6369 = CARTESIAN_POINT ( 'NONE',  ( 310.4757059743466243, -516.0000000000000000, -54.00000000000007816 ) ) ;
#6370 = ORIENTED_EDGE ( 'NONE', *, *, #7469, .T. ) ;
#6372 = CARTESIAN_POINT ( 'NONE',  ( 255.4757059743467664, -1061.000000000000000, -99.00000000000004263 ) ) ;
#6371 = VECTOR ( 'NONE', #8844, 999.9999999999998863 ) ;
#6373 = CARTESIAN_POINT ( 'NONE',  ( 77.22816231128594211, -1646.032851547581004, -14.73235822128660999 ) ) ;
#6374 = AXIS2_PLACEMENT_3D ( 'NONE', #2097, #755, #7786 ) ;
#6375 = CIRCLE ( 'NONE', #5936, 44.99999999999992895 ) ;
#6376 = DIRECTION ( 'NONE',  ( 0.5446390350150241977, 0.8386705679454259377, 0.000000000000000000 ) ) ;
#6377 = VERTEX_POINT ( 'NONE', #8638 ) ;
#6378 = VECTOR ( 'NONE', #7181, 1000.000000000000000 ) ;
#6379 = DIRECTION ( 'NONE',  ( 0.000000000000000000, 1.000000000000000000, 0.000000000000000000 ) ) ;
#6380 = VECTOR ( 'NONE', #7322, 1000.000000000000000 ) ;
#6381 = ORIENTED_EDGE ( 'NONE', *, *, #2721, .F. ) ;
#6382 = CIRCLE ( 'NONE', #5648, 9.999999999999959144 ) ;
#6383 = EDGE_LOOP ( 'NONE', ( #6101, #7545, #2712, #4366 ) ) ;
#6384 = EDGE_CURVE ( 'NONE', #2820, #711, #5210, .T. ) ;
#6385 = ORIENTED_EDGE ( 'NONE', *, *, #66, .F. ) ;
#6386 = FACE_OUTER_BOUND ( 'NONE', #3033, .T. ) ;
#6387 = CIRCLE ( 'NONE', #5211, 60.00000000000000000 ) ;
#6388 = LINE ( 'NONE', #6940, #5052 ) ;
#6389 = CARTESIAN_POINT ( 'NONE',  ( 81.81863961326405388, -1679.049419413557871, 1.381333140985823826 ) ) ;
#6390 = CARTESIAN_POINT ( 'NONE',  ( -110.7316968700759219, -218.5486017074317431, 190.0000000000000853 ) ) ;
#6391 = DIRECTION ( 'NONE',  ( 0.1736481776669323573, -0.9848077530122076872, 0.000000000000000000 ) ) ;
#6392 = ORIENTED_EDGE ( 'NONE', *, *, #5744, .T. ) ;
#6393 = FACE_OUTER_BOUND ( 'NONE', #4263, .T. ) ;
#6394 = CIRCLE ( 'NONE', #5807, 200.0000000000000000 ) ;
#6395 = ADVANCED_FACE ( 'NONE', ( #3784 ), #8039, .F. ) ;
#6396 = EDGE_CURVE ( 'NONE', #9140, #6248, #4521, .T. ) ;
#6397 = CIRCLE ( 'NONE', #7581, 44.99999999999998579 ) ;
#6398 = ORIENTED_EDGE ( 'NONE', *, *, #3917, .F. ) ;
#6399 = ORIENTED_EDGE ( 'NONE', *, *, #4806, .F. ) ;
#6400 = ORIENTED_EDGE ( 'NONE', *, *, #3060, .F. ) ;
#6401 = LOCAL_TIME ( 15, 23, 54.00000000000000000, #7298 ) ;
#6402 = EDGE_CURVE ( 'NONE', #1011, #690, #7339, .T. ) ;
#6403 = CARTESIAN_POINT ( 'NONE',  ( 63.12186535763335371, -1061.000000000000000, -297.0000000000000568 ) ) ;
#6404 = CARTESIAN_POINT ( 'NONE',  ( 324.9999999999999432, 184.0000000000000000, 300.0000000000000568 ) ) ;
#6405 = CARTESIAN_POINT ( 'NONE',  ( -676.2832028717670028, -1041.384809718564838, -425.0000000000000000 ) ) ;
#6406 = CIRCLE ( 'NONE', #7586, 10.00000000000000888 ) ;
#6407 = CARTESIAN_POINT ( 'NONE',  ( 310.4757059743467380, -1105.999999999999773, 53.99999999999997158 ) ) ;
#6408 = AXIS2_PLACEMENT_3D ( 'NONE', #3696, #2315, #4428 ) ;
#6409 = ORIENTED_EDGE ( 'NONE', *, *, #3548, .T. ) ;
#6410 = CARTESIAN_POINT ( 'NONE',  ( 255.4757059743467664, -1441.000000000000000, 98.99999999999995737 ) ) ;
#6411 = ORIENTED_EDGE ( 'NONE', *, *, #5662, .F. ) ;
#6412 = CARTESIAN_POINT ( 'NONE',  ( -18.30662951385008697, -1610.071642872899247, 17.50619112110910081 ) ) ;
#6413 =( NAMED_UNIT ( * ) SI_UNIT ( $, .STERADIAN. ) SOLID_ANGLE_UNIT ( ) );
#6414 = VECTOR ( 'NONE', #5577, 1000.000000000000000 ) ;
#6415 = EDGE_CURVE ( 'NONE', #2618, #6855, #3827, .T. ) ;
#6416 = LINE ( 'NONE', #972, #3405 ) ;
#6417 = ORIENTED_EDGE ( 'NONE', *, *, #9040, .T. ) ;
#6418 = CARTESIAN_POINT ( 'NONE',  ( -56.84305041410286918, -1456.636030533182293, 425.0000000000000000 ) ) ;
#6419 = ADVANCED_FACE ( 'NONE', ( #5985 ), #7428, .F. ) ;
#6420 = ORIENTED_EDGE ( 'NONE', *, *, #7591, .T. ) ;
#6421 = CARTESIAN_POINT ( 'NONE',  ( 0.000000000000000000, 0.000000000000000000, 435.0000000000000000 ) ) ;
#6422 = CARTESIAN_POINT ( 'NONE',  ( 63.12186535763325423, -1441.000000000000000, 53.99999999999997158 ) ) ;
#6423 = ORIENTED_EDGE ( 'NONE', *, *, #1425, .T. ) ;
#6424 = DIRECTION ( 'NONE',  ( 0.000000000000000000, 1.000000000000000000, 1.734723475976804383E-16 ) ) ;
#6425 = CARTESIAN_POINT ( 'NONE',  ( -150.6335507458523466, -556.6134506007708751, 144.0000000000000284 ) ) ;
#6426 = EDGE_CURVE ( 'NONE', #1011, #1420, #1099, .T. ) ;
#6427 = CARTESIAN_POINT ( 'NONE',  ( 310.5723127412939562, -1684.351464131762214, -425.0000000000000000 ) ) ;
#6428 = VERTEX_POINT ( 'NONE', #311 ) ;
#6429 = CARTESIAN_POINT ( 'NONE',  ( 172.5580815757649020, -183.0791753871567664, -201.4019383438694604 ) ) ;
#6430 = VERTEX_POINT ( 'NONE', #2349 ) ;
#6431 = VERTEX_POINT ( 'NONE', #361 ) ;
#6432 = VERTEX_POINT ( 'NONE', #3127 ) ;
#6433 = DIRECTION ( 'NONE',  ( -0.000000000000000000, -0.000000000000000000, -1.000000000000000000 ) ) ;
#6434 = DIRECTION ( 'NONE',  ( 0.000000000000000000, 0.000000000000000000, 1.000000000000000000 ) ) ;
#6435 = DIRECTION ( 'NONE',  ( 0.4067366430757978768, 0.9135454576426019768, -0.000000000000000000 ) ) ;
#6436 = CARTESIAN_POINT ( 'NONE',  ( 320.4757059743469085, -298.9999999999999432, 425.0000000000000000 ) ) ;
#6437 = CARTESIAN_POINT ( 'NONE',  ( 2.427181401673972339, -1333.099075243235347, -425.0000000000000000 ) ) ;
#6438 = ORIENTED_EDGE ( 'NONE', *, *, #2846, .F. ) ;
#6439 = DIRECTION ( 'NONE',  ( 0.1736481776669321631, -0.9848077530122076872, -0.000000000000000000 ) ) ;
#6440 = EDGE_CURVE ( 'NONE', #471, #7929, #5943, .T. ) ;
#6441 = EDGE_LOOP ( 'NONE', ( #9144, #8292, #2092, #1743 ) ) ;
#6442 = VERTEX_POINT ( 'NONE', #6726 ) ;
#6443 = AXIS2_PLACEMENT_3D ( 'NONE', #1283, #4098, #589 ) ;
#6444 = EDGE_LOOP ( 'NONE', ( #1558, #1461 ) ) ;
#6445 = EDGE_CURVE ( 'NONE', #963, #8401, #1747, .T. ) ;
#6446 = FACE_OUTER_BOUND ( 'NONE', #8465, .T. ) ;
#6447 = DIRECTION ( 'NONE',  ( -0.1391731009600657709, 0.9902680687415702510, 0.000000000000000000 ) ) ;
#6448 = DIRECTION ( 'NONE',  ( -3.083952846180991267E-16, 1.000000000000000000, 0.000000000000000000 ) ) ;
#6449 = AXIS2_PLACEMENT_3D ( 'NONE', #991, #3809, #3632 ) ;
#6450 = ADVANCED_FACE ( 'NONE', ( #7560 ), #5474, .F. ) ;
#6451 = DIRECTION ( 'NONE',  ( 1.000000000000000000, 0.000000000000000000, 0.000000000000000000 ) ) ;
#6452 = ORIENTED_EDGE ( 'NONE', *, *, #7721, .T. ) ;
#6453 = VECTOR ( 'NONE', #3418, 1000.000000000000000 ) ;
#6454 = EDGE_CURVE ( 'NONE', #3541, #5404, #4731, .T. ) ;
#6455 = CARTESIAN_POINT ( 'NONE',  ( 310.4757059743466812, -851.0000000000000000, 341.9999999999999432 ) ) ;
#6456 = ORIENTED_EDGE ( 'NONE', *, *, #1439, .T. ) ;
#6457 = CARTESIAN_POINT ( 'NONE',  ( -17.47965470344968608, -1602.475263990719441, 13.75811572525032211 ) ) ;
#6458 = CARTESIAN_POINT ( 'NONE',  ( 0.000000000000000000, 0.000000000000000000, 0.000000000000000000 ) ) ;
#6459 = ADVANCED_FACE ( 'NONE', ( #2574 ), #1232, .T. ) ;
#6460 = DIRECTION ( 'NONE',  ( 1.000000000000000000, 1.596294787383402785E-16, -0.000000000000000000 ) ) ;
#6461 = ORIENTED_EDGE ( 'NONE', *, *, #2873, .T. ) ;
#6462 = PLANE ( 'NONE',  #5371 ) ;
#6463 = LINE ( 'NONE', #3697, #5290 ) ;
#6464 = PLANE ( 'NONE',  #783 ) ;
#6465 = ORIENTED_EDGE ( 'NONE', *, *, #7166, .F. ) ;
#6466 = CARTESIAN_POINT ( 'NONE',  ( -31.93389202846885766, -941.8541429223073465, 297.0000000000000568 ) ) ;
#6467 = CARTESIAN_POINT ( 'NONE',  ( 75.59088858259639210, -1647.644806354702041, -16.03494241260513320 ) ) ;
#6468 = PLANE ( 'NONE',  #2858 ) ;
#6469 = CARTESIAN_POINT ( 'NONE',  ( 255.4757059743467664, -770.9999999999998863, 341.9999999999999432 ) ) ;
#6470 = CARTESIAN_POINT ( 'NONE',  ( 0.000000000000000000, 0.000000000000000000, -415.0000000000000000 ) ) ;
#6471 = ADVANCED_FACE ( 'NONE', ( #2020 ), #4048, .F. ) ;
#6472 = ORIENTED_EDGE ( 'NONE', *, *, #4755, .F. ) ;
#6473 = DIRECTION ( 'NONE',  ( -1.000000000000000000, 0.000000000000000000, 0.000000000000000000 ) ) ;
#6474 = CARTESIAN_POINT ( 'NONE',  ( 245.3287797130421666, -230.7125773165648752, -291.4158356113000536 ) ) ;
#6475 = LINE ( 'NONE', #244, #7415 ) ;
#6476 = CYLINDRICAL_SURFACE ( 'NONE', #3499, 17.50000000000001421 ) ;
#6477 = DIRECTION ( 'NONE',  ( -0.9902680687415702510, -0.1391731009600656876, 0.000000000000000000 ) ) ;
#6478 = ORIENTED_EDGE ( 'NONE', *, *, #1191, .F. ) ;
#6479 = DIRECTION ( 'NONE',  ( -0.000000000000000000, -0.000000000000000000, 1.000000000000000000 ) ) ;
#6480 = VECTOR ( 'NONE', #3841, 1000.000000000000000 ) ;
#6481 = VERTEX_POINT ( 'NONE', #7515 ) ;
#6482 = ORIENTED_EDGE ( 'NONE', *, *, #2491, .T. ) ;
#6483 = ORIENTED_EDGE ( 'NONE', *, *, #3453, .T. ) ;
#6484 = DIRECTION ( 'NONE',  ( 0.000000000000000000, 0.000000000000000000, -1.000000000000000000 ) ) ;
#6485 = DIRECTION ( 'NONE',  ( 1.000000000000000000, 1.596294787383402785E-16, 0.000000000000000000 ) ) ;
#6486 = DIRECTION ( 'NONE',  ( 0.1391731009600692126, -0.9902680687415699179, 0.000000000000000000 ) ) ;
#6487 = DIRECTION ( 'NONE',  ( -1.000000000000000000, -1.224646799147349509E-16, 0.000000000000000000 ) ) ;
#6488 = PLANE ( 'NONE',  #2231 ) ;
#6489 = EDGE_CURVE ( 'NONE', #1912, #4134, #6816, .T. ) ;
#6490 = DIRECTION ( 'NONE',  ( -0.8386705679454261597, 0.5446390350150240867, -0.000000000000000000 ) ) ;
#6491 = ORIENTED_EDGE ( 'NONE', *, *, #189, .F. ) ;
#6492 = CARTESIAN_POINT ( 'NONE',  ( -150.6335507458523466, -556.6134506007708751, 252.0000000000000000 ) ) ;
#6493 = ORIENTED_EDGE ( 'NONE', *, *, #6271, .F. ) ;
#6494 = CARTESIAN_POINT ( 'NONE',  ( -37.31893293260981181, -1624.080879877351435, 7.880565348483012045 ) ) ;
#6495 = VECTOR ( 'NONE', #1286, 1000.000000000000000 ) ;
#6496 = APPROVAL_STATUS ( 'not_yet_approved' ) ;
#6497 = CARTESIAN_POINT ( 'NONE',  ( 0.000000000000000000, 0.000000000000000000, 435.0000000000000000 ) ) ;
#6498 = VERTEX_POINT ( 'NONE', #1837 ) ;
#6499 = CARTESIAN_POINT ( 'NONE',  ( 310.4757059743467948, -1185.999999999999773, 252.0000000000000000 ) ) ;
#6500 = ADVANCED_FACE ( 'NONE', ( #4830 ), #6167, .F. ) ;
#6501 = AXIS2_PLACEMENT_3D ( 'NONE', #723, #4191, #2205 ) ;
#6502 = CIRCLE ( 'NONE', #3714, 275.0222139978606606 ) ;
#6503 = EDGE_CURVE ( 'NONE', #3112, #7718, #5387, .T. ) ;
#6504 = CARTESIAN_POINT ( 'NONE',  ( 310.4757059743466243, -1639.000000000000000, -425.0000000000000000 ) ) ;
#6505 = DIRECTION ( 'NONE',  ( 0.9848077530122077983, 0.1736481776669324129, -0.000000000000000000 ) ) ;
#6506 = ORIENTED_EDGE ( 'NONE', *, *, #2002, .T. ) ;
#6507 = CARTESIAN_POINT ( 'NONE',  ( 63.12186535763336792, -851.0000000000000000, -54.00000000000007816 ) ) ;
#6508 = FACE_OUTER_BOUND ( 'NONE', #2101, .T. ) ;
#6509 = LINE ( 'NONE', #184, #3601 ) ;
#6510 = VERTEX_POINT ( 'NONE', #8210 ) ;
#6511 = AXIS2_PLACEMENT_3D ( 'NONE', #4634, #7547, #3338 ) ;
#6512 = AXIS2_PLACEMENT_3D ( 'NONE', #410, #2588, #1149 ) ;
#6513 = CARTESIAN_POINT ( 'NONE',  ( 380.4757059743467948, -1669.927822996882924, 425.0000000000000000 ) ) ;
#6514 = ORIENTED_EDGE ( 'NONE', *, *, #3197, .T. ) ;
#6515 = AXIS2_PLACEMENT_3D ( 'NONE', #639, #3506, #2670 ) ;
#6516 = CARTESIAN_POINT ( 'NONE',  ( -101.3931630952419880, -547.9310417174242502, -297.0000000000000568 ) ) ;
#6517 = VECTOR ( 'NONE', #6813, 1000.000000000000114 ) ;
#6518 = DIRECTION ( 'NONE',  ( 1.000000000000000000, 1.596294787383402785E-16, -0.000000000000000000 ) ) ;
#6519 = DIRECTION ( 'NONE',  ( 0.000000000000000000, 0.000000000000000000, -1.000000000000000000 ) ) ;
#6520 = CARTESIAN_POINT ( 'NONE',  ( 324.9999999999999432, 184.0000000000000000, -112.0000000000000142 ) ) ;
#6521 = DIRECTION ( 'NONE',  ( 0.000000000000000000, -1.000000000000000000, 0.000000000000000000 ) ) ;
#6522 = VERTEX_POINT ( 'NONE', #2522 ) ;
#6523 = PLANE ( 'NONE',  #312 ) ;
#6524 = VECTOR ( 'NONE', #3848, 1000.000000000000000 ) ;
#6525 = EDGE_CURVE ( 'NONE', #1294, #4289, #5529, .T. ) ;
#6526 = AXIS2_PLACEMENT_3D ( 'NONE', #9078, #3630, #6434 ) ;
#6527 = FACE_BOUND ( 'NONE', #6301, .T. ) ;
#6528 = ORIENTED_EDGE ( 'NONE', *, *, #1988, .F. ) ;
#6529 = VERTEX_POINT ( 'NONE', #1974 ) ;
#6530 = ORIENTED_EDGE ( 'NONE', *, *, #4222, .T. ) ;
#6531 = CIRCLE ( 'NONE', #4472, 45.00000000000004263 ) ;
#6532 = CARTESIAN_POINT ( 'NONE',  ( 76.29472845158002769, -1675.129706464165110, -6.941315119776764853 ) ) ;
#6533 = AXIS2_PLACEMENT_3D ( 'NONE', #7451, #6890, #419 ) ;
#6534 = CARTESIAN_POINT ( 'NONE',  ( 329.9999999999999432, -115.9999999999999858, -100.0000000000000142 ) ) ;
#6535 = CARTESIAN_POINT ( 'NONE',  ( 259.8607952792934270, 90.00000000000001421, -415.6793624351548715 ) ) ;
#6536 = VECTOR ( 'NONE', #1339, 1000.000000000000000 ) ;
#6537 = CARTESIAN_POINT ( 'NONE',  ( 0.000000000000000000, 0.000000000000000000, 275.0000000000000000 ) ) ;
#6538 = CARTESIAN_POINT ( 'NONE',  ( -45.29143189103878342, -1622.463134409547592, -1.298501784087531918 ) ) ;
#6539 = VECTOR ( 'NONE', #8664, 1000.000000000000000 ) ;
#6540 = ORIENTED_EDGE ( 'NONE', *, *, #4130, .F. ) ;
#6541 = AXIS2_PLACEMENT_3D ( 'NONE', #8474, #5085, #5224 ) ;
#6542 = AXIS2_PLACEMENT_3D ( 'NONE', #2920, #5730, #7860 ) ;
#6543 = CARTESIAN_POINT ( 'NONE',  ( 310.4757059743467948, -1521.000000000000227, -144.0000000000000568 ) ) ;
#6544 = VERTEX_POINT ( 'NONE', #1923 ) ;
#6545 = AXIS2_PLACEMENT_3D ( 'NONE', #7869, #4167, #6379 ) ;
#6546 = DIRECTION ( 'NONE',  ( -7.772245805989896776E-17, 1.000000000000000000, 3.469446951953608765E-16 ) ) ;
#6547 = ORIENTED_EDGE ( 'NONE', *, *, #1115, .T. ) ;
#6548 = CARTESIAN_POINT ( 'NONE',  ( 70.47570597434686590, -1661.019580355183734, -25.00000000000000000 ) ) ;
#6549 = DATE_AND_TIME ( #1572, #8485 ) ;
#6550 = ADVANCED_FACE ( 'NONE', ( #8988 ), #1277, .F. ) ;
#6551 = LINE ( 'NONE', #2353, #1651 ) ;
#6552 = AXIS2_PLACEMENT_3D ( 'NONE', #6872, #6730, #1930 ) ;
#6553 = VERTEX_POINT ( 'NONE', #5335 ) ;
#6554 = DIRECTION ( 'NONE',  ( -0.000000000000000000, -1.000000000000000000, -3.469446951953608765E-16 ) ) ;
#6555 = EDGE_CURVE ( 'NONE', #1884, #5163, #1177, .T. ) ;
#6556 = EDGE_CURVE ( 'NONE', #7796, #4674, #6662, .T. ) ;
#6557 = FACE_OUTER_BOUND ( 'NONE', #4353, .T. ) ;
#6558 = CIRCLE ( 'NONE', #9073, 45.00000000000001421 ) ;
#6559 = CARTESIAN_POINT ( 'NONE',  ( 310.4757059743467380, -1186.000000000000000, 296.9999999999999432 ) ) ;
#6560 = VERTEX_POINT ( 'NONE', #1138 ) ;
#6561 = LINE ( 'NONE', #3096, #6824 ) ;
#6562 = CARTESIAN_POINT ( 'NONE',  ( 84.32028976587440638, -1641.989466545787536, -6.133134914681316552 ) ) ;
#6563 = FACE_OUTER_BOUND ( 'NONE', #2157, .T. ) ;
#6564 = CARTESIAN_POINT ( 'NONE',  ( 202.4874651229474125, -183.6828106635224742, 239.1662397012483439 ) ) ;
#6565 = EDGE_CURVE ( 'NONE', #1125, #919, #5784, .T. ) ;
#6566 = DIRECTION ( 'NONE',  ( 0.8386705679454253826, -0.5446390350150249748, 0.000000000000000000 ) ) ;
#6567 = AXIS2_PLACEMENT_3D ( 'NONE', #1826, #476, #2703 ) ;
#6568 = EDGE_LOOP ( 'NONE', ( #5143, #608, #7928, #2325, #4224 ) ) ;
#6569 = CARTESIAN_POINT ( 'NONE',  ( 319.9999999999999432, 184.0000000000000000, 100.0000000000000284 ) ) ;
#6570 = CARTESIAN_POINT ( 'NONE',  ( 255.4757059743467664, -516.0000000000000000, 252.0000000000000000 ) ) ;
#6571 = ORIENTED_EDGE ( 'NONE', *, *, #4390, .T. ) ;
#6572 = DIRECTION ( 'NONE',  ( 0.000000000000000000, 0.000000000000000000, -1.000000000000000000 ) ) ;
#6573 = DIRECTION ( 'NONE',  ( -1.000000000000000000, 1.850371707708594366E-15, 0.000000000000000000 ) ) ;
#6574 = CARTESIAN_POINT ( 'NONE',  ( 63.12186535763325423, -435.9999999999999432, -144.0000000000000568 ) ) ;
#6575 = ORIENTED_EDGE ( 'NONE', *, *, #1488, .T. ) ;
#6576 = LINE ( 'NONE', #3198, #1083 ) ;
#6577 = ORIENTED_EDGE ( 'NONE', *, *, #425, .F. ) ;
#6578 = EDGE_LOOP ( 'NONE', ( #1067, #8375, #6041 ) ) ;
#6579 = ORIENTED_EDGE ( 'NONE', *, *, #1036, .T. ) ;
#6580 = CARTESIAN_POINT ( 'NONE',  ( 70.49878766079019954, -1662.124232560491009, -16.55356823694080859 ) ) ;
#6581 = CARTESIAN_POINT ( 'NONE',  ( -219.5807572464963755, -165.5944118602445201, -242.0000000000000000 ) ) ;
#6582 = CARTESIAN_POINT ( 'NONE',  ( 259.5035475751049603, 90.00000000000001421, -417.6621720827176318 ) ) ;
#6583 = CYLINDRICAL_SURFACE ( 'NONE', #5511, 44.99999999999992895 ) ;
#6584 = LINE ( 'NONE', #7420, #5615 ) ;
#6585 = ORIENTED_EDGE ( 'NONE', *, *, #1790, .F. ) ;
#6586 = CIRCLE ( 'NONE', #5707, 44.99999999999992895 ) ;
#6587 = CARTESIAN_POINT ( 'NONE',  ( 54.35928479373330902, -1441.466119648286622, 200.0000000000001137 ) ) ;
#6588 = ORIENTED_EDGE ( 'NONE', *, *, #7109, .F. ) ;
#6589 = ADVANCED_FACE ( 'NONE', ( #3394, #3307, #8163, #6765, #8942 ), #4135, .F. ) ;
#6590 = EDGE_CURVE ( 'NONE', #3807, #6303, #7556, .T. ) ;
#6591 = DIRECTION ( 'NONE',  ( 0.000000000000000000, 0.000000000000000000, -1.000000000000000000 ) ) ;
#6592 = CIRCLE ( 'NONE', #4972, 45.00000000000001421 ) ;
#6593 = ORIENTED_EDGE ( 'NONE', *, *, #2601, .F. ) ;
#6594 = CARTESIAN_POINT ( 'NONE',  ( 70.47570597434688011, -1661.019580355183734, 25.00000000000000000 ) ) ;
#6595 = CARTESIAN_POINT ( 'NONE',  ( 310.4757059743468517, -1690.000000000000000, 425.0000000000000000 ) ) ;
#6596 = VERTEX_POINT ( 'NONE', #6347 ) ;
#6597 = FACE_BOUND ( 'NONE', #6444, .T. ) ;
#6598 = LINE ( 'NONE', #1144, #1312 ) ;
#6599 = VECTOR ( 'NONE', #1151, 1000.000000000000000 ) ;
#6600 = DIRECTION ( 'NONE',  ( 1.000000000000000000, 1.596294787383402785E-16, 0.000000000000000000 ) ) ;
#6601 = ORIENTED_EDGE ( 'NONE', *, *, #1969, .F. ) ;
#6602 = DIRECTION ( 'NONE',  ( -1.000000000000000000, -1.596294787383402785E-16, 0.000000000000000000 ) ) ;
#6603 = DIRECTION ( 'NONE',  ( -7.772245805989896776E-17, 1.000000000000000000, 3.469446951953608765E-16 ) ) ;
#6604 = CARTESIAN_POINT ( 'NONE',  ( 310.4757059743468517, -1690.000000000000000, -425.0000000000000000 ) ) ;
#6605 = CARTESIAN_POINT ( 'NONE',  ( 324.9999999999999432, 184.0000000000000000, 300.0000000000000568 ) ) ;
#6606 = CARTESIAN_POINT ( 'NONE',  ( 63.12186535763336792, -851.0000000000000000, 53.99999999999996447 ) ) ;
#6607 = EDGE_CURVE ( 'NONE', #3578, #8205, #2845, .T. ) ;
#6608 = EDGE_CURVE ( 'NONE', #501, #5119, #2852, .T. ) ;
#6609 = ORIENTED_EDGE ( 'NONE', *, *, #754, .F. ) ;
#6610 = CARTESIAN_POINT ( 'NONE',  ( 73.88086238083944579, -1649.833132977417563, 17.15054761167987962 ) ) ;
#6611 = DIRECTION ( 'NONE',  ( 0.000000000000000000, 0.000000000000000000, 1.000000000000000000 ) ) ;
#6612 = ORIENTED_EDGE ( 'NONE', *, *, #1183, .F. ) ;
#6613 = LINE ( 'NONE', #990, #6378 ) ;
#6614 = DIRECTION ( 'NONE',  ( 1.000000000000000000, 0.000000000000000000, 0.000000000000000000 ) ) ;
#6615 = DIRECTION ( 'NONE',  ( -7.772245805989896776E-17, 1.000000000000000000, 3.469446951953608765E-16 ) ) ;
#6616 = ORIENTED_EDGE ( 'NONE', *, *, #5685, .T. ) ;
#6617 = CARTESIAN_POINT ( 'NONE',  ( -63.84470782630435792, -1614.253971023684471, 0.000000000000000000 ) ) ;
#6618 = ORIENTED_EDGE ( 'NONE', *, *, #971, .F. ) ;
#6619 = ORIENTED_EDGE ( 'NONE', *, *, #3544, .F. ) ;
#6620 = ADVANCED_FACE ( 'NONE', ( #8441 ), #2159, .F. ) ;
#6621 = VECTOR ( 'NONE', #7023, 1000.000000000000000 ) ;
#6622 = ORIENTED_EDGE ( 'NONE', *, *, #7110, .F. ) ;
#6623 = AXIS2_PLACEMENT_3D ( 'NONE', #5259, #8732, #8085 ) ;
#6624 = CARTESIAN_POINT ( 'NONE',  ( 77.26187318807932058, -1676.039180339976610, -5.783594207707630552 ) ) ;
#6625 = EDGE_CURVE ( 'NONE', #5817, #8523, #8535, .T. ) ;
#6626 = DIRECTION ( 'NONE',  ( 1.000000000000000000, -0.000000000000000000, -0.000000000000000000 ) ) ;
#6627 = FACE_OUTER_BOUND ( 'NONE', #4902, .T. ) ;
#6628 = FACE_OUTER_BOUND ( 'NONE', #8113, .T. ) ;
#6629 = CARTESIAN_POINT ( 'NONE',  ( -40.72507125209564549, -1623.806259493293965, -4.906742444247296220 ) ) ;
#6630 = ORIENTED_EDGE ( 'NONE', *, *, #7398, .T. ) ;
#6631 = LINE ( 'NONE', #5249, #510 ) ;
#6632 = ORIENTED_EDGE ( 'NONE', *, *, #3121, .F. ) ;
#6633 = DIRECTION ( 'NONE',  ( 1.000000000000000000, -0.000000000000000000, -0.000000000000000000 ) ) ;
#6634 = ADVANCED_FACE ( 'NONE', ( #6446 ), #5012, .F. ) ;
#6635 = FACE_BOUND ( 'NONE', #850, .T. ) ;
#6636 = ORIENTED_EDGE ( 'NONE', *, *, #7413, .F. ) ;
#6637 = LINE ( 'NONE', #1576, #214 ) ;
#6638 = ADVANCED_FACE ( 'NONE', ( #3545, #5668 ), #7751, .T. ) ;
#6639 = AXIS2_PLACEMENT_3D ( 'NONE', #7835, #1360, #674 ) ;
#6640 = CARTESIAN_POINT ( 'NONE',  ( 48.91289444358306326, -1449.852825327740675, -200.0000000000001137 ) ) ;
#6641 = CARTESIAN_POINT ( 'NONE',  ( 324.7424695835087505, -116.0000000000000000, 99.99999999999998579 ) ) ;
#6642 = ORIENTED_EDGE ( 'NONE', *, *, #5212, .T. ) ;
#6643 = DIRECTION ( 'NONE',  ( 1.000000000000000000, -0.000000000000000000, -0.000000000000000000 ) ) ;
#6644 = DIRECTION ( 'NONE',  ( 0.000000000000000000, 0.000000000000000000, -1.000000000000000000 ) ) ;
#6645 = CARTESIAN_POINT ( 'NONE',  ( 245.5835200577572266, -232.1678498036815768, 307.9531416704392655 ) ) ;
#6646 = CARTESIAN_POINT ( 'NONE',  ( 167.4774003338474984, -184.5000076520757091, 197.2281459210900323 ) ) ;
#6647 = AXIS2_PLACEMENT_3D ( 'NONE', #2250, #4284, #7102 ) ;
#6648 = CARTESIAN_POINT ( 'NONE',  ( 458.6941282063430663, -855.3431854633304283, -144.0000000000000284 ) ) ;
#6649 = VECTOR ( 'NONE', #5587, 1000.000000000000114 ) ;
#6650 = ORIENTED_EDGE ( 'NONE', *, *, #5212, .F. ) ;
#6651 = DIRECTION ( 'NONE',  ( 0.1736481776669321631, -0.9848077530122076872, -0.000000000000000000 ) ) ;
#6652 = ORIENTED_EDGE ( 'NONE', *, *, #2362, .F. ) ;
#6653 = DIRECTION ( 'NONE',  ( 1.000000000000000000, 0.000000000000000000, -0.000000000000000000 ) ) ;
#6654 = CARTESIAN_POINT ( 'NONE',  ( -221.7359738261978919, -153.3715712544450298, 423.9013190943613267 ) ) ;
#6655 = VECTOR ( 'NONE', #3962, 1000.000000000000000 ) ;
#6656 = DIRECTION ( 'NONE',  ( -0.000000000000000000, -0.000000000000000000, 1.000000000000000000 ) ) ;
#6657 = ORIENTED_EDGE ( 'NONE', *, *, #1969, .T. ) ;
#6658 = AXIS2_PLACEMENT_3D ( 'NONE', #2771, #7710, #1987 ) ;
#6659 = CARTESIAN_POINT ( 'NONE',  ( 0.000000000000000000, 0.000000000000000000, 435.0000000000000000 ) ) ;
#6660 = ADVANCED_FACE ( 'NONE', ( #8499 ), #7057, .F. ) ;
#6661 = VERTEX_POINT ( 'NONE', #6304 ) ;
#6662 = CIRCLE ( 'NONE', #5190, 45.00000000000004263 ) ;
#6663 = ORIENTED_EDGE ( 'NONE', *, *, #6771, .T. ) ;
#6664 = ORIENTED_EDGE ( 'NONE', *, *, #908, .F. ) ;
#6665 = CARTESIAN_POINT ( 'NONE',  ( 255.4757059743467664, -851.0000000000000000, 53.99999999999996447 ) ) ;
#6666 = VECTOR ( 'NONE', #2752, 999.9999999999998863 ) ;
#6667 = CARTESIAN_POINT ( 'NONE',  ( 70.91429693358655584, -1665.317655963587640, -15.10835302076959685 ) ) ;
#6668 = CARTESIAN_POINT ( 'NONE',  ( -232.6499648249744894, -91.47525252361302250, -198.6323670478139150 ) ) ;
#6669 = DIRECTION ( 'NONE',  ( 0.000000000000000000, 0.000000000000000000, 1.000000000000000000 ) ) ;
#6670 = EDGE_CURVE ( 'NONE', #7795, #8652, #918, .T. ) ;
#6671 = CARTESIAN_POINT ( 'NONE',  ( -200.0000000000000000, 0.000000000000000000, -275.0000000000000000 ) ) ;
#6672 = DIRECTION ( 'NONE',  ( 0.000000000000000000, -1.000000000000000000, -3.469446951953608765E-16 ) ) ;
#6673 = AXIS2_PLACEMENT_3D ( 'NONE', #62, #3586, #6391 ) ;
#6674 = CIRCLE ( 'NONE', #1958, 44.99999999999998579 ) ;
#6675 = EDGE_CURVE ( 'NONE', #2936, #2878, #2801, .T. ) ;
#6676 = ORIENTED_EDGE ( 'NONE', *, *, #2736, .F. ) ;
#6677 = AXIS2_PLACEMENT_3D ( 'NONE', #1938, #409, #6830 ) ;
#6678 = EDGE_CURVE ( 'NONE', #3648, #6302, #3449, .T. ) ;
#6679 = ORIENTED_EDGE ( 'NONE', *, *, #260, .F. ) ;
#6680 = VECTOR ( 'NONE', #7635, 1000.000000000000000 ) ;
#6681 = CONICAL_SURFACE ( 'NONE', #7283, 200.0000000000000000, 0.7853981633974621568 ) ;
#6682 = CARTESIAN_POINT ( 'NONE',  ( -676.2832028717670028, -1041.384809718564838, 425.0000000000000000 ) ) ;
#6683 = VECTOR ( 'NONE', #7754, 999.9999999999998863 ) ;
#6684 = VECTOR ( 'NONE', #8859, 1000.000000000000227 ) ;
#6685 = CIRCLE ( 'NONE', #7289, 44.99999999999992895 ) ;
#6686 = CARTESIAN_POINT ( 'NONE',  ( -31.93389202846878305, -941.8541429223073465, 144.0000000000000284 ) ) ;
#6687 = ORIENTED_EDGE ( 'NONE', *, *, #8632, .T. ) ;
#6688 = DIRECTION ( 'NONE',  ( 1.000000000000000000, -0.000000000000000000, -0.000000000000000000 ) ) ;
#6689 = AXIS2_PLACEMENT_3D ( 'NONE', #5829, #2324, #4494 ) ;
#6690 = CC_DESIGN_APPROVAL ( #376, ( #492 ) ) ;
#6691 = LINE ( 'NONE', #3181, #8248 ) ;
#6692 = CARTESIAN_POINT ( 'NONE',  ( 320.4757059743469085, -298.9999999999999432, 425.0000000000000000 ) ) ;
#6693 = ORIENTED_EDGE ( 'NONE', *, *, #1191, .T. ) ;
#6694 = DIRECTION ( 'NONE',  ( -1.000000000000000000, -7.772245805989896776E-17, 0.000000000000000000 ) ) ;
#6695 = DIRECTION ( 'NONE',  ( -0.000000000000000000, -0.000000000000000000, -1.000000000000000000 ) ) ;
#6696 = ADVANCED_FACE ( 'NONE', ( #5616 ), #6262, .F. ) ;
#6697 = LINE ( 'NONE', #373, #8026 ) ;
#6698 = LINE ( 'NONE', #7955, #6480 ) ;
#6699 = CIRCLE ( 'NONE', #7885, 202.0000000000001705 ) ;
#6700 = ADVANCED_FACE ( 'NONE', ( #8575 ), #2109, .T. ) ;
#6701 = CARTESIAN_POINT ( 'NONE',  ( 0.000000000000000000, 0.000000000000000000, -376.0000000000000000 ) ) ;
#6702 = ORIENTED_EDGE ( 'NONE', *, *, #362, .F. ) ;
#6703 = AXIS2_PLACEMENT_3D ( 'NONE', #3921, #5295, #2623 ) ;
#6704 = EDGE_CURVE ( 'NONE', #816, #3373, #1560, .T. ) ;
#6705 = DIRECTION ( 'NONE',  ( -0.9848077530122077983, -0.1736481776669321631, 0.000000000000000000 ) ) ;
#6706 = ORIENTED_EDGE ( 'NONE', *, *, #5931, .T. ) ;
#6707 = CARTESIAN_POINT ( 'NONE',  ( 245.7196715970460730, -233.1366183439936037, -111.9897372296832430 ) ) ;
#6708 = CARTESIAN_POINT ( 'NONE',  ( -221.1515797011707889, -156.6858350312024015, 422.9985456561566934 ) ) ;
#6709 = CARTESIAN_POINT ( 'NONE',  ( 0.000000000000000000, 0.000000000000000000, -425.0000000000000000 ) ) ;
#6710 = EDGE_LOOP ( 'NONE', ( #3192, #5102, #8118, #5725 ) ) ;
#6711 = AXIS2_PLACEMENT_3D ( 'NONE', #1706, #7939, #3732 ) ;
#6712 = DIRECTION ( 'NONE',  ( 0.000000000000000000, 0.000000000000000000, -1.000000000000000000 ) ) ;
#6713 = ORIENTED_EDGE ( 'NONE', *, *, #8768, .F. ) ;
#6714 = VERTEX_POINT ( 'NONE', #6954 ) ;
#6715 = EDGE_LOOP ( 'NONE', ( #7510, #5178, #6, #1575 ) ) ;
#6716 = CARTESIAN_POINT ( 'NONE',  ( 310.4757059743468517, -1441.000000000000000, 341.9999999999999432 ) ) ;
#6717 = CARTESIAN_POINT ( 'NONE',  ( 257.1602563509166544, 90.00000000000001421, 421.7223048917338133 ) ) ;
#6718 = CARTESIAN_POINT ( 'NONE',  ( -227.8575187425539923, -118.6545648623413740, -210.5371998030526015 ) ) ;
#6719 = LINE ( 'NONE', #8242, #395 ) ;
#6720 = CYLINDRICAL_SURFACE ( 'NONE', #5200, 19.99999999999990052 ) ;
#6721 = DIRECTION ( 'NONE',  ( 0.000000000000000000, 1.000000000000000000, 0.000000000000000000 ) ) ;
#6722 = EDGE_CURVE ( 'NONE', #1210, #7846, #2063, .T. ) ;
#6723 = ORIENTED_EDGE ( 'NONE', *, *, #123, .T. ) ;
#6724 = EDGE_CURVE ( 'NONE', #4134, #4896, #5572, .T. ) ;
#6725 = ORIENTED_EDGE ( 'NONE', *, *, #3961, .F. ) ;
#6726 = CARTESIAN_POINT ( 'NONE',  ( 310.4757059743467948, -1396.000000000000227, -297.0000000000000568 ) ) ;
#6727 = EDGE_CURVE ( 'NONE', #3126, #856, #85, .T. ) ;
#6728 = DIRECTION ( 'NONE',  ( 1.000000000000000000, 1.596294787383403032E-16, -0.000000000000000000 ) ) ;
#6729 = ORIENTED_EDGE ( 'NONE', *, *, #1280, .F. ) ;
#6730 = DIRECTION ( 'NONE',  ( -0.000000000000000000, -0.000000000000000000, -1.000000000000000000 ) ) ;
#6731 = B_SPLINE_CURVE_WITH_KNOTS ( 'NONE', 3,
 ( #8824, #6564, #8054, #4615, #8789, #3144, #5174, #8001, #983, #4535, #1678, #7312, #7442, #2459, #1019, #5911, #8739, #7394, #1720, #1800, #6646, #326, #5958, #5265, #7257, #8092, #1758, #4569, #3057, #374, #3188, #5999, #2497, #235 ),
 .UNSPECIFIED., .F., .F.,
 ( 4, 2, 2, 2, 2, 2, 2, 2, 2, 2, 2, 2, 2, 2, 2, 2, 4 ),
 ( 2.351827107038816288E-07, 0.009997008901265203029, 0.01999378261981970412, 0.02999055633837420520, 0.03498894319765145228, 0.03748813662729010704, 0.03998733005692876180, 0.04998410377548329064, 0.05248329720512187602, 0.05498249063476046833, 0.05998087749403754193, 0.06497926435331460859, 0.06747845778295319397, 0.06997765121259176546, 0.07497603807186889457, 0.07747523150150749383, 0.07997442493114606532 ),
 .UNSPECIFIED. ) ;
#6732 = CIRCLE ( 'NONE', #1584, 245.0000000000000000 ) ;
#6733 = DIRECTION ( 'NONE',  ( 1.000000000000000000, -0.000000000000000000, -0.000000000000000000 ) ) ;
#6734 = CARTESIAN_POINT ( 'NONE',  ( 88.40978297340873837, -1714.831586098830257, 25.00000000000000000 ) ) ;
#6735 = ORIENTED_EDGE ( 'NONE', *, *, #1895, .T. ) ;
#6736 = FACE_OUTER_BOUND ( 'NONE', #8704, .T. ) ;
#6737 = EDGE_CURVE ( 'NONE', #8666, #5332, #7280, .T. ) ;
#6738 = CARTESIAN_POINT ( 'NONE',  ( 320.4757059743469085, -348.9999999999999432, 425.0000000000000000 ) ) ;
#6739 = CARTESIAN_POINT ( 'NONE',  ( 255.4757059743467664, -1521.000000000000227, 53.99999999999996447 ) ) ;
#6740 = DIRECTION ( 'NONE',  ( -0.9135454576426019768, 0.4067366430757978768, -0.000000000000000000 ) ) ;
#6741 = DIRECTION ( 'NONE',  ( -1.000000000000000000, 0.000000000000000000, -0.000000000000000000 ) ) ;
#6742 = EDGE_LOOP ( 'NONE', ( #7958, #3161, #3377, #613 ) ) ;
#6743 = PLANE ( 'NONE',  #3598 ) ;
#6744 = ORIENTED_EDGE ( 'NONE', *, *, #3547, .T. ) ;
#6745 = CARTESIAN_POINT ( 'NONE',  ( 310.4757059743467380, -1105.999999999999773, 297.0000000000000000 ) ) ;
#6746 = CARTESIAN_POINT ( 'NONE',  ( -223.3283934037494021, -144.3405110550739039, -424.9710184453751936 ) ) ;
#6747 = DIRECTION ( 'NONE',  ( 1.000000000000000000, -0.000000000000000000, -0.000000000000000000 ) ) ;
#6748 = ORIENTED_EDGE ( 'NONE', *, *, #7215, .F. ) ;
#6749 = B_SPLINE_CURVE_WITH_KNOTS ( 'NONE', 3,
 ( #6390, #4177, #61, #5701, #1271, #2057, #572, #2196, #7685, #3386, #8430, #2704, #1357, #3487, #1310, #4823, #6297, #7647, #4126, #6942, #3438, #6254, #4913, #1413, #4231, #5184, #2971, #1634, #8616, #5787, #7832, #8702, #2373, #7321 ),
 .UNSPECIFIED., .F., .F.,
 ( 4, 2, 2, 2, 2, 2, 2, 2, 2, 2, 2, 2, 2, 2, 2, 2, 4 ),
 ( 2.206416875106216635E-07, 0.004480910977914129290, 0.005601083561970741399, 0.006721256146027352642, 0.008961601314140608954, 0.01120194648225386613, 0.01344229165036712331, 0.01792298198659368277, 0.02016332715470691914, 0.02240367232282015897, 0.02688436265904675659, 0.03584574333149987552, 0.04032643366772643845, 0.04480712400395300832, 0.05376850467640621745, 0.06272988534885941270, 0.07169126602131262183 ),
 .UNSPECIFIED. ) ;
#6750 = EDGE_CURVE ( 'NONE', #8207, #1978, #4900, .T. ) ;
#6751 = CARTESIAN_POINT ( 'NONE',  ( 329.9999999999999432, -115.9999999999999858, 108.7499999999999858 ) ) ;
#6752 = ORIENTED_EDGE ( 'NONE', *, *, #7133, .F. ) ;
#6753 = VERTEX_POINT ( 'NONE', #4374 ) ;
#6754 = ORIENTED_EDGE ( 'NONE', *, *, #5819, .T. ) ;
#6755 = EDGE_CURVE ( 'NONE', #7201, #7609, #3678, .T. ) ;
#6756 = CARTESIAN_POINT ( 'NONE',  ( 63.12186535763336792, -851.0000000000000000, -144.0000000000000568 ) ) ;
#6757 = DIRECTION ( 'NONE',  ( 0.000000000000000000, 1.000000000000000000, 1.734723475976804383E-16 ) ) ;
#6758 = CARTESIAN_POINT ( 'NONE',  ( 72.16446630670712636, -1669.119192152643791, 12.68579376927582736 ) ) ;
#6759 = DIRECTION ( 'NONE',  ( -1.000000000000000000, 0.000000000000000000, 0.000000000000000000 ) ) ;
#6760 = FACE_OUTER_BOUND ( 'NONE', #2883, .T. ) ;
#6761 = ORIENTED_EDGE ( 'NONE', *, *, #6958, .T. ) ;
#6762 = CARTESIAN_POINT ( 'NONE',  ( -21.80485734324517821, -1616.585208464571451, -17.75175506388863056 ) ) ;
#6763 = ORIENTED_EDGE ( 'NONE', *, *, #4082, .F. ) ;
#6764 = VERTEX_POINT ( 'NONE', #7328 ) ;
#6765 = FACE_BOUND ( 'NONE', #2543, .T. ) ;
#6766 = FACE_BOUND ( 'NONE', #3705, .T. ) ;
#6767 = ADVANCED_FACE ( 'NONE', ( #5846 ), #3817, .T. ) ;
#6768 = FACE_OUTER_BOUND ( 'NONE', #2428, .T. ) ;
#6769 = VERTEX_POINT ( 'NONE', #8626 ) ;
#6770 = DIRECTION ( 'NONE',  ( 0.000000000000000000, 0.000000000000000000, -1.000000000000000000 ) ) ;
#6771 = EDGE_CURVE ( 'NONE', #7968, #3651, #1038, .T. ) ;
#6772 = CARTESIAN_POINT ( 'NONE',  ( 63.12186535763336792, -1186.000000000000000, -99.00000000000005684 ) ) ;
#6773 = DIRECTION ( 'NONE',  ( -0.5446390350150267512, -0.8386705679454243834, 0.000000000000000000 ) ) ;
#6774 = CARTESIAN_POINT ( 'NONE',  ( 458.6941282063430663, -855.3431854633304283, 342.0000000000000000 ) ) ;
#6775 = ORIENTED_EDGE ( 'NONE', *, *, #3637, .T. ) ;
#6776 = CARTESIAN_POINT ( 'NONE',  ( -18.58610902079638194, -1597.348912799730215, 25.00000000000000000 ) ) ;
#6777 = DIRECTION ( 'NONE',  ( -0.1736481776669321631, 0.9848077530122076872, 0.000000000000000000 ) ) ;
#6778 = EDGE_CURVE ( 'NONE', #816, #4915, #3774, .T. ) ;
#6779 = LINE ( 'NONE', #8956, #42 ) ;
#6780 = CARTESIAN_POINT ( 'NONE',  ( 458.6941282063430663, -855.3431854633304283, -99.00000000000000000 ) ) ;
#6781 = EDGE_CURVE ( 'NONE', #132, #7400, #8157, .T. ) ;
#6782 = CARTESIAN_POINT ( 'NONE',  ( 310.4757059743466243, -435.9999999999999432, -252.0000000000000568 ) ) ;
#6783 = ADVANCED_BREP_SHAPE_REPRESENTATION ( '55846', ( #8131, #7296 ), #6989 ) ;
#6784 = EDGE_CURVE ( 'NONE', #2635, #2015, #154, .T. ) ;
#6785 = VECTOR ( 'NONE', #5109, 1000.000000000000000 ) ;
#6786 = ORIENTED_EDGE ( 'NONE', *, *, #2576, .F. ) ;
#6787 = DIRECTION ( 'NONE',  ( -7.772245805989896776E-17, 1.000000000000000000, 3.469446951953608765E-16 ) ) ;
#6788 = ORIENTED_EDGE ( 'NONE', *, *, #6128, .F. ) ;
#6789 = DIRECTION ( 'NONE',  ( 0.000000000000000000, 0.000000000000000000, 1.000000000000000000 ) ) ;
#6790 = CARTESIAN_POINT ( 'NONE',  ( -220.4065122580883838, -160.9113224755450631, -421.1769931408550747 ) ) ;
#6791 = LINE ( 'NONE', #1859, #3442 ) ;
#6792 = ORIENTED_EDGE ( 'NONE', *, *, #4297, .F. ) ;
#6793 = VECTOR ( 'NONE', #7841, 1000.000000000000000 ) ;
#6794 = CARTESIAN_POINT ( 'NONE',  ( 329.9999999999999432, -115.9999999999999858, 99.99999999999998579 ) ) ;
#6795 = ORIENTED_EDGE ( 'NONE', *, *, #1878, .F. ) ;
#6796 = ORIENTED_EDGE ( 'NONE', *, *, #5343, .F. ) ;
#6797 = ORIENTED_EDGE ( 'NONE', *, *, #148, .F. ) ;
#6798 = DIRECTION ( 'NONE',  ( 0.000000000000000000, 1.000000000000000000, 0.000000000000000000 ) ) ;
#6799 = CIRCLE ( 'NONE', #7987, 17.50000000000001421 ) ;
#6800 = CARTESIAN_POINT ( 'NONE',  ( 258.7359868071098958, 90.00000000000002842, 419.5327899643283445 ) ) ;
#6801 = CARTESIAN_POINT ( 'NONE',  ( 63.12186535763324002, -390.9999999999999432, 297.0000000000000000 ) ) ;
#6802 = LINE ( 'NONE', #3246, #1731 ) ;
#6803 = EDGE_CURVE ( 'NONE', #3278, #3592, #8019, .T. ) ;
#6804 = FACE_OUTER_BOUND ( 'NONE', #1943, .T. ) ;
#6805 = ORIENTED_EDGE ( 'NONE', *, *, #8771, .T. ) ;
#6806 = CARTESIAN_POINT ( 'NONE',  ( -30.18594064916335995, -1622.728403660189997, -13.37822219010647729 ) ) ;
#6807 = EDGE_CURVE ( 'NONE', #8033, #3843, #2112, .T. ) ;
#6808 = CIRCLE ( 'NONE', #3573, 44.99999999999992895 ) ;
#6809 = VECTOR ( 'NONE', #4763, 1000.000000000000000 ) ;
#6810 = ORIENTED_EDGE ( 'NONE', *, *, #4984, .T. ) ;
#6811 = EDGE_CURVE ( 'NONE', #291, #7247, #1962, .T. ) ;
#6812 = VERTEX_POINT ( 'NONE', #1868 ) ;
#6813 = DIRECTION ( 'NONE',  ( -0.9848077530122076872, -0.1736481776669321075, -0.000000000000000000 ) ) ;
#6814 = AXIS2_PLACEMENT_3D ( 'NONE', #7790, #716, #4863 ) ;
#6815 = DIRECTION ( 'NONE',  ( 1.000000000000000000, 1.596294787383402785E-16, -0.000000000000000000 ) ) ;
#6816 = CIRCLE ( 'NONE', #8294, 44.99999999999992895 ) ;
#6817 = EDGE_CURVE ( 'NONE', #447, #1450, #3204, .T. ) ;
#6818 = AXIS2_PLACEMENT_3D ( 'NONE', #4500, #5095, #1633 ) ;
#6819 = DIRECTION ( 'NONE',  ( -0.8386705679454261597, 0.5446390350150240867, -0.000000000000000000 ) ) ;
#6820 = CIRCLE ( 'NONE', #1525, 44.99999999999992895 ) ;
#6821 = VECTOR ( 'NONE', #6757, 1000.000000000000000 ) ;
#6822 = ORIENTED_EDGE ( 'NONE', *, *, #8150, .F. ) ;
#6823 = DIRECTION ( 'NONE',  ( -0.9612616959383174509, -0.2756373558170039928, -0.000000000000000000 ) ) ;
#6824 = VECTOR ( 'NONE', #2360, 1000.000000000000000 ) ;
#6825 = DIRECTION ( 'NONE',  ( -0.000000000000000000, -0.000000000000000000, -1.000000000000000000 ) ) ;
#6826 = LINE ( 'NONE', #3358, #8212 ) ;
#6827 = CARTESIAN_POINT ( 'NONE',  ( 320.4757059743469085, -1018.999999999999886, 425.0000000000000000 ) ) ;
#6828 = ORIENTED_EDGE ( 'NONE', *, *, #8670, .F. ) ;
#6830 = DIRECTION ( 'NONE',  ( -1.000000000000000000, 0.000000000000000000, 0.000000000000000000 ) ) ;
#6829 = VECTOR ( 'NONE', #4356, 999.9999999999998863 ) ;
#6831 = CARTESIAN_POINT ( 'NONE',  ( 320.4757059743469085, -1639.000000000000000, 425.0000000000000000 ) ) ;
#6832 = VECTOR ( 'NONE', #2958, 1000.000000000000000 ) ;
#6833 = LINE ( 'NONE', #8913, #6684 ) ;
#6834 = DIRECTION ( 'NONE',  ( 1.000000000000000000, 0.000000000000000000, 0.000000000000000000 ) ) ;
#6835 = ADVANCED_FACE ( 'NONE', ( #8840 ), #7460, .F. ) ;
#6836 = EDGE_CURVE ( 'NONE', #2051, #6596, #5209, .T. ) ;
#6837 = VECTOR ( 'NONE', #5100, 1000.000000000000000 ) ;
#6838 = PLANE ( 'NONE',  #7434 ) ;
#6839 = VECTOR ( 'NONE', #7853, 1000.000000000000000 ) ;
#6840 = EDGE_CURVE ( 'NONE', #4849, #2936, #2513, .T. ) ;
#6841 = CIRCLE ( 'NONE', #3148, 245.0000000000000000 ) ;
#6842 = VERTEX_POINT ( 'NONE', #3945 ) ;
#6843 = LINE ( 'NONE', #701, #2185 ) ;
#6844 = VECTOR ( 'NONE', #1722, 999.9999999999998863 ) ;
#6845 = FACE_OUTER_BOUND ( 'NONE', #3627, .T. ) ;
#6846 = EDGE_LOOP ( 'NONE', ( #5344, #8101, #7464, #5886 ) ) ;
#6847 = DIRECTION ( 'NONE',  ( 0.000000000000000000, 1.000000000000000000, 0.000000000000000000 ) ) ;
#6848 = CARTESIAN_POINT ( 'NONE',  ( -221.5401495041079443, -154.4821461721525964, 423.6448667316203114 ) ) ;
#6849 = CARTESIAN_POINT ( 'NONE',  ( 310.4757059743468517, -1441.000000000000000, 143.9999999999999716 ) ) ;
#6850 = ORIENTED_EDGE ( 'NONE', *, *, #5172, .F. ) ;
#6851 = EDGE_CURVE ( 'NONE', #4684, #2646, #4036, .T. ) ;
#6852 = LINE ( 'NONE', #6751, #203 ) ;
#6853 = VECTOR ( 'NONE', #7169, 1000.000000000000000 ) ;
#6854 = VERTEX_POINT ( 'NONE', #7416 ) ;
#6855 = VERTEX_POINT ( 'NONE', #3340 ) ;
#6856 = ORIENTED_EDGE ( 'NONE', *, *, #4537, .F. ) ;
#6857 = PLANE ( 'NONE',  #902 ) ;
#6858 = DIRECTION ( 'NONE',  ( 0.000000000000000000, 0.000000000000000000, 1.000000000000000000 ) ) ;
#6859 = DIRECTION ( 'NONE',  ( 0.000000000000000000, 1.000000000000000000, -1.233581138472396507E-15 ) ) ;
#6860 = DIRECTION ( 'NONE',  ( -0.9135454576426019768, 0.4067366430757978768, 0.000000000000000000 ) ) ;
#6861 = DIRECTION ( 'NONE',  ( 0.9902680687415699179, 0.1391731009600692404, -0.000000000000000000 ) ) ;
#6862 = ORIENTED_EDGE ( 'NONE', *, *, #5149, .F. ) ;
#6863 = CARTESIAN_POINT ( 'NONE',  ( -17.41693730768109560, -1604.392786440465670, -15.04773792430880874 ) ) ;
#6864 = AXIS2_PLACEMENT_3D ( 'NONE', #6214, #8400, #2066 ) ;
#6865 = ORIENTED_EDGE ( 'NONE', *, *, #3917, .T. ) ;
#6866 = ORIENTED_EDGE ( 'NONE', *, *, #3393, .T. ) ;
#6867 = DIRECTION ( 'NONE',  ( 1.000000000000000000, -0.000000000000000000, -0.000000000000000000 ) ) ;
#6868 = DIRECTION ( 'NONE',  ( -0.000000000000000000, -0.000000000000000000, -1.000000000000000000 ) ) ;
#6869 = LINE ( 'NONE', #1423, #6683 ) ;
#6871 = VERTEX_POINT ( 'NONE', #4775 ) ;
#6870 = EDGE_CURVE ( 'NONE', #3538, #4021, #5935, .T. ) ;
#6872 = CARTESIAN_POINT ( 'NONE',  ( 0.000000000000000000, 0.000000000000000000, 425.0000000000000000 ) ) ;
#6873 = LINE ( 'NONE', #2625, #7698 ) ;
#6874 = DIRECTION ( 'NONE',  ( -1.000000000000000000, 0.000000000000000000, 0.000000000000000000 ) ) ;
#6875 = DIRECTION ( 'NONE',  ( -0.000000000000000000, 1.000000000000000000, -0.000000000000000000 ) ) ;
#6876 = ORIENTED_EDGE ( 'NONE', *, *, #3743, .F. ) ;
#6877 = DIRECTION ( 'NONE',  ( -0.1736481776669323851, 0.9848077530122075762, 0.000000000000000000 ) ) ;
#6878 = DIRECTION ( 'NONE',  ( -1.000000000000000000, -0.000000000000000000, -0.000000000000000000 ) ) ;
#6879 = DIRECTION ( 'NONE',  ( 1.000000000000000000, -0.000000000000000000, -0.000000000000000000 ) ) ;
#6880 = DIRECTION ( 'NONE',  ( 1.000000000000000000, 0.000000000000000000, 0.000000000000000000 ) ) ;
#6881 = ORIENTED_EDGE ( 'NONE', *, *, #777, .T. ) ;
#6882 = LINE ( 'NONE', #2540, #8775 ) ;
#6883 = AXIS2_PLACEMENT_3D ( 'NONE', #2437, #2123, #3725 ) ;
#6884 = ORIENTED_EDGE ( 'NONE', *, *, #3691, .T. ) ;
#6885 = CARTESIAN_POINT ( 'NONE',  ( 0.000000000000000000, 0.000000000000000000, -415.0000000000000000 ) ) ;
#6886 = CYLINDRICAL_SURFACE ( 'NONE', #8755, 45.00000000000000711 ) ;
#6887 = ORIENTED_EDGE ( 'NONE', *, *, #1763, .F. ) ;
#6888 = CARTESIAN_POINT ( 'NONE',  ( 255.4757059743467096, -435.9999999999998863, 98.99999999999995737 ) ) ;
#6889 = DIRECTION ( 'NONE',  ( -1.000000000000000000, -7.772245805989896776E-17, 0.000000000000000000 ) ) ;
#6890 = DIRECTION ( 'NONE',  ( 1.000000000000000000, 0.000000000000000000, 0.000000000000000000 ) ) ;
#6891 = VERTEX_POINT ( 'NONE', #6156 ) ;
#6892 = EDGE_CURVE ( 'NONE', #8662, #1210, #8604, .T. ) ;
#6893 = EDGE_CURVE ( 'NONE', #3655, #3807, #8976, .T. ) ;
#6894 = CARTESIAN_POINT ( 'NONE',  ( 181.9260487043634953, -181.6443532815082165, -210.9280929594058591 ) ) ;
#6895 = EDGE_LOOP ( 'NONE', ( #3847, #7982 ) ) ;
#6896 = ORIENTED_EDGE ( 'NONE', *, *, #1255, .T. ) ;
#6897 = EDGE_LOOP ( 'NONE', ( #738, #2298, #534, #8916, #7198 ) ) ;
#6898 = PLANE ( 'NONE',  #1353 ) ;
#6899 = CARTESIAN_POINT ( 'NONE',  ( 310.4757059743467380, -1186.000000000000000, 53.99999999999996447 ) ) ;
#6900 = CARTESIAN_POINT ( 'NONE',  ( 202.0000000000000284, 2.473786534277653779E-14, -435.0000000000000000 ) ) ;
#6901 = DIRECTION ( 'NONE',  ( -0.000000000000000000, -0.000000000000000000, 1.000000000000000000 ) ) ;
#6902 = DIRECTION ( 'NONE',  ( 0.9902680687415698069, 0.1391731009600692126, -0.000000000000000000 ) ) ;
#6903 = EDGE_LOOP ( 'NONE', ( #6151, #1172, #8633, #6196 ) ) ;
#6904 = DIRECTION ( 'NONE',  ( 0.000000000000000000, 1.000000000000000000, 1.734723475976804383E-16 ) ) ;
#6905 = EDGE_CURVE ( 'NONE', #2878, #3470, #2260, .T. ) ;
#6906 = VERTEX_POINT ( 'NONE', #2649 ) ;
#6907 = VERTEX_POINT ( 'NONE', #427 ) ;
#6908 = EDGE_CURVE ( 'NONE', #8966, #6498, #1094, .T. ) ;
#6909 = CARTESIAN_POINT ( 'NONE',  ( 310.4757059743467380, -1105.999999999999773, -99.00000000000004263 ) ) ;
#6910 = LINE ( 'NONE', #6263, #2972 ) ;
#6911 = FACE_OUTER_BOUND ( 'NONE', #5373, .T. ) ;
#6912 = CARTESIAN_POINT ( 'NONE',  ( 63.12186535763336792, -1186.000000000000000, 143.9999999999999432 ) ) ;
#6913 = CARTESIAN_POINT ( 'NONE',  ( -139.7702085353798509, -219.5986970742045230, -216.5105589424066750 ) ) ;
#6914 = CARTESIAN_POINT ( 'NONE',  ( 70.47570597434686590, -1661.019580355183734, -16.93866242688204693 ) ) ;
#6915 = FACE_OUTER_BOUND ( 'NONE', #6578, .T. ) ;
#6916 = ORIENTED_EDGE ( 'NONE', *, *, #4528, .F. ) ;
#6917 = DIRECTION ( 'NONE',  ( -5.551115123125777969E-15, 1.000000000000000000, 0.000000000000000000 ) ) ;
#6918 = DIRECTION ( 'NONE',  ( -0.000000000000000000, -0.000000000000000000, -1.000000000000000000 ) ) ;
#6919 = CC_DESIGN_DATE_AND_TIME_ASSIGNMENT ( #125, #3610, ( #948 ) ) ;
#6920 = LINE ( 'NONE', #6969, #1973 ) ;
#6921 = FACE_OUTER_BOUND ( 'NONE', #6332, .T. ) ;
#6922 = FACE_OUTER_BOUND ( 'NONE', #6137, .T. ) ;
#6923 = EDGE_CURVE ( 'NONE', #18, #5664, #8387, .T. ) ;
#6924 = ORIENTED_EDGE ( 'NONE', *, *, #4005, .F. ) ;
#6925 = LINE ( 'NONE', #3415, #8492 ) ;
#6926 = ORIENTED_EDGE ( 'NONE', *, *, #7440, .T. ) ;
#6927 = CARTESIAN_POINT ( 'NONE',  ( 329.9999999999999432, -115.9999999999999858, -108.7500000000000142 ) ) ;
#6928 = AXIS2_PLACEMENT_3D ( 'NONE', #8365, #7531, #7665 ) ;
#6929 = CARTESIAN_POINT ( 'NONE',  ( 0.000000000000000000, 0.000000000000000000, 432.9999999999998863 ) ) ;
#6930 = ORIENTED_EDGE ( 'NONE', *, *, #3346, .F. ) ;
#6931 = DIRECTION ( 'NONE',  ( -0.9848077530122076872, -0.1736481776669321075, -0.000000000000000000 ) ) ;
#6932 = DIRECTION ( 'NONE',  ( 0.000000000000000000, 1.000000000000000000, 0.000000000000000000 ) ) ;
#6933 = LINE ( 'NONE', #7775, #6680 ) ;
#6934 = ORIENTED_EDGE ( 'NONE', *, *, #7666, .F. ) ;
#6935 = DIRECTION ( 'NONE',  ( 0.000000000000000000, 0.000000000000000000, -1.000000000000000000 ) ) ;
#6936 = ORIENTED_EDGE ( 'NONE', *, *, #5087, .F. ) ;
#6937 = ORIENTED_EDGE ( 'NONE', *, *, #3092, .F. ) ;
#6938 = VERTEX_POINT ( 'NONE', #8526 ) ;
#6939 = CARTESIAN_POINT ( 'NONE',  ( 83.20714628746152641, -1642.385814612705417, 8.033231748472680067 ) ) ;
#6940 = CARTESIAN_POINT ( 'NONE',  ( -76.02839940225891269, -1641.618990345185239, 25.00000000000000000 ) ) ;
#6941 = LINE ( 'NONE', #8343, #7270 ) ;
#6942 = CARTESIAN_POINT ( 'NONE',  ( -130.0300105105153250, -215.8467897332258758, 202.1004820207843125 ) ) ;
#6943 = AXIS2_PLACEMENT_3D ( 'NONE', #592, #8578, #2253 ) ;
#6944 = DIRECTION ( 'NONE',  ( 0.000000000000000000, 0.000000000000000000, 1.000000000000000000 ) ) ;
#6945 = VERTEX_POINT ( 'NONE', #4273 ) ;
#6946 = CARTESIAN_POINT ( 'NONE',  ( -18.03919943820752536, -1609.042683275524041, -17.18293321210231639 ) ) ;
#6947 = ADVANCED_FACE ( 'NONE', ( #7044 ), #7090, .F. ) ;
#6948 = AXIS2_PLACEMENT_3D ( 'NONE', #2400, #1711, #3612 ) ;
#6949 = ORIENTED_EDGE ( 'NONE', *, *, #7123, .T. ) ;
#6950 = VECTOR ( 'NONE', #6868, 1000.000000000000000 ) ;
#6951 = EDGE_CURVE ( 'NONE', #7062, #7455, #6382, .T. ) ;
#6952 = ORIENTED_EDGE ( 'NONE', *, *, #4664, .T. ) ;
#6953 = ADVANCED_FACE ( 'NONE', ( #1411 ), #7830, .F. ) ;
#6954 = CARTESIAN_POINT ( 'NONE',  ( 369.9999999999999432, -115.9999999999999858, 311.2500000000000000 ) ) ;
#6955 = CARTESIAN_POINT ( 'NONE',  ( 63.12186535763325423, -516.0000000000000000, -252.0000000000001137 ) ) ;
#6956 = AXIS2_PLACEMENT_3D ( 'NONE', #686, #5621, #9137 ) ;
#6957 = AXIS2_PLACEMENT_3D ( 'NONE', #2126, #7021, #4883 ) ;
#6958 = EDGE_CURVE ( 'NONE', #531, #4447, #2992, .T. ) ;
#6959 = CARTESIAN_POINT ( 'NONE',  ( 324.9999999999999432, 184.0000000000000000, 117.5000000000000568 ) ) ;
#6960 = FACE_OUTER_BOUND ( 'NONE', #7377, .T. ) ;
#6961 = ORIENTED_EDGE ( 'NONE', *, *, #7781, .F. ) ;
#6962 = AXIS2_PLACEMENT_3D ( 'NONE', #581, #3954, #6120 ) ;
#6963 = CARTESIAN_POINT ( 'NONE',  ( 329.9999999999999432, -115.9999999999999858, 91.25000000000000000 ) ) ;
#6964 = DIRECTION ( 'NONE',  ( 0.000000000000000000, 1.000000000000000000, 1.734723475976804383E-16 ) ) ;
#6965 = LINE ( 'NONE', #8311, #2538 ) ;
#6967 = ORIENTED_EDGE ( 'NONE', *, *, #5306, .T. ) ;
#6966 = AXIS2_PLACEMENT_3D ( 'NONE', #6888, #6044, #515 ) ;
#6968 = DIRECTION ( 'NONE',  ( 1.000000000000000000, -0.000000000000000000, -0.000000000000000000 ) ) ;
#6969 = CARTESIAN_POINT ( 'NONE',  ( 255.4757059743467664, -516.0000000000000000, -144.0000000000000568 ) ) ;
#6970 = DIRECTION ( 'NONE',  ( 1.000000000000000000, -0.000000000000000000, -0.000000000000000000 ) ) ;
#6971 = VECTOR ( 'NONE', #7604, 1000.000000000000000 ) ;
#6972 = VECTOR ( 'NONE', #7503, 1000.000000000000000 ) ;
#6973 = CYLINDRICAL_SURFACE ( 'NONE', #5624, 60.00000000000000000 ) ;
#6974 = EDGE_LOOP ( 'NONE', ( #7039, #4816, #2391, #1769 ) ) ;
#6975 = CARTESIAN_POINT ( 'NONE',  ( 255.4757059743467096, -435.9999999999999432, 252.0000000000000000 ) ) ;
#6976 = AXIS2_PLACEMENT_3D ( 'NONE', #7033, #5550, #8376 ) ;
#6977 = ORIENTED_EDGE ( 'NONE', *, *, #4814, .T. ) ;
#6978 = CIRCLE ( 'NONE', #782, 44.99999999999992895 ) ;
#6979 = CIRCLE ( 'NONE', #4918, 30.00000000000004974 ) ;
#6980 = DIRECTION ( 'NONE',  ( 1.000000000000000000, -0.000000000000000000, -0.000000000000000000 ) ) ;
#6981 = LINE ( 'NONE', #2041, #43 ) ;
#6982 = ORIENTED_EDGE ( 'NONE', *, *, #3780, .T. ) ;
#6983 = DIRECTION ( 'NONE',  ( -0.000000000000000000, -0.000000000000000000, -1.000000000000000000 ) ) ;
#6984 = CARTESIAN_POINT ( 'NONE',  ( 71.12174265834688924, -1655.922664643812141, -17.97689995601803048 ) ) ;
#6985 = DIRECTION ( 'NONE',  ( 0.000000000000000000, 0.000000000000000000, 1.000000000000000000 ) ) ;
#6986 = ORIENTED_EDGE ( 'NONE', *, *, #6893, .F. ) ;
#6987 = AXIS2_PLACEMENT_3D ( 'NONE', #2448, #6819, #3309 ) ;
#6988 = EDGE_CURVE ( 'NONE', #4510, #1854, #6075, .T. ) ;
#6989 =( GEOMETRIC_REPRESENTATION_CONTEXT ( 3 ) GLOBAL_UNCERTAINTY_ASSIGNED_CONTEXT ( ( #4329 ) ) GLOBAL_UNIT_ASSIGNED_CONTEXT ( ( #3464, #8408, #6413 ) ) REPRESENTATION_CONTEXT ( 'NONE', 'WORKASPACE' ) );
#6990 = VECTOR ( 'NONE', #8951, 1000.000000000000000 ) ;
#6991 = CARTESIAN_POINT ( 'NONE',  ( 255.4757059743467664, -1186.000000000000000, -54.00000000000007816 ) ) ;
#6992 = EDGE_LOOP ( 'NONE', ( #3943, #2887, #2776, #4772 ) ) ;
#6993 = ADVANCED_FACE ( 'NONE', ( #4229 ), #1495, .F. ) ;
#6994 = EDGE_LOOP ( 'NONE', ( #7906, #4727, #3027, #1970 ) ) ;
#6995 = ORIENTED_EDGE ( 'NONE', *, *, #6678, .T. ) ;
#6996 = CIRCLE ( 'NONE', #7158, 8.749999999999980460 ) ;
#6997 = DIRECTION ( 'NONE',  ( 0.000000000000000000, 0.000000000000000000, 1.000000000000000000 ) ) ;
#6998 = DIRECTION ( 'NONE',  ( 0.000000000000000000, -1.000000000000000000, -3.469446951953608765E-16 ) ) ;
#6999 = CARTESIAN_POINT ( 'NONE',  ( 319.9999999999999432, 184.0000000000000000, -117.5000000000000142 ) ) ;
#7000 = DIRECTION ( 'NONE',  ( 1.000000000000000000, 1.596294787383402785E-16, 0.000000000000000000 ) ) ;
#7001 = DIRECTION ( 'NONE',  ( -0.9848077530122076872, -0.1736481776669321075, -0.000000000000000000 ) ) ;
#7002 = ORIENTED_EDGE ( 'NONE', *, *, #5238, .T. ) ;
#7003 = FACE_BOUND ( 'NONE', #5823, .T. ) ;
#7004 = VECTOR ( 'NONE', #6823, 1000.000000000000227 ) ;
#7005 = ORIENTED_EDGE ( 'NONE', *, *, #7355, .T. ) ;
#7006 = VERTEX_POINT ( 'NONE', #7739 ) ;
#7007 = ORIENTED_EDGE ( 'NONE', *, *, #1331, .T. ) ;
#7008 = VECTOR ( 'NONE', #8035, 1000.000000000000000 ) ;
#7009 = DIRECTION ( 'NONE',  ( 0.000000000000000000, 0.000000000000000000, 1.000000000000000000 ) ) ;
#7010 = CARTESIAN_POINT ( 'NONE',  ( 310.4757059743466243, -435.9999999999998863, 143.9999999999999716 ) ) ;
#7011 = DIRECTION ( 'NONE',  ( -1.000000000000000000, 0.000000000000000000, 0.000000000000000000 ) ) ;
#7012 = EDGE_CURVE ( 'NONE', #5242, #5350, #669, .T. ) ;
#7013 = VECTOR ( 'NONE', #4037, 1000.000000000000000 ) ;
#7014 = ADVANCED_FACE ( 'NONE', ( #617 ), #3485, .F. ) ;
#7015 = LINE ( 'NONE', #27, #818 ) ;
#7016 = ORIENTED_EDGE ( 'NONE', *, *, #5205, .F. ) ;
#7017 = CYLINDRICAL_SURFACE ( 'NONE', #6956, 19.99999999999990052 ) ;
#7018 = CARTESIAN_POINT ( 'NONE',  ( 329.9999999999999432, -115.9999999999999858, 320.0000000000000000 ) ) ;
#7019 = PLANE ( 'NONE',  #6515 ) ;
#7020 = ORIENTED_EDGE ( 'NONE', *, *, #6750, .F. ) ;
#7021 = DIRECTION ( 'NONE',  ( 0.000000000000000000, 0.000000000000000000, -1.000000000000000000 ) ) ;
#7022 = DIRECTION ( 'NONE',  ( -1.000000000000000000, 0.000000000000000000, 0.000000000000000000 ) ) ;
#7023 = DIRECTION ( 'NONE',  ( -7.772245805989896776E-17, 1.000000000000000000, 3.469446951953608765E-16 ) ) ;
#7024 = CARTESIAN_POINT ( 'NONE',  ( -150.2834285576145987, -230.3304350129469924, 242.0000000000000000 ) ) ;
#7025 = ORIENTED_EDGE ( 'NONE', *, *, #3828, .T. ) ;
#7026 = DIRECTION ( 'NONE',  ( -1.000000000000000000, 0.000000000000000000, -0.000000000000000000 ) ) ;
#7027 = EDGE_CURVE ( 'NONE', #5866, #664, #6388, .T. ) ;
#7028 = VERTEX_POINT ( 'NONE', #3533 ) ;
#7029 = ADVANCED_FACE ( 'NONE', ( #5699 ), #4750, .T. ) ;
#7030 = DIRECTION ( 'NONE',  ( 1.000000000000000000, 1.596294787383402785E-16, -0.000000000000000000 ) ) ;
#7031 = CARTESIAN_POINT ( 'NONE',  ( 369.9999999999999432, -115.9999999999999858, -311.2500000000000000 ) ) ;
#7032 = ORIENTED_EDGE ( 'NONE', *, *, #1721, .T. ) ;
#7033 = CARTESIAN_POINT ( 'NONE',  ( 255.4757059743467664, -770.9999999999998863, -99.00000000000004263 ) ) ;
#7034 = DIRECTION ( 'NONE',  ( 0.000000000000000000, 0.000000000000000000, 1.000000000000000000 ) ) ;
#7035 = DIRECTION ( 'NONE',  ( 0.000000000000000000, 1.000000000000000000, 0.000000000000000000 ) ) ;
#7036 = DIRECTION ( 'NONE',  ( 0.000000000000000000, 1.000000000000000000, 0.000000000000000000 ) ) ;
#7037 = TOROIDAL_SURFACE ( 'NONE', #7627, 255.0000000000000000, 10.00000000000000000 ) ;
#7038 = CARTESIAN_POINT ( 'NONE',  ( 255.4757059743468801, -1665.420018894026043, -375.9999999999999432 ) ) ;
#7039 = ORIENTED_EDGE ( 'NONE', *, *, #8718, .T. ) ;
#7040 = ORIENTED_EDGE ( 'NONE', *, *, #4005, .T. ) ;
#7041 = ORIENTED_EDGE ( 'NONE', *, *, #3274, .T. ) ;
#7042 = FACE_BOUND ( 'NONE', #9015, .T. ) ;
#7043 = VECTOR ( 'NONE', #6240, 1000.000000000000000 ) ;
#7044 = FACE_OUTER_BOUND ( 'NONE', #7409, .T. ) ;
#7045 = LINE ( 'NONE', #5654, #2108 ) ;
#7046 = DIRECTION ( 'NONE',  ( -0.000000000000000000, -0.000000000000000000, 1.000000000000000000 ) ) ;
#7047 = CARTESIAN_POINT ( 'NONE',  ( 245.2357379775465347, -230.2175041084763905, 98.99999999999997158 ) ) ;
#7048 = ORIENTED_EDGE ( 'NONE', *, *, #1485, .T. ) ;
#7049 = FACE_BOUND ( 'NONE', #3685, .T. ) ;
#7050 = ADVANCED_FACE ( 'NONE', ( #6336 ), #5606, .F. ) ;
#7051 = VECTOR ( 'NONE', #2081, 999.9999999999998863 ) ;
#7052 = ORIENTED_EDGE ( 'NONE', *, *, #3932, .T. ) ;
#7053 = EDGE_CURVE ( 'NONE', #1478, #2618, #5342, .T. ) ;
#7054 = ORIENTED_EDGE ( 'NONE', *, *, #6840, .T. ) ;
#7055 = ORIENTED_EDGE ( 'NONE', *, *, #2002, .F. ) ;
#7056 = CIRCLE ( 'NONE', #7813, 275.0222139978606606 ) ;
#7057 = CYLINDRICAL_SURFACE ( 'NONE', #6215, 44.99999999999998579 ) ;
#7058 = DIRECTION ( 'NONE',  ( -0.8386705679454246054, 0.5446390350150260851, 0.000000000000000000 ) ) ;
#7060 = ORIENTED_EDGE ( 'NONE', *, *, #65, .F. ) ;
#7059 = DIRECTION ( 'NONE',  ( -0.9848077530122076872, -0.1736481776669321075, -0.000000000000000000 ) ) ;
#7061 = DIRECTION ( 'NONE',  ( -1.000000000000000000, -0.000000000000000000, -0.000000000000000000 ) ) ;
#7062 = VERTEX_POINT ( 'NONE', #103 ) ;
#7063 = DIRECTION ( 'NONE',  ( 1.000000000000000000, 1.596294787383403032E-16, -0.000000000000000000 ) ) ;
#7064 = VERTEX_POINT ( 'NONE', #2932 ) ;
#7065 = LINE ( 'NONE', #5073, #2242 ) ;
#7066 = FACE_OUTER_BOUND ( 'NONE', #4716, .T. ) ;
#7067 = CIRCLE ( 'NONE', #7507, 200.0000000000000000 ) ;
#7068 = EDGE_CURVE ( 'NONE', #4958, #3183, #6674, .T. ) ;
#7069 = FACE_OUTER_BOUND ( 'NONE', #4198, .T. ) ;
#7070 = ORIENTED_EDGE ( 'NONE', *, *, #1647, .T. ) ;
#7071 = CARTESIAN_POINT ( 'NONE',  ( 63.12186535763325423, -1441.000000000000000, 252.0000000000000000 ) ) ;
#7072 = ORIENTED_EDGE ( 'NONE', *, *, #1079, .T. ) ;
#7073 = CIRCLE ( 'NONE', #3537, 45.00000000000004263 ) ;
#7074 = EDGE_CURVE ( 'NONE', #4857, #531, #2751, .T. ) ;
#7075 = DIRECTION ( 'NONE',  ( 1.000000000000000000, 1.596294787383402785E-16, -0.000000000000000000 ) ) ;
#7076 = DIRECTION ( 'NONE',  ( -0.000000000000000000, 1.000000000000000000, -0.000000000000000000 ) ) ;
#7077 = EDGE_LOOP ( 'NONE', ( #9108, #8984, #3344, #1593 ) ) ;
#7078 = DIRECTION ( 'NONE',  ( 0.000000000000000000, 0.000000000000000000, 1.000000000000000000 ) ) ;
#7079 = CARTESIAN_POINT ( 'NONE',  ( 70.51355317946229206, -1659.585425226983944, -17.37311654015953977 ) ) ;
#7080 = AXIS2_PLACEMENT_3D ( 'NONE', #4491, #3889, #3928 ) ;
#7081 = ADVANCED_FACE ( 'NONE', ( #5231 ), #2287, .F. ) ;
#7082 = DIRECTION ( 'NONE',  ( 0.000000000000000000, 1.000000000000000000, 0.000000000000000000 ) ) ;
#7083 = ORIENTED_EDGE ( 'NONE', *, *, #2047, .F. ) ;
#7084 = EDGE_CURVE ( 'NONE', #3771, #963, #2544, .T. ) ;
#7085 = CARTESIAN_POINT ( 'NONE',  ( 151.0131691407655410, -192.9555285299157674, -190.0392255151943175 ) ) ;
#7086 = ORIENTED_EDGE ( 'NONE', *, *, #5718, .T. ) ;
#7087 = ORIENTED_EDGE ( 'NONE', *, *, #2305, .F. ) ;
#7088 = ORIENTED_EDGE ( 'NONE', *, *, #5571, .T. ) ;
#7089 = DIRECTION ( 'NONE',  ( 0.000000000000000000, 1.000000000000000000, 0.000000000000000000 ) ) ;
#7090 = PLANE ( 'NONE',  #1225 ) ;
#7091 = DIRECTION ( 'NONE',  ( 5.538260084506780731E-32, -3.469446951953608765E-16, 1.000000000000000000 ) ) ;
#7092 = CARTESIAN_POINT ( 'NONE',  ( 310.4757059743468517, -1689.000000000000000, 425.0000000000000000 ) ) ;
#7093 = DIRECTION ( 'NONE',  ( 1.000000000000000000, 5.551115123125777969E-15, -0.000000000000000000 ) ) ;
#7094 = EDGE_LOOP ( 'NONE', ( #6937, #7997, #1124, #3089 ) ) ;
#7095 = CARTESIAN_POINT ( 'NONE',  ( 329.9999999999999432, -115.9999999999999858, 320.0000000000000000 ) ) ;
#7096 = ORIENTED_EDGE ( 'NONE', *, *, #7591, .F. ) ;
#7097 = VERTEX_POINT ( 'NONE', #846 ) ;
#7098 = ORIENTED_EDGE ( 'NONE', *, *, #4251, .T. ) ;
#7099 = EDGE_CURVE ( 'NONE', #3690, #6428, #8010, .T. ) ;
#7100 = AXIS2_PLACEMENT_3D ( 'NONE', #3674, #2797, #2842 ) ;
#7101 = DIRECTION ( 'NONE',  ( -0.000000000000000000, -0.000000000000000000, -1.000000000000000000 ) ) ;
#7102 = DIRECTION ( 'NONE',  ( 0.000000000000000000, 0.000000000000000000, 1.000000000000000000 ) ) ;
#7103 = EDGE_CURVE ( 'NONE', #540, #471, #5742, .T. ) ;
#7104 = DIRECTION ( 'NONE',  ( 0.9848077530122077983, 0.1736481776669324129, -0.000000000000000000 ) ) ;
#7105 = EDGE_CURVE ( 'NONE', #3238, #5594, #8057, .T. ) ;
#7106 = CIRCLE ( 'NONE', #6349, 18.00000000000018474 ) ;
#7107 = CARTESIAN_POINT ( 'NONE',  ( 319.9999999999999432, 234.0000000000000000, -425.0000000000000000 ) ) ;
#7108 = EDGE_LOOP ( 'NONE', ( #3628, #1946, #5015, #3222 ) ) ;
#7109 = EDGE_CURVE ( 'NONE', #3391, #5620, #3806, .T. ) ;
#7110 = EDGE_CURVE ( 'NONE', #9082, #764, #3735, .T. ) ;
#7111 = CYLINDRICAL_SURFACE ( 'NONE', #8286, 44.99999999999992895 ) ;
#7112 = AXIS2_PLACEMENT_3D ( 'NONE', #2807, #1429, #7900 ) ;
#7113 = CIRCLE ( 'NONE', #4454, 44.99999999999998579 ) ;
#7114 = ORIENTED_EDGE ( 'NONE', *, *, #5089, .T. ) ;
#7115 = CARTESIAN_POINT ( 'NONE',  ( -17.41676001831727305, -1604.375224424250064, 15.03699126238646144 ) ) ;
#7116 = DIRECTION ( 'NONE',  ( 1.000000000000000000, 1.596294787383403032E-16, -0.000000000000000000 ) ) ;
#7117 = CARTESIAN_POINT ( 'NONE',  ( -31.93389202846878305, -941.8541429223073465, -252.0000000000000000 ) ) ;
#7118 = AXIS2_PLACEMENT_3D ( 'NONE', #5292, #3175, #3044 ) ;
#7119 = ORIENTED_EDGE ( 'NONE', *, *, #6426, .T. ) ;
#7120 = FACE_OUTER_BOUND ( 'NONE', #1395, .T. ) ;
#7121 = ORIENTED_EDGE ( 'NONE', *, *, #4602, .F. ) ;
#7122 = FACE_OUTER_BOUND ( 'NONE', #1364, .T. ) ;
#7123 = EDGE_CURVE ( 'NONE', #1749, #5665, #1686, .T. ) ;
#7124 = LINE ( 'NONE', #3618, #7138 ) ;
#7125 = VERTEX_POINT ( 'NONE', #5093 ) ;
#7127 = CYLINDRICAL_SURFACE ( 'NONE', #1812, 29.99999999999998579 ) ;
#7126 = VECTOR ( 'NONE', #7001, 1000.000000000000114 ) ;
#7128 = CARTESIAN_POINT ( 'NONE',  ( 303.9077434975146730, -252.2665186545951599, 297.0000000000000000 ) ) ;
#7129 = LINE ( 'NONE', #3622, #2116 ) ;
#7130 = DIRECTION ( 'NONE',  ( -1.000000000000000000, 0.000000000000000000, 0.000000000000000000 ) ) ;
#7131 = EDGE_CURVE ( 'NONE', #7247, #5261, #1068, .T. ) ;
#7132 = AXIS2_PLACEMENT_3D ( 'NONE', #195, #3024, #8012 ) ;
#7133 = EDGE_CURVE ( 'NONE', #4185, #7201, #3763, .T. ) ;
#7134 = CARTESIAN_POINT ( 'NONE',  ( 156.5761745066535013, -189.3447236355531231, -191.2004585961075804 ) ) ;
#7135 = EDGE_CURVE ( 'NONE', #5241, #447, #8699, .T. ) ;
#7136 = AXIS2_PLACEMENT_3D ( 'NONE', #3672, #6656, #2374 ) ;
#7137 = VERTEX_POINT ( 'NONE', #4498 ) ;
#7138 = VECTOR ( 'NONE', #3052, 1000.000000000000000 ) ;
#7139 = ORIENTED_EDGE ( 'NONE', *, *, #5552, .T. ) ;
#7140 = VERTEX_POINT ( 'NONE', #2370 ) ;
#7141 = CARTESIAN_POINT ( 'NONE',  ( 70.47570597434688011, -1660.659704712436451, 17.05685315552144843 ) ) ;
#7142 = VECTOR ( 'NONE', #7863, 1000.000000000000000 ) ;
#7143 = CARTESIAN_POINT ( 'NONE',  ( 90.47570597434693696, -1661.019580355183734, 25.00000000000000000 ) ) ;
#7144 = EDGE_CURVE ( 'NONE', #6938, #1125, #7876, .T. ) ;
#7145 = LINE ( 'NONE', #4861, #1215 ) ;
#7146 = CARTESIAN_POINT ( 'NONE',  ( 310.4757059743467380, -1061.000000000000000, 297.0000000000000000 ) ) ;
#7147 = DIRECTION ( 'NONE',  ( -0.8386705679454261597, 0.5446390350150240867, -0.000000000000000000 ) ) ;
#7148 = ORIENTED_EDGE ( 'NONE', *, *, #7466, .T. ) ;
#7149 = FACE_BOUND ( 'NONE', #3768, .T. ) ;
#7150 = VECTOR ( 'NONE', #7808, 1000.000000000000000 ) ;
#7151 = AXIS2_PLACEMENT_3D ( 'NONE', #402, #3830, #8213 ) ;
#7152 = ORIENTED_EDGE ( 'NONE', *, *, #5927, .T. ) ;
#7153 = ORIENTED_EDGE ( 'NONE', *, *, #754, .T. ) ;
#7154 = VERTEX_POINT ( 'NONE', #7960 ) ;
#7155 = DIRECTION ( 'NONE',  ( -0.9848077530122077983, -0.1736481776669321631, 0.000000000000000000 ) ) ;
#7156 = CARTESIAN_POINT ( 'NONE',  ( -223.6050446021186531, -142.7715441433868477, 225.0915164878162216 ) ) ;
#7157 = DIRECTION ( 'NONE',  ( 1.000000000000000000, 1.596294787383402785E-16, -0.000000000000000000 ) ) ;
#7158 = AXIS2_PLACEMENT_3D ( 'NONE', #8971, #7454, #6935 ) ;
#7159 = DIRECTION ( 'NONE',  ( 1.000000000000000000, 0.000000000000000000, 0.000000000000000000 ) ) ;
#7160 = VECTOR ( 'NONE', #5726, 1000.000000000000000 ) ;
#7161 = ORIENTED_EDGE ( 'NONE', *, *, #539, .F. ) ;
#7162 = CARTESIAN_POINT ( 'NONE',  ( 546.5296648428286517, -243.3306841600858093, -25.00000000000000000 ) ) ;
#7163 = ORIENTED_EDGE ( 'NONE', *, *, #6811, .T. ) ;
#7164 = CARTESIAN_POINT ( 'NONE',  ( -33.32512999248132246, -1623.674405220801191, 11.10596992497107216 ) ) ;
#7165 = PERSON_AND_ORGANIZATION_ROLE ( 'design_owner' ) ;
#7166 = EDGE_CURVE ( 'NONE', #711, #1206, #1547, .T. ) ;
#7167 = CARTESIAN_POINT ( 'NONE',  ( -255.0000000000000000, 0.000000000000000000, -425.0000000000000000 ) ) ;
#7168 = ORIENTED_EDGE ( 'NONE', *, *, #6306, .T. ) ;
#7169 = DIRECTION ( 'NONE',  ( 1.000000000000000000, 1.596294787383402785E-16, -0.000000000000000000 ) ) ;
#7170 = CARTESIAN_POINT ( 'NONE',  ( 319.9999999999999432, 234.0000000000000000, 425.0000000000000000 ) ) ;
#7171 = CARTESIAN_POINT ( 'NONE',  ( 227.8705773021168000, 90.00000000000001421, -190.0000000000000000 ) ) ;
#7172 = ORIENTED_EDGE ( 'NONE', *, *, #8987, .F. ) ;
#7173 = CARTESIAN_POINT ( 'NONE',  ( 63.12186535763325423, -1441.000000000000000, -54.00000000000004974 ) ) ;
#7174 = CARTESIAN_POINT ( 'NONE',  ( 82.59165971664405959, -1642.633838329540367, -8.945446025479046881 ) ) ;
#7175 = CARTESIAN_POINT ( 'NONE',  ( -31.93389202846878305, -941.8541429223073465, -53.99999999999999289 ) ) ;
#7176 = ORIENTED_EDGE ( 'NONE', *, *, #268, .T. ) ;
#7177 = DIRECTION ( 'NONE',  ( 1.000000000000000000, 1.596294787383402785E-16, -0.000000000000000000 ) ) ;
#7178 = ORIENTED_EDGE ( 'NONE', *, *, #3802, .F. ) ;
#7179 = CARTESIAN_POINT ( 'NONE',  ( 79.86934754762536670, -1644.061224521363556, 12.21708487337451032 ) ) ;
#7180 = CARTESIAN_POINT ( 'NONE',  ( 0.000000000000000000, 0.000000000000000000, -275.0000000000000000 ) ) ;
#7181 = DIRECTION ( 'NONE',  ( 0.000000000000000000, 1.000000000000000000, 1.734723475976804383E-16 ) ) ;
#7182 = CARTESIAN_POINT ( 'NONE',  ( -219.5857785823021402, -165.5659344497793484, 415.5876599065582582 ) ) ;
#7183 = DIRECTION ( 'NONE',  ( 1.000000000000000000, 0.000000000000000000, 0.000000000000000000 ) ) ;
#7184 = VERTEX_POINT ( 'NONE', #242 ) ;
#7185 = CARTESIAN_POINT ( 'NONE',  ( -202.0000000000001705, 2.473786534277655673E-14, 435.0000000000000000 ) ) ;
#7186 = EDGE_CURVE ( 'NONE', #272, #5242, #8610, .T. ) ;
#7187 = ORIENTED_EDGE ( 'NONE', *, *, #6608, .F. ) ;
#7188 = ORIENTED_EDGE ( 'NONE', *, *, #1624, .F. ) ;
#7189 = CIRCLE ( 'NONE', #3050, 8.749999999999980460 ) ;
#7190 = ORIENTED_EDGE ( 'NONE', *, *, #4166, .F. ) ;
#7191 = CARTESIAN_POINT ( 'NONE',  ( 80.10840072578832860, -1678.124288465313384, -2.699301326102638399 ) ) ;
#7192 = CARTESIAN_POINT ( 'NONE',  ( 310.4757059743466812, -851.0000000000001137, -297.0000000000000568 ) ) ;
#7193 = CARTESIAN_POINT ( 'NONE',  ( 249.2724892809630433, 90.00000000000000000, -425.0000000000000000 ) ) ;
#7194 = DIRECTION ( 'NONE',  ( 1.000000000000000000, 5.551115123125777969E-15, -0.000000000000000000 ) ) ;
#7195 = DIRECTION ( 'NONE',  ( 1.596294787383402785E-16, -1.000000000000000000, 0.000000000000000000 ) ) ;
#7196 = EDGE_CURVE ( 'NONE', #16, #1655, #940, .T. ) ;
#7197 = AXIS2_PLACEMENT_3D ( 'NONE', #105, #7921, #1591 ) ;
#7198 = ORIENTED_EDGE ( 'NONE', *, *, #740, .T. ) ;
#7199 = ADVANCED_FACE ( 'NONE', ( #5876 ), #8698, .F. ) ;
#7200 = DIRECTION ( 'NONE',  ( -1.000000000000000000, 0.000000000000000000, 0.000000000000000000 ) ) ;
#7201 = VERTEX_POINT ( 'NONE', #8747 ) ;
#7202 = DIRECTION ( 'NONE',  ( -3.083952846180995211E-16, 1.000000000000000000, 0.000000000000000000 ) ) ;
#7203 = VERTEX_POINT ( 'NONE', #1764 ) ;
#7204 = CARTESIAN_POINT ( 'NONE',  ( 245.7196715970460730, -233.1366183439936037, 86.01026277031682810 ) ) ;
#7205 = APPROVAL_ROLE ( '' ) ;
#7206 = CARTESIAN_POINT ( 'NONE',  ( 63.12186535763325423, -435.9999999999999432, 98.99999999999995737 ) ) ;
#7207 = EDGE_LOOP ( 'NONE', ( #4698, #483, #3869, #6208, #2444 ) ) ;
#7208 = CARTESIAN_POINT ( 'NONE',  ( 63.12186535763342476, -770.9999999999998863, 341.9999999999999432 ) ) ;
#7209 = EDGE_CURVE ( 'NONE', #5635, #7356, #1815, .T. ) ;
#7210 = CARTESIAN_POINT ( 'NONE',  ( 63.12186535763342476, -1105.999999999999773, 341.9999999999999432 ) ) ;
#7211 = LINE ( 'NONE', #5865, #342 ) ;
#7212 = EDGE_LOOP ( 'NONE', ( #8426, #3249, #9102, #3301 ) ) ;
#7213 = CARTESIAN_POINT ( 'NONE',  ( 63.12186535763342476, -1186.000000000000000, 296.9999999999999432 ) ) ;
#7214 = DIRECTION ( 'NONE',  ( -7.772245805989896776E-17, 1.000000000000000000, 3.469446951953609258E-16 ) ) ;
#7215 = EDGE_CURVE ( 'NONE', #2770, #6193, #7447, .T. ) ;
#7216 = CARTESIAN_POINT ( 'NONE',  ( -0.5929551898399276766, -1480.183187212705661, -425.0000000000000000 ) ) ;
#7217 = ORIENTED_EDGE ( 'NONE', *, *, #2103, .F. ) ;
#7218 = DIRECTION ( 'NONE',  ( -0.000000000000000000, -0.000000000000000000, -1.000000000000000000 ) ) ;
#7219 = ORIENTED_EDGE ( 'NONE', *, *, #1426, .F. ) ;
#7220 = LINE ( 'NONE', #987, #17 ) ;
#7221 = CARTESIAN_POINT ( 'NONE',  ( 0.000000000000000000, 0.000000000000000000, 432.9999999999998863 ) ) ;
#7222 = DIRECTION ( 'NONE',  ( 0.000000000000000000, 1.000000000000000000, 0.000000000000000000 ) ) ;
#7223 = CARTESIAN_POINT ( 'NONE',  ( 0.000000000000000000, 0.000000000000000000, -242.0000000000000000 ) ) ;
#7224 = DIRECTION ( 'NONE',  ( 0.000000000000000000, 1.000000000000000000, 0.000000000000000000 ) ) ;
#7225 = VERTEX_POINT ( 'NONE', #4574 ) ;
#7226 = CARTESIAN_POINT ( 'NONE',  ( 369.9999999999999432, 234.0000000000000000, 425.0000000000000000 ) ) ;
#7227 = FACE_BOUND ( 'NONE', #4026, .T. ) ;
#7228 = ORIENTED_EDGE ( 'NONE', *, *, #1835, .T. ) ;
#7229 = ORIENTED_EDGE ( 'NONE', *, *, #1280, .T. ) ;
#7230 = EDGE_LOOP ( 'NONE', ( #6493, #6622, #4752, #3965 ) ) ;
#7231 = DIRECTION ( 'NONE',  ( -1.596294787383402785E-16, 1.000000000000000000, -0.000000000000000000 ) ) ;
#7232 = LINE ( 'NONE', #5929, #4643 ) ;
#7233 = CARTESIAN_POINT ( 'NONE',  ( 88.40978297340873837, -1714.831586098830257, 25.00000000000000000 ) ) ;
#7234 = CARTESIAN_POINT ( 'NONE',  ( 63.12186535763325423, -1441.000000000000000, 98.99999999999995737 ) ) ;
#7235 = ADVANCED_FACE ( 'NONE', ( #6845 ), #7399, .F. ) ;
#7236 = DIRECTION ( 'NONE',  ( 1.000000000000000000, -0.000000000000000000, -0.000000000000000000 ) ) ;
#7237 = EDGE_CURVE ( 'NONE', #111, #709, #4665, .T. ) ;
#7238 = CARTESIAN_POINT ( 'NONE',  ( 255.4757059743467664, -851.0000000000000000, 98.99999999999994316 ) ) ;
#7239 = ORIENTED_EDGE ( 'NONE', *, *, #7331, .F. ) ;
#7240 = PLANE ( 'NONE',  #5483 ) ;
#7241 = ORIENTED_EDGE ( 'NONE', *, *, #6811, .F. ) ;
#7242 = EDGE_CURVE ( 'NONE', #9113, #1535, #2859, .T. ) ;
#7243 = CARTESIAN_POINT ( 'NONE',  ( -36.88243050588437200, -1624.074068434824540, 8.247834339567328144 ) ) ;
#7244 = VECTOR ( 'NONE', #8392, 1000.000000000000000 ) ;
#7245 = MECHANICAL_CONTEXT ( 'NONE', #1321, 'mechanical' ) ;
#7246 = LINE ( 'NONE', #1664, #2089 ) ;
#7247 = VERTEX_POINT ( 'NONE', #1069 ) ;
#7248 = CARTESIAN_POINT ( 'NONE',  ( 63.12186535763325423, -1441.000000000000000, -252.0000000000000568 ) ) ;
#7249 = AXIS2_PLACEMENT_3D ( 'NONE', #4240, #3597, #2111 ) ;
#7250 = VECTOR ( 'NONE', #7945, 1000.000000000000000 ) ;
#7251 = CARTESIAN_POINT ( 'NONE',  ( -76.02839940225891269, -1641.618990345185239, -25.00000000000000000 ) ) ;
#7252 = LINE ( 'NONE', #5168, #5661 ) ;
#7253 = VERTEX_POINT ( 'NONE', #1201 ) ;
#7254 = LINE ( 'NONE', #1580, #7142 ) ;
#7255 = CARTESIAN_POINT ( 'NONE',  ( 74.28236601951512341, -1649.276308792915870, -16.90744168955043492 ) ) ;
#7256 = FACE_BOUND ( 'NONE', #3234, .T. ) ;
#7257 = CARTESIAN_POINT ( 'NONE',  ( 160.7821874679233929, -187.1799318985319758, 193.0349995570046246 ) ) ;
#7258 = CIRCLE ( 'NONE', #5778, 44.99999999999998579 ) ;
#7259 = CIRCLE ( 'NONE', #5634, 30.00000000000004974 ) ;
#7260 = DIRECTION ( 'NONE',  ( -0.9848077530122077983, -0.1736481776669321631, 0.000000000000000000 ) ) ;
#7261 = ORIENTED_EDGE ( 'NONE', *, *, #7381, .F. ) ;
#7262 = VECTOR ( 'NONE', #13, 1000.000000000000227 ) ;
#7263 = DIRECTION ( 'NONE',  ( -1.000000000000000000, -7.772245805989896776E-17, 0.000000000000000000 ) ) ;
#7264 = DIRECTION ( 'NONE',  ( -0.1391731009600692126, 0.9902680687415699179, -0.000000000000000000 ) ) ;
#7265 = VERTEX_POINT ( 'NONE', #3972 ) ;
#7266 = LINE ( 'NONE', #8659, #5938 ) ;
#7267 = CARTESIAN_POINT ( 'NONE',  ( 319.9999999999999432, 234.0000000000000000, 425.0000000000000000 ) ) ;
#7268 = DIRECTION ( 'NONE',  ( 0.000000000000000000, 1.000000000000000000, 0.000000000000000000 ) ) ;
#7269 = ORIENTED_EDGE ( 'NONE', *, *, #2601, .T. ) ;
#7270 = VECTOR ( 'NONE', #571, 1000.000000000000000 ) ;
#7271 = AXIS2_PLACEMENT_3D ( 'NONE', #5597, #5734, #7082 ) ;
#7272 = AXIS2_PLACEMENT_3D ( 'NONE', #1127, #6016, #1824 ) ;
#7273 = ADVANCED_FACE ( 'NONE', ( #457 ), #6743, .F. ) ;
#7274 = PLANE ( 'NONE',  #2270 ) ;
#7275 = EDGE_CURVE ( 'NONE', #272, #2974, #2501, .T. ) ;
#7276 = ORIENTED_EDGE ( 'NONE', *, *, #3001, .T. ) ;
#7277 = EDGE_LOOP ( 'NONE', ( #1251, #2643, #6033, #2188 ) ) ;
#7278 = ORIENTED_EDGE ( 'NONE', *, *, #8251, .T. ) ;
#7279 = CIRCLE ( 'NONE', #2415, 10.00000000000000888 ) ;
#7280 = LINE ( 'NONE', #956, #769 ) ;
#7281 = CARTESIAN_POINT ( 'NONE',  ( -231.4673811835339734, -98.18201762949144040, -201.0384436856512025 ) ) ;
#7282 = LINE ( 'NONE', #3819, #537 ) ;
#7283 = AXIS2_PLACEMENT_3D ( 'NONE', #6929, #603, #7307 ) ;
#7284 = DIRECTION ( 'NONE',  ( -0.000000000000000000, -0.000000000000000000, -1.000000000000000000 ) ) ;
#7285 = DIRECTION ( 'NONE',  ( 1.000000000000000000, 0.000000000000000000, 0.000000000000000000 ) ) ;
#7286 = AXIS2_PLACEMENT_3D ( 'NONE', #7966, #3030, #297 ) ;
#7287 = VERTEX_POINT ( 'NONE', #1154 ) ;
#7288 = AXIS2_PLACEMENT_3D ( 'NONE', #7351, #3056, #5035 ) ;
#7289 = AXIS2_PLACEMENT_3D ( 'NONE', #6081, #8909, #5394 ) ;
#7290 = FACE_OUTER_BOUND ( 'NONE', #993, .T. ) ;
#7291 = ORIENTED_EDGE ( 'NONE', *, *, #8865, .T. ) ;
#7292 = ORIENTED_EDGE ( 'NONE', *, *, #8991, .T. ) ;
#7293 = CIRCLE ( 'NONE', #3303, 45.00000000000000711 ) ;
#7294 = DIRECTION ( 'NONE',  ( 0.000000000000000000, 0.000000000000000000, -1.000000000000000000 ) ) ;
#7295 = ORIENTED_EDGE ( 'NONE', *, *, #665, .T. ) ;
#7296 = AXIS2_PLACEMENT_3D ( 'NONE', #6458, #2217, #914 ) ;
#7297 = LINE ( 'NONE', #1662, #903 ) ;
#7298 = COORDINATED_UNIVERSAL_TIME_OFFSET ( 8, 0, .BEHIND. ) ;
#7299 = ADVANCED_FACE ( 'NONE', ( #4020 ), #5271, .F. ) ;
#7300 = ADVANCED_FACE ( 'NONE', ( #4067 ), #6886, .F. ) ;
#7301 = DIRECTION ( 'NONE',  ( -1.000000000000000000, -7.772245805989896776E-17, 0.000000000000000000 ) ) ;
#7302 = AXIS2_PLACEMENT_3D ( 'NONE', #6280, #4891, #7026 ) ;
#7303 = ORIENTED_EDGE ( 'NONE', *, *, #1709, .F. ) ;
#7304 = LINE ( 'NONE', #7992, #8779 ) ;
#7305 = DIRECTION ( 'NONE',  ( 0.000000000000000000, 1.000000000000000000, 0.000000000000000000 ) ) ;
#7306 = VECTOR ( 'NONE', #6688, 1000.000000000000000 ) ;
#7307 = DIRECTION ( 'NONE',  ( 1.000000000000000000, 0.000000000000000000, 0.000000000000000000 ) ) ;
#7308 = ORIENTED_EDGE ( 'NONE', *, *, #6489, .T. ) ;
#7309 = CYLINDRICAL_SURFACE ( 'NONE', #340, 44.99999999999992895 ) ;
#7310 = CARTESIAN_POINT ( 'NONE',  ( 82.15970726088193032, -1642.823572392974711, -9.529648057614728884 ) ) ;
#7311 = FACE_BOUND ( 'NONE', #8438, .T. ) ;
#7312 = CARTESIAN_POINT ( 'NONE',  ( 181.9260487043634953, -181.6443532815082165, 210.9280929594058591 ) ) ;
#7313 = EDGE_CURVE ( 'NONE', #5163, #884, #5354, .T. ) ;
#7314 = FACE_OUTER_BOUND ( 'NONE', #4169, .T. ) ;
#7315 = EDGE_CURVE ( 'NONE', #1762, #2008, #4758, .T. ) ;
#7316 = EDGE_LOOP ( 'NONE', ( #4204, #5334, #6285, #6012 ) ) ;
#7317 = CARTESIAN_POINT ( 'NONE',  ( 88.40978297340873837, -1714.831586098830257, -25.00000000000000000 ) ) ;
#7318 = CARTESIAN_POINT ( 'NONE',  ( -81.17427967907947561, -950.5365518056539713, 144.0000000000000284 ) ) ;
#7319 = EDGE_LOOP ( 'NONE', ( #8195, #5071 ) ) ;
#7320 = FACE_OUTER_BOUND ( 'NONE', #2334, .T. ) ;
#7321 = CARTESIAN_POINT ( 'NONE',  ( -150.2834285576145987, -230.3304350129469924, 242.0000000000000000 ) ) ;
#7322 = DIRECTION ( 'NONE',  ( 1.000000000000000000, 1.596294787383402785E-16, -0.000000000000000000 ) ) ;
#7323 = ORIENTED_EDGE ( 'NONE', *, *, #8607, .T. ) ;
#7324 = CARTESIAN_POINT ( 'NONE',  ( 310.4757059743468517, -683.9999999999998863, 425.0000000000000000 ) ) ;
#7325 = VERTEX_POINT ( 'NONE', #7491 ) ;
#7326 = ORIENTED_EDGE ( 'NONE', *, *, #3991, .F. ) ;
#7327 = ORIENTED_EDGE ( 'NONE', *, *, #123, .F. ) ;
#7328 = CARTESIAN_POINT ( 'NONE',  ( 310.4757059743466243, -435.9999999999998863, 252.0000000000000000 ) ) ;
#7329 = DIRECTION ( 'NONE',  ( 0.000000000000000000, 1.000000000000000000, 0.000000000000000000 ) ) ;
#7330 = CARTESIAN_POINT ( 'NONE',  ( 255.6140755013061607, 90.00000000000002842, -423.0265738494628067 ) ) ;
#7331 = EDGE_CURVE ( 'NONE', #3703, #7287, #6979, .T. ) ;
#7332 = CARTESIAN_POINT ( 'NONE',  ( 389.2348571395701811, -461.4200842584472184, -342.0000000000000000 ) ) ;
#7333 = PLANE ( 'NONE',  #3853 ) ;
#7334 = EDGE_CURVE ( 'NONE', #7064, #6938, #1806, .T. ) ;
#7335 = VERTEX_POINT ( 'NONE', #415 ) ;
#7336 = AXIS2_PLACEMENT_3D ( 'NONE', #7525, #7571, #6964 ) ;
#7337 = CARTESIAN_POINT ( 'NONE',  ( 310.4757059743466243, -390.9999999999998863, 297.0000000000000000 ) ) ;
#7338 = VERTEX_POINT ( 'NONE', #4622 ) ;
#7339 = LINE ( 'NONE', #1009, #4163 ) ;
#7340 = VECTOR ( 'NONE', #4084, 1000.000000000000000 ) ;
#7341 = CARTESIAN_POINT ( 'NONE',  ( 255.4757059743467664, -851.0000000000001137, -252.0000000000001137 ) ) ;
#7342 = ORIENTED_EDGE ( 'NONE', *, *, #6503, .T. ) ;
#7343 = DIRECTION ( 'NONE',  ( 1.000000000000000000, 1.596294787383403032E-16, -0.000000000000000000 ) ) ;
#7344 = VECTOR ( 'NONE', #4215, 1000.000000000000114 ) ;
#7345 = DIRECTION ( 'NONE',  ( -0.8386705679454261597, 0.5446390350150240867, -0.000000000000000000 ) ) ;
#7346 = AXIS2_PLACEMENT_3D ( 'NONE', #6780, #3365, #7485 ) ;
#7347 = LINE ( 'NONE', #369, #3009 ) ;
#7348 = ORIENTED_EDGE ( 'NONE', *, *, #1488, .F. ) ;
#7349 = PLANE ( 'NONE',  #8760 ) ;
#7350 = DIRECTION ( 'NONE',  ( -0.000000000000000000, -0.000000000000000000, -1.000000000000000000 ) ) ;
#7351 = CARTESIAN_POINT ( 'NONE',  ( 0.000000000000000000, 0.000000000000000000, -435.0000000000000000 ) ) ;
#7352 = DIRECTION ( 'NONE',  ( 0.000000000000000000, 0.000000000000000000, 1.000000000000000000 ) ) ;
#7353 = EDGE_CURVE ( 'NONE', #4319, #4996, #3233, .T. ) ;
#7354 = CARTESIAN_POINT ( 'NONE',  ( -150.6335507458523466, -556.6134506007708751, 99.00000000000000000 ) ) ;
#7355 = EDGE_CURVE ( 'NONE', #1601, #997, #1855, .T. ) ;
#7356 = VERTEX_POINT ( 'NONE', #4707 ) ;
#7357 = EDGE_CURVE ( 'NONE', #5019, #2586, #7536, .T. ) ;
#7358 = DIRECTION ( 'NONE',  ( 0.000000000000000000, 0.000000000000000000, 1.000000000000000000 ) ) ;
#7359 = ORIENTED_EDGE ( 'NONE', *, *, #3799, .T. ) ;
#7360 = DIRECTION ( 'NONE',  ( -1.000000000000000000, 0.000000000000000000, 0.000000000000000000 ) ) ;
#7361 = CARTESIAN_POINT ( 'NONE',  ( -219.6557275023472755, -165.1692344112255455, -416.9890425455043896 ) ) ;
#7362 = DIRECTION ( 'NONE',  ( 1.000000000000000000, 1.596294787383402785E-16, 0.000000000000000000 ) ) ;
#7363 = ORIENTED_EDGE ( 'NONE', *, *, #8569, .T. ) ;
#7364 = EDGE_CURVE ( 'NONE', #7780, #8323, #5255, .T. ) ;
#7365 = CARTESIAN_POINT ( 'NONE',  ( 82.34097311283072429, -1679.290489508035762, -25.00000000000000000 ) ) ;
#7366 = VERTEX_POINT ( 'NONE', #5548 ) ;
#7367 = ORIENTED_EDGE ( 'NONE', *, *, #3087, .F. ) ;
#7368 = VECTOR ( 'NONE', #6323, 1000.000000000000114 ) ;
#7369 = VERTEX_POINT ( 'NONE', #3419 ) ;
#7370 = CARTESIAN_POINT ( 'NONE',  ( 90.47570597434693696, -1661.019580355183734, -25.00000000000000000 ) ) ;
#7371 = DIRECTION ( 'NONE',  ( 0.000000000000000000, 0.000000000000000000, 1.000000000000000000 ) ) ;
#7372 = DIRECTION ( 'NONE',  ( -0.000000000000000000, -0.000000000000000000, -1.000000000000000000 ) ) ;
#7373 = LINE ( 'NONE', #8072, #3448 ) ;
#7374 = CARTESIAN_POINT ( 'NONE',  ( -34.22352715799551248, -1623.839082493716887, -10.40975625860173714 ) ) ;
#7375 = VERTEX_POINT ( 'NONE', #6284 ) ;
#7376 = LINE ( 'NONE', #2442, #1101 ) ;
#7377 = EDGE_LOOP ( 'NONE', ( #3291, #7950, #1046, #1613, #7828, #3931, #8973, #1351, #6483, #8082 ) ) ;
#7378 = EDGE_CURVE ( 'NONE', #5374, #1655, #4262, .T. ) ;
#7379 = VECTOR ( 'NONE', #505, 1000.000000000000000 ) ;
#7380 = CARTESIAN_POINT ( 'NONE',  ( 200.0000000000000000, 2.449293598294706434E-14, -275.0000000000000000 ) ) ;
#7381 = EDGE_CURVE ( 'NONE', #7734, #3278, #45, .T. ) ;
#7382 = FACE_BOUND ( 'NONE', #8837, .T. ) ;
#7384 = EDGE_LOOP ( 'NONE', ( #8581, #4869 ) ) ;
#7383 = EDGE_CURVE ( 'NONE', #6193, #2698, #6981, .T. ) ;
#7385 = DIRECTION ( 'NONE',  ( 1.596294787383402785E-16, -1.000000000000000000, 0.000000000000000000 ) ) ;
#7386 = CC_DESIGN_DATE_AND_TIME_ASSIGNMENT ( #7852, #2312, ( #4193 ) ) ;
#7387 = VECTOR ( 'NONE', #2243, 1000.000000000000227 ) ;
#7388 = DIRECTION ( 'NONE',  ( 0.000000000000000000, 0.000000000000000000, -1.000000000000000000 ) ) ;
#7389 = DIRECTION ( 'NONE',  ( 1.000000000000000000, 1.596294787383402785E-16, -0.000000000000000000 ) ) ;
#7390 = VERTEX_POINT ( 'NONE', #4808 ) ;
#7391 = CARTESIAN_POINT ( 'NONE',  ( 369.9999999999999432, -161.0000000000000000, 425.0000000000000000 ) ) ;
#7392 = DIRECTION ( 'NONE',  ( -0.9848077530122076872, -0.1736481776669321075, -0.000000000000000000 ) ) ;
#7393 = FACE_OUTER_BOUND ( 'NONE', #5191, .T. ) ;
#7394 = CARTESIAN_POINT ( 'NONE',  ( 171.3095476063744229, -183.3871576631573248, 200.3112028561221223 ) ) ;
#7395 = AXIS2_PLACEMENT_3D ( 'NONE', #8354, #437, #1924 ) ;
#7396 = DIRECTION ( 'NONE',  ( 0.000000000000000000, 1.000000000000000000, 1.734723475976804383E-16 ) ) ;
#7397 = VERTEX_POINT ( 'NONE', #7031 ) ;
#7398 = EDGE_CURVE ( 'NONE', #6522, #9135, #655, .T. ) ;
#7399 = CYLINDRICAL_SURFACE ( 'NONE', #2555, 45.00000000000004263 ) ;
#7400 = VERTEX_POINT ( 'NONE', #4988 ) ;
#7401 = DIRECTION ( 'NONE',  ( -0.8386705679454261597, 0.5446390350150240867, -0.000000000000000000 ) ) ;
#7402 = DIRECTION ( 'NONE',  ( 1.000000000000000000, 0.000000000000000000, 0.000000000000000000 ) ) ;
#7403 = AXIS2_PLACEMENT_3D ( 'NONE', #4471, #4599, #7294 ) ;
#7404 = DIRECTION ( 'NONE',  ( 0.000000000000000000, 1.000000000000000000, 0.000000000000000000 ) ) ;
#7405 = ORIENTED_EDGE ( 'NONE', *, *, #248, .F. ) ;
#7406 = VECTOR ( 'NONE', #7350, 1000.000000000000000 ) ;
#7407 = EDGE_CURVE ( 'NONE', #2633, #3373, #8469, .T. ) ;
#7408 = CYLINDRICAL_SURFACE ( 'NONE', #2862, 8.749999999999994671 ) ;
#7409 = EDGE_LOOP ( 'NONE', ( #7588, #954, #5414, #2029 ) ) ;
#7410 = AXIS2_PLACEMENT_3D ( 'NONE', #2249, #4928, #7890 ) ;
#7411 = ORIENTED_EDGE ( 'NONE', *, *, #1250, .F. ) ;
#7412 = ORIENTED_EDGE ( 'NONE', *, *, #6817, .F. ) ;
#7413 = EDGE_CURVE ( 'NONE', #1854, #1420, #7672, .T. ) ;
#7414 = LINE ( 'NONE', #2561, #8862 ) ;
#7415 = VECTOR ( 'NONE', #8059, 1000.000000000000227 ) ;
#7416 = CARTESIAN_POINT ( 'NONE',  ( 320.4757059743469085, -1354.000000000000000, 425.0000000000000000 ) ) ;
#7417 = CARTESIAN_POINT ( 'NONE',  ( -222.7836996639280187, -147.4296227589821626, -228.3031146104116260 ) ) ;
#7418 = DIRECTION ( 'NONE',  ( -1.000000000000000000, 0.000000000000000000, 0.000000000000000000 ) ) ;
#7419 = CARTESIAN_POINT ( 'NONE',  ( 344.9999999999999432, -195.9999999999999716, 425.0000000000000000 ) ) ;
#7420 = CARTESIAN_POINT ( 'NONE',  ( -200.2500000000000000, 2.452355215292574813E-14, -841.3925317304245937 ) ) ;
#7421 = AXIS2_PLACEMENT_3D ( 'NONE', #8428, #8484, #6998 ) ;
#7422 = ORIENTED_EDGE ( 'NONE', *, *, #1653, .T. ) ;
#7423 = AXIS2_PLACEMENT_3D ( 'NONE', #5955, #7438, #3223 ) ;
#7424 = VERTEX_POINT ( 'NONE', #702 ) ;
#7425 = CIRCLE ( 'NONE', #3883, 44.99999999999992895 ) ;
#7426 = EDGE_CURVE ( 'NONE', #4410, #291, #9107, .T. ) ;
#7427 = AXIS2_PLACEMENT_3D ( 'NONE', #3326, #1116, #1948 ) ;
#7428 = CYLINDRICAL_SURFACE ( 'NONE', #7118, 45.00000000000004263 ) ;
#7429 = VECTOR ( 'NONE', #494, 1000.000000000000114 ) ;
#7430 = CIRCLE ( 'NONE', #8166, 17.50000000000002842 ) ;
#7431 = LINE ( 'NONE', #1180, #3747 ) ;
#7432 = EDGE_LOOP ( 'NONE', ( #2966, #4997, #14, #6547 ) ) ;
#7433 = DIRECTION ( 'NONE',  ( 1.000000000000000000, 1.596294787383402785E-16, 0.000000000000000000 ) ) ;
#7434 = AXIS2_PLACEMENT_3D ( 'NONE', #4661, #3970, #6741 ) ;
#7435 = CARTESIAN_POINT ( 'NONE',  ( 107.9147341247280281, -1671.022748539760869, 0.000000000000000000 ) ) ;
#7436 = CARTESIAN_POINT ( 'NONE',  ( 255.4757059743467664, -770.9999999999998863, -99.00000000000004263 ) ) ;
#7437 = ORIENTED_EDGE ( 'NONE', *, *, #3802, .T. ) ;
#7438 = DIRECTION ( 'NONE',  ( -1.000000000000000000, 0.000000000000000000, 0.000000000000000000 ) ) ;
#7439 = LINE ( 'NONE', #372, #7406 ) ;
#7440 = EDGE_CURVE ( 'NONE', #1136, #5448, #6324, .T. ) ;
#7441 = DIRECTION ( 'NONE',  ( 5.538260084506780731E-32, -3.469446951953608765E-16, 1.000000000000000000 ) ) ;
#7442 = CARTESIAN_POINT ( 'NONE',  ( 181.3674170951804001, -181.6877231774426207, 210.2970056395264180 ) ) ;
#7443 = AXIS2_PLACEMENT_3D ( 'NONE', #6040, #8863, #5499 ) ;
#7444 = DIRECTION ( 'NONE',  ( -3.083952846180995211E-16, 1.000000000000000000, 0.000000000000000000 ) ) ;
#7445 = ORIENTED_EDGE ( 'NONE', *, *, #3072, .F. ) ;
#7446 = VECTOR ( 'NONE', #5800, 1000.000000000000114 ) ;
#7447 = LINE ( 'NONE', #2638, #1077 ) ;
#7448 = ORIENTED_EDGE ( 'NONE', *, *, #3990, .T. ) ;
#7449 = DIRECTION ( 'NONE',  ( -0.8386705679454261597, 0.5446390350150240867, -0.000000000000000000 ) ) ;
#7450 = CARTESIAN_POINT ( 'NONE',  ( -222.9255489392854770, -146.6251555425218385, -424.8475552952450016 ) ) ;
#7451 = CARTESIAN_POINT ( 'NONE',  ( 369.9999999999999432, 184.0000000000000000, 300.0000000000000568 ) ) ;
#7452 = ORIENTED_EDGE ( 'NONE', *, *, #7357, .T. ) ;
#7453 = CIRCLE ( 'NONE', #4214, 8.749999999999980460 ) ;
#7454 = DIRECTION ( 'NONE',  ( 1.000000000000000000, -0.000000000000000000, -0.000000000000000000 ) ) ;
#7455 = VERTEX_POINT ( 'NONE', #4300 ) ;
#7456 = EDGE_LOOP ( 'NONE', ( #6856, #128, #1784, #5688 ) ) ;
#7457 = EDGE_LOOP ( 'NONE', ( #5843, #4539, #4623, #5884 ) ) ;
#7458 = DIRECTION ( 'NONE',  ( -0.9848077530122077983, -0.1736481776669321631, 0.000000000000000000 ) ) ;
#7459 = ADVANCED_FACE ( 'NONE', ( #2082 ), #3372, .F. ) ;
#7460 = CYLINDRICAL_SURFACE ( 'NONE', #7272, 12.00000000000003908 ) ;
#7461 = CARTESIAN_POINT ( 'NONE',  ( 70.56916188140597512, -1663.220277283849327, 16.12569334516512853 ) ) ;
#7462 = CARTESIAN_POINT ( 'NONE',  ( 319.9999999999999432, 184.0000000000000000, -300.0000000000000000 ) ) ;
#7463 = FACE_BOUND ( 'NONE', #6006, .T. ) ;
#7464 = ORIENTED_EDGE ( 'NONE', *, *, #4854, .T. ) ;
#7465 = CARTESIAN_POINT ( 'NONE',  ( -18.58610902079638194, -1597.348912799730215, -8.527498285527562061 ) ) ;
#7466 = EDGE_CURVE ( 'NONE', #8323, #1954, #1176, .T. ) ;
#7467 = ORIENTED_EDGE ( 'NONE', *, *, #3544, .T. ) ;
#7468 = ORIENTED_EDGE ( 'NONE', *, *, #1183, .T. ) ;
#7469 = EDGE_CURVE ( 'NONE', #1896, #3858, #487, .T. ) ;
#7470 = CARTESIAN_POINT ( 'NONE',  ( 310.4757059743466812, -770.9999999999998863, -99.00000000000004263 ) ) ;
#7471 = FACE_OUTER_BOUND ( 'NONE', #8611, .T. ) ;
#7472 = EDGE_CURVE ( 'NONE', #1136, #8088, #7577, .T. ) ;
#7473 = AXIS2_PLACEMENT_3D ( 'NONE', #1088, #2515, #429 ) ;
#7474 = ADVANCED_FACE ( 'NONE', ( #1296 ), #6681, .F. ) ;
#7475 = LINE ( 'NONE', #1883, #8032 ) ;
#7476 = VERTEX_POINT ( 'NONE', #1578 ) ;
#7477 = FACE_OUTER_BOUND ( 'NONE', #6247, .T. ) ;
#7478 = CARTESIAN_POINT ( 'NONE',  ( -145.8377765436210325, -224.3808768525934738, -229.1622728723619389 ) ) ;
#7479 = CARTESIAN_POINT ( 'NONE',  ( 329.9999999999999432, -115.9999999999999858, -320.0000000000000000 ) ) ;
#7480 = CARTESIAN_POINT ( 'NONE',  ( 320.4757059743469085, -1018.999999999999886, 425.0000000000000000 ) ) ;
#7481 = ORIENTED_EDGE ( 'NONE', *, *, #1096, .F. ) ;
#7482 = CYLINDRICAL_SURFACE ( 'NONE', #1227, 44.99999999999992895 ) ;
#7483 = CARTESIAN_POINT ( 'NONE',  ( 63.12186535763342476, -770.9999999999998863, 297.0000000000000000 ) ) ;
#7484 = DIRECTION ( 'NONE',  ( 1.000000000000000000, 1.596294787383402785E-16, -0.000000000000000000 ) ) ;
#7485 = DIRECTION ( 'NONE',  ( 0.1736481776669320798, -0.9848077530122077983, 0.000000000000000000 ) ) ;
#7486 = CIRCLE ( 'NONE', #852, 44.99999999999998579 ) ;
#7487 = DIRECTION ( 'NONE',  ( 1.000000000000000000, 1.596294787383402785E-16, 0.000000000000000000 ) ) ;
#7488 = ADVANCED_FACE ( 'NONE', ( #8647 ), #131, .F. ) ;
#7489 = VERTEX_POINT ( 'NONE', #2225 ) ;
#7490 = ADVANCED_FACE ( 'NONE', ( #925 ), #3750, .F. ) ;
#7491 = CARTESIAN_POINT ( 'NONE',  ( -241.2778994879909646, -42.54380352839819324, -190.0000000000001137 ) ) ;
#7492 = EDGE_LOOP ( 'NONE', ( #6170, #1438, #6423, #6147 ) ) ;
#7493 = DIRECTION ( 'NONE',  ( -0.000000000000000000, -0.000000000000000000, -1.000000000000000000 ) ) ;
#7494 = CARTESIAN_POINT ( 'NONE',  ( -222.3278811215824931, -150.0146981712310037, 424.4927040900376483 ) ) ;
#7495 = DIRECTION ( 'NONE',  ( -0.4067366430757953788, -0.9135454576426029760, 0.000000000000000000 ) ) ;
#7496 = ORIENTED_EDGE ( 'NONE', *, *, #8539, .T. ) ;
#7497 = CYLINDRICAL_SURFACE ( 'NONE', #1980, 12.00000000000001066 ) ;
#7498 = ORIENTED_EDGE ( 'NONE', *, *, #462, .T. ) ;
#7499 = EDGE_CURVE ( 'NONE', #5187, #1896, #7252, .T. ) ;
#7500 = ORIENTED_EDGE ( 'NONE', *, *, #1897, .T. ) ;
#7501 = ORIENTED_EDGE ( 'NONE', *, *, #2665, .T. ) ;
#7502 = DIRECTION ( 'NONE',  ( -1.596294787383402785E-16, 1.000000000000000000, -0.000000000000000000 ) ) ;
#7503 = DIRECTION ( 'NONE',  ( -0.000000000000000000, -1.000000000000000000, -3.469446951953608765E-16 ) ) ;
#7504 = CARTESIAN_POINT ( 'NONE',  ( 255.4757059743467096, -435.9999999999998863, 297.0000000000000000 ) ) ;
#7505 = CARTESIAN_POINT ( 'NONE',  ( 255.4757059743467664, -851.0000000000001137, -297.0000000000000568 ) ) ;
#7506 = CARTESIAN_POINT ( 'NONE',  ( 320.4757059743468517, -1687.132546142411911, -425.0000000000000000 ) ) ;
#7507 = AXIS2_PLACEMENT_3D ( 'NONE', #4351, #5864, #4946 ) ;
#7508 = EDGE_LOOP ( 'NONE', ( #2080, #3502, #518, #4068, #1929 ) ) ;
#7509 = CARTESIAN_POINT ( 'NONE',  ( -27.95188154547503245, -1621.722632780194772, -14.84708564746684800 ) ) ;
#7510 = ORIENTED_EDGE ( 'NONE', *, *, #77, .F. ) ;
#7511 = VECTOR ( 'NONE', #2731, 1000.000000000000000 ) ;
#7512 = AXIS2_PLACEMENT_3D ( 'NONE', #7435, #1104, #3922 ) ;
#7513 = EDGE_LOOP ( 'NONE', ( #4451, #8544, #5881, #5086 ) ) ;
#7514 = EDGE_CURVE ( 'NONE', #2310, #7537, #8162, .T. ) ;
#7515 = CARTESIAN_POINT ( 'NONE',  ( 310.4757059743466243, -516.0000000000000000, -252.0000000000001137 ) ) ;
#7516 = CARTESIAN_POINT ( 'NONE',  ( 255.4757059743467664, -1186.000000000000000, 53.99999999999996447 ) ) ;
#7517 = VECTOR ( 'NONE', #7776, 1000.000000000000000 ) ;
#7518 = EDGE_CURVE ( 'NONE', #4545, #5241, #5081, .T. ) ;
#7519 = ADVANCED_FACE ( 'NONE', ( #4352 ), #6464, .F. ) ;
#7520 = LINE ( 'NONE', #438, #8165 ) ;
#7521 = ORIENTED_EDGE ( 'NONE', *, *, #1609, .T. ) ;
#7522 = DIRECTION ( 'NONE',  ( 1.000000000000000000, -0.000000000000000000, -0.000000000000000000 ) ) ;
#7523 = EDGE_CURVE ( 'NONE', #8352, #2120, #1682, .T. ) ;
#7524 = CARTESIAN_POINT ( 'NONE',  ( -133.6655180849553517, -216.7515294441951141, -206.7122732772405129 ) ) ;
#7525 = CARTESIAN_POINT ( 'NONE',  ( 63.12186535763325423, -516.0000000000000000, -342.0000000000000568 ) ) ;
#7526 = FACE_OUTER_BOUND ( 'NONE', #7456, .T. ) ;
#7527 = ORIENTED_EDGE ( 'NONE', *, *, #8902, .T. ) ;
#7528 = CARTESIAN_POINT ( 'NONE',  ( 255.4757059743467664, -1105.999999999999773, -99.00000000000004263 ) ) ;
#7529 = CARTESIAN_POINT ( 'NONE',  ( 255.4757059743467664, -1105.999999999999773, -144.0000000000000853 ) ) ;
#7530 = FACE_OUTER_BOUND ( 'NONE', #6273, .T. ) ;
#7531 = DIRECTION ( 'NONE',  ( 1.000000000000000000, -0.000000000000000000, -0.000000000000000000 ) ) ;
#7532 = CYLINDRICAL_SURFACE ( 'NONE', #8631, 45.00000000000004263 ) ;
#7533 = CIRCLE ( 'NONE', #7100, 255.0000000000000000 ) ;
#7534 = ORIENTED_EDGE ( 'NONE', *, *, #4396, .F. ) ;
#7535 = LINE ( 'NONE', #7629, #5121 ) ;
#7536 = LINE ( 'NONE', #9065, #936 ) ;
#7537 = VERTEX_POINT ( 'NONE', #5030 ) ;
#7538 = CARTESIAN_POINT ( 'NONE',  ( 63.12186535763325423, -1521.000000000000227, 252.0000000000000000 ) ) ;
#7539 = CARTESIAN_POINT ( 'NONE',  ( -18.58610902079634286, -1597.348912799730215, 8.527498285527473243 ) ) ;
#7540 = CARTESIAN_POINT ( 'NONE',  ( 255.4757059743467664, -1186.000000000000000, -342.0000000000000568 ) ) ;
#7541 = VERTEX_POINT ( 'NONE', #834 ) ;
#7542 = AXIS2_PLACEMENT_3D ( 'NONE', #5429, #7612, #490 ) ;
#7543 = CARTESIAN_POINT ( 'NONE',  ( -81.17427967907947561, -950.5365518056539713, -342.0000000000000000 ) ) ;
#7544 = ORIENTED_EDGE ( 'NONE', *, *, #7953, .T. ) ;
#7545 = ORIENTED_EDGE ( 'NONE', *, *, #8987, .T. ) ;
#7546 = ORIENTED_EDGE ( 'NONE', *, *, #4166, .T. ) ;
#7547 = DIRECTION ( 'NONE',  ( -0.000000000000000000, -0.000000000000000000, 1.000000000000000000 ) ) ;
#7548 = AXIS2_PLACEMENT_3D ( 'NONE', #8358, #8258, #9093 ) ;
#7549 = CARTESIAN_POINT ( 'NONE',  ( -81.17427967907947561, -950.5365518056539713, -53.99999999999999289 ) ) ;
#7550 = DIRECTION ( 'NONE',  ( 1.000000000000000000, -0.000000000000000000, -0.000000000000000000 ) ) ;
#7551 = DIRECTION ( 'NONE',  ( -3.083952846180995211E-16, 1.000000000000000000, 0.000000000000000000 ) ) ;
#7552 = CYLINDRICAL_SURFACE ( 'NONE', #8890, 30.00000000000004974 ) ;
#7553 = ORIENTED_EDGE ( 'NONE', *, *, #2758, .T. ) ;
#7554 = CARTESIAN_POINT ( 'NONE',  ( -17.91046701346979120, -1608.508749112899068, -17.00397442477253662 ) ) ;
#7555 = EDGE_CURVE ( 'NONE', #3816, #4384, #978, .T. ) ;
#7556 = CIRCLE ( 'NONE', #4014, 44.99999999999992895 ) ;
#7557 = AXIS2_PLACEMENT_3D ( 'NONE', #7634, #8377, #4070 ) ;
#7558 = EDGE_LOOP ( 'NONE', ( #4370, #6399, #4421, #3433, #6609 ) ) ;
#7559 = ORIENTED_EDGE ( 'NONE', *, *, #3332, .T. ) ;
#7560 = FACE_OUTER_BOUND ( 'NONE', #1366, .T. ) ;
#7561 = DIRECTION ( 'NONE',  ( 0.000000000000000000, 1.000000000000000000, 0.000000000000000000 ) ) ;
#7562 = VECTOR ( 'NONE', #3582, 1000.000000000000000 ) ;
#7563 = VECTOR ( 'NONE', #7493, 1000.000000000000000 ) ;
#7564 = DIRECTION ( 'NONE',  ( 0.9135454576426036422, -0.4067366430757945461, 0.000000000000000000 ) ) ;
#7565 = AXIS2_PLACEMENT_3D ( 'NONE', #4405, #992, #5275 ) ;
#7566 = VECTOR ( 'NONE', #5133, 1000.000000000000000 ) ;
#7567 = ORIENTED_EDGE ( 'NONE', *, *, #975, .F. ) ;
#7568 = CARTESIAN_POINT ( 'NONE',  ( 369.9999999999999432, -161.0000000000000000, -425.0000000000000000 ) ) ;
#7569 = CIRCLE ( 'NONE', #4766, 200.0000000000000000 ) ;
#7570 = CARTESIAN_POINT ( 'NONE',  ( -121.3657323965223895, -215.4459508655621107, -193.9450904349805285 ) ) ;
#7571 = DIRECTION ( 'NONE',  ( -2.769130042253390366E-32, 1.734723475976804383E-16, -1.000000000000000000 ) ) ;
#7572 = EDGE_CURVE ( 'NONE', #7265, #7476, #2407, .T. ) ;
#7573 = PLANE ( 'NONE',  #8764 ) ;
#7574 = ORIENTED_EDGE ( 'NONE', *, *, #6384, .F. ) ;
#7575 = CARTESIAN_POINT ( 'NONE',  ( 255.4757059743467664, -1105.999999999999773, 341.9999999999999432 ) ) ;
#7576 = DIRECTION ( 'NONE',  ( 1.000000000000000000, 1.596294787383402785E-16, -0.000000000000000000 ) ) ;
#7577 = CIRCLE ( 'NONE', #190, 44.99999999999998579 ) ;
#7578 = EDGE_CURVE ( 'NONE', #2796, #8966, #7124, .T. ) ;
#7579 = CYLINDRICAL_SURFACE ( 'NONE', #8620, 44.99999999999998579 ) ;
#7580 = DIRECTION ( 'NONE',  ( -0.000000000000000000, -0.000000000000000000, -1.000000000000000000 ) ) ;
#7581 = AXIS2_PLACEMENT_3D ( 'NONE', #995, #5239, #8064 ) ;
#7582 = ORIENTED_EDGE ( 'NONE', *, *, #6958, .F. ) ;
#7583 = DIRECTION ( 'NONE',  ( 0.8386705679454253826, -0.5446390350150250859, -0.000000000000000000 ) ) ;
#7584 = EDGE_LOOP ( 'NONE', ( #3720, #5189, #2009, #4964 ) ) ;
#7585 = CARTESIAN_POINT ( 'NONE',  ( 245.2357379775465347, -230.2175041084763905, -297.0000000000000568 ) ) ;
#7586 = AXIS2_PLACEMENT_3D ( 'NONE', #8225, #2680, #4704 ) ;
#7587 = DIRECTION ( 'NONE',  ( 0.000000000000000000, 1.000000000000000000, 0.000000000000000000 ) ) ;
#7588 = ORIENTED_EDGE ( 'NONE', *, *, #7407, .T. ) ;
#7589 = DIRECTION ( 'NONE',  ( -0.5446390350150267512, -0.8386705679454243834, 0.000000000000000000 ) ) ;
#7590 = DIRECTION ( 'NONE',  ( 0.000000000000000000, 1.000000000000000000, 1.734723475976804383E-16 ) ) ;
#7591 = EDGE_CURVE ( 'NONE', #5588, #9059, #5772, .T. ) ;
#7592 = DIRECTION ( 'NONE',  ( 0.000000000000000000, -0.000000000000000000, -1.000000000000000000 ) ) ;
#7593 = VERTEX_POINT ( 'NONE', #2318 ) ;
#7594 = EDGE_CURVE ( 'NONE', #1954, #9104, #7211, .T. ) ;
#7595 = CARTESIAN_POINT ( 'NONE',  ( 185.1944776007379119, -181.4875312369884170, -214.7603468206128525 ) ) ;
#7596 = VECTOR ( 'NONE', #5768, 1000.000000000000000 ) ;
#7597 = ORIENTED_EDGE ( 'NONE', *, *, #5122, .T. ) ;
#7598 = ORIENTED_EDGE ( 'NONE', *, *, #7166, .T. ) ;
#7599 = ORIENTED_EDGE ( 'NONE', *, *, #8706, .F. ) ;
#7600 = DIRECTION ( 'NONE',  ( 0.000000000000000000, 0.000000000000000000, 1.000000000000000000 ) ) ;
#7601 = CARTESIAN_POINT ( 'NONE',  ( 310.4757059743466812, -770.9999999999998863, -297.0000000000000568 ) ) ;
#7602 = DIRECTION ( 'NONE',  ( -0.9848077530122076872, -0.1736481776669321075, -0.000000000000000000 ) ) ;
#7603 = LINE ( 'NONE', #671, #5561 ) ;
#7604 = DIRECTION ( 'NONE',  ( 1.000000000000000000, 1.596294787383402785E-16, -0.000000000000000000 ) ) ;
#7605 = ORIENTED_EDGE ( 'NONE', *, *, #7781, .T. ) ;
#7606 = CARTESIAN_POINT ( 'NONE',  ( -17.59377568420335791, -1606.916529247354674, -16.39521887073259876 ) ) ;
#7607 = AXIS2_PLACEMENT_3D ( 'NONE', #5391, #8816, #8215 ) ;
#7608 = ORIENTED_EDGE ( 'NONE', *, *, #4298, .F. ) ;
#7609 = VERTEX_POINT ( 'NONE', #8688 ) ;
#7610 = ADVANCED_FACE ( 'NONE', ( #7949 ), #2275, .F. ) ;
#7611 = DIRECTION ( 'NONE',  ( -1.000000000000000000, -0.000000000000000000, -0.000000000000000000 ) ) ;
#7612 = DIRECTION ( 'NONE',  ( -1.000000000000000000, -7.772245805989896776E-17, 0.000000000000000000 ) ) ;
#7613 = EDGE_CURVE ( 'NONE', #926, #3414, #9044, .T. ) ;
#7614 = DIRECTION ( 'NONE',  ( -1.000000000000000000, 0.000000000000000000, 0.000000000000000000 ) ) ;
#7615 = CYLINDRICAL_SURFACE ( 'NONE', #3029, 200.2500000000000000 ) ;
#7616 = DIRECTION ( 'NONE',  ( 0.000000000000000000, 0.000000000000000000, 1.000000000000000000 ) ) ;
#7617 = CARTESIAN_POINT ( 'NONE',  ( 186.3035874725518681, -241.4870044015975736, 425.0000000000000000 ) ) ;
#7618 = FACE_OUTER_BOUND ( 'NONE', #624, .T. ) ;
#7619 = ORIENTED_EDGE ( 'NONE', *, *, #1598, .T. ) ;
#7620 = DIRECTION ( 'NONE',  ( -0.8386705679454246054, 0.5446390350150260851, 0.000000000000000000 ) ) ;
#7621 = DIRECTION ( 'NONE',  ( -0.000000000000000000, -1.000000000000000000, -3.469446951953608765E-16 ) ) ;
#7622 = CARTESIAN_POINT ( 'NONE',  ( -37.42065809561732692, -1604.076450324572079, -25.00000000000000000 ) ) ;
#7623 = LINE ( 'NONE', #5356, #262 ) ;
#7624 = CYLINDRICAL_SURFACE ( 'NONE', #1347, 44.99999999999992895 ) ;
#7625 = ORIENTED_EDGE ( 'NONE', *, *, #4338, .T. ) ;
#7626 = CARTESIAN_POINT ( 'NONE',  ( 255.4757059743467664, -1061.000000000000000, 297.0000000000000000 ) ) ;
#7627 = AXIS2_PLACEMENT_3D ( 'NONE', #7974, #5801, #2809 ) ;
#7628 = VERTEX_POINT ( 'NONE', #3793 ) ;
#7629 = CARTESIAN_POINT ( 'NONE',  ( 369.9999999999999432, -115.9999999999999858, -108.7500000000000142 ) ) ;
#7630 = ADVANCED_FACE ( 'NONE', ( #277 ), #8733, .F. ) ;
#7631 = DIRECTION ( 'NONE',  ( 1.000000000000000000, -0.000000000000000000, -0.000000000000000000 ) ) ;
#7632 = VERTEX_POINT ( 'NONE', #7171 ) ;
#7633 = DIRECTION ( 'NONE',  ( -1.000000000000000000, 0.000000000000000000, 0.000000000000000000 ) ) ;
#7634 = CARTESIAN_POINT ( 'NONE',  ( 310.4757059743467948, -1441.000000000000000, -99.00000000000004263 ) ) ;
#7635 = DIRECTION ( 'NONE',  ( -0.000000000000000000, -0.000000000000000000, 1.000000000000000000 ) ) ;
#7636 = ORIENTED_EDGE ( 'NONE', *, *, #362, .T. ) ;
#7637 = EDGE_CURVE ( 'NONE', #8606, #8666, #6130, .T. ) ;
#7638 = DIRECTION ( 'NONE',  ( -0.9848077530122076872, -0.1736481776669324129, 0.000000000000000000 ) ) ;
#7639 = VERTEX_POINT ( 'NONE', #4697 ) ;
#7640 = ORIENTED_EDGE ( 'NONE', *, *, #6415, .F. ) ;
#7641 = ADVANCED_FACE ( 'NONE', ( #7526 ), #1187, .F. ) ;
#7642 = EDGE_LOOP ( 'NONE', ( #6381, #9146, #307 ) ) ;
#7643 = CARTESIAN_POINT ( 'NONE',  ( 83.98015497298241883, -1642.102860790595741, 6.763728891057231074 ) ) ;
#7644 = CARTESIAN_POINT ( 'NONE',  ( 33.39252059509767179, -1427.850143772910997, 200.0000000000001137 ) ) ;
#7645 = EDGE_CURVE ( 'NONE', #7390, #6303, #3964, .T. ) ;
#7646 = DIRECTION ( 'NONE',  ( -0.000000000000000000, -1.000000000000000000, -0.000000000000000000 ) ) ;
#7647 = CARTESIAN_POINT ( 'NONE',  ( -128.0414079694630232, -215.5405093019346054, 199.8783901355643309 ) ) ;
#7648 = CYLINDRICAL_SURFACE ( 'NONE', #1209, 44.99999999999992895 ) ;
#7649 = VERTEX_POINT ( 'NONE', #6734 ) ;
#7650 = CARTESIAN_POINT ( 'NONE',  ( -17.44692532054652645, -1602.946081012835293, -14.09977233741586922 ) ) ;
#7651 = ORIENTED_EDGE ( 'NONE', *, *, #1408, .F. ) ;
#7652 = ORIENTED_EDGE ( 'NONE', *, *, #1460, .T. ) ;
#7653 = DIRECTION ( 'NONE',  ( 0.1736481776669322463, -0.9848077530122076872, 0.000000000000000000 ) ) ;
#7654 = DIRECTION ( 'NONE',  ( -0.9902680687415702510, -0.1391731009600656876, 0.000000000000000000 ) ) ;
#7655 = DIRECTION ( 'NONE',  ( 1.000000000000000000, 0.000000000000000000, 0.000000000000000000 ) ) ;
#7656 = DIRECTION ( 'NONE',  ( 0.4067366430757978768, 0.9135454576426019768, -0.000000000000000000 ) ) ;
#7657 = CARTESIAN_POINT ( 'NONE',  ( -121.9725104857200648, -215.3934937218568848, -194.3830261276518456 ) ) ;
#7658 = EDGE_CURVE ( 'NONE', #339, #7758, #407, .T. ) ;
#7659 = DIRECTION ( 'NONE',  ( -0.1391731009600657709, 0.9902680687415702510, 0.000000000000000000 ) ) ;
#7660 = CARTESIAN_POINT ( 'NONE',  ( 310.4757059743466812, -725.9999999999998863, -99.00000000000004263 ) ) ;
#7661 = ORIENTED_EDGE ( 'NONE', *, *, #1561, .F. ) ;
#7662 = LINE ( 'NONE', #1511, #7686 ) ;
#7663 = CARTESIAN_POINT ( 'NONE',  ( 310.4757059743466812, -851.0000000000000000, -54.00000000000007816 ) ) ;
#7664 = DIRECTION ( 'NONE',  ( -0.000000000000000000, -0.000000000000000000, -1.000000000000000000 ) ) ;
#7665 = DIRECTION ( 'NONE',  ( 0.000000000000000000, 0.000000000000000000, -1.000000000000000000 ) ) ;
#7666 = EDGE_CURVE ( 'NONE', #5965, #7154, #6841, .T. ) ;
#7667 = FACE_OUTER_BOUND ( 'NONE', #1774, .T. ) ;
#7668 = ORIENTED_EDGE ( 'NONE', *, *, #2545, .F. ) ;
#7669 = DIRECTION ( 'NONE',  ( -1.000000000000000000, -7.772245805989896776E-17, 0.000000000000000000 ) ) ;
#7670 = ORIENTED_EDGE ( 'NONE', *, *, #4425, .T. ) ;
#7671 = DIRECTION ( 'NONE',  ( -1.000000000000000000, -0.000000000000000000, -0.000000000000000000 ) ) ;
#7672 = LINE ( 'NONE', #6369, #6536 ) ;
#7673 = ORIENTED_EDGE ( 'NONE', *, *, #2195, .T. ) ;
#7674 = CARTESIAN_POINT ( 'NONE',  ( 310.4757059743466812, -770.9999999999998863, -54.00000000000004974 ) ) ;
#7675 = CARTESIAN_POINT ( 'NONE',  ( -219.5807572464963755, -165.5944118602445201, -242.0000000000000000 ) ) ;
#7676 = PLANE ( 'NONE',  #3741 ) ;
#7677 = ORIENTED_EDGE ( 'NONE', *, *, #211, .T. ) ;
#7678 = CARTESIAN_POINT ( 'NONE',  ( 159.3887449730265473, -187.8568707519857810, -192.3596820478585130 ) ) ;
#7679 = ORIENTED_EDGE ( 'NONE', *, *, #1224, .F. ) ;
#7680 = VERTEX_POINT ( 'NONE', #5994 ) ;
#7681 = ORIENTED_EDGE ( 'NONE', *, *, #2489, .F. ) ;
#7682 = CARTESIAN_POINT ( 'NONE',  ( -150.6335507458523466, -556.6134506007708751, -252.0000000000000000 ) ) ;
#7683 = CARTESIAN_POINT ( 'NONE',  ( 63.12186535763325423, -1441.000000000000000, -342.0000000000000000 ) ) ;
#7684 = CARTESIAN_POINT ( 'NONE',  ( -81.17427967907947561, -950.5365518056539713, 297.0000000000000568 ) ) ;
#7685 = CARTESIAN_POINT ( 'NONE',  ( -118.1915393845580553, -215.9288672258252575, 192.0070067638366709 ) ) ;
#7686 = VECTOR ( 'NONE', #7620, 1000.000000000000114 ) ;
#7687 = CARTESIAN_POINT ( 'NONE',  ( 310.4757059743466812, -516.0000000000000000, -144.0000000000001137 ) ) ;
#7688 = ORIENTED_EDGE ( 'NONE', *, *, #7407, .F. ) ;
#7689 = CARTESIAN_POINT ( 'NONE',  ( 227.8705773021168000, 90.00000000000001421, 190.0000000000000000 ) ) ;
#7690 = ADVANCED_FACE ( 'NONE', ( #8219 ), #1058, .F. ) ;
#7691 = EDGE_CURVE ( 'NONE', #2695, #8652, #2492, .T. ) ;
#7692 = ORIENTED_EDGE ( 'NONE', *, *, #5253, .F. ) ;
#7693 = ADVANCED_FACE ( 'NONE', ( #5953 ), #8260, .F. ) ;
#7694 = VERTEX_POINT ( 'NONE', #1014 ) ;
#7695 = VERTEX_POINT ( 'NONE', #6641 ) ;
#7696 = DIRECTION ( 'NONE',  ( -7.772245805989896776E-17, 1.000000000000000000, 3.469446951953608765E-16 ) ) ;
#7697 = DIRECTION ( 'NONE',  ( -1.000000000000000000, 0.000000000000000000, 0.000000000000000000 ) ) ;
#7698 = VECTOR ( 'NONE', #6079, 1000.000000000000000 ) ;
#7699 = CIRCLE ( 'NONE', #5925, 30.00000000000006395 ) ;
#7700 = DIRECTION ( 'NONE',  ( 1.000000000000000000, 1.596294787383402785E-16, -0.000000000000000000 ) ) ;
#7701 = ADVANCED_FACE ( 'NONE', ( #8122 ), #2273, .F. ) ;
#7702 = FACE_OUTER_BOUND ( 'NONE', #2050, .T. ) ;
#7703 = ORIENTED_EDGE ( 'NONE', *, *, #8813, .T. ) ;
#7704 = VECTOR ( 'NONE', #6875, 1000.000000000000000 ) ;
#7705 = LINE ( 'NONE', #1470, #5037 ) ;
#7706 = DIRECTION ( 'NONE',  ( 0.000000000000000000, 0.000000000000000000, -1.000000000000000000 ) ) ;
#7707 = CARTESIAN_POINT ( 'NONE',  ( 255.4757059743467664, -1186.000000000000000, 143.9999999999999432 ) ) ;
#7709 = ORIENTED_EDGE ( 'NONE', *, *, #6755, .T. ) ;
#7708 = AXIS2_PLACEMENT_3D ( 'NONE', #2194, #6435, #4176 ) ;
#7710 = DIRECTION ( 'NONE',  ( -0.000000000000000000, -1.000000000000000000, -0.000000000000000000 ) ) ;
#7711 = DIRECTION ( 'NONE',  ( -1.000000000000000000, -0.000000000000000000, -0.000000000000000000 ) ) ;
#7712 = CARTESIAN_POINT ( 'NONE',  ( 310.4757059743466243, -298.9999999999999432, 425.0000000000000000 ) ) ;
#7713 = CIRCLE ( 'NONE', #29, 44.99999999999992895 ) ;
#7714 = DIRECTION ( 'NONE',  ( 1.000000000000000000, 1.596294787383402785E-16, -0.000000000000000000 ) ) ;
#7715 = ORIENTED_EDGE ( 'NONE', *, *, #8686, .F. ) ;
#7716 = LINE ( 'NONE', #3514, #4496 ) ;
#7717 = CIRCLE ( 'NONE', #8159, 44.99999999999992895 ) ;
#7718 = VERTEX_POINT ( 'NONE', #3923 ) ;
#7719 = CIRCLE ( 'NONE', #1223, 12.00000000000003908 ) ;
#7720 = VECTOR ( 'NONE', #2179, 1000.000000000000114 ) ;
#7721 = EDGE_CURVE ( 'NONE', #5817, #4598, #7347, .T. ) ;
#7722 = CARTESIAN_POINT ( 'NONE',  ( 310.4757059743466243, -298.9999999999999432, 425.0000000000000000 ) ) ;
#7723 = CARTESIAN_POINT ( 'NONE',  ( 245.2833643458208144, -230.4581725634149620, 94.55938793250791718 ) ) ;
#7724 = ORIENTED_EDGE ( 'NONE', *, *, #8464, .T. ) ;
#7725 = DIRECTION ( 'NONE',  ( -1.000000000000000000, 0.000000000000000000, 0.000000000000000000 ) ) ;
#7726 = CARTESIAN_POINT ( 'NONE',  ( 286.0588745030455584, 184.0000000000000000, 288.0000000000000568 ) ) ;
#7727 = CARTESIAN_POINT ( 'NONE',  ( 200.0000000000000000, 0.000000000000000000, 275.0000000000000000 ) ) ;
#7728 = EDGE_LOOP ( 'NONE', ( #2046, #8503, #3355, #9124 ) ) ;
#7729 = CIRCLE ( 'NONE', #7286, 45.00000000000001421 ) ;
#7730 = EDGE_CURVE ( 'NONE', #6661, #2156, #5336, .T. ) ;
#7731 = VECTOR ( 'NONE', #3364, 1000.000000000000114 ) ;
#7732 = AXIS2_PLACEMENT_3D ( 'NONE', #5260, #2532, #2627 ) ;
#7733 = CARTESIAN_POINT ( 'NONE',  ( 310.4757059743466812, -851.0000000000000000, -144.0000000000000568 ) ) ;
#7734 = VERTEX_POINT ( 'NONE', #1106 ) ;
#7735 = ORIENTED_EDGE ( 'NONE', *, *, #551, .T. ) ;
#7736 = VERTEX_POINT ( 'NONE', #6032 ) ;
#7737 = AXIS2_PLACEMENT_3D ( 'NONE', #5370, #7638, #467 ) ;
#7738 = FACE_BOUND ( 'NONE', #3032, .T. ) ;
#7739 = CARTESIAN_POINT ( 'NONE',  ( 310.4757059743466812, -770.9999999999998863, -342.0000000000000000 ) ) ;
#7740 = CARTESIAN_POINT ( 'NONE',  ( 81.69513642751118709, -1678.989522535156993, 1.439355427896603645 ) ) ;
#7741 = DIRECTION ( 'NONE',  ( 1.000000000000000000, 0.000000000000000000, 0.000000000000000000 ) ) ;
#7742 = CARTESIAN_POINT ( 'NONE',  ( 33.39252059509767179, -1427.850143772910997, -200.0000000000001137 ) ) ;
#7743 = ORIENTED_EDGE ( 'NONE', *, *, #7099, .T. ) ;
#7744 = CYLINDRICAL_SURFACE ( 'NONE', #1642, 17.50000000000002842 ) ;
#7745 = VECTOR ( 'NONE', #5257, 1000.000000000000000 ) ;
#7746 = ORIENTED_EDGE ( 'NONE', *, *, #4590, .F. ) ;
#7747 = ORIENTED_EDGE ( 'NONE', *, *, #3172, .T. ) ;
#7748 = ADVANCED_FACE ( 'NONE', ( #5298 ), #2454, .F. ) ;
#7749 = ORIENTED_EDGE ( 'NONE', *, *, #4700, .T. ) ;
#7750 = AXIS2_PLACEMENT_3D ( 'NONE', #3647, #6451, #8720 ) ;
#7751 = PLANE ( 'NONE',  #1064 ) ;
#7752 = DIRECTION ( 'NONE',  ( -0.000000000000000000, -1.000000000000000000, -3.469446951953608765E-16 ) ) ;
#7753 = EDGE_CURVE ( 'NONE', #7253, #6256, #52, .T. ) ;
#7754 = DIRECTION ( 'NONE',  ( -0.9135454576426019768, 0.4067366430757978768, -0.000000000000000000 ) ) ;
#7755 = CIRCLE ( 'NONE', #5830, 44.99999999999998579 ) ;
#7756 = EDGE_CURVE ( 'NONE', #6161, #5666, #3182, .T. ) ;
#7757 = LINE ( 'NONE', #4243, #2443 ) ;
#7758 = VERTEX_POINT ( 'NONE', #7480 ) ;
#7759 = EDGE_CURVE ( 'NONE', #501, #179, #6685, .T. ) ;
#7760 = FACE_OUTER_BOUND ( 'NONE', #5489, .T. ) ;
#7761 = CARTESIAN_POINT ( 'NONE',  ( 259.8792377091426715, 90.00000000000002842, -415.3397045658089155 ) ) ;
#7762 = ORIENTED_EDGE ( 'NONE', *, *, #3611, .F. ) ;
#7763 = EDGE_CURVE ( 'NONE', #2959, #7593, #1888, .T. ) ;
#7764 = CARTESIAN_POINT ( 'NONE',  ( -23.69087521536544472, -1618.629761838041304, 17.09364387869962698 ) ) ;
#7765 = DIRECTION ( 'NONE',  ( 0.000000000000000000, -0.000000000000000000, -1.000000000000000000 ) ) ;
#7766 = CARTESIAN_POINT ( 'NONE',  ( 458.6941282063430663, -855.3431854633304283, -297.0000000000000568 ) ) ;
#7767 = ORIENTED_EDGE ( 'NONE', *, *, #3277, .F. ) ;
#7768 = CARTESIAN_POINT ( 'NONE',  ( -466.6501183485771094, -390.8561909204964877, -297.0000000000000568 ) ) ;
#7769 = ORIENTED_EDGE ( 'NONE', *, *, #2200, .T. ) ;
#7770 = PLANE ( 'NONE',  #6004 ) ;
#7771 = CARTESIAN_POINT ( 'NONE',  ( 245.2357379775465063, -230.2175041084763620, 100.1154929399493057 ) ) ;
#7772 = ORIENTED_EDGE ( 'NONE', *, *, #4867, .F. ) ;
#7773 = CARTESIAN_POINT ( 'NONE',  ( -255.0000000000000000, 3.122849337825750696E-14, 435.0000000000000000 ) ) ;
#7774 = CARTESIAN_POINT ( 'NONE',  ( 70.47570597434686590, -1661.019580355183734, -16.93866242688204693 ) ) ;
#7775 = CARTESIAN_POINT ( 'NONE',  ( 319.9999999999999432, 110.0000000000000000, 425.0000000000000000 ) ) ;
#7776 = DIRECTION ( 'NONE',  ( 7.772245805989896776E-17, -1.000000000000000000, 0.000000000000000000 ) ) ;
#7777 = AXIS2_PLACEMENT_3D ( 'NONE', #7462, #6759, #6669 ) ;
#7778 = EDGE_CURVE ( 'NONE', #8205, #1773, #8317, .T. ) ;
#7779 = FACE_OUTER_BOUND ( 'NONE', #7513, .T. ) ;
#7780 = VERTEX_POINT ( 'NONE', #4742 ) ;
#7781 = EDGE_CURVE ( 'NONE', #7838, #5270, #157, .T. ) ;
#7782 = ORIENTED_EDGE ( 'NONE', *, *, #6021, .T. ) ;
#7783 = ORIENTED_EDGE ( 'NONE', *, *, #6102, .F. ) ;
#7784 = PLANE ( 'NONE',  #8871 ) ;
#7785 = AXIS2_PLACEMENT_3D ( 'NONE', #8750, #2238, #807 ) ;
#7786 = DIRECTION ( 'NONE',  ( 1.000000000000000000, 0.000000000000000000, 0.000000000000000000 ) ) ;
#7787 = CYLINDRICAL_SURFACE ( 'NONE', #3873, 44.99999999999998579 ) ;
#7788 = ADVANCED_FACE ( 'NONE', ( #1327 ), #861, .F. ) ;
#7789 = DIRECTION ( 'NONE',  ( -2.769130042253390366E-32, 1.734723475976804383E-16, -1.000000000000000000 ) ) ;
#7790 = CARTESIAN_POINT ( 'NONE',  ( -470.8253113773791938, -361.1481488582493853, -99.00000000000002842 ) ) ;
#7791 = ORIENTED_EDGE ( 'NONE', *, *, #4919, .F. ) ;
#7792 = DIRECTION ( 'NONE',  ( 1.000000000000000000, 1.596294787383402785E-16, -0.000000000000000000 ) ) ;
#7793 = EDGE_CURVE ( 'NONE', #2785, #4838, #9139, .T. ) ;
#7794 = ORIENTED_EDGE ( 'NONE', *, *, #7053, .T. ) ;
#7795 = VERTEX_POINT ( 'NONE', #9096 ) ;
#7796 = VERTEX_POINT ( 'NONE', #7660 ) ;
#7797 = AXIS2_PLACEMENT_3D ( 'NONE', #2772, #4886, #5586 ) ;
#7798 = CARTESIAN_POINT ( 'NONE',  ( -81.17427967907947561, -950.5365518056539713, 297.0000000000000568 ) ) ;
#7799 = CARTESIAN_POINT ( 'NONE',  ( -231.4673811835339450, -98.18201762949139777, 201.0384436856511456 ) ) ;
#7800 = FACE_OUTER_BOUND ( 'NONE', #166, .T. ) ;
#7801 = EDGE_CURVE ( 'NONE', #1691, #5697, #6965, .T. ) ;
#7802 = ORIENTED_EDGE ( 'NONE', *, *, #7801, .T. ) ;
#7803 = EDGE_CURVE ( 'NONE', #1399, #8846, #6244, .T. ) ;
#7804 = DIRECTION ( 'NONE',  ( 1.000000000000000000, 1.596294787383402785E-16, -0.000000000000000000 ) ) ;
#7805 = ORIENTED_EDGE ( 'NONE', *, *, #1881, .F. ) ;
#7806 = CARTESIAN_POINT ( 'NONE',  ( -17.41588326618229488, -1603.890578574598976, 14.73520304116778412 ) ) ;
#7807 = ADVANCED_FACE ( 'NONE', ( #6272 ), #7019, .F. ) ;
#7808 = DIRECTION ( 'NONE',  ( 1.000000000000000000, -0.000000000000000000, -0.000000000000000000 ) ) ;
#7809 = VECTOR ( 'NONE', #2134, 1000.000000000000000 ) ;
#7810 = DIRECTION ( 'NONE',  ( 0.000000000000000000, 0.000000000000000000, -1.000000000000000000 ) ) ;
#7811 = ORIENTED_EDGE ( 'NONE', *, *, #1250, .T. ) ;
#7812 = CARTESIAN_POINT ( 'NONE',  ( 389.2348571395701811, -461.4200842584472184, -252.0000000000000000 ) ) ;
#7813 = AXIS2_PLACEMENT_3D ( 'NONE', #9002, #7580, #6880 ) ;
#7814 = ADVANCED_FACE ( 'NONE', ( #3406 ), #7573, .F. ) ;
#7815 = ORIENTED_EDGE ( 'NONE', *, *, #2293, .T. ) ;
#7816 = CIRCLE ( 'NONE', #4968, 255.0000000000000000 ) ;
#7817 = CARTESIAN_POINT ( 'NONE',  ( 63.12186535763336792, -1105.999999999999773, -252.0000000000000568 ) ) ;
#7818 = CARTESIAN_POINT ( 'NONE',  ( 344.9999999999999432, -160.9999999999999716, -425.0000000000000000 ) ) ;
#7819 = ORIENTED_EDGE ( 'NONE', *, *, #4984, .F. ) ;
#7820 = LINE ( 'NONE', #3476, #2856 ) ;
#7821 = LINE ( 'NONE', #2321, #3721 ) ;
#7822 = CARTESIAN_POINT ( 'NONE',  ( 726.0104817586559420, -471.4767195950502696, -375.9999999999999432 ) ) ;
#7823 = DIRECTION ( 'NONE',  ( 0.000000000000000000, 0.000000000000000000, -1.000000000000000000 ) ) ;
#7824 = CARTESIAN_POINT ( 'NONE',  ( 158.6822155287966609, -188.2169946097151580, -192.0455173241830948 ) ) ;
#7825 = ORIENTED_EDGE ( 'NONE', *, *, #7499, .T. ) ;
#7827 = ORIENTED_EDGE ( 'NONE', *, *, #4506, .F. ) ;
#7826 = AXIS2_PLACEMENT_3D ( 'NONE', #3099, #412, #3227 ) ;
#7828 = ORIENTED_EDGE ( 'NONE', *, *, #740, .F. ) ;
#7829 = FACE_BOUND ( 'NONE', #3530, .T. ) ;
#7830 = PLANE ( 'NONE',  #7421 ) ;
#7831 = DIRECTION ( 'NONE',  ( 0.3363768762420943359, -0.9417274537410549318, 0.000000000000000000 ) ) ;
#7832 = CARTESIAN_POINT ( 'NONE',  ( -146.8515240422082968, -225.4799234990605896, 231.7158303425833594 ) ) ;
#7833 = LINE ( 'NONE', #3850, #2694 ) ;
#7834 = ORIENTED_EDGE ( 'NONE', *, *, #8068, .T. ) ;
#7835 = CARTESIAN_POINT ( 'NONE',  ( 63.12186535763336792, -1186.000000000000000, -54.00000000000007816 ) ) ;
#7836 = ORIENTED_EDGE ( 'NONE', *, *, #6836, .T. ) ;
#7837 = ORIENTED_EDGE ( 'NONE', *, *, #3121, .T. ) ;
#7838 = VERTEX_POINT ( 'NONE', #3461 ) ;
#7839 = AXIS2_PLACEMENT_3D ( 'NONE', #4683, #6162, #8982 ) ;
#7840 = DIRECTION ( 'NONE',  ( -1.000000000000000000, -0.000000000000000000, -0.000000000000000000 ) ) ;
#7841 = DIRECTION ( 'NONE',  ( -0.000000000000000000, -0.000000000000000000, -1.000000000000000000 ) ) ;
#7842 = EDGE_CURVE ( 'NONE', #5372, #8191, #6312, .T. ) ;
#7843 = FACE_BOUND ( 'NONE', #6568, .T. ) ;
#7844 = AXIS2_PLACEMENT_3D ( 'NONE', #6054, #8882, #3163 ) ;
#7845 = CARTESIAN_POINT ( 'NONE',  ( 38.83891094524791754, -1419.463438093456716, 200.0000000000001137 ) ) ;
#7846 = VERTEX_POINT ( 'NONE', #1564 ) ;
#7847 = CARTESIAN_POINT ( 'NONE',  ( 27.28479393348801096, -1277.699999999999818, 376.0000000000000000 ) ) ;
#7848 = VECTOR ( 'NONE', #8504, 1000.000000000000000 ) ;
#7849 = CIRCLE ( 'NONE', #3868, 30.00000000000006395 ) ;
#7850 = EDGE_LOOP ( 'NONE', ( #3870, #7981, #3730, #3645, #4466, #7054, #7098 ) ) ;
#7851 = CARTESIAN_POINT ( 'NONE',  ( -31.53619116235131870, -1623.213488639564730, 12.43498808799166788 ) ) ;
#7852 = DATE_AND_TIME ( #8546, #2429 ) ;
#7853 = DIRECTION ( 'NONE',  ( 1.000000000000000000, 5.551115123125777969E-15, -0.000000000000000000 ) ) ;
#7854 = ORIENTED_EDGE ( 'NONE', *, *, #2929, .T. ) ;
#7855 = FACE_OUTER_BOUND ( 'NONE', #206, .T. ) ;
#7856 = ADVANCED_FACE ( 'NONE', ( #5804 ), #4837, .F. ) ;
#7857 = VECTOR ( 'NONE', #7602, 1000.000000000000114 ) ;
#7858 = EDGE_CURVE ( 'NONE', #8088, #3360, #1242, .T. ) ;
#7859 = DIRECTION ( 'NONE',  ( 0.9902680687415703620, 0.1391731009600656876, -0.000000000000000000 ) ) ;
#7860 = DIRECTION ( 'NONE',  ( -3.083952846180987322E-16, 1.000000000000000000, 0.000000000000000000 ) ) ;
#7861 = ORIENTED_EDGE ( 'NONE', *, *, #6608, .T. ) ;
#7863 = DIRECTION ( 'NONE',  ( -0.000000000000000000, -0.000000000000000000, -1.000000000000000000 ) ) ;
#7862 = AXIS2_PLACEMENT_3D ( 'NONE', #2754, #1414, #7183 ) ;
#7864 = CARTESIAN_POINT ( 'NONE',  ( 72.26350776338327364, -1652.745799107347011, -17.86950727444153486 ) ) ;
#7865 = AXIS2_PLACEMENT_3D ( 'NONE', #4362, #886, #7358 ) ;
#7866 = FACE_BOUND ( 'NONE', #107, .T. ) ;
#7867 = DIRECTION ( 'NONE',  ( -1.000000000000000000, 0.000000000000000000, 0.000000000000000000 ) ) ;
#7868 = VECTOR ( 'NONE', #3318, 1000.000000000000000 ) ;
#7869 = CARTESIAN_POINT ( 'NONE',  ( 255.4757059743467664, -770.9999999999998863, -297.0000000000000568 ) ) ;
#7870 = AXIS2_PLACEMENT_3D ( 'NONE', #3810, #145, #2973 ) ;
#7871 = AXIS2_PLACEMENT_3D ( 'NONE', #3152, #5964, #8792 ) ;
#7872 = ORIENTED_EDGE ( 'NONE', *, *, #6851, .F. ) ;
#7873 = LINE ( 'NONE', #3804, #4452 ) ;
#7874 = EDGE_CURVE ( 'NONE', #2162, #5193, #4795, .T. ) ;
#7875 = CIRCLE ( 'NONE', #6089, 45.00000000000001421 ) ;
#7876 = LINE ( 'NONE', #4402, #7566 ) ;
#7877 = LINE ( 'NONE', #2793, #8453 ) ;
#7878 = DIRECTION ( 'NONE',  ( -1.000000000000000000, -0.000000000000000000, -0.000000000000000000 ) ) ;
#7879 = CARTESIAN_POINT ( 'NONE',  ( -101.3931630952418885, -547.9310417174241366, 342.0000000000000000 ) ) ;
#7880 = VERTEX_POINT ( 'NONE', #7707 ) ;
#7881 = CARTESIAN_POINT ( 'NONE',  ( -81.17427967907947561, -950.5365518056539713, -342.0000000000000000 ) ) ;
#7882 = VECTOR ( 'NONE', #7664, 1000.000000000000000 ) ;
#7883 = ADVANCED_FACE ( 'NONE', ( #7618 ), #4203, .F. ) ;
#7884 = AXIS2_PLACEMENT_3D ( 'NONE', #2358, #7909, #1620 ) ;
#7885 = AXIS2_PLACEMENT_3D ( 'NONE', #2965, #1680, #1585 ) ;
#7886 = VERTEX_POINT ( 'NONE', #1284 ) ;
#7887 = EDGE_LOOP ( 'NONE', ( #5007, #8717, #7363, #546 ) ) ;
#7888 = EDGE_LOOP ( 'NONE', ( #139, #243, #8395, #8923 ) ) ;
#7889 = CC_DESIGN_APPROVAL ( #5961, ( #948 ) ) ;
#7890 = DIRECTION ( 'NONE',  ( 0.5446390350150241977, 0.8386705679454259377, 0.000000000000000000 ) ) ;
#7891 = LINE ( 'NONE', #73, #3993 ) ;
#7892 = DIRECTION ( 'NONE',  ( -1.224646799147353207E-16, 1.000000000000000000, 0.000000000000000000 ) ) ;
#7893 = FACE_OUTER_BOUND ( 'NONE', #4966, .T. ) ;
#7894 = VECTOR ( 'NONE', #1750, 1000.000000000000000 ) ;
#7895 = VERTEX_POINT ( 'NONE', #4099 ) ;
#7896 = ADVANCED_FACE ( 'NONE', ( #6915 ), #8900, .F. ) ;
#7897 = CARTESIAN_POINT ( 'NONE',  ( 255.4757059743468233, -1441.000000000000000, 53.99999999999998579 ) ) ;
#7898 = AXIS2_PLACEMENT_3D ( 'NONE', #2269, #5078, #1842 ) ;
#7899 = ORIENTED_EDGE ( 'NONE', *, *, #3845, .T. ) ;
#7900 = DIRECTION ( 'NONE',  ( 0.000000000000000000, -1.000000000000000000, -3.469446951953608765E-16 ) ) ;
#7901 = VERTEX_POINT ( 'NONE', #5537 ) ;
#7902 = CARTESIAN_POINT ( 'NONE',  ( -44.32339262199584340, -1622.848968248745678, 1.786872870917168177 ) ) ;
#7903 = COORDINATED_UNIVERSAL_TIME_OFFSET ( 8, 0, .BEHIND. ) ;
#7904 = AXIS2_PLACEMENT_3D ( 'NONE', #7238, #5716, #1515 ) ;
#7905 = DIRECTION ( 'NONE',  ( 0.000000000000000000, 0.000000000000000000, -1.000000000000000000 ) ) ;
#7906 = ORIENTED_EDGE ( 'NONE', *, *, #2545, .T. ) ;
#7907 = CARTESIAN_POINT ( 'NONE',  ( -66.52281633737689504, -1489.314372634083611, -425.0000000000000000 ) ) ;
#7908 = CARTESIAN_POINT ( 'NONE',  ( 255.4757059743467096, -302.5544099627776404, 425.0000000000000000 ) ) ;
#7909 = DIRECTION ( 'NONE',  ( 1.000000000000000000, 1.596294787383402785E-16, -0.000000000000000000 ) ) ;
#7910 = VERTEX_POINT ( 'NONE', #8629 ) ;
#7911 = CYLINDRICAL_SURFACE ( 'NONE', #2552, 17.50000000000001421 ) ;
#7912 = CARTESIAN_POINT ( 'NONE',  ( 81.48485572037708380, -1643.152648699147448, -10.37858294127780390 ) ) ;
#7913 = FACE_OUTER_BOUND ( 'NONE', #1451, .T. ) ;
#7914 = DIRECTION ( 'NONE',  ( 1.000000000000000000, 1.596294787383402785E-16, 0.000000000000000000 ) ) ;
#7915 = LINE ( 'NONE', #3704, #1093 ) ;
#7916 = ORIENTED_EDGE ( 'NONE', *, *, #8251, .F. ) ;
#7917 = EDGE_CURVE ( 'NONE', #6714, #1080, #5667, .T. ) ;
#7918 = DIRECTION ( 'NONE',  ( 0.000000000000000000, 1.000000000000000000, 0.000000000000000000 ) ) ;
#7919 = DIRECTION ( 'NONE',  ( 1.000000000000000000, 1.596294787383402785E-16, 0.000000000000000000 ) ) ;
#7920 = DIRECTION ( 'NONE',  ( 1.000000000000000000, 0.000000000000000000, 0.000000000000000000 ) ) ;
#7921 = DIRECTION ( 'NONE',  ( 1.000000000000000000, -0.000000000000000000, -0.000000000000000000 ) ) ;
#7922 = CARTESIAN_POINT ( 'NONE',  ( 299.7325504687124180, -222.5584765923480006, 297.0000000000000000 ) ) ;
#7923 = EDGE_CURVE ( 'NONE', #6596, #1262, #7373, .T. ) ;
#7924 = VERTEX_POINT ( 'NONE', #392 ) ;
#7925 = CARTESIAN_POINT ( 'NONE',  ( 303.9077434975146730, -252.2665186545951599, -99.00000000000002842 ) ) ;
#7926 = ADVANCED_FACE ( 'NONE', ( #1740 ), #6583, .F. ) ;
#7927 = CARTESIAN_POINT ( 'NONE',  ( 310.4757059743468517, -1690.000000000000000, -425.0000000000000000 ) ) ;
#7928 = ORIENTED_EDGE ( 'NONE', *, *, #6014, .F. ) ;
#7929 = VERTEX_POINT ( 'NONE', #3778 ) ;
#7930 = AXIS2_PLACEMENT_3D ( 'NONE', #888, #7963, #6573 ) ;
#7931 = ORIENTED_EDGE ( 'NONE', *, *, #6678, .F. ) ;
#7932 = EDGE_CURVE ( 'NONE', #4632, #919, #2388, .T. ) ;
#7933 = CARTESIAN_POINT ( 'NONE',  ( 369.9999999999999432, 184.0000000000000000, -99.99999999999997158 ) ) ;
#7934 = CARTESIAN_POINT ( 'NONE',  ( -233.3671328580267073, -87.40799049615242211, -197.2673131953058601 ) ) ;
#7935 = CARTESIAN_POINT ( 'NONE',  ( 200.0000000000000000, 2.449293598294706434E-14, -275.0000000000000000 ) ) ;
#7936 = CARTESIAN_POINT ( 'NONE',  ( 369.9999999999999432, 234.0000000000000000, -425.0000000000000000 ) ) ;
#7937 = DIRECTION ( 'NONE',  ( -3.083952846180995211E-16, 1.000000000000000000, 0.000000000000000000 ) ) ;
#7938 = VERTEX_POINT ( 'NONE', #2302 ) ;
#7939 = DIRECTION ( 'NONE',  ( 1.000000000000000000, 1.596294787383402785E-16, 0.000000000000000000 ) ) ;
#7940 = EDGE_LOOP ( 'NONE', ( #2645, #7291 ) ) ;
#7941 = LINE ( 'NONE', #5158, #4313 ) ;
#7942 = EDGE_LOOP ( 'NONE', ( #8495, #5559 ) ) ;
#7943 = CARTESIAN_POINT ( 'NONE',  ( -35.55596061744483904, -1623.994394960171121, 9.341249708931426809 ) ) ;
#7944 = APPROVAL_ROLE ( '' ) ;
#7945 = DIRECTION ( 'NONE',  ( -1.000000000000000000, -0.000000000000000000, -0.000000000000000000 ) ) ;
#7946 = ORIENTED_EDGE ( 'NONE', *, *, #853, .F. ) ;
#7947 = FACE_OUTER_BOUND ( 'NONE', #6742, .T. ) ;
#7948 = DIRECTION ( 'NONE',  ( 0.000000000000000000, 0.000000000000000000, -1.000000000000000000 ) ) ;
#7949 = FACE_OUTER_BOUND ( 'NONE', #4779, .T. ) ;
#7950 = ORIENTED_EDGE ( 'NONE', *, *, #2576, .T. ) ;
#7951 = CARTESIAN_POINT ( 'NONE',  ( -200.0000000000000000, 0.000000000000000000, -433.0000000000000000 ) ) ;
#7952 = DIRECTION ( 'NONE',  ( 0.000000000000000000, 1.000000000000000000, 0.000000000000000000 ) ) ;
#7953 = EDGE_CURVE ( 'NONE', #3771, #4829, #5932, .T. ) ;
#7954 = FACE_BOUND ( 'NONE', #81, .T. ) ;
#7955 = CARTESIAN_POINT ( 'NONE',  ( 320.4757059743469085, -1304.000000000000000, -425.0000000000000000 ) ) ;
#7956 = DIRECTION ( 'NONE',  ( 1.000000000000000000, -0.000000000000000000, -0.000000000000000000 ) ) ;
#7957 = VECTOR ( 'NONE', #4391, 1000.000000000000000 ) ;
#7958 = ORIENTED_EDGE ( 'NONE', *, *, #2452, .T. ) ;
#7959 = CARTESIAN_POINT ( 'NONE',  ( 310.4757059743467380, -1186.000000000000000, -54.00000000000007816 ) ) ;
#7960 = CARTESIAN_POINT ( 'NONE',  ( 149.6537014123777283, -193.9813641914472555, 190.0000000000000568 ) ) ;
#7961 = ORIENTED_EDGE ( 'NONE', *, *, #1790, .T. ) ;
#7962 = CARTESIAN_POINT ( 'NONE',  ( 255.4757059743467664, -1105.999999999999773, -297.0000000000000568 ) ) ;
#7963 = DIRECTION ( 'NONE',  ( -0.000000000000000000, -0.000000000000000000, 1.000000000000000000 ) ) ;
#7964 = FACE_BOUND ( 'NONE', #5714, .T. ) ;
#7965 = ORIENTED_EDGE ( 'NONE', *, *, #301, .T. ) ;
#7966 = CARTESIAN_POINT ( 'NONE',  ( -101.3931630952419880, -547.9310417174242502, 297.0000000000000568 ) ) ;
#7967 = EDGE_LOOP ( 'NONE', ( #5611, #7327, #2817, #4976 ) ) ;
#7968 = VERTEX_POINT ( 'NONE', #7936 ) ;
#7969 = EDGE_LOOP ( 'NONE', ( #896, #6452, #4107, #495 ) ) ;
#7970 = B_SPLINE_CURVE_WITH_KNOTS ( 'NONE', 3,
 ( #337, #381, #6746, #7450, #8870, #3849, #1728, #1767, #5408, #1858, #1119, #5364, #3975, #6790, #3194, #8921, #8232, #8832, #1901, #2504, #5312, #8795, #7361, #4710, #3329, #3936, #2549, #3899 ),
 .UNSPECIFIED., .F., .F.,
 ( 4, 2, 2, 2, 2, 2, 2, 2, 2, 2, 2, 2, 2, 4 ),
 ( 0.03377503679819855026, 0.03727876456220234613, 0.04078249232620613507, 0.04428622009020992401, 0.04778994785421371988, 0.05129367561821751575, 0.05304553950021945186, 0.05479740338222138796, 0.05654926726422332406, 0.05830113114622526016, 0.05917706308722618658, 0.06005299502822711299, 0.06092892696922803941, 0.06180485891022896583 ),
 .UNSPECIFIED. ) ;
#7971 = EDGE_CURVE ( 'NONE', #1712, #7064, #1780, .T. ) ;
#7972 = DIRECTION ( 'NONE',  ( 1.000000000000000000, -1.110223024625155554E-15, -0.000000000000000000 ) ) ;
#7973 = CARTESIAN_POINT ( 'NONE',  ( -223.6050446021186247, -142.7715441433868477, -225.0915164878161647 ) ) ;
#7974 = CARTESIAN_POINT ( 'NONE',  ( 0.000000000000000000, 0.000000000000000000, -435.0000000000000000 ) ) ;
#7975 = ADVANCED_FACE ( 'NONE', ( #3865 ), #355, .F. ) ;
#7976 = DIRECTION ( 'NONE',  ( -0.000000000000000000, -0.000000000000000000, 1.000000000000000000 ) ) ;
#7977 = CARTESIAN_POINT ( 'NONE',  ( 255.4757059743467664, -516.0000000000000000, 296.9999999999999432 ) ) ;
#7978 = EDGE_LOOP ( 'NONE', ( #736, #32, #4183, #4712 ) ) ;
#7979 = VECTOR ( 'NONE', #2975, 999.9999999999998863 ) ;
#7980 = CARTESIAN_POINT ( 'NONE',  ( 310.4757059743466243, -298.9999999999999432, -425.0000000000000000 ) ) ;
#7981 = ORIENTED_EDGE ( 'NONE', *, *, #4746, .T. ) ;
#7982 = ORIENTED_EDGE ( 'NONE', *, *, #2445, .F. ) ;
#7983 = CARTESIAN_POINT ( 'NONE',  ( 82.34097311283072429, -1679.290489508035762, 25.00000000000000000 ) ) ;
#7984 = EDGE_CURVE ( 'NONE', #6871, #5906, #4593, .T. ) ;
#7985 = VERTEX_POINT ( 'NONE', #3119 ) ;
#7986 = CARTESIAN_POINT ( 'NONE',  ( -45.42208775644090935, -1622.406709886215594, 1.275620236541481045 ) ) ;
#7987 = AXIS2_PLACEMENT_3D ( 'NONE', #8943, #1278, #2620 ) ;
#7988 = COORDINATED_UNIVERSAL_TIME_OFFSET ( 8, 0, .BEHIND. ) ;
#7989 = EDGE_CURVE ( 'NONE', #7929, #2633, #5849, .T. ) ;
#7990 = LINE ( 'NONE', #225, #610 ) ;
#7991 = VERTEX_POINT ( 'NONE', #3167 ) ;
#7992 = CARTESIAN_POINT ( 'NONE',  ( 310.4757059743468517, -1521.000000000000227, 143.9999999999999432 ) ) ;
#7993 = AXIS2_PLACEMENT_3D ( 'NONE', #58, #9119, #6997 ) ;
#7994 = AXIS2_PLACEMENT_3D ( 'NONE', #7766, #6182, #9003 ) ;
#7995 = LINE ( 'NONE', #5993, #8980 ) ;
#7996 = CARTESIAN_POINT ( 'NONE',  ( -241.2778994879909362, -42.54380352839839219, -425.0000000000000000 ) ) ;
#7997 = ORIENTED_EDGE ( 'NONE', *, *, #2396, .F. ) ;
#7998 = DIRECTION ( 'NONE',  ( 1.596294787383402785E-16, -1.000000000000000000, 0.000000000000000000 ) ) ;
#7999 = DIRECTION ( 'NONE',  ( -0.1391731009600695457, 0.9902680687415696958, 0.000000000000000000 ) ) ;
#8000 = CARTESIAN_POINT ( 'NONE',  ( 255.4757059743468233, -1731.000000000000000, 425.0000000000000000 ) ) ;
#8001 = CARTESIAN_POINT ( 'NONE',  ( 186.2509413738252135, -181.4780714275771913, 216.0580337657722225 ) ) ;
#8002 = VECTOR ( 'NONE', #2122, 1000.000000000000000 ) ;
#8003 = VECTOR ( 'NONE', #1484, 1000.000000000000000 ) ;
#8004 = CARTESIAN_POINT ( 'NONE',  ( 546.5296648428286517, -243.3306841600858093, 25.00000000000000000 ) ) ;
#8005 = EDGE_CURVE ( 'NONE', #4311, #251, #5286, .T. ) ;
#8006 = ORIENTED_EDGE ( 'NONE', *, *, #2897, .F. ) ;
#8007 = AXIS2_PLACEMENT_3D ( 'NONE', #3078, #4085, #1220 ) ;
#8008 = CARTESIAN_POINT ( 'NONE',  ( 75.15031901693406269, -1648.150194084395707, 16.34792706824955744 ) ) ;
#8009 = VECTOR ( 'NONE', #8776, 1000.000000000000000 ) ;
#8010 = LINE ( 'NONE', #5181, #4324 ) ;
#8011 = ORIENTED_EDGE ( 'NONE', *, *, #7426, .T. ) ;
#8012 = DIRECTION ( 'NONE',  ( -3.083952846180995211E-16, 1.000000000000000000, 0.000000000000000000 ) ) ;
#8013 = FACE_OUTER_BOUND ( 'NONE', #6846, .T. ) ;
#8014 = EDGE_CURVE ( 'NONE', #5362, #2861, #257, .T. ) ;
#8015 = CYLINDRICAL_SURFACE ( 'NONE', #7136, 200.2500000000000000 ) ;
#8016 = ORIENTED_EDGE ( 'NONE', *, *, #5711, .F. ) ;
#8017 = CIRCLE ( 'NONE', #3731, 45.00000000000000711 ) ;
#8018 = VECTOR ( 'NONE', #2744, 1000.000000000000114 ) ;
#8019 = CIRCLE ( 'NONE', #36, 45.00000000000004263 ) ;
#8020 = FACE_OUTER_BOUND ( 'NONE', #8893, .T. ) ;
#8021 = EDGE_LOOP ( 'NONE', ( #2510, #6011, #7961, #8847 ) ) ;
#8022 = ORIENTED_EDGE ( 'NONE', *, *, #8086, .F. ) ;
#8023 = ORIENTED_EDGE ( 'NONE', *, *, #6750, .T. ) ;
#8024 = CIRCLE ( 'NONE', #1521, 8.749999999999994671 ) ;
#8025 = CARTESIAN_POINT ( 'NONE',  ( 71.80424572471599731, -1668.204211967685978, -13.32312110000063399 ) ) ;
#8026 = VECTOR ( 'NONE', #3187, 1000.000000000000000 ) ;
#8027 = CARTESIAN_POINT ( 'NONE',  ( -239.2515981641014093, -54.03552938764021718, -190.0000000000000000 ) ) ;
#8028 = CARTESIAN_POINT ( 'NONE',  ( 63.12186535763341055, -725.9999999999998863, 297.0000000000000000 ) ) ;
#8029 = VECTOR ( 'NONE', #3566, 1000.000000000000000 ) ;
#8030 = CARTESIAN_POINT ( 'NONE',  ( 255.4757059743467664, -516.0000000000000000, -252.0000000000001137 ) ) ;
#8031 = CARTESIAN_POINT ( 'NONE',  ( -43.67167819192189171, -1623.075782041654975, -2.295037163469118013 ) ) ;
#8032 = VECTOR ( 'NONE', #8945, 1000.000000000000000 ) ;
#8033 = VERTEX_POINT ( 'NONE', #1002 ) ;
#8034 = AXIS2_PLACEMENT_3D ( 'NONE', #8087, #7389, #1753 ) ;
#8035 = DIRECTION ( 'NONE',  ( -0.000000000000000000, -1.000000000000000000, -3.469446951953608765E-16 ) ) ;
#8036 = EDGE_LOOP ( 'NONE', ( #7269, #2647, #8624, #7854 ) ) ;
#8037 = ADVANCED_FACE ( 'NONE', ( #5980 ), #3911, .F. ) ;
#8038 = AXIS2_PLACEMENT_3D ( 'NONE', #2830, #749, #3576 ) ;
#8039 = PLANE ( 'NONE',  #3872 ) ;
#8040 = ADVANCED_FACE ( 'NONE', ( #6628 ), #6720, .F. ) ;
#8041 = DIRECTION ( 'NONE',  ( -3.083952846180991267E-16, 1.000000000000000000, 0.000000000000000000 ) ) ;
#8042 = VECTOR ( 'NONE', #2222, 1000.000000000000000 ) ;
#8043 = ORIENTED_EDGE ( 'NONE', *, *, #6807, .F. ) ;
#8044 = DIRECTION ( 'NONE',  ( 0.000000000000000000, 0.000000000000000000, 1.000000000000000000 ) ) ;
#8045 = ADVANCED_FACE ( 'NONE', ( #4416 ), #900, .F. ) ;
#8046 = EDGE_CURVE ( 'NONE', #4427, #5975, #3038, .T. ) ;
#8047 = LINE ( 'NONE', #3963, #8695 ) ;
#8048 = AXIS2_PLACEMENT_3D ( 'NONE', #4834, #1281, #1427 ) ;
#8049 = DIRECTION ( 'NONE',  ( -0.5446390350150267512, -0.8386705679454243834, 0.000000000000000000 ) ) ;
#8050 = ORIENTED_EDGE ( 'NONE', *, *, #5480, .F. ) ;
#8051 = CARTESIAN_POINT ( 'NONE',  ( 324.9999999999999432, 184.0000000000000000, 317.5000000000000568 ) ) ;
#8052 = CYLINDRICAL_SURFACE ( 'NONE', #2529, 45.00000000000000711 ) ;
#8053 = DIRECTION ( 'NONE',  ( 0.000000000000000000, 0.000000000000000000, 1.000000000000000000 ) ) ;
#8054 = CARTESIAN_POINT ( 'NONE',  ( 200.7226905305444404, -183.2157074083884538, 236.3599036910355835 ) ) ;
#8055 = CARTESIAN_POINT ( 'NONE',  ( 2.427181401673972339, -1333.099075243235347, 425.0000000000000000 ) ) ;
#8056 = ORIENTED_EDGE ( 'NONE', *, *, #4854, .F. ) ;
#8057 = LINE ( 'NONE', #6570, #2696 ) ;
#8058 = ORIENTED_EDGE ( 'NONE', *, *, #1112, .F. ) ;
#8059 = DIRECTION ( 'NONE',  ( 0.1736481776669323851, -0.9848077530122075762, 0.000000000000000000 ) ) ;
#8060 = CARTESIAN_POINT ( 'NONE',  ( -223.5290431262238826, -143.2025699318929810, 425.0000000000000000 ) ) ;
#8061 = CARTESIAN_POINT ( 'NONE',  ( 369.9999999999999432, -115.9999999999999858, 99.99999999999998579 ) ) ;
#8062 = ORIENTED_EDGE ( 'NONE', *, *, #5427, .F. ) ;
#8063 = EDGE_CURVE ( 'NONE', #7489, #1328, #3130, .T. ) ;
#8064 = DIRECTION ( 'NONE',  ( 0.000000000000000000, 1.000000000000000000, -1.850371707708594760E-15 ) ) ;
#8065 = ORIENTED_EDGE ( 'NONE', *, *, #739, .T. ) ;
#8066 = ORIENTED_EDGE ( 'NONE', *, *, #3426, .F. ) ;
#8067 = ORIENTED_EDGE ( 'NONE', *, *, #7364, .T. ) ;
#8068 = EDGE_CURVE ( 'NONE', #1960, #7287, #4824, .T. ) ;
#8069 = DIRECTION ( 'NONE',  ( -1.596294787383402785E-16, 1.000000000000000000, -0.000000000000000000 ) ) ;
#8070 = DIRECTION ( 'NONE',  ( 0.9902680687415699179, 0.1391731009600692404, -0.000000000000000000 ) ) ;
#8071 = CARTESIAN_POINT ( 'NONE',  ( 329.9999999999999432, -115.9999999999999858, -311.2500000000000000 ) ) ;
#8072 = CARTESIAN_POINT ( 'NONE',  ( 380.4757059743468517, -1688.027822996883060, 425.0000000000000000 ) ) ;
#8073 = CARTESIAN_POINT ( 'NONE',  ( -36.85343612776472355, -1624.087166307699363, -8.277045484941730535 ) ) ;
#8074 = ADVANCED_FACE ( 'NONE', ( #2014 ), #7648, .F. ) ;
#8075 = EDGE_LOOP ( 'NONE', ( #2940, #728, #6961, #6896 ) ) ;
#8076 = AXIS2_PLACEMENT_3D ( 'NONE', #7505, #2610, #2151 ) ;
#8077 = DIRECTION ( 'NONE',  ( -0.000000000000000000, -1.000000000000000000, -3.469446951953608765E-16 ) ) ;
#8078 = ORIENTED_EDGE ( 'NONE', *, *, #3845, .F. ) ;
#8079 = FACE_OUTER_BOUND ( 'NONE', #1221, .T. ) ;
#8080 = AXIS2_PLACEMENT_3D ( 'NONE', #6338, #2839, #8389 ) ;
#8081 = LINE ( 'NONE', #6123, #7429 ) ;
#8082 = ORIENTED_EDGE ( 'NONE', *, *, #6908, .F. ) ;
#8083 = CYLINDRICAL_SURFACE ( 'NONE', #2144, 20.00000000000006040 ) ;
#8084 = EDGE_CURVE ( 'NONE', #5620, #6938, #7713, .T. ) ;
#8085 = DIRECTION ( 'NONE',  ( -1.000000000000000000, 0.000000000000000000, 0.000000000000000000 ) ) ;
#8086 = EDGE_CURVE ( 'NONE', #3238, #6764, #9029, .T. ) ;
#8087 = CARTESIAN_POINT ( 'NONE',  ( 63.12186535763325423, -435.9999999999999432, 297.0000000000000000 ) ) ;
#8088 = VERTEX_POINT ( 'NONE', #6114 ) ;
#8089 = LINE ( 'NONE', #5396, #5797 ) ;
#8090 = LINE ( 'NONE', #8822, #8874 ) ;
#8091 = CARTESIAN_POINT ( 'NONE',  ( 63.12186535763325423, -516.0000000000000000, 98.99999999999994316 ) ) ;
#8092 = CARTESIAN_POINT ( 'NONE',  ( 159.3887449730265473, -187.8568707519857810, 192.3596820478585130 ) ) ;
#8093 = ADVANCED_FACE ( 'NONE', ( #7463, #2516 ), #430, .T. ) ;
#8094 = CARTESIAN_POINT ( 'NONE',  ( 310.4757059743468517, -349.0000000000000000, 425.0000000000000000 ) ) ;
#8095 = ORIENTED_EDGE ( 'NONE', *, *, #3124, .F. ) ;
#8096 = CARTESIAN_POINT ( 'NONE',  ( -81.17427967907947561, -950.5365518056539713, -99.00000000000000000 ) ) ;
#8097 = ORIENTED_EDGE ( 'NONE', *, *, #8320, .T. ) ;
#8098 = CARTESIAN_POINT ( 'NONE',  ( -202.0000000000000284, 0.000000000000000000, -435.0000000000000000 ) ) ;
#8099 = CARTESIAN_POINT ( 'NONE',  ( -222.7258030786977656, -147.7579706102169723, 424.7538289856105393 ) ) ;
#8100 = DIRECTION ( 'NONE',  ( 0.000000000000000000, 1.000000000000000000, 0.000000000000000000 ) ) ;
#8101 = ORIENTED_EDGE ( 'NONE', *, *, #8813, .F. ) ;
#8102 = ADVANCED_FACE ( 'NONE', ( #6804 ), #1272, .F. ) ;
#8103 = FACE_BOUND ( 'NONE', #2093, .T. ) ;
#8104 = ORIENTED_EDGE ( 'NONE', *, *, #3124, .T. ) ;
#8105 = VERTEX_POINT ( 'NONE', #5379 ) ;
#8106 = EDGE_LOOP ( 'NONE', ( #7292, #891, #2061, #2141 ) ) ;
#8107 = FACE_OUTER_BOUND ( 'NONE', #100, .T. ) ;
#8108 = DIRECTION ( 'NONE',  ( 1.000000000000000000, 0.000000000000000000, 0.000000000000000000 ) ) ;
#8109 = DIRECTION ( 'NONE',  ( 0.000000000000000000, 0.000000000000000000, -1.000000000000000000 ) ) ;
#8110 = CYLINDRICAL_SURFACE ( 'NONE', #2168, 29.99999999999998579 ) ;
#8111 = CARTESIAN_POINT ( 'NONE',  ( 369.9999999999999432, -115.9999999999999858, 320.0000000000000000 ) ) ;
#8112 = DIRECTION ( 'NONE',  ( 0.000000000000000000, -0.000000000000000000, -1.000000000000000000 ) ) ;
#8113 = EDGE_LOOP ( 'NONE', ( #4682, #3859, #7342, #1735 ) ) ;
#8114 = ORIENTED_EDGE ( 'NONE', *, *, #2786, .F. ) ;
#8115 = EDGE_CURVE ( 'NONE', #8728, #8234, #2259, .T. ) ;
#8116 = DIRECTION ( 'NONE',  ( 1.000000000000000000, -0.000000000000000000, -0.000000000000000000 ) ) ;
#8117 = CARTESIAN_POINT ( 'NONE',  ( -124.2906801602892273, -245.3096549777295365, -375.9999999999999432 ) ) ;
#8118 = ORIENTED_EDGE ( 'NONE', *, *, #7637, .F. ) ;
#8119 = LINE ( 'NONE', #3260, #5076 ) ;
#8120 = CIRCLE ( 'NONE', #4137, 44.99999999999998579 ) ;
#8121 = DIRECTION ( 'NONE',  ( -0.000000000000000000, -0.000000000000000000, -1.000000000000000000 ) ) ;
#8122 = FACE_OUTER_BOUND ( 'NONE', #4717, .T. ) ;
#8123 = ORIENTED_EDGE ( 'NONE', *, *, #175, .T. ) ;
#8124 = FACE_BOUND ( 'NONE', #2258, .T. ) ;
#8125 = CARTESIAN_POINT ( 'NONE',  ( 310.4757059743466243, -516.0000000000000000, -297.0000000000000568 ) ) ;
#8126 = DIRECTION ( 'NONE',  ( -3.083952846180991267E-16, 1.000000000000000000, 0.000000000000000000 ) ) ;
#8127 = CARTESIAN_POINT ( 'NONE',  ( 126.1856432775804961, -1679.157481401276982, 0.000000000000000000 ) ) ;
#8128 = CIRCLE ( 'NONE', #7542, 44.99999999999992895 ) ;
#8129 = DIRECTION ( 'NONE',  ( 0.9135454576426019768, -0.4067366430757978768, 0.000000000000000000 ) ) ;
#8130 = ADVANCED_FACE ( 'NONE', ( #8345 ), #3387, .F. ) ;
#8131 = MANIFOLD_SOLID_BREP ( 'NONE', #4260 ) ;
#8132 = ORIENTED_EDGE ( 'NONE', *, *, #5968, .T. ) ;
#8133 = CARTESIAN_POINT ( 'NONE',  ( 458.6941282063430663, -855.3431854633304283, -297.0000000000000568 ) ) ;
#8134 = ORIENTED_EDGE ( 'NONE', *, *, #2868, .T. ) ;
#8135 = CARTESIAN_POINT ( 'NONE',  ( 27.94613024494742959, -1436.236849452365277, 200.0000000000001137 ) ) ;
#8136 = CARTESIAN_POINT ( 'NONE',  ( 324.9999999999999432, 184.0000000000000000, -288.0000000000000000 ) ) ;
#8137 = CIRCLE ( 'NONE', #7403, 8.749999999999994671 ) ;
#8138 = CARTESIAN_POINT ( 'NONE',  ( 320.4757059743469085, -348.9999999999999432, 425.0000000000000000 ) ) ;
#8139 = ORIENTED_EDGE ( 'NONE', *, *, #3812, .F. ) ;
#8140 = VECTOR ( 'NONE', #7576, 1000.000000000000000 ) ;
#8141 = DIRECTION ( 'NONE',  ( 1.000000000000000000, -0.000000000000000000, -0.000000000000000000 ) ) ;
#8142 = ORIENTED_EDGE ( 'NONE', *, *, #8924, .F. ) ;
#8143 = AXIS2_PLACEMENT_3D ( 'NONE', #1657, #4422, #4559 ) ;
#8144 = ORIENTED_EDGE ( 'NONE', *, *, #2305, .T. ) ;
#8145 = EDGE_CURVE ( 'NONE', #6302, #7694, #4640, .T. ) ;
#8146 = ORIENTED_EDGE ( 'NONE', *, *, #685, .F. ) ;
#8147 = LINE ( 'NONE', #3944, #2828 ) ;
#8148 = AXIS2_PLACEMENT_3D ( 'NONE', #4961, #3584, #3154 ) ;
#8149 = DIRECTION ( 'NONE',  ( 0.9902680687415698069, 0.1391731009600692126, -0.000000000000000000 ) ) ;
#8150 = EDGE_CURVE ( 'NONE', #6442, #1566, #5341, .T. ) ;
#8151 = CARTESIAN_POINT ( 'NONE',  ( 71.17820046537400458, -1666.299197677423763, 14.53669446480786220 ) ) ;
#8152 = CYLINDRICAL_SURFACE ( 'NONE', #4255, 44.99999999999992895 ) ;
#8153 = CARTESIAN_POINT ( 'NONE',  ( 0.000000000000000000, 0.000000000000000000, 190.0000000000000000 ) ) ;
#8154 = ORIENTED_EDGE ( 'NONE', *, *, #4298, .T. ) ;
#8155 = CARTESIAN_POINT ( 'NONE',  ( 255.4757059743467664, -770.9999999999998863, 297.0000000000000000 ) ) ;
#8156 = VECTOR ( 'NONE', #7284, 1000.000000000000000 ) ;
#8157 = CIRCLE ( 'NONE', #3280, 12.00000000000003908 ) ;
#8158 = EDGE_LOOP ( 'NONE', ( #6370, #9070, #7496, #4942 ) ) ;
#8159 = AXIS2_PLACEMENT_3D ( 'NONE', #7528, #6694, #8221 ) ;
#8160 = EDGE_LOOP ( 'NONE', ( #8331, #7747, #8530 ) ) ;
#8161 = AXIS2_PLACEMENT_3D ( 'NONE', #6709, #8922, #1261 ) ;
#8162 = CIRCLE ( 'NONE', #4029, 30.00000000000004974 ) ;
#8163 = FACE_BOUND ( 'NONE', #4756, .T. ) ;
#8164 = PRODUCT_DEFINITION_SHAPE ( 'NONE', 'NONE',  #948 ) ;
#8165 = VECTOR ( 'NONE', #3129, 1000.000000000000000 ) ;
#8166 = AXIS2_PLACEMENT_3D ( 'NONE', #5957, #1719, #4534 ) ;
#8167 = VECTOR ( 'NONE', #9050, 1000.000000000000000 ) ;
#8168 = ADVANCED_FACE ( 'NONE', ( #6760 ), #5051, .T. ) ;
#8169 = FACE_BOUND ( 'NONE', #1266, .T. ) ;
#8170 = EDGE_CURVE ( 'NONE', #7390, #6292, #3734, .T. ) ;
#8171 = ORIENTED_EDGE ( 'NONE', *, *, #5398, .T. ) ;
#8172 = LINE ( 'NONE', #6077, #7745 ) ;
#8173 = AXIS2_PLACEMENT_3D ( 'NONE', #3290, #5412, #2508 ) ;
#8174 = CARTESIAN_POINT ( 'NONE',  ( 310.4757059743466243, -516.0000000000000000, 53.99999999999996447 ) ) ;
#8175 = CARTESIAN_POINT ( 'NONE',  ( -63.82630010998535397, -1614.212626615908221, -25.00000000000000000 ) ) ;
#8176 = CARTESIAN_POINT ( 'NONE',  ( -124.2906801602892273, -245.3096549777295365, 376.0000000000000000 ) ) ;
#8177 = ORIENTED_EDGE ( 'NONE', *, *, #6625, .T. ) ;
#8178 = LINE ( 'NONE', #1848, #5166 ) ;
#8179 = FACE_OUTER_BOUND ( 'NONE', #4453, .T. ) ;
#8180 = CARTESIAN_POINT ( 'NONE',  ( -63.82630010998535397, -1614.212626615908221, 25.00000000000000000 ) ) ;
#8181 = DIRECTION ( 'NONE',  ( 0.000000000000000000, 0.000000000000000000, 1.000000000000000000 ) ) ;
#8182 = CIRCLE ( 'NONE', #4047, 200.2500000000000000 ) ;
#8183 = CARTESIAN_POINT ( 'NONE',  ( 324.9999999999999432, 184.0000000000000000, 100.0000000000000284 ) ) ;
#8184 = VERTEX_POINT ( 'NONE', #4681 ) ;
#8185 = CIRCLE ( 'NONE', #5532, 60.00000000000000000 ) ;
#8186 = DIRECTION ( 'NONE',  ( -0.000000000000000000, -1.000000000000000000, -3.469446951953608765E-16 ) ) ;
#8187 = ORIENTED_EDGE ( 'NONE', *, *, #7658, .T. ) ;
#8188 = CARTESIAN_POINT ( 'NONE',  ( 245.5835200577572834, -232.1678498036816052, -88.04685832956074876 ) ) ;
#8189 = CARTESIAN_POINT ( 'NONE',  ( -220.8660421700781171, -158.3051988401068968, 422.4154027747509303 ) ) ;
#8190 = DIRECTION ( 'NONE',  ( 7.772245805989896776E-17, -1.000000000000000000, -1.734723475976804383E-16 ) ) ;
#8191 = VERTEX_POINT ( 'NONE', #7506 ) ;
#8192 = CIRCLE ( 'NONE', #1417, 44.99999999999992895 ) ;
#8193 = CARTESIAN_POINT ( 'NONE',  ( -31.93389202846878305, -941.8541429223073465, 342.0000000000000000 ) ) ;
#8194 = EDGE_CURVE ( 'NONE', #5845, #1820, #628, .T. ) ;
#8195 = ORIENTED_EDGE ( 'NONE', *, *, #7084, .T. ) ;
#8196 = ORIENTED_EDGE ( 'NONE', *, *, #7932, .F. ) ;
#8197 = ORIENTED_EDGE ( 'NONE', *, *, #264, .F. ) ;
#8198 = ADVANCED_FACE ( 'NONE', ( #4724 ), #7552, .F. ) ;
#8199 = CARTESIAN_POINT ( 'NONE',  ( 310.4757059743468517, -1638.999999999999545, 425.0000000000000000 ) ) ;
#8200 = CARTESIAN_POINT ( 'NONE',  ( 310.5723127412939562, -1684.351464131762214, 425.0000000000000000 ) ) ;
#8201 = CARTESIAN_POINT ( 'NONE',  ( 77.94083031520875693, -1676.610194014394438, 5.001533766275488624 ) ) ;
#8202 = CARTESIAN_POINT ( 'NONE',  ( 320.4757059743469085, -1018.999999999999886, 425.0000000000000000 ) ) ;
#8203 = EDGE_CURVE ( 'NONE', #6292, #3807, #8291, .T. ) ;
#8204 = DIRECTION ( 'NONE',  ( 0.000000000000000000, 1.000000000000000000, 0.000000000000000000 ) ) ;
#8205 = VERTEX_POINT ( 'NONE', #573 ) ;
#8206 = CARTESIAN_POINT ( 'NONE',  ( -18.47024898829155859, -1597.673276872016913, -8.990733238754103240 ) ) ;
#8207 = VERTEX_POINT ( 'NONE', #2935 ) ;
#8208 = EDGE_CURVE ( 'NONE', #6428, #7985, #4461, .T. ) ;
#8209 = VERTEX_POINT ( 'NONE', #5002 ) ;
#8210 = CARTESIAN_POINT ( 'NONE',  ( 27.28479393348792570, -1277.699999999999591, -375.9999999999999432 ) ) ;
#8211 = LINE ( 'NONE', #6955, #3114 ) ;
#8212 = VECTOR ( 'NONE', #687, 1000.000000000000000 ) ;
#8213 = DIRECTION ( 'NONE',  ( 0.000000000000000000, 0.000000000000000000, -1.000000000000000000 ) ) ;
#8214 = ORIENTED_EDGE ( 'NONE', *, *, #2846, .T. ) ;
#8215 = DIRECTION ( 'NONE',  ( 0.000000000000000000, 1.000000000000000000, 0.000000000000000000 ) ) ;
#8216 = VECTOR ( 'NONE', #2099, 1000.000000000000114 ) ;
#8217 = CARTESIAN_POINT ( 'NONE',  ( -124.8671925741278272, -215.2958341757409642, -196.7274880162946147 ) ) ;
#8218 = CARTESIAN_POINT ( 'NONE',  ( 319.9999999999999432, 184.0000000000000000, -82.49999999999994316 ) ) ;
#8219 = FACE_OUTER_BOUND ( 'NONE', #3111, .T. ) ;
#8220 = EDGE_LOOP ( 'NONE', ( #8177, #2087, #6866, #68 ) ) ;
#8221 = DIRECTION ( 'NONE',  ( 0.000000000000000000, 1.000000000000000000, 0.000000000000000000 ) ) ;
#8222 = DIRECTION ( 'NONE',  ( 1.000000000000000000, 1.596294787383402785E-16, -0.000000000000000000 ) ) ;
#8223 = CARTESIAN_POINT ( 'NONE',  ( 249.2724892809630433, 90.00000000000000000, 425.0000000000000000 ) ) ;
#8224 = FACE_OUTER_BOUND ( 'NONE', #797, .T. ) ;
#8225 = CARTESIAN_POINT ( 'NONE',  ( 255.0000000000000000, 0.000000000000000000, 435.0000000000000000 ) ) ;
#8226 = VERTEX_POINT ( 'NONE', #5746 ) ;
#8227 = ADVANCED_FACE ( 'NONE', ( #2240 ), #5792, .F. ) ;
#8228 = EDGE_CURVE ( 'NONE', #4996, #3655, #2844, .T. ) ;
#8229 = CARTESIAN_POINT ( 'NONE',  ( 303.9077434975146730, -252.2665186545951599, 98.99999999999997158 ) ) ;
#8230 = ORIENTED_EDGE ( 'NONE', *, *, #3826, .F. ) ;
#8231 = CARTESIAN_POINT ( 'NONE',  ( -275.0222139978606606, 0.000000000000000000, -415.0000000000000000 ) ) ;
#8232 = CARTESIAN_POINT ( 'NONE',  ( -220.0687830316370253, -162.8266800974723196, -419.8884859917545214 ) ) ;
#8233 = CARTESIAN_POINT ( 'NONE',  ( 324.9999999999999432, 184.0000000000000000, 100.0000000000000284 ) ) ;
#8234 = VERTEX_POINT ( 'NONE', #9081 ) ;
#8235 = DIRECTION ( 'NONE',  ( -1.000000000000000000, -7.772245805989896776E-17, 0.000000000000000000 ) ) ;
#8236 = VERTEX_POINT ( 'NONE', #6437 ) ;
#8237 = EDGE_LOOP ( 'NONE', ( #4604, #6317, #998, #864 ) ) ;
#8238 = VERTEX_POINT ( 'NONE', #1499 ) ;
#8239 = DIRECTION ( 'NONE',  ( 0.000000000000000000, 1.000000000000000000, 1.734723475976804629E-16 ) ) ;
#8240 = CARTESIAN_POINT ( 'NONE',  ( 259.5185565524749904, 90.00000000000004263, 417.6764238591297840 ) ) ;
#8241 = DIRECTION ( 'NONE',  ( 0.000000000000000000, 0.000000000000000000, -1.000000000000000000 ) ) ;
#8242 = CARTESIAN_POINT ( 'NONE',  ( 344.9999999999999432, -195.9999999999999716, -425.0000000000000000 ) ) ;
#8243 = DIRECTION ( 'NONE',  ( -1.000000000000000000, -7.772245805989896776E-17, 0.000000000000000000 ) ) ;
#8244 = VECTOR ( 'NONE', #2531, 999.9999999999998863 ) ;
#8245 = VERTEX_POINT ( 'NONE', #7879 ) ;
#8246 = LINE ( 'NONE', #2707, #6346 ) ;
#8247 = VERTEX_POINT ( 'NONE', #4318 ) ;
#8248 = VECTOR ( 'NONE', #3834, 1000.000000000000000 ) ;
#8249 = ADVANCED_FACE ( 'NONE', ( #3633 ), #3439, .F. ) ;
#8250 = ORIENTED_EDGE ( 'NONE', *, *, #2170, .F. ) ;
#8251 = EDGE_CURVE ( 'NONE', #6553, #2201, #2991, .T. ) ;
#8252 = DIRECTION ( 'NONE',  ( 6.133828865332354916E-15, -1.000000000000000000, 0.000000000000000000 ) ) ;
#8253 = CARTESIAN_POINT ( 'NONE',  ( 54.35928479373330902, -1441.466119648286622, -200.0000000000001137 ) ) ;
#8254 = DIRECTION ( 'NONE',  ( -1.000000000000000000, 5.551115123125785069E-15, 0.000000000000000000 ) ) ;
#8255 = ORIENTED_EDGE ( 'NONE', *, *, #2808, .T. ) ;
#8256 = FACE_OUTER_BOUND ( 'NONE', #4309, .T. ) ;
#8257 = ADVANCED_FACE ( 'NONE', ( #2795 ), #180, .F. ) ;
#8258 = DIRECTION ( 'NONE',  ( -1.000000000000000000, 0.000000000000000000, 0.000000000000000000 ) ) ;
#8259 = DIRECTION ( 'NONE',  ( -1.000000000000000000, 0.000000000000000000, 0.000000000000000000 ) ) ;
#8260 = CYLINDRICAL_SURFACE ( 'NONE', #3728, 45.00000000000004263 ) ;
#8261 = ORIENTED_EDGE ( 'NONE', *, *, #8228, .F. ) ;
#8262 = DIRECTION ( 'NONE',  ( -0.000000000000000000, -0.000000000000000000, -1.000000000000000000 ) ) ;
#8263 = EDGE_CURVE ( 'NONE', #4384, #1031, #917, .T. ) ;
#8264 = CARTESIAN_POINT ( 'NONE',  ( 249.4831827773962800, -259.9153918465117385, -99.00000000000002842 ) ) ;
#8265 = CYLINDRICAL_SURFACE ( 'NONE', #4767, 12.00000000000003908 ) ;
#8266 = CARTESIAN_POINT ( 'NONE',  ( 255.4757059743467096, -435.9999999999999432, -252.0000000000000568 ) ) ;
#8267 = ORIENTED_EDGE ( 'NONE', *, *, #8068, .F. ) ;
#8268 = CARTESIAN_POINT ( 'NONE',  ( 245.4148737722550209, -231.1953507478638983, -106.7381873900613272 ) ) ;
#8269 = CIRCLE ( 'NONE', #4580, 45.00000000000000711 ) ;
#8270 = VERTEX_POINT ( 'NONE', #4365 ) ;
#8271 = CARTESIAN_POINT ( 'NONE',  ( 286.0588745030455584, 184.0000000000000000, 100.0000000000000284 ) ) ;
#8272 = DIRECTION ( 'NONE',  ( 0.7071067811865573427, 0.000000000000000000, 0.7071067811865378028 ) ) ;
#8273 = VERTEX_POINT ( 'NONE', #8432 ) ;
#8274 = CARTESIAN_POINT ( 'NONE',  ( 310.4757059743468517, -1521.000000000000000, -144.0000000000000853 ) ) ;
#8275 = FACE_OUTER_BOUND ( 'NONE', #952, .T. ) ;
#8276 = CARTESIAN_POINT ( 'NONE',  ( -470.8253113773791938, -361.1481488582493853, 297.0000000000000000 ) ) ;
#8277 = EDGE_LOOP ( 'NONE', ( #3675, #6259, #7168 ) ) ;
#8278 = CIRCLE ( 'NONE', #3861, 45.00000000000000711 ) ;
#8279 = ADVANCED_FACE ( 'NONE', ( #5702 ), #4749, .F. ) ;
#8280 = CARTESIAN_POINT ( 'NONE',  ( 189.3607119764958497, -181.5290756270301529, -219.9875334013071324 ) ) ;
#8281 = ORIENTED_EDGE ( 'NONE', *, *, #7917, .F. ) ;
#8282 = ORIENTED_EDGE ( 'NONE', *, *, #2195, .F. ) ;
#8283 = ORIENTED_EDGE ( 'NONE', *, *, #2482, .T. ) ;
#8284 = ADVANCED_FACE ( 'NONE', ( #5656 ), #8390, .F. ) ;
#8285 = DIRECTION ( 'NONE',  ( 1.000000000000000000, 1.596294787383402785E-16, -0.000000000000000000 ) ) ;
#8286 = AXIS2_PLACEMENT_3D ( 'NONE', #2909, #7063, #7202 ) ;
#8287 = AXIS2_PLACEMENT_3D ( 'NONE', #3224, #4612, #1849 ) ;
#8288 = CARTESIAN_POINT ( 'NONE',  ( 251.9402855195604900, 90.00000000000004263, 424.6850003056228502 ) ) ;
#8289 = DIRECTION ( 'NONE',  ( -0.5446390350150240867, -0.8386705679454260487, 0.000000000000000000 ) ) ;
#8290 = FACE_OUTER_BOUND ( 'NONE', #785, .T. ) ;
#8291 = LINE ( 'NONE', #1965, #6971 ) ;
#8292 = ORIENTED_EDGE ( 'NONE', *, *, #1089, .T. ) ;
#8293 = DIRECTION ( 'NONE',  ( -0.000000000000000000, -0.000000000000000000, -1.000000000000000000 ) ) ;
#8294 = AXIS2_PLACEMENT_3D ( 'NONE', #3351, #2619, #6068 ) ;
#8295 = VERTEX_POINT ( 'NONE', #7687 ) ;
#8296 = ORIENTED_EDGE ( 'NONE', *, *, #5165, .T. ) ;
#8297 = DIRECTION ( 'NONE',  ( 1.000000000000000000, 1.596294787383403032E-16, -0.000000000000000000 ) ) ;
#8298 = VECTOR ( 'NONE', #7093, 1000.000000000000000 ) ;
#8299 = CARTESIAN_POINT ( 'NONE',  ( 255.4757059743467664, -516.0000000000000000, 252.0000000000000000 ) ) ;
#8300 = AXIS2_PLACEMENT_3D ( 'NONE', #4540, #6518, #2969 ) ;
#8301 = AXIS2_PLACEMENT_3D ( 'NONE', #8869, #7449, #7589 ) ;
#8302 = DIRECTION ( 'NONE',  ( 0.000000000000000000, 0.000000000000000000, -1.000000000000000000 ) ) ;
#8303 = CIRCLE ( 'NONE', #3596, 50.00000000000000000 ) ;
#8304 = VECTOR ( 'NONE', #8554, 1000.000000000000000 ) ;
#8305 = VERTEX_POINT ( 'NONE', #1358 ) ;
#8306 = CARTESIAN_POINT ( 'NONE',  ( 255.4757059743468233, -1731.000000000000000, -375.9999999999999432 ) ) ;
#8307 = EDGE_CURVE ( 'NONE', #5452, #7985, #4178, .T. ) ;
#8308 = VECTOR ( 'NONE', #2084, 1000.000000000000114 ) ;
#8309 = CARTESIAN_POINT ( 'NONE',  ( -265.0222139978606606, 0.000000000000000000, -425.0000000000000000 ) ) ;
#8310 = CARTESIAN_POINT ( 'NONE',  ( 255.4757059743467664, -1105.999999999999773, 98.99999999999995737 ) ) ;
#8311 = CARTESIAN_POINT ( 'NONE',  ( 63.12186535763325423, -435.9999999999999432, 143.9999999999999716 ) ) ;
#8312 = ORIENTED_EDGE ( 'NONE', *, *, #6670, .F. ) ;
#8314 = PLANE ( 'NONE',  #2662 ) ;
#8313 = VECTOR ( 'NONE', #3098, 1000.000000000000227 ) ;
#8315 = DIRECTION ( 'NONE',  ( -1.000000000000000000, -7.772245805989896776E-17, 0.000000000000000000 ) ) ;
#8316 = EDGE_CURVE ( 'NONE', #2533, #2996, #2100, .T. ) ;
#8317 = CIRCLE ( 'NONE', #3748, 10.00000000000000888 ) ;
#8318 = LINE ( 'NONE', #9142, #4337 ) ;
#8319 = CARTESIAN_POINT ( 'NONE',  ( -81.17427967907947561, -950.5365518056539713, -99.00000000000000000 ) ) ;
#8320 = EDGE_CURVE ( 'NONE', #7287, #3703, #3272, .T. ) ;
#8321 = CARTESIAN_POINT ( 'NONE',  ( 255.4757059743467664, -1105.999999999999773, -252.0000000000000568 ) ) ;
#8322 = AXIS2_PLACEMENT_3D ( 'NONE', #8117, #6073, #8254 ) ;
#8323 = VERTEX_POINT ( 'NONE', #7047 ) ;
#8324 = DIRECTION ( 'NONE',  ( 0.000000000000000000, 0.000000000000000000, 1.000000000000000000 ) ) ;
#8325 = APPROVAL_PERSON_ORGANIZATION ( #5022, #5961, #7944 ) ;
#8326 = EDGE_CURVE ( 'NONE', #7609, #5570, #2152, .T. ) ;
#8327 = ORIENTED_EDGE ( 'NONE', *, *, #7759, .T. ) ;
#8328 = LINE ( 'NONE', #602, #6453 ) ;
#8329 = CIRCLE ( 'NONE', #2722, 8.749999999999994671 ) ;
#8330 = DIRECTION ( 'NONE',  ( -1.000000000000000000, -7.772245805989896776E-17, 0.000000000000000000 ) ) ;
#8331 = ORIENTED_EDGE ( 'NONE', *, *, #7355, .F. ) ;
#8332 = DIRECTION ( 'NONE',  ( -5.551115123125777969E-15, 1.000000000000000000, 0.000000000000000000 ) ) ;
#8333 = CARTESIAN_POINT ( 'NONE',  ( 70.68436903629813628, -1658.114054652717414, -17.68925197395014592 ) ) ;
#8334 = CARTESIAN_POINT ( 'NONE',  ( 253.6583758061983644, -289.6234339087588978, -297.0000000000000568 ) ) ;
#8335 = ORIENTED_EDGE ( 'NONE', *, *, #3907, .T. ) ;
#8336 = CARTESIAN_POINT ( 'NONE',  ( 176.2225968765606581, -182.2874268323809019, -204.7782537531177240 ) ) ;
#8337 = VECTOR ( 'NONE', #2404, 1000.000000000000000 ) ;
#8338 = ORIENTED_EDGE ( 'NONE', *, *, #3247, .F. ) ;
#8339 = ORIENTED_EDGE ( 'NONE', *, *, #8046, .F. ) ;
#8340 = ORIENTED_EDGE ( 'NONE', *, *, #1723, .F. ) ;
#8341 = DIRECTION ( 'NONE',  ( 0.9612616959383174509, 0.2756373558170039373, 0.000000000000000000 ) ) ;
#8342 = CARTESIAN_POINT ( 'NONE',  ( 255.4757059743467664, -516.0000000000000000, 98.99999999999994316 ) ) ;
#8343 = CARTESIAN_POINT ( 'NONE',  ( 63.12186535763324002, -1396.000000000000227, -297.0000000000000568 ) ) ;
#8344 = CARTESIAN_POINT ( 'NONE',  ( 0.000000000000000000, 0.000000000000000000, -425.0000000000000000 ) ) ;
#8345 = FACE_OUTER_BOUND ( 'NONE', #6153, .T. ) ;
#8346 = ORIENTED_EDGE ( 'NONE', *, *, #3150, .F. ) ;
#8347 = CARTESIAN_POINT ( 'NONE',  ( -18.34247164249538997, -1610.103656233774018, -17.48830965728346953 ) ) ;
#8348 = AXIS2_PLACEMENT_3D ( 'NONE', #2164, #7656, #6266 ) ;
#8349 = EDGE_CURVE ( 'NONE', #2996, #5374, #4323, .T. ) ;
#8350 = VERTEX_POINT ( 'NONE', #2893 ) ;
#8351 = EDGE_CURVE ( 'NONE', #7424, #6891, #7833, .T. ) ;
#8352 = VERTEX_POINT ( 'NONE', #5097 ) ;
#8353 = DIRECTION ( 'NONE',  ( -0.9848077530122077983, -0.1736481776669321353, -0.000000000000000000 ) ) ;
#8354 = CARTESIAN_POINT ( 'NONE',  ( 0.000000000000000000, 0.000000000000000000, 275.0000000000000000 ) ) ;
#8355 = EDGE_CURVE ( 'NONE', #7356, #2059, #944, .T. ) ;
#8356 = CARTESIAN_POINT ( 'NONE',  ( 299.9999999999999432, 110.0000000000000000, -425.0000000000000000 ) ) ;
#8357 = DIRECTION ( 'NONE',  ( -7.772245805989896776E-17, 1.000000000000000000, 0.000000000000000000 ) ) ;
#8358 = CARTESIAN_POINT ( 'NONE',  ( 320.4757059743469085, -1304.000000000000000, 425.0000000000000000 ) ) ;
#8359 = LINE ( 'NONE', #4880, #8663 ) ;
#8360 = DIRECTION ( 'NONE',  ( 0.000000000000000000, 0.000000000000000000, 1.000000000000000000 ) ) ;
#8361 = ORIENTED_EDGE ( 'NONE', *, *, #3176, .T. ) ;
#8362 = CARTESIAN_POINT ( 'NONE',  ( -81.17427967907947561, -950.5365518056539713, 99.00000000000000000 ) ) ;
#8363 = DIRECTION ( 'NONE',  ( -3.083952846180995211E-16, 1.000000000000000000, 0.000000000000000000 ) ) ;
#8364 = CYLINDRICAL_SURFACE ( 'NONE', #486, 44.99999999999998579 ) ;
#8365 = CARTESIAN_POINT ( 'NONE',  ( 286.0588745030455584, 184.0000000000000000, 100.0000000000000284 ) ) ;
#8366 = CARTESIAN_POINT ( 'NONE',  ( 27.94613024494742959, -1436.236849452365277, -200.0000000000001137 ) ) ;
#8367 = ADVANCED_FACE ( 'NONE', ( #5880 ), #8015, .F. ) ;
#8368 = ORIENTED_EDGE ( 'NONE', *, *, #3854, .F. ) ;
#8369 = DIRECTION ( 'NONE',  ( 0.1736481776669321631, -0.9848077530122076872, -0.000000000000000000 ) ) ;
#8370 = AXIS2_PLACEMENT_3D ( 'NONE', #4638, #3910, #1041 ) ;
#8371 = ORIENTED_EDGE ( 'NONE', *, *, #364, .T. ) ;
#8372 = ADVANCED_FACE ( 'NONE', ( #5919 ), #1729, .F. ) ;
#8373 = DIRECTION ( 'NONE',  ( 0.000000000000000000, 0.000000000000000000, -1.000000000000000000 ) ) ;
#8374 = DIRECTION ( 'NONE',  ( -0.9848077530122076872, -0.1736481776669321075, -0.000000000000000000 ) ) ;
#8375 = ORIENTED_EDGE ( 'NONE', *, *, #425, .T. ) ;
#8376 = DIRECTION ( 'NONE',  ( 0.000000000000000000, 1.000000000000000000, 0.000000000000000000 ) ) ;
#8377 = DIRECTION ( 'NONE',  ( 1.000000000000000000, 1.596294787383402785E-16, 0.000000000000000000 ) ) ;
#8378 = LINE ( 'NONE', #6288, #1531 ) ;
#8379 = EDGE_LOOP ( 'NONE', ( #2202, #7597, #759, #5926 ) ) ;
#8380 = AXIS2_PLACEMENT_3D ( 'NONE', #5564, #7000, #1455 ) ;
#8381 = EDGE_CURVE ( 'NONE', #3651, #1811, #3712, .T. ) ;
#8382 = DIRECTION ( 'NONE',  ( -0.9135454576426019768, 0.4067366430757978213, 0.000000000000000000 ) ) ;
#8383 = ORIENTED_EDGE ( 'NONE', *, *, #5592, .T. ) ;
#8384 = ORIENTED_EDGE ( 'NONE', *, *, #3277, .T. ) ;
#8385 = ORIENTED_EDGE ( 'NONE', *, *, #543, .T. ) ;
#8386 = CARTESIAN_POINT ( 'NONE',  ( -76.02839940225891269, -1641.618990345185239, 25.00000000000000000 ) ) ;
#8387 = LINE ( 'NONE', #7683, #183 ) ;
#8388 = DIRECTION ( 'NONE',  ( 1.000000000000000000, 5.551115123125777969E-15, -0.000000000000000000 ) ) ;
#8389 = DIRECTION ( 'NONE',  ( 0.1736481776669323573, -0.9848077530122076872, -1.233581138472395718E-15 ) ) ;
#8390 = CYLINDRICAL_SURFACE ( 'NONE', #6814, 30.00000000000004974 ) ;
#8391 = ORIENTED_EDGE ( 'NONE', *, *, #4738, .F. ) ;
#8392 = DIRECTION ( 'NONE',  ( -0.000000000000000000, 1.000000000000000000, -0.000000000000000000 ) ) ;
#8393 = ADVANCED_FACE ( 'NONE', ( #5137 ), #197, .F. ) ;
#8394 = ORIENTED_EDGE ( 'NONE', *, *, #2955, .F. ) ;
#8395 = ORIENTED_EDGE ( 'NONE', *, *, #4105, .F. ) ;
#8396 = CARTESIAN_POINT ( 'NONE',  ( 324.9999999999999432, 184.0000000000000000, 300.0000000000000568 ) ) ;
#8397 = CARTESIAN_POINT ( 'NONE',  ( 310.4757059743467380, -1186.000000000000000, -54.00000000000007816 ) ) ;
#8398 = LINE ( 'NONE', #4875, #1235 ) ;
#8399 = EDGE_CURVE ( 'NONE', #8962, #5817, #7425, .T. ) ;
#8400 = DIRECTION ( 'NONE',  ( 0.9135454576426035311, -0.4067366430757944906, 0.000000000000000000 ) ) ;
#8401 = VERTEX_POINT ( 'NONE', #3156 ) ;
#8402 = CARTESIAN_POINT ( 'NONE',  ( -150.2834285576145987, -230.3304350129469924, 376.0000000000000000 ) ) ;
#8403 = EDGE_CURVE ( 'NONE', #7991, #2799, #4544, .T. ) ;
#8404 = DIRECTION ( 'NONE',  ( 1.000000000000000000, -0.000000000000000000, -0.000000000000000000 ) ) ;
#8405 = CARTESIAN_POINT ( 'NONE',  ( 380.4757059743467948, -1669.927822996882924, 425.0000000000000000 ) ) ;
#8406 = EDGE_LOOP ( 'NONE', ( #8043, #70, #5459, #2246 ) ) ;
#8407 = CARTESIAN_POINT ( 'NONE',  ( 245.6517048751561276, -232.6530099889278063, 285.0269293809227520 ) ) ;
#8408 =( NAMED_UNIT ( * ) PLANE_ANGLE_UNIT ( ) SI_UNIT ( $, .RADIAN. ) );
#8409 = PLANE ( 'NONE',  #7797 ) ;
#8410 = DIRECTION ( 'NONE',  ( -3.083952846180995211E-16, 1.000000000000000000, 0.000000000000000000 ) ) ;
#8411 = VERTEX_POINT ( 'NONE', #7922 ) ;
#8412 = LINE ( 'NONE', #4943, #7160 ) ;
#8413 = EDGE_LOOP ( 'NONE', ( #4227, #1908, #855, #7640 ) ) ;
#8414 = LINE ( 'NONE', #511, #5575 ) ;
#8415 = CARTESIAN_POINT ( 'NONE',  ( 310.4757059743466812, -851.0000000000000000, 252.0000000000000000 ) ) ;
#8416 = ORIENTED_EDGE ( 'NONE', *, *, #3505, .F. ) ;
#8417 = CARTESIAN_POINT ( 'NONE',  ( -6.522816337376891482, -1489.314372634083611, -425.0000000000000000 ) ) ;
#8418 = LINE ( 'NONE', #7726, #1659 ) ;
#8419 = CARTESIAN_POINT ( 'NONE',  ( -56.84305041410286918, -1456.636030533182293, -425.0000000000000000 ) ) ;
#8420 = ORIENTED_EDGE ( 'NONE', *, *, #7759, .F. ) ;
#8421 = EDGE_CURVE ( 'NONE', #2156, #2987, #338, .T. ) ;
#8422 = CARTESIAN_POINT ( 'NONE',  ( 152.3975217613051996, -191.9784547934668808, -190.1944257938212104 ) ) ;
#8423 = EDGE_LOOP ( 'NONE', ( #250, #7002, #5182, #3555 ) ) ;
#8424 = ORIENTED_EDGE ( 'NONE', *, *, #8924, .T. ) ;
#8425 = EDGE_CURVE ( 'NONE', #7628, #7028, #4610, .T. ) ;
#8426 = ORIENTED_EDGE ( 'NONE', *, *, #5781, .F. ) ;
#8427 = CARTESIAN_POINT ( 'NONE',  ( 70.47570597434686590, -1661.019580355183734, 25.00000000000000000 ) ) ;
#8428 = CARTESIAN_POINT ( 'NONE',  ( 63.12186535763336792, -851.0000000000000000, 143.9999999999999432 ) ) ;
#8429 = DIRECTION ( 'NONE',  ( 0.000000000000000000, -1.000000000000000000, -3.469446951953608765E-16 ) ) ;
#8430 = CARTESIAN_POINT ( 'NONE',  ( -120.1157790254321043, -215.5949053870967305, 193.1120253717204207 ) ) ;
#8431 = AXIS2_PLACEMENT_3D ( 'NONE', #1329, #5014, #7937 ) ;
#8432 = CARTESIAN_POINT ( 'NONE',  ( 85.94762866272201052, -1641.538910041769213, 2.204364572314247469E-15 ) ) ;
#8433 = ORIENTED_EDGE ( 'NONE', *, *, #7186, .F. ) ;
#8434 = FACE_BOUND ( 'NONE', #7942, .T. ) ;
#8435 = ADVANCED_FACE ( 'NONE', ( #7964, #8617 ), #5838, .T. ) ;
#8436 = EDGE_CURVE ( 'NONE', #4958, #7028, #849, .T. ) ;
#8437 = CIRCLE ( 'NONE', #6501, 45.00000000000001421 ) ;
#8438 = EDGE_LOOP ( 'NONE', ( #6115, #2255, #597, #2906, #5390 ) ) ;
#8439 = ORIENTED_EDGE ( 'NONE', *, *, #2976, .F. ) ;
#8440 = EDGE_CURVE ( 'NONE', #5894, #5906, #8894, .T. ) ;
#8441 = FACE_OUTER_BOUND ( 'NONE', #8470, .T. ) ;
#8442 = CARTESIAN_POINT ( 'NONE',  ( -226.1253500135668730, -128.4781818835566298, 216.0372569333592310 ) ) ;
#8443 = VECTOR ( 'NONE', #4173, 999.9999999999998863 ) ;
#8444 = CIRCLE ( 'NONE', #1945, 44.99999999999992895 ) ;
#8445 = DIRECTION ( 'NONE',  ( 1.000000000000000000, 0.000000000000000000, 0.000000000000000000 ) ) ;
#8446 = DIRECTION ( 'NONE',  ( 1.000000000000000000, 5.551115123125777969E-15, -0.000000000000000000 ) ) ;
#8447 = ORIENTED_EDGE ( 'NONE', *, *, #6216, .T. ) ;
#8448 = AXIS2_PLACEMENT_3D ( 'NONE', #1171, #478, #1917 ) ;
#8449 = AXIS2_PLACEMENT_3D ( 'NONE', #2630, #6178, #8455 ) ;
#8450 = AXIS2_PLACEMENT_3D ( 'NONE', #3463, #6968, #3508 ) ;
#8451 = CARTESIAN_POINT ( 'NONE',  ( 255.4757059743467664, -1105.999999999999773, 53.99999999999999289 ) ) ;
#8452 = CARTESIAN_POINT ( 'NONE',  ( 250.6148547176115926, 90.00000000000004263, -424.9402884127640618 ) ) ;
#8454 = ORIENTED_EDGE ( 'NONE', *, *, #5715, .F. ) ;
#8453 = VECTOR ( 'NONE', #4363, 1000.000000000000000 ) ;
#8455 = DIRECTION ( 'NONE',  ( 0.000000000000000000, 1.000000000000000000, 1.734723475976804383E-16 ) ) ;
#8456 = DIRECTION ( 'NONE',  ( -0.4067366430757944906, -0.9135454576426035311, 0.000000000000000000 ) ) ;
#8457 = CIRCLE ( 'NONE', #8754, 44.99999999999992895 ) ;
#8458 = EDGE_CURVE ( 'NONE', #5119, #3171, #6978, .T. ) ;
#8459 = VECTOR ( 'NONE', #3908, 1000.000000000000000 ) ;
#8460 = CARTESIAN_POINT ( 'NONE',  ( 310.4757059743468517, -1688.999999999999545, -425.0000000000000000 ) ) ;
#8461 = VERTEX_POINT ( 'NONE', #1635 ) ;
#8462 = CARTESIAN_POINT ( 'NONE',  ( 458.6941282063430663, -855.3431854633304283, -252.0000000000000000 ) ) ;
#8463 = AXIS2_PLACEMENT_3D ( 'NONE', #5907, #4488, #5170 ) ;
#8464 = EDGE_CURVE ( 'NONE', #6143, #7225, #1768, .T. ) ;
#8465 = EDGE_LOOP ( 'NONE', ( #4633, #7769, #2831, #8056 ) ) ;
#8466 = CONICAL_SURFACE ( 'NONE', #6541, 9.999999999999959144, 1.029744258676646984 ) ;
#8467 = VECTOR ( 'NONE', #4159, 1000.000000000000000 ) ;
#8468 = LINE ( 'NONE', #3473, #552 ) ;
#8469 = LINE ( 'NONE', #7818, #8895 ) ;
#8470 = EDGE_LOOP ( 'NONE', ( #8066, #5318, #3825, #4547 ) ) ;
#8471 = CARTESIAN_POINT ( 'NONE',  ( -153.8349127506554339, -250.5191003077374887, -375.9999999999999432 ) ) ;
#8472 = FACE_OUTER_BOUND ( 'NONE', #1985, .T. ) ;
#8473 = EDGE_CURVE ( 'NONE', #8587, #5241, #3138, .T. ) ;
#8474 = CARTESIAN_POINT ( 'NONE',  ( 54.35928479373330902, -1441.466119648286622, -200.0000000000001137 ) ) ;
#8475 = ORIENTED_EDGE ( 'NONE', *, *, #725, .T. ) ;
#8476 = VECTOR ( 'NONE', #5188, 1000.000000000000000 ) ;
#8477 = VECTOR ( 'NONE', #959, 1000.000000000000000 ) ;
#8478 = CARTESIAN_POINT ( 'NONE',  ( 245.7196715970460730, -233.1366183439936037, 284.0102627703168423 ) ) ;
#8479 = ORIENTED_EDGE ( 'NONE', *, *, #7858, .T. ) ;
#8480 = ORIENTED_EDGE ( 'NONE', *, *, #8351, .T. ) ;
#8481 = ORIENTED_EDGE ( 'NONE', *, *, #4195, .F. ) ;
#8482 = AXIS2_PLACEMENT_3D ( 'NONE', #8743, #328, #4538 ) ;
#8483 = CARTESIAN_POINT ( 'NONE',  ( -31.93389202846880082, -941.8541429223074601, -53.99999999999999289 ) ) ;
#8484 = DIRECTION ( 'NONE',  ( 5.538260084506781826E-32, -3.469446951953608765E-16, 1.000000000000000000 ) ) ;
#8485 = LOCAL_TIME ( 15, 23, 54.00000000000000000, #7988 ) ;
#8486 = CARTESIAN_POINT ( 'NONE',  ( 320.4757059743469085, -683.9999999999998863, 425.0000000000000000 ) ) ;
#8487 = DIRECTION ( 'NONE',  ( 0.000000000000000000, 1.000000000000000000, 1.734723475976804383E-16 ) ) ;
#8488 = DIRECTION ( 'NONE',  ( 1.000000000000000000, -0.000000000000000000, -0.000000000000000000 ) ) ;
#8489 = ORIENTED_EDGE ( 'NONE', *, *, #6111, .F. ) ;
#8490 = FACE_BOUND ( 'NONE', #8811, .T. ) ;
#8491 = EDGE_CURVE ( 'NONE', #5413, #8033, #5799, .T. ) ;
#8492 = VECTOR ( 'NONE', #6231, 1000.000000000000000 ) ;
#8493 = EDGE_CURVE ( 'NONE', #8236, #9059, #8303, .T. ) ;
#8494 = ORIENTED_EDGE ( 'NONE', *, *, #3505, .T. ) ;
#8495 = ORIENTED_EDGE ( 'NONE', *, *, #2218, .F. ) ;
#8496 = ORIENTED_EDGE ( 'NONE', *, *, #5338, .T. ) ;
#8497 = EDGE_CURVE ( 'NONE', #2820, #2586, #5501, .T. ) ;
#8498 = VECTOR ( 'NONE', #261, 1000.000000000000114 ) ;
#8499 = FACE_OUTER_BOUND ( 'NONE', #6119, .T. ) ;
#8500 = PLANE ( 'NONE',  #6647 ) ;
#8501 = EDGE_CURVE ( 'NONE', #3048, #377, #4018, .T. ) ;
#8502 = DIRECTION ( 'NONE',  ( 0.000000000000000000, -1.000000000000000000, -3.469446951953608765E-16 ) ) ;
#8503 = ORIENTED_EDGE ( 'NONE', *, *, #7932, .T. ) ;
#8504 = DIRECTION ( 'NONE',  ( -1.000000000000000000, -0.000000000000000000, -0.000000000000000000 ) ) ;
#8505 = ORIENTED_EDGE ( 'NONE', *, *, #400, .F. ) ;
#8506 = CARTESIAN_POINT ( 'NONE',  ( -44.54931792281706038, -1622.764661481749954, 1.627242462066021078 ) ) ;
#8507 = LINE ( 'NONE', #4980, #7150 ) ;
#8508 = LINE ( 'NONE', #8366, #6649 ) ;
#8509 = ORIENTED_EDGE ( 'NONE', *, *, #7613, .F. ) ;
#8510 = CARTESIAN_POINT ( 'NONE',  ( 255.4757059743467664, -516.0000000000000000, 143.9999999999999432 ) ) ;
#8511 = ORIENTED_EDGE ( 'NONE', *, *, #3575, .F. ) ;
#8512 = FACE_OUTER_BOUND ( 'NONE', #6441, .T. ) ;
#8513 = CARTESIAN_POINT ( 'NONE',  ( 245.4679228849009007, -231.5011306388962851, 90.18158495107951467 ) ) ;
#8514 = VERTEX_POINT ( 'NONE', #9014 ) ;
#8515 = CARTESIAN_POINT ( 'NONE',  ( 63.12186535763336792, -1105.999999999999773, -99.00000000000004263 ) ) ;
#8516 = CARTESIAN_POINT ( 'NONE',  ( 75.14287607929858837, -1648.158907767572373, -16.35313835603183819 ) ) ;
#8517 = CARTESIAN_POINT ( 'NONE',  ( 310.4757059743466812, -725.9999999999998863, -297.0000000000000568 ) ) ;
#8518 = CARTESIAN_POINT ( 'NONE',  ( 310.4757059743466243, -516.0000000000000000, 296.9999999999999432 ) ) ;
#8519 = AXIS2_PLACEMENT_3D ( 'NONE', #8310, #8908, #1982 ) ;
#8520 = CARTESIAN_POINT ( 'NONE',  ( 155.1783043193689196, -190.1649126865370363, -190.7603250271080242 ) ) ;
#8521 = ORIENTED_EDGE ( 'NONE', *, *, #4866, .F. ) ;
#8522 = ADVANCED_FACE ( 'NONE', ( #3900 ), #1810, .F. ) ;
#8523 = VERTEX_POINT ( 'NONE', #1073 ) ;
#8524 = VERTEX_POINT ( 'NONE', #2598 ) ;
#8525 = CARTESIAN_POINT ( 'NONE',  ( 227.8705773021168000, 90.00000000000001421, 190.0000000000000000 ) ) ;
#8526 = CARTESIAN_POINT ( 'NONE',  ( 310.4757059743467948, -1186.000000000000000, -144.0000000000001137 ) ) ;
#8527 = CARTESIAN_POINT ( 'NONE',  ( -219.5807572464964039, -165.5944118602444632, -414.9999999999719762 ) ) ;
#8528 = CARTESIAN_POINT ( 'NONE',  ( -45.55539095713342590, -1622.347359477424334, -25.00000000000000000 ) ) ;
#8529 = DIRECTION ( 'NONE',  ( -0.9848077530122077983, -0.1736481776669321631, 0.000000000000000000 ) ) ;
#8530 = ORIENTED_EDGE ( 'NONE', *, *, #2798, .T. ) ;
#8531 = CARTESIAN_POINT ( 'NONE',  ( 255.4757059743467664, -851.0000000000000000, 252.0000000000000000 ) ) ;
#8532 = ORIENTED_EDGE ( 'NONE', *, *, #5386, .T. ) ;
#8533 = ORIENTED_EDGE ( 'NONE', *, *, #4789, .F. ) ;
#8534 = ORIENTED_EDGE ( 'NONE', *, *, #7315, .T. ) ;
#8535 = LINE ( 'NONE', #5709, #5043 ) ;
#8536 = PLANE ( 'NONE',  #8726 ) ;
#8537 = FACE_BOUND ( 'NONE', #5004, .T. ) ;
#8538 = ORIENTED_EDGE ( 'NONE', *, *, #2069, .T. ) ;
#8539 = EDGE_CURVE ( 'NONE', #3667, #8677, #6820, .T. ) ;
#8540 = EDGE_CURVE ( 'NONE', #6854, #7736, #4711, .T. ) ;
#8541 = DIRECTION ( 'NONE',  ( -0.000000000000000000, -0.000000000000000000, -1.000000000000000000 ) ) ;
#8542 = ORIENTED_EDGE ( 'NONE', *, *, #7518, .F. ) ;
#8543 = DIRECTION ( 'NONE',  ( -0.8386705679454290463, 0.5446390350150194237, 0.000000000000000000 ) ) ;
#8544 = ORIENTED_EDGE ( 'NONE', *, *, #1875, .T. ) ;
#8545 = CARTESIAN_POINT ( 'NONE',  ( -25.34090757980348485, -1620.053173398482159, 16.33345529925773576 ) ) ;
#8546 = CALENDAR_DATE ( 2026, 18, 8 ) ;
#8547 = CARTESIAN_POINT ( 'NONE',  ( 0.000000000000000000, 0.000000000000000000, 275.0000000000000000 ) ) ;
#8548 = ORIENTED_EDGE ( 'NONE', *, *, #6159, .F. ) ;
#8549 = CARTESIAN_POINT ( 'NONE',  ( 63.12186535763331108, -770.9999999999998863, -252.0000000000000568 ) ) ;
#8550 = EDGE_CURVE ( 'NONE', #5588, #6118, #5208, .T. ) ;
#8551 = ORIENTED_EDGE ( 'NONE', *, *, #6036, .T. ) ;
#8552 = EDGE_CURVE ( 'NONE', #2169, #4958, #3937, .T. ) ;
#8553 = CARTESIAN_POINT ( 'NONE',  ( 310.4757059743467948, -1521.000000000000227, -54.00000000000007816 ) ) ;
#8554 = DIRECTION ( 'NONE',  ( 0.1736481776669321908, -0.9848077530122076872, 0.000000000000000000 ) ) ;
#8555 = VERTEX_POINT ( 'NONE', #6849 ) ;
#8556 = DIRECTION ( 'NONE',  ( -1.000000000000000000, -0.000000000000000000, -0.000000000000000000 ) ) ;
#8557 = LINE ( 'NONE', #4395, #4002 ) ;
#8558 = DIRECTION ( 'NONE',  ( -1.000000000000000000, 0.000000000000000000, 0.000000000000000000 ) ) ;
#8559 = ORIENTED_EDGE ( 'NONE', *, *, #8425, .F. ) ;
#8560 = CARTESIAN_POINT ( 'NONE',  ( -39.20115843827831270, -1539.634606710809066, -425.0000000000000000 ) ) ;
#8561 = ORIENTED_EDGE ( 'NONE', *, *, #7514, .T. ) ;
#8562 = CARTESIAN_POINT ( 'NONE',  ( 70.79593151211537361, -1657.376052756045965, 17.82224172487265434 ) ) ;
#8563 = CARTESIAN_POINT ( 'NONE',  ( 245.4594526077989087, -231.4455895485726273, -288.1537638670008619 ) ) ;
#8564 = CARTESIAN_POINT ( 'NONE',  ( 118.8827914185351062, -1695.559955231067761, 1.275620236539608321 ) ) ;
#8565 = DIRECTION ( 'NONE',  ( -0.000000000000000000, -0.000000000000000000, 1.000000000000000000 ) ) ;
#8566 = CARTESIAN_POINT ( 'NONE',  ( 329.9999999999999432, -115.9999999999999858, 99.99999999999998579 ) ) ;
#8567 = ORIENTED_EDGE ( 'NONE', *, *, #5386, .F. ) ;
#8568 = CARTESIAN_POINT ( 'NONE',  ( 324.7424695835087505, -116.0000000000000000, 320.0000000000000000 ) ) ;
#8569 = EDGE_CURVE ( 'NONE', #1328, #132, #463, .T. ) ;
#8570 = ORIENTED_EDGE ( 'NONE', *, *, #170, .F. ) ;
#8571 = EDGE_CURVE ( 'NONE', #1993, #6359, #6791, .T. ) ;
#8572 = ORIENTED_EDGE ( 'NONE', *, *, #1023, .F. ) ;
#8573 = EDGE_LOOP ( 'NONE', ( #5114, #1570 ) ) ;
#8574 = AXIS2_PLACEMENT_3D ( 'NONE', #7226, #199, #5840 ) ;
#8575 = FACE_OUTER_BOUND ( 'NONE', #2915, .T. ) ;
#8576 = CARTESIAN_POINT ( 'NONE',  ( -221.1650370568331141, -156.6095145746946855, 234.9741963777785543 ) ) ;
#8577 = DIRECTION ( 'NONE',  ( 0.000000000000000000, -1.000000000000000000, -3.469446951953608765E-16 ) ) ;
#8578 = DIRECTION ( 'NONE',  ( -0.000000000000000000, -0.000000000000000000, 1.000000000000000000 ) ) ;
#8579 = CIRCLE ( 'NONE', #12, 30.00000000000004974 ) ;
#8580 = AXIS2_PLACEMENT_3D ( 'NONE', #8547, #916, #2267 ) ;
#8581 = ORIENTED_EDGE ( 'NONE', *, *, #3780, .F. ) ;
#8582 = DIRECTION ( 'NONE',  ( 0.000000000000000000, 0.000000000000000000, 1.000000000000000000 ) ) ;
#8583 = ORIENTED_EDGE ( 'NONE', *, *, #7364, .F. ) ;
#8584 = CARTESIAN_POINT ( 'NONE',  ( 310.4757059743466243, -298.9999999999999432, 425.0000000000000000 ) ) ;
#8585 = AXIS2_PLACEMENT_3D ( 'NONE', #8975, #1961, #7600 ) ;
#8586 = CONICAL_SURFACE ( 'NONE', #4892, 245.0000000000000000, 0.5235987755983000369 ) ;
#8587 = VERTEX_POINT ( 'NONE', #8334 ) ;
#8588 = CARTESIAN_POINT ( 'NONE',  ( -43.24070786084275397, -1623.212195329947690, 2.659692642276509478 ) ) ;
#8589 = APPROVAL_DATE_TIME ( #870, #376 ) ;
#8590 = VECTOR ( 'NONE', #8727, 1000.000000000000000 ) ;
#8591 = EDGE_CURVE ( 'NONE', #5440, #1471, #2815, .T. ) ;
#8592 = DIRECTION ( 'NONE',  ( -0.000000000000000000, -0.000000000000000000, -1.000000000000000000 ) ) ;
#8593 = VERTEX_POINT ( 'NONE', #3285 ) ;
#8594 = CYLINDRICAL_SURFACE ( 'NONE', #9064, 44.99999999999995737 ) ;
#8595 = ADVANCED_FACE ( 'NONE', ( #561 ), #3195, .F. ) ;
#8596 = CIRCLE ( 'NONE', #9035, 275.0222139978606606 ) ;
#8597 = EDGE_CURVE ( 'NONE', #8636, #1305, #3237, .T. ) ;
#8598 = CARTESIAN_POINT ( 'NONE',  ( 63.12186535763336792, -770.9999999999998863, -144.0000000000000568 ) ) ;
#8599 = DIRECTION ( 'NONE',  ( -0.000000000000000000, -0.000000000000000000, -1.000000000000000000 ) ) ;
#8600 = EDGE_LOOP ( 'NONE', ( #5527, #1903, #6744, #1345 ) ) ;
#8602 = DIRECTION ( 'NONE',  ( 1.000000000000000000, 1.596294787383402785E-16, 0.000000000000000000 ) ) ;
#8601 = AXIS2_PLACEMENT_3D ( 'NONE', #4778, #6944, #6202 ) ;
#8603 = CARTESIAN_POINT ( 'NONE',  ( 85.92814452594089403, -1641.543409056065229, -0.7593566328463350334 ) ) ;
#8604 = CIRCLE ( 'NONE', #1676, 45.00000000000004263 ) ;
#8605 = CARTESIAN_POINT ( 'NONE',  ( 245.2357379775465347, -230.2175041084763905, 297.0000000000000000 ) ) ;
#8606 = VERTEX_POINT ( 'NONE', #8138 ) ;
#8607 = EDGE_CURVE ( 'NONE', #3407, #6431, #7719, .T. ) ;
#8608 = DIRECTION ( 'NONE',  ( -0.000000000000000000, 1.000000000000000000, -0.000000000000000000 ) ) ;
#8609 = AXIS2_PLACEMENT_3D ( 'NONE', #4578, #6477, #4502 ) ;
#8610 = CIRCLE ( 'NONE', #4613, 200.0000000000000000 ) ;
#8611 = EDGE_LOOP ( 'NONE', ( #1007, #1841 ) ) ;
#8612 = DIRECTION ( 'NONE',  ( 0.9848077530122077983, 0.1736481776669324129, -0.000000000000000000 ) ) ;
#8613 = AXIS2_PLACEMENT_3D ( 'NONE', #8756, #4581, #2336 ) ;
#8614 = DIRECTION ( 'NONE',  ( -1.000000000000000000, 0.000000000000000000, 0.000000000000000000 ) ) ;
#8615 = CARTESIAN_POINT ( 'NONE',  ( 255.4757059743467664, -1521.000000000000227, -252.0000000000001137 ) ) ;
#8616 = CARTESIAN_POINT ( 'NONE',  ( -143.6217996869318654, -222.3183754524308142, 224.0770839875111164 ) ) ;
#8617 = FACE_OUTER_BOUND ( 'NONE', #5216, .T. ) ;
#8618 = ORIENTED_EDGE ( 'NONE', *, *, #5659, .T. ) ;
#8619 = PLANE ( 'NONE',  #6639 ) ;
#8620 = AXIS2_PLACEMENT_3D ( 'NONE', #4659, #2536, #1246 ) ;
#8621 = FACE_BOUND ( 'NONE', #3722, .T. ) ;
#8622 = AXIS2_PLACEMENT_3D ( 'NONE', #6470, #3842, #8653 ) ;
#8623 = VERTEX_POINT ( 'NONE', #1953 ) ;
#8624 = ORIENTED_EDGE ( 'NONE', *, *, #6107, .F. ) ;
#8625 = VERTEX_POINT ( 'NONE', #4626 ) ;
#8626 = CARTESIAN_POINT ( 'NONE',  ( 310.4757059743466243, -435.9999999999999432, -342.0000000000000000 ) ) ;
#8627 = LINE ( 'NONE', #8762, #8925 ) ;
#8628 = CARTESIAN_POINT ( 'NONE',  ( 259.1662617030210640, 90.00000000000001421, -418.6235998185099447 ) ) ;
#8629 = CARTESIAN_POINT ( 'NONE',  ( 82.34097311283076692, -1679.290489508035762, 1.275620236539724672 ) ) ;
#8630 = CARTESIAN_POINT ( 'NONE',  ( 310.4757059743467380, -1105.999999999999773, 341.9999999999999432 ) ) ;
#8631 = AXIS2_PLACEMENT_3D ( 'NONE', #4804, #4015, #1252 ) ;
#8632 = EDGE_CURVE ( 'NONE', #179, #5635, #1902, .T. ) ;
#8633 = ORIENTED_EDGE ( 'NONE', *, *, #1543, .T. ) ;
#8634 = DIRECTION ( 'NONE',  ( 0.000000000000000000, -1.000000000000000000, -3.469446951953608765E-16 ) ) ;
#8635 = VECTOR ( 'NONE', #1654, 1000.000000000000000 ) ;
#8636 = VERTEX_POINT ( 'NONE', #8969 ) ;
#8637 = EDGE_CURVE ( 'NONE', #3304, #5098, #8457, .T. ) ;
#8638 = CARTESIAN_POINT ( 'NONE',  ( 329.9999999999999432, -115.9999999999999858, -108.7500000000000142 ) ) ;
#8639 = VERTEX_POINT ( 'NONE', #2003 ) ;
#8640 = CARTESIAN_POINT ( 'NONE',  ( -17.76891705092463880, -1600.275076549307187, 11.93795257170634017 ) ) ;
#8641 = PERSON_AND_ORGANIZATION ( #5581, #207 ) ;
#8642 = VECTOR ( 'NONE', #3385, 1000.000000000000000 ) ;
#8643 = PLANE ( 'NONE',  #6056 ) ;
#8644 = VERTEX_POINT ( 'NONE', #5691 ) ;
#8645 = CARTESIAN_POINT ( 'NONE',  ( 0.000000000000000000, 0.000000000000000000, 425.0000000000000000 ) ) ;
#8646 = CARTESIAN_POINT ( 'NONE',  ( 63.12186535763325423, -1441.000000000000000, 341.9999999999999432 ) ) ;
#8647 = FACE_OUTER_BOUND ( 'NONE', #8981, .T. ) ;
#8648 = ORIENTED_EDGE ( 'NONE', *, *, #3150, .T. ) ;
#8649 = LINE ( 'NONE', #8051, #5346 ) ;
#8650 = CARTESIAN_POINT ( 'NONE',  ( 63.12186535763336792, -770.9999999999998863, 98.99999999999995737 ) ) ;
#8651 = FACE_BOUND ( 'NONE', #6325, .T. ) ;
#8652 = VERTEX_POINT ( 'NONE', #4852 ) ;
#8653 = DIRECTION ( 'NONE',  ( -1.000000000000000000, 0.000000000000000000, 0.000000000000000000 ) ) ;
#8654 = ADVANCED_FACE ( 'NONE', ( #4304 ), #7676, .F. ) ;
#8655 = EDGE_CURVE ( 'NONE', #1628, #4632, #935, .T. ) ;
#8656 = ORIENTED_EDGE ( 'NONE', *, *, #2554, .F. ) ;
#8657 = CARTESIAN_POINT ( 'NONE',  ( 76.99710065054222241, -1646.230470292243353, 14.93362800930070122 ) ) ;
#8658 = CARTESIAN_POINT ( 'NONE',  ( 245.5835200577572266, -232.1678498036815768, -286.0468583295606209 ) ) ;
#8659 = CARTESIAN_POINT ( 'NONE',  ( 255.4757059743467096, -302.5544099627776404, 376.0000000000000000 ) ) ;
#8660 = FACE_OUTER_BOUND ( 'NONE', #6710, .T. ) ;
#8661 = CARTESIAN_POINT ( 'NONE',  ( 0.000000000000000000, 0.000000000000000000, -435.0000000000000000 ) ) ;
#8662 = VERTEX_POINT ( 'NONE', #8517 ) ;
#8663 = VECTOR ( 'NONE', #3404, 999.9999999999998863 ) ;
#8664 = DIRECTION ( 'NONE',  ( -6.133828865332354916E-15, 1.000000000000000000, -0.000000000000000000 ) ) ;
#8665 = ORIENTED_EDGE ( 'NONE', *, *, #6136, .T. ) ;
#8666 = VERTEX_POINT ( 'NONE', #2882 ) ;
#8667 = AXIS2_PLACEMENT_3D ( 'NONE', #6436, #1497, #2289 ) ;
#8668 = VERTEX_POINT ( 'NONE', #8419 ) ;
#8669 = CARTESIAN_POINT ( 'NONE',  ( 310.4757059743466812, -770.9999999999998863, 297.0000000000000000 ) ) ;
#8670 = EDGE_CURVE ( 'NONE', #8972, #8940, #746, .T. ) ;
#8671 = CARTESIAN_POINT ( 'NONE',  ( -228.7401995627831752, -113.6486331740508433, -207.9583942365374867 ) ) ;
#8672 = CARTESIAN_POINT ( 'NONE',  ( 0.000000000000000000, 0.000000000000000000, -435.0000000000000000 ) ) ;
#8673 = DIRECTION ( 'NONE',  ( 1.000000000000000000, 1.596294787383402785E-16, -0.000000000000000000 ) ) ;
#8674 = CARTESIAN_POINT ( 'NONE',  ( 255.4757059743468233, -1441.000000000000000, 252.0000000000000568 ) ) ;
#8675 = CIRCLE ( 'NONE', #1290, 202.0000000000000284 ) ;
#8676 = CARTESIAN_POINT ( 'NONE',  ( 63.12186535763325423, -516.0000000000000000, -252.0000000000001137 ) ) ;
#8677 = VERTEX_POINT ( 'NONE', #1486 ) ;
#8678 = DIRECTION ( 'NONE',  ( 1.000000000000000000, 1.596294787383402785E-16, -0.000000000000000000 ) ) ;
#8679 = ORIENTED_EDGE ( 'NONE', *, *, #8203, .T. ) ;
#8680 = CARTESIAN_POINT ( 'NONE',  ( -18.80729258103843549, -1611.399233307526174, 17.76287303894207170 ) ) ;
#8681 = APPROVAL_STATUS ( 'not_yet_approved' ) ;
#8682 = ADVANCED_FACE ( 'NONE', ( #94 ), #3570, .F. ) ;
#8683 = CARTESIAN_POINT ( 'NONE',  ( 369.9999999999999432, -115.9999999999999858, 99.99999999999998579 ) ) ;
#8684 = ORIENTED_EDGE ( 'NONE', *, *, #2223, .F. ) ;
#8685 = DIRECTION ( 'NONE',  ( -0.9848077530122077983, -0.1736481776669321353, -0.000000000000000000 ) ) ;
#8686 = EDGE_CURVE ( 'NONE', #1811, #8247, #6933, .T. ) ;
#8687 = DIRECTION ( 'NONE',  ( 0.000000000000000000, 1.000000000000000000, 0.000000000000000000 ) ) ;
#8688 = CARTESIAN_POINT ( 'NONE',  ( 310.4757059743468517, -349.0000000000000000, -425.0000000000000000 ) ) ;
#8689 = ORIENTED_EDGE ( 'NONE', *, *, #6014, .T. ) ;
#8690 = CARTESIAN_POINT ( 'NONE',  ( -19.58484753669440792, -1594.552824406149057, -2.991721069077417194 ) ) ;
#8691 = CARTESIAN_POINT ( 'NONE',  ( 0.000000000000000000, 0.000000000000000000, -190.0000000000000000 ) ) ;
#8692 = DIRECTION ( 'NONE',  ( -1.000000000000000000, 0.000000000000000000, 0.000000000000000000 ) ) ;
#8693 = CARTESIAN_POINT ( 'NONE',  ( 90.47570597434693696, -1661.019580355183734, 25.00000000000000000 ) ) ;
#8694 = LINE ( 'NONE', #4436, #3613 ) ;
#8695 = VECTOR ( 'NONE', #368, 1000.000000000000000 ) ;
#8696 = ORIENTED_EDGE ( 'NONE', *, *, #7984, .F. ) ;
#8697 = CARTESIAN_POINT ( 'NONE',  ( 73.12092019765864848, -1651.072272847573458, 17.53702345280830244 ) ) ;
#8698 = PLANE ( 'NONE',  #2709 ) ;
#8699 = B_SPLINE_CURVE_WITH_KNOTS ( 'NONE', 3,
 ( #5915, #8658, #8563, #6474, #2329, #141, #2236, #2422 ),
 .UNSPECIFIED., .F., .F.,
 ( 4, 2, 2, 4 ),
 ( 0.000000000000000000, 0.006681836152044185427, 0.01002275422806627771, 0.01336367230408837085 ),
 .UNSPECIFIED. ) ;
#8700 = EDGE_LOOP ( 'NONE', ( #7239, #4113 ) ) ;
#8701 = FACE_OUTER_BOUND ( 'NONE', #3388, .T. ) ;
#8702 = CARTESIAN_POINT ( 'NONE',  ( -148.7014218028593859, -227.8074945499387240, 236.8428876015583455 ) ) ;
#8703 = DIRECTION ( 'NONE',  ( -0.000000000000000000, -1.000000000000000000, -0.000000000000000000 ) ) ;
#8704 = EDGE_LOOP ( 'NONE', ( #575, #5472, #4062, #6022 ) ) ;
#8705 = CARTESIAN_POINT ( 'NONE',  ( 344.9999999999999432, -195.9999999999999716, -425.0000000000000000 ) ) ;
#8706 = EDGE_CURVE ( 'NONE', #8770, #339, #7129, .T. ) ;
#8707 = ORIENTED_EDGE ( 'NONE', *, *, #8742, .T. ) ;
#8708 = ORIENTED_EDGE ( 'NONE', *, *, #6335, .T. ) ;
#8709 = ORIENTED_EDGE ( 'NONE', *, *, #813, .T. ) ;
#8710 = CARTESIAN_POINT ( 'NONE',  ( 80.70298970601656663, -1678.470971124298103, -2.147268748409698613 ) ) ;
#8711 = CARTESIAN_POINT ( 'NONE',  ( -226.1253500135668446, -128.4781818835565446, -216.0372569333592025 ) ) ;
#8712 = CARTESIAN_POINT ( 'NONE',  ( 310.4757059743468517, -1396.000000000000227, 98.99999999999995737 ) ) ;
#8713 = EDGE_CURVE ( 'NONE', #1258, #8587, #2708, .T. ) ;
#8714 = DIRECTION ( 'NONE',  ( 1.000000000000000000, -0.000000000000000000, -0.000000000000000000 ) ) ;
#8715 = CARTESIAN_POINT ( 'NONE',  ( -66.52281633737689504, -1489.314372634083611, 425.0000000000000000 ) ) ;
#8716 = EDGE_CURVE ( 'NONE', #7369, #8105, #2110, .T. ) ;
#8717 = ORIENTED_EDGE ( 'NONE', *, *, #1786, .F. ) ;
#8718 = EDGE_CURVE ( 'NONE', #4296, #1262, #4467, .T. ) ;
#8719 = VECTOR ( 'NONE', #6479, 1000.000000000000000 ) ;
#8720 = DIRECTION ( 'NONE',  ( 0.000000000000000000, 0.000000000000000000, -1.000000000000000000 ) ) ;
#8721 = ORIENTED_EDGE ( 'NONE', *, *, #863, .F. ) ;
#8722 = DIRECTION ( 'NONE',  ( -0.1736481776669323851, 0.9848077530122075762, 0.000000000000000000 ) ) ;
#8723 = B_SPLINE_CURVE_WITH_KNOTS ( 'NONE', 3,
 ( #3100, #3146, #985, #3666 ),
 .UNSPECIFIED., .F., .F.,
 ( 4, 4 ),
 ( 0.09204812299437682699, 0.1531080821690066207 ),
 .UNSPECIFIED. ) ;
#8724 = ORIENTED_EDGE ( 'NONE', *, *, #6724, .T. ) ;
#8725 = DIRECTION ( 'NONE',  ( -0.000000000000000000, -0.000000000000000000, -1.000000000000000000 ) ) ;
#8726 = AXIS2_PLACEMENT_3D ( 'NONE', #859, #9131, #7058 ) ;
#8727 = DIRECTION ( 'NONE',  ( 1.000000000000000000, -0.000000000000000000, -0.000000000000000000 ) ) ;
#8728 = VERTEX_POINT ( 'NONE', #4812 ) ;
#8729 = DIRECTION ( 'NONE',  ( 0.000000000000000000, 0.000000000000000000, 1.000000000000000000 ) ) ;
#8730 = VECTOR ( 'NONE', #3606, 1000.000000000000000 ) ;
#8731 = EDGE_CURVE ( 'NONE', #5448, #3103, #5646, .T. ) ;
#8732 = DIRECTION ( 'NONE',  ( -0.000000000000000000, -0.000000000000000000, -1.000000000000000000 ) ) ;
#8733 = CYLINDRICAL_SURFACE ( 'NONE', #6542, 45.00000000000004263 ) ;
#8734 = VERTEX_POINT ( 'NONE', #2826 ) ;
#8735 = CARTESIAN_POINT ( 'NONE',  ( 369.9999999999999432, -115.9999999999999858, -320.0000000000000000 ) ) ;
#8736 = DIRECTION ( 'NONE',  ( -1.000000000000000000, 0.000000000000000000, 0.000000000000000000 ) ) ;
#8737 = EDGE_CURVE ( 'NONE', #8236, #5666, #9112, .T. ) ;
#8738 = FACE_BOUND ( 'NONE', #1025, .T. ) ;
#8739 = CARTESIAN_POINT ( 'NONE',  ( 172.5580815757649020, -183.0791753871567664, 201.4019383438694604 ) ) ;
#8740 = VECTOR ( 'NONE', #2761, 1000.000000000000000 ) ;
#8741 = AXIS2_PLACEMENT_3D ( 'NONE', #4811, #658, #7034 ) ;
#8742 = EDGE_CURVE ( 'NONE', #7886, #439, #3424, .T. ) ;
#8743 = CARTESIAN_POINT ( 'NONE',  ( 63.12186535763325423, -1521.000000000000227, 341.9999999999999432 ) ) ;
#8744 = ORIENTED_EDGE ( 'NONE', *, *, #8497, .T. ) ;
#8745 = AXIS2_PLACEMENT_3D ( 'NONE', #713, #4821, #59 ) ;
#8746 = EDGE_CURVE ( 'NONE', #521, #553, #4951, .T. ) ;
#8747 = CARTESIAN_POINT ( 'NONE',  ( 310.4757059743466243, -633.9999999999998863, -425.0000000000000000 ) ) ;
#8748 = ORIENTED_EDGE ( 'NONE', *, *, #7499, .F. ) ;
#8749 = CARTESIAN_POINT ( 'NONE',  ( -192.0375118373805776, -33.86139464505183128, 376.0000000000000000 ) ) ;
#8750 = CARTESIAN_POINT ( 'NONE',  ( -522.4838454937388406, -186.6266966476980258, 25.00000000000000000 ) ) ;
#8751 = CARTESIAN_POINT ( 'NONE',  ( 310.4757059743466243, -298.9999999999999432, 425.0000000000000000 ) ) ;
#8752 = ORIENTED_EDGE ( 'NONE', *, *, #7331, .T. ) ;
#8753 = VECTOR ( 'NONE', #336, 1000.000000000000227 ) ;
#8754 = AXIS2_PLACEMENT_3D ( 'NONE', #2642, #5455, #7404 ) ;
#8755 = AXIS2_PLACEMENT_3D ( 'NONE', #8133, #8829, #5405 ) ;
#8756 = CARTESIAN_POINT ( 'NONE',  ( 310.4757059743466243, -1639.000000000000000, 425.0000000000000000 ) ) ;
#8757 = ORIENTED_EDGE ( 'NONE', *, *, #9095, .F. ) ;
#8758 = VERTEX_POINT ( 'NONE', #7727 ) ;
#8759 = ORIENTED_EDGE ( 'NONE', *, *, #7578, .T. ) ;
#8760 = AXIS2_PLACEMENT_3D ( 'NONE', #5083, #6602, #7998 ) ;
#8761 = DIRECTION ( 'NONE',  ( -0.000000000000000000, -0.000000000000000000, 1.000000000000000000 ) ) ;
#8762 = CARTESIAN_POINT ( 'NONE',  ( 63.12186535763325423, -516.0000000000000000, 143.9999999999999432 ) ) ;
#8763 = CARTESIAN_POINT ( 'NONE',  ( 254.4639180981727691, 90.00000000000002842, -423.7478195471195477 ) ) ;
#8764 = AXIS2_PLACEMENT_3D ( 'NONE', #689, #5582, #8577 ) ;
#8765 = DIRECTION ( 'NONE',  ( 0.000000000000000000, 0.000000000000000000, -1.000000000000000000 ) ) ;
#8766 = EDGE_CURVE ( 'NONE', #7489, #7400, #8378, .T. ) ;
#8767 = CARTESIAN_POINT ( 'NONE',  ( -43.03527245550323954, -1623.273421921714771, -2.838867540186371219 ) ) ;
#8768 = EDGE_CURVE ( 'NONE', #4410, #2155, #5064, .T. ) ;
#8769 = AXIS2_PLACEMENT_3D ( 'NONE', #9133, #5618, #8445 ) ;
#8770 = VERTEX_POINT ( 'NONE', #4901 ) ;
#8771 = EDGE_CURVE ( 'NONE', #2201, #2710, #1401, .T. ) ;
#8772 = DIRECTION ( 'NONE',  ( -0.9135454576426019768, 0.4067366430757978768, -0.000000000000000000 ) ) ;
#8773 = ADVANCED_FACE ( 'NONE', ( #5642 ), #8466, .F. ) ;
#8774 = EDGE_LOOP ( 'NONE', ( #7114, #1920, #5962, #6796 ) ) ;
#8775 = VECTOR ( 'NONE', #8129, 999.9999999999998863 ) ;
#8776 = DIRECTION ( 'NONE',  ( 1.000000000000000000, -1.132880637372609085E-15, -0.000000000000000000 ) ) ;
#8777 = ADVANCED_FACE ( 'NONE', ( #7913 ), #4925, .F. ) ;
#8778 = CARTESIAN_POINT ( 'NONE',  ( 458.6941282063430663, -855.3431854633304283, 144.0000000000000284 ) ) ;
#8779 = VECTOR ( 'NONE', #6554, 1000.000000000000000 ) ;
#8780 = ORIENTED_EDGE ( 'NONE', *, *, #5721, .F. ) ;
#8781 = PLANE ( 'NONE',  #7898 ) ;
#8782 = LINE ( 'NONE', #3219, #5888 ) ;
#8783 = AXIS2_PLACEMENT_3D ( 'NONE', #161, #8582, #7159 ) ;
#8784 = DIRECTION ( 'NONE',  ( 0.000000000000000000, 1.000000000000000000, 0.000000000000000000 ) ) ;
#8785 = ORIENTED_EDGE ( 'NONE', *, *, #4157, .T. ) ;
#8786 = LINE ( 'NONE', #1890, #484 ) ;
#8787 = FACE_OUTER_BOUND ( 'NONE', #205, .T. ) ;
#8788 = LINE ( 'NONE', #1757, #6091 ) ;
#8789 = CARTESIAN_POINT ( 'NONE',  ( 195.2188146641918536, -182.1211685598205463, 228.0667192098939609 ) ) ;
#8790 = LINE ( 'NONE', #2367, #2718 ) ;
#8791 = EDGE_LOOP ( 'NONE', ( #1306, #7448, #3241, #6183, #2685 ) ) ;
#8792 = DIRECTION ( 'NONE',  ( 0.1736481776669320798, -0.9848077530122077983, 0.000000000000000000 ) ) ;
#8793 = ORIENTED_EDGE ( 'NONE', *, *, #1219, .F. ) ;
#8794 = LINE ( 'NONE', #2331, #6524 ) ;
#8795 = CARTESIAN_POINT ( 'NONE',  ( -219.6776868955582813, -165.0446965037375833, -417.2511800674167262 ) ) ;
#8796 = CARTESIAN_POINT ( 'NONE',  ( 329.9999999999999432, -115.9999999999999858, -91.25000000000002842 ) ) ;
#8797 = ORIENTED_EDGE ( 'NONE', *, *, #9136, .T. ) ;
#8798 = EDGE_CURVE ( 'NONE', #251, #1136, #3447, .T. ) ;
#8799 = FACE_BOUND ( 'NONE', #3751, .T. ) ;
#8800 = ORIENTED_EDGE ( 'NONE', *, *, #2326, .F. ) ;
#8801 = ORIENTED_EDGE ( 'NONE', *, *, #2591, .T. ) ;
#8802 = ORIENTED_EDGE ( 'NONE', *, *, #8550, .T. ) ;
#8803 = DIRECTION ( 'NONE',  ( -0.000000000000000000, -1.000000000000000000, -3.469446951953608765E-16 ) ) ;
#8804 = DIRECTION ( 'NONE',  ( 1.000000000000000000, 0.000000000000000000, 0.000000000000000000 ) ) ;
#8805 = DIRECTION ( 'NONE',  ( -0.000000000000000000, -0.000000000000000000, -1.000000000000000000 ) ) ;
#8806 = CARTESIAN_POINT ( 'NONE',  ( 458.6941282063430663, -855.3431854633304283, 144.0000000000000284 ) ) ;
#8807 = DIRECTION ( 'NONE',  ( -0.000000000000000000, -0.000000000000000000, -1.000000000000000000 ) ) ;
#8808 = CARTESIAN_POINT ( 'NONE',  ( -43.24593892414500829, -1623.210607249008262, -2.655167056042925910 ) ) ;
#8809 = ORIENTED_EDGE ( 'NONE', *, *, #1881, .T. ) ;
#8810 = VECTOR ( 'NONE', #499, 1000.000000000000000 ) ;
#8811 = EDGE_LOOP ( 'NONE', ( #8281, #2153 ) ) ;
#8812 = FACE_OUTER_BOUND ( 'NONE', #7642, .T. ) ;
#8813 = EDGE_CURVE ( 'NONE', #7541, #1746, #2563, .T. ) ;
#8814 = CARTESIAN_POINT ( 'NONE',  ( 200.2500000000000000, 0.000000000000000000, -275.0000000000000000 ) ) ;
#8815 = ORIENTED_EDGE ( 'NONE', *, *, #2104, .T. ) ;
#8816 = DIRECTION ( 'NONE',  ( 1.000000000000000000, 1.596294787383402785E-16, 0.000000000000000000 ) ) ;
#8817 = VECTOR ( 'NONE', #1997, 1000.000000000000000 ) ;
#8818 = DIRECTION ( 'NONE',  ( -0.000000000000000000, -0.000000000000000000, -1.000000000000000000 ) ) ;
#8819 = DIRECTION ( 'NONE',  ( 1.000000000000000000, 0.000000000000000000, 0.000000000000000000 ) ) ;
#8820 = ORIENTED_EDGE ( 'NONE', *, *, #4477, .F. ) ;
#8821 = DIRECTION ( 'NONE',  ( -2.769130042253390366E-32, 1.734723475976804383E-16, -1.000000000000000000 ) ) ;
#8822 = CARTESIAN_POINT ( 'NONE',  ( -81.17427967907947561, -950.5365518056539713, -252.0000000000000000 ) ) ;
#8823 = FACE_OUTER_BOUND ( 'NONE', #7316, .T. ) ;
#8824 = CARTESIAN_POINT ( 'NONE',  ( 204.2061900648915014, -184.2201132652633646, 242.0000000000000000 ) ) ;
#8825 = ADVANCED_FACE ( 'NONE', ( #8651, #5776, #3663, #3840, #281, #2322, #4490, #8738, #2364, #7256, #7954, #1018, #2413, #7311, #5173, #7866, #6563 ), #2229, .F. ) ;
#8826 = CYLINDRICAL_SURFACE ( 'NONE', #506, 44.99999999999992895 ) ;
#8827 = EDGE_CURVE ( 'NONE', #7338, #1164, #2383, .T. ) ;
#8828 = ORIENTED_EDGE ( 'NONE', *, *, #1931, .F. ) ;
#8829 = DIRECTION ( 'NONE',  ( -0.9848077530122077983, -0.1736481776669321353, -0.000000000000000000 ) ) ;
#8830 = VERTEX_POINT ( 'NONE', #325 ) ;
#8831 = LINE ( 'NONE', #8135, #5050 ) ;
#8832 = CARTESIAN_POINT ( 'NONE',  ( -219.9180814894875198, -163.6813510136531704, -419.1186687944860410 ) ) ;
#8833 = DIRECTION ( 'NONE',  ( 0.9902680687415699179, 0.1391731009600692404, -0.000000000000000000 ) ) ;
#8834 = ORIENTED_EDGE ( 'NONE', *, *, #905, .T. ) ;
#8835 = LINE ( 'NONE', #5512, #1391 ) ;
#8836 = ORIENTED_EDGE ( 'NONE', *, *, #7027, .F. ) ;
#8837 = EDGE_LOOP ( 'NONE', ( #3915, #6850 ) ) ;
#8838 = ORIENTED_EDGE ( 'NONE', *, *, #7842, .F. ) ;
#8839 = CARTESIAN_POINT ( 'NONE',  ( 324.9999999999999432, 184.0000000000000000, 288.0000000000000568 ) ) ;
#8840 = FACE_OUTER_BOUND ( 'NONE', #7887, .T. ) ;
#8841 = CARTESIAN_POINT ( 'NONE',  ( 70.47570597434686590, -1662.142457478108099, 16.56988596755342513 ) ) ;
#8842 = CARTESIAN_POINT ( 'NONE',  ( 329.9999999999999432, -115.9999999999999858, 328.7500000000000000 ) ) ;
#8843 = EDGE_CURVE ( 'NONE', #7184, #2635, #1538, .T. ) ;
#8844 = DIRECTION ( 'NONE',  ( -0.1391731009600656876, 0.9902680687415703620, 0.000000000000000000 ) ) ;
#8845 = DIRECTION ( 'NONE',  ( 0.1736481776669320798, -0.9848077530122077983, 0.000000000000000000 ) ) ;
#8846 = VERTEX_POINT ( 'NONE', #3702 ) ;
#8847 = ORIENTED_EDGE ( 'NONE', *, *, #6784, .T. ) ;
#8848 = DIRECTION ( 'NONE',  ( -1.000000000000000000, -6.133828865332354916E-15, 0.000000000000000000 ) ) ;
#8849 = PLANE ( 'NONE',  #357 ) ;
#8850 = ORIENTED_EDGE ( 'NONE', *, *, #8746, .F. ) ;
#8851 = DIRECTION ( 'NONE',  ( 0.1736481776669321631, -0.9848077530122076872, -0.000000000000000000 ) ) ;
#8852 = CARTESIAN_POINT ( 'NONE',  ( 71.04365328667586255, -1656.272209250448668, 17.93943039493888136 ) ) ;
#8853 = AXIS2_PLACEMENT_3D ( 'NONE', #901, #3727, #7285 ) ;
#8854 = CARTESIAN_POINT ( 'NONE',  ( 299.9999999999999432, 110.0000000000000000, 425.0000000000000000 ) ) ;
#8855 = CARTESIAN_POINT ( 'NONE',  ( 67.48692418703805629, -1375.349366219527610, 425.0000000000000000 ) ) ;
#8856 = ORIENTED_EDGE ( 'NONE', *, *, #8991, .F. ) ;
#8857 = CARTESIAN_POINT ( 'NONE',  ( 0.000000000000000000, 0.000000000000000000, 432.9999999999998863 ) ) ;
#8858 = CARTESIAN_POINT ( 'NONE',  ( -81.17427967907947561, -950.5365518056539713, -144.0000000000000284 ) ) ;
#8859 = DIRECTION ( 'NONE',  ( 0.1736481776669323851, -0.9848077530122075762, -0.000000000000000000 ) ) ;
#8860 = LINE ( 'NONE', #932, #2363 ) ;
#8861 = EDGE_CURVE ( 'NONE', #2886, #8972, #5910, .T. ) ;
#8862 = VECTOR ( 'NONE', #8803, 1000.000000000000000 ) ;
#8863 = DIRECTION ( 'NONE',  ( -8.397324299170181201E-15, -1.000000000000000000, 0.000000000000000000 ) ) ;
#8864 = CIRCLE ( 'NONE', #2829, 45.00000000000004263 ) ;
#8865 = EDGE_CURVE ( 'NONE', #3981, #2558, #7430, .T. ) ;
#8866 = ORIENTED_EDGE ( 'NONE', *, *, #4504, .F. ) ;
#8867 = CARTESIAN_POINT ( 'NONE',  ( 227.8705773021168000, 90.00000000000001421, -425.0000000000000000 ) ) ;
#8868 = ORIENTED_EDGE ( 'NONE', *, *, #6778, .F. ) ;
#8869 = CARTESIAN_POINT ( 'NONE',  ( 33.39252059509767179, -1427.850143772910997, 200.0000000000001137 ) ) ;
#8870 = CARTESIAN_POINT ( 'NONE',  ( -222.7247409105160330, -147.7639944653150792, -424.7534098603632629 ) ) ;
#8871 = AXIS2_PLACEMENT_3D ( 'NONE', #2053, #2094, #8341 ) ;
#8872 = CARTESIAN_POINT ( 'NONE',  ( 286.0588745030455584, 184.0000000000000000, -112.0000000000000142 ) ) ;
#8873 = VERTEX_POINT ( 'NONE', #7175 ) ;
#8874 = VECTOR ( 'NONE', #6777, 1000.000000000000114 ) ;
#8875 = ADVANCED_FACE ( 'NONE', ( #839 ), #6468, .T. ) ;
#8876 = PLANE ( 'NONE',  #7737 ) ;
#8877 = AXIS2_PLACEMENT_3D ( 'NONE', #2984, #2769, #4146 ) ;
#8878 = ORIENTED_EDGE ( 'NONE', *, *, #6209, .F. ) ;
#8879 = VECTOR ( 'NONE', #4239, 1000.000000000000000 ) ;
#8880 = VERTEX_POINT ( 'NONE', #7216 ) ;
#8881 = VERTEX_POINT ( 'NONE', #880 ) ;
#8882 = DIRECTION ( 'NONE',  ( -0.8386705679454261597, 0.5446390350150240867, -0.000000000000000000 ) ) ;
#8883 = AXIS2_PLACEMENT_3D ( 'NONE', #5135, #3104, #7360 ) ;
#8884 = CARTESIAN_POINT ( 'NONE',  ( 253.8649719813874128, 90.00000000000002842, 424.0395527076247504 ) ) ;
#8885 = CARTESIAN_POINT ( 'NONE',  ( 255.4757059743467664, -1186.000000000000000, 341.9999999999999432 ) ) ;
#8886 = DIRECTION ( 'NONE',  ( 1.000000000000000000, 1.596294787383402785E-16, -0.000000000000000000 ) ) ;
#8887 = CARTESIAN_POINT ( 'NONE',  ( 255.4757059743467664, -1105.999999999999773, 98.99999999999995737 ) ) ;
#8888 = EDGE_LOOP ( 'NONE', ( #1765, #2319 ) ) ;
#8889 = CARTESIAN_POINT ( 'NONE',  ( -28.83896814502422856, -1622.167901251688590, -14.28456211918390650 ) ) ;
#8890 = AXIS2_PLACEMENT_3D ( 'NONE', #4040, #6861, #530 ) ;
#8891 = ORIENTED_EDGE ( 'NONE', *, *, #1763, .T. ) ;
#8892 = AXIS2_PLACEMENT_3D ( 'NONE', #9109, #744, #4990 ) ;
#8893 = EDGE_LOOP ( 'NONE', ( #7219, #4583, #6571, #2977 ) ) ;
#8894 = CIRCLE ( 'NONE', #7565, 45.00000000000000711 ) ;
#8895 = VECTOR ( 'NONE', #7076, 1000.000000000000000 ) ;
#8896 = DIRECTION ( 'NONE',  ( -1.000000000000000000, 0.000000000000000000, 0.000000000000000000 ) ) ;
#8897 = FACE_OUTER_BOUND ( 'NONE', #4007, .T. ) ;
#8898 = VECTOR ( 'NONE', #4735, 1000.000000000000000 ) ;
#8899 = AXIS2_PLACEMENT_3D ( 'NONE', #8000, #3754, #1677 ) ;
#8900 = CONICAL_SURFACE ( 'NONE', #4927, 9.999999999999959144, 1.029744258676646984 ) ;
#8901 = CARTESIAN_POINT ( 'NONE',  ( 255.4757059743467664, -1441.000000000000000, 297.0000000000000000 ) ) ;
#8903 = ORIENTED_EDGE ( 'NONE', *, *, #4419, .F. ) ;
#8902 = EDGE_CURVE ( 'NONE', #9059, #3440, #6509, .T. ) ;
#8904 = CARTESIAN_POINT ( 'NONE',  ( 255.4757059743467664, -1441.000000000000000, -252.0000000000000568 ) ) ;
#8905 = ADVANCED_FACE ( 'NONE', ( #5128 ), #549, .F. ) ;
#8906 = CIRCLE ( 'NONE', #1545, 8.749999999999980460 ) ;
#8907 = LINE ( 'NONE', #3263, #763 ) ;
#8908 = DIRECTION ( 'NONE',  ( -1.000000000000000000, -7.772245805989896776E-17, 0.000000000000000000 ) ) ;
#8909 = DIRECTION ( 'NONE',  ( -1.000000000000000000, -7.772245805989896776E-17, 0.000000000000000000 ) ) ;
#8910 = ORIENTED_EDGE ( 'NONE', *, *, #6784, .F. ) ;
#8911 = CYLINDRICAL_SURFACE ( 'NONE', #4174, 245.0000000000000000 ) ;
#8912 = CARTESIAN_POINT ( 'NONE',  ( -200.0000000000000000, 2.449293598294706434E-14, 275.0000000000000000 ) ) ;
#8913 = CARTESIAN_POINT ( 'NONE',  ( -31.93389202846880082, -941.8541429223074601, -252.0000000000000000 ) ) ;
#8914 = CARTESIAN_POINT ( 'NONE',  ( 54.35928479373330902, -1441.466119648286622, -200.0000000000001137 ) ) ;
#8915 = CARTESIAN_POINT ( 'NONE',  ( 245.5863103836340997, -232.2298437225668692, -109.9353267362146909 ) ) ;
#8916 = ORIENTED_EDGE ( 'NONE', *, *, #7242, .F. ) ;
#8917 = CIRCLE ( 'NONE', #7750, 12.00000000000001066 ) ;
#8918 = DIRECTION ( 'NONE',  ( 0.9902680687415698069, 0.1391731009600692126, 0.000000000000000000 ) ) ;
#8919 = EDGE_LOOP ( 'NONE', ( #4924, #4673, #8785, #247 ) ) ;
#8920 = DIRECTION ( 'NONE',  ( -1.000000000000000000, -5.551115123125777969E-15, 0.000000000000000000 ) ) ;
#8921 = CARTESIAN_POINT ( 'NONE',  ( -220.1503198270451094, -162.3642619520438188, -420.2414463421293931 ) ) ;
#8922 = DIRECTION ( 'NONE',  ( 0.000000000000000000, 0.000000000000000000, -1.000000000000000000 ) ) ;
#8923 = ORIENTED_EDGE ( 'NONE', *, *, #7756, .T. ) ;
#8924 = EDGE_CURVE ( 'NONE', #5697, #7628, #1799, .T. ) ;
#8925 = VECTOR ( 'NONE', #2301, 1000.000000000000000 ) ;
#8926 = ADVANCED_FACE ( 'NONE', ( #1062 ), #2496, .F. ) ;
#8927 = DIRECTION ( 'NONE',  ( 1.000000000000000000, -0.000000000000000000, -0.000000000000000000 ) ) ;
#8928 = ORIENTED_EDGE ( 'NONE', *, *, #4105, .T. ) ;
#8929 = ORIENTED_EDGE ( 'NONE', *, *, #8326, .F. ) ;
#8930 = ORIENTED_EDGE ( 'NONE', *, *, #5202, .T. ) ;
#8931 = CARTESIAN_POINT ( 'NONE',  ( -239.2515981641014946, -54.03552938764025271, 190.0000000000000853 ) ) ;
#8932 = CARTESIAN_POINT ( 'NONE',  ( 259.3055579911313657, 90.00000000000004263, 418.3151372572184528 ) ) ;
#8933 = LINE ( 'NONE', #6112, #8642 ) ;
#8934 = CARTESIAN_POINT ( 'NONE',  ( 63.12186535763331108, -770.9999999999998863, -342.0000000000000000 ) ) ;
#8935 = DIRECTION ( 'NONE',  ( -0.1391731009600695457, 0.9902680687415696958, 0.000000000000000000 ) ) ;
#8936 = VERTEX_POINT ( 'NONE', #3968 ) ;
#8937 = CARTESIAN_POINT ( 'NONE',  ( 149.6537014123777283, -193.9813641914472555, 425.0000000000000000 ) ) ;
#8938 = EDGE_CURVE ( 'NONE', #5193, #4185, #411, .T. ) ;
#8939 = ORIENTED_EDGE ( 'NONE', *, *, #6271, .T. ) ;
#8940 = VERTEX_POINT ( 'NONE', #4747 ) ;
#8941 = EDGE_CURVE ( 'NONE', #6061, #5380, #8788, .T. ) ;
#8942 = FACE_OUTER_BOUND ( 'NONE', #5272, .T. ) ;
#8943 = CARTESIAN_POINT ( 'NONE',  ( 319.9999999999999432, 184.0000000000000000, -300.0000000000000000 ) ) ;
#8944 = AXIS2_PLACEMENT_3D ( 'NONE', #1916, #352, #3166 ) ;
#8945 = DIRECTION ( 'NONE',  ( 1.000000000000000000, 1.596294787383402785E-16, -0.000000000000000000 ) ) ;
#8946 = ORIENTED_EDGE ( 'NONE', *, *, #3575, .T. ) ;
#8947 = LINE ( 'NONE', #3878, #7306 ) ;
#8948 = CIRCLE ( 'NONE', #5411, 12.00000000000003908 ) ;
#8949 = CARTESIAN_POINT ( 'NONE',  ( -130.9680994390317608, -216.0474677422955097, -203.2389186524729610 ) ) ;
#8950 = CARTESIAN_POINT ( 'NONE',  ( 0.000000000000000000, 0.000000000000000000, -425.0000000000000000 ) ) ;
#8951 = DIRECTION ( 'NONE',  ( -0.000000000000000000, 1.000000000000000000, -0.000000000000000000 ) ) ;
#8952 = ORIENTED_EDGE ( 'NONE', *, *, #8403, .F. ) ;
#8953 = LINE ( 'NONE', #1244, #6232 ) ;
#8954 = DIRECTION ( 'NONE',  ( -0.000000000000000000, -0.000000000000000000, -1.000000000000000000 ) ) ;
#8955 = EDGE_CURVE ( 'NONE', #5299, #750, #6779, .T. ) ;
#8956 = CARTESIAN_POINT ( 'NONE',  ( 369.9999999999999432, -115.9999999999999858, 91.25000000000000000 ) ) ;
#8957 = LINE ( 'NONE', #1332, #5741 ) ;
#8958 = CIRCLE ( 'NONE', #6152, 245.0000000000000000 ) ;
#8959 = EDGE_CURVE ( 'NONE', #2509, #2276, #5359, .T. ) ;
#8960 = ORIENTED_EDGE ( 'NONE', *, *, #915, .T. ) ;
#8961 = DIRECTION ( 'NONE',  ( 1.000000000000000000, 0.000000000000000000, 0.000000000000000000 ) ) ;
#8962 = VERTEX_POINT ( 'NONE', #6739 ) ;
#8963 = LINE ( 'NONE', #653, #7344 ) ;
#8964 = DIRECTION ( 'NONE',  ( 1.000000000000000000, 1.596294787383402785E-16, -0.000000000000000000 ) ) ;
#8965 = AXIS2_PLACEMENT_3D ( 'NONE', #3947, #1779, #6860 ) ;
#8966 = VERTEX_POINT ( 'NONE', #8223 ) ;
#8967 = CARTESIAN_POINT ( 'NONE',  ( 245.2357379775464494, -230.2175041084763336, -97.88450706005069435 ) ) ;
#8968 = PLANE ( 'NONE',  #3262 ) ;
#8969 = CARTESIAN_POINT ( 'NONE',  ( 369.9999999999999432, 234.0000000000000000, 425.0000000000000000 ) ) ;
#8970 = ORIENTED_EDGE ( 'NONE', *, *, #8597, .F. ) ;
#8971 = CARTESIAN_POINT ( 'NONE',  ( 329.9999999999999432, -115.9999999999999858, -320.0000000000000000 ) ) ;
#8972 = VERTEX_POINT ( 'NONE', #5399 ) ;
#8973 = ORIENTED_EDGE ( 'NONE', *, *, #5670, .F. ) ;
#8974 = EDGE_LOOP ( 'NONE', ( #7553, #4989, #396, #2472 ) ) ;
#8975 = CARTESIAN_POINT ( 'NONE',  ( 320.4757059743469085, -969.0000000000000000, 425.0000000000000000 ) ) ;
#8976 = LINE ( 'NONE', #6899, #6821 ) ;
#8977 = DIRECTION ( 'NONE',  ( 1.000000000000000000, 1.596294787383402785E-16, -0.000000000000000000 ) ) ;
#8978 = CARTESIAN_POINT ( 'NONE',  ( 245.2357379775465347, -230.2175041084763905, 297.0000000000000000 ) ) ;
#8979 = DIRECTION ( 'NONE',  ( 1.000000000000000000, 1.596294787383402785E-16, 0.000000000000000000 ) ) ;
#8980 = VECTOR ( 'NONE', #3135, 1000.000000000000000 ) ;
#8981 = EDGE_LOOP ( 'NONE', ( #8866, #6630, #2137, #660 ) ) ;
#8982 = DIRECTION ( 'NONE',  ( 0.1736481776669320798, -0.9848077530122077983, 0.000000000000000000 ) ) ;
#8983 = ADVANCED_FACE ( 'NONE', ( #8823 ), #5302, .F. ) ;
#8984 = ORIENTED_EDGE ( 'NONE', *, *, #2326, .T. ) ;
#8985 = AXIS2_PLACEMENT_3D ( 'NONE', #1013, #406, #7305 ) ;
#8986 = VERTEX_POINT ( 'NONE', #504 ) ;
#8987 = EDGE_CURVE ( 'NONE', #4121, #4674, #3226, .T. ) ;
#8988 = FACE_OUTER_BOUND ( 'NONE', #2221, .T. ) ;
#8989 = CARTESIAN_POINT ( 'NONE',  ( 255.0000000000000000, 0.000000000000000000, 425.0000000000000000 ) ) ;
#8990 = EDGE_CURVE ( 'NONE', #4336, #8270, #1892, .T. ) ;
#8991 = EDGE_CURVE ( 'NONE', #7335, #2147, #6833, .T. ) ;
#8992 = CARTESIAN_POINT ( 'NONE',  ( -31.93389202846878305, -941.8541429223073465, 54.00000000000000711 ) ) ;
#8993 = VERTEX_POINT ( 'NONE', #5443 ) ;
#8994 = DIRECTION ( 'NONE',  ( -0.000000000000000000, -0.000000000000000000, 1.000000000000000000 ) ) ;
#8995 = CARTESIAN_POINT ( 'NONE',  ( -137.6083822188665238, -218.4144786773991029, -212.7741733065052188 ) ) ;
#8996 = DIRECTION ( 'NONE',  ( 1.000000000000000000, 1.596294787383402785E-16, -0.000000000000000000 ) ) ;
#8997 = DIRECTION ( 'NONE',  ( 1.000000000000000000, 1.596294787383402785E-16, -0.000000000000000000 ) ) ;
#8998 = ORIENTED_EDGE ( 'NONE', *, *, #8014, .F. ) ;
#8999 = DIRECTION ( 'NONE',  ( -1.000000000000000000, -7.772245805989896776E-17, 0.000000000000000000 ) ) ;
#9000 = FACE_OUTER_BOUND ( 'NONE', #2664, .T. ) ;
#9001 = DIRECTION ( 'NONE',  ( -0.000000000000000000, -0.000000000000000000, 1.000000000000000000 ) ) ;
#9002 = CARTESIAN_POINT ( 'NONE',  ( 0.000000000000000000, 0.000000000000000000, 415.0000000000000000 ) ) ;
#9003 = DIRECTION ( 'NONE',  ( 0.1736481776669320798, -0.9848077530122077983, 0.000000000000000000 ) ) ;
#9004 = ORIENTED_EDGE ( 'NONE', *, *, #3043, .T. ) ;
#9005 = CARTESIAN_POINT ( 'NONE',  ( 245.2357379775465347, -230.2175041084764189, -101.2274469177337579 ) ) ;
#9006 = CIRCLE ( 'NONE', #308, 45.00000000000001421 ) ;
#9007 = ORIENTED_EDGE ( 'NONE', *, *, #3828, .F. ) ;
#9008 = ADVANCED_FACE ( 'NONE', ( #7393 ), #7579, .F. ) ;
#9009 = DIRECTION ( 'NONE',  ( -1.000000000000000000, 0.000000000000000000, 0.000000000000000000 ) ) ;
#9010 = CARTESIAN_POINT ( 'NONE',  ( 255.4757059743467664, -1521.000000000000227, 296.9999999999999432 ) ) ;
#9011 = ORIENTED_EDGE ( 'NONE', *, *, #2804, .F. ) ;
#9012 = CARTESIAN_POINT ( 'NONE',  ( -610.3559649528139062, -1370.881942455822582, 25.00000000000000000 ) ) ;
#9013 = CARTESIAN_POINT ( 'NONE',  ( 70.63349728422932117, -1658.485247981097928, -17.61719077343372675 ) ) ;
#9014 = CARTESIAN_POINT ( 'NONE',  ( 255.4757059743467664, -1186.000000000000000, 53.99999999999996447 ) ) ;
#9015 = EDGE_LOOP ( 'NONE', ( #2038, #4783, #793, #6289, #1285 ) ) ;
#9016 = ADVANCED_FACE ( 'NONE', ( #7530 ), #1230, .F. ) ;
#9017 = AXIS2_PLACEMENT_3D ( 'NONE', #4254, #4106, #4151 ) ;
#9018 = CARTESIAN_POINT ( 'NONE',  ( 310.4757059743467380, -1105.999999999999773, -342.0000000000000000 ) ) ;
#9019 = VERTEX_POINT ( 'NONE', #8180 ) ;
#9020 = ADVANCED_FACE ( 'NONE', ( #6134 ), #8265, .F. ) ;
#9021 = ORIENTED_EDGE ( 'NONE', *, *, #1, .F. ) ;
#9022 = ORIENTED_EDGE ( 'NONE', *, *, #6275, .T. ) ;
#9023 = CARTESIAN_POINT ( 'NONE',  ( 85.55905647636161859, -1641.633021002754504, 2.976902830178566273 ) ) ;
#9024 = CIRCLE ( 'NONE', #3122, 44.99999999999992895 ) ;
#9025 = VECTOR ( 'NONE', #6878, 1000.000000000000000 ) ;
#9026 = DIRECTION ( 'NONE',  ( 1.000000000000000000, 1.596294787383402785E-16, 0.000000000000000000 ) ) ;
#9027 = DIRECTION ( 'NONE',  ( -1.000000000000000000, -7.772245805989896776E-17, 0.000000000000000000 ) ) ;
#9028 = CARTESIAN_POINT ( 'NONE',  ( 310.4757059743466812, -770.9999999999998863, -252.0000000000000568 ) ) ;
#9029 = LINE ( 'NONE', #5327, #774 ) ;
#9030 = ORIENTED_EDGE ( 'NONE', *, *, #4122, .T. ) ;
#9031 = LINE ( 'NONE', #5567, #7244 ) ;
#9032 = AXIS2_PLACEMENT_3D ( 'NONE', #4688, #9036, #8896 ) ;
#9033 = ORIENTED_EDGE ( 'NONE', *, *, #1709, .T. ) ;
#9034 = ORIENTED_EDGE ( 'NONE', *, *, #5986, .T. ) ;
#9035 = AXIS2_PLACEMENT_3D ( 'NONE', #1454, #2933, #5743 ) ;
#9036 = DIRECTION ( 'NONE',  ( -0.000000000000000000, -0.000000000000000000, -1.000000000000000000 ) ) ;
#9037 = VECTOR ( 'NONE', #6902, 1000.000000000000114 ) ;
#9038 = DIRECTION ( 'NONE',  ( 0.9902680687415698069, 0.1391731009600692126, -0.000000000000000000 ) ) ;
#9039 = AXIS2_PLACEMENT_3D ( 'NONE', #6110, #5464, #1216 ) ;
#9040 = EDGE_CURVE ( 'NONE', #2484, #4663, #6697, .T. ) ;
#9041 = CARTESIAN_POINT ( 'NONE',  ( -101.3931630952419880, -547.9310417174242502, -99.00000000000000000 ) ) ;
#9042 = EDGE_CURVE ( 'NONE', #8644, #5983, #1473, .T. ) ;
#9043 = VECTOR ( 'NONE', #8190, 1000.000000000000000 ) ;
#9044 = CIRCLE ( 'NONE', #6092, 44.99999999999992895 ) ;
#9045 = CARTESIAN_POINT ( 'NONE',  ( 310.4757059743468517, -1521.000000000000227, 341.9999999999999432 ) ) ;
#9046 = VECTOR ( 'NONE', #4138, 1000.000000000000000 ) ;
#9047 = ADVANCED_FACE ( 'NONE', ( #7066 ), #1433, .F. ) ;
#9048 = CYLINDRICAL_SURFACE ( 'NONE', #3719, 44.99999999999992895 ) ;
#9049 = CARTESIAN_POINT ( 'NONE',  ( 0.000000000000000000, 0.000000000000000000, -415.0000000000000000 ) ) ;
#9050 = DIRECTION ( 'NONE',  ( 0.000000000000000000, 0.000000000000000000, -1.000000000000000000 ) ) ;
#9051 = ORIENTED_EDGE ( 'NONE', *, *, #5304, .F. ) ;
#9053 = CARTESIAN_POINT ( 'NONE',  ( 675.6902476819301455, -438.7983774941484967, -425.0000000000000000 ) ) ;
#9052 = AXIS2_PLACEMENT_3D ( 'NONE', #6179, #3509, #4841 ) ;
#9054 = CARTESIAN_POINT ( 'NONE',  ( -24.11972403345691163, -986.1704918078568198, -297.0000000000000568 ) ) ;
#9055 = CARTESIAN_POINT ( 'NONE',  ( 710.9678472184928069, -316.5432799137244047, -25.00000000000000000 ) ) ;
#9056 = CARTESIAN_POINT ( 'NONE',  ( 245.7196715970460730, -233.1366183439936037, 425.0000000000000000 ) ) ;
#9057 = LINE ( 'NONE', #1434, #313 ) ;
#9058 = VECTOR ( 'NONE', #1403, 1000.000000000000000 ) ;
#9059 = VERTEX_POINT ( 'NONE', #645 ) ;
#9060 = LINE ( 'NONE', #7768, #5528 ) ;
#9061 = ORIENTED_EDGE ( 'NONE', *, *, #7923, .T. ) ;
#9062 = EDGE_CURVE ( 'NONE', #7718, #1206, #5945, .T. ) ;
#9063 = FACE_OUTER_BOUND ( 'NONE', #6715, .T. ) ;
#9064 = AXIS2_PLACEMENT_3D ( 'NONE', #3790, #8685, #5217 ) ;
#9065 = CARTESIAN_POINT ( 'NONE',  ( 118.8643837022161023, -1695.601299638844011, 0.000000000000000000 ) ) ;
#9066 = VERTEX_POINT ( 'NONE', #2814 ) ;
#9067 = DIRECTION ( 'NONE',  ( -3.083952846180995211E-16, 1.000000000000000000, 0.000000000000000000 ) ) ;
#9068 = CARTESIAN_POINT ( 'NONE',  ( 63.12186535763342476, -1105.999999999999773, 252.0000000000000000 ) ) ;
#9069 = CARTESIAN_POINT ( 'NONE',  ( 389.2348571395701811, -461.4200842584472184, -144.0000000000000284 ) ) ;
#9070 = ORIENTED_EDGE ( 'NONE', *, *, #2040, .T. ) ;
#9071 = B_SPLINE_CURVE_WITH_KNOTS ( 'NONE', 3,
 ( #4514, #7761, #6535, #304, #3776, #6582, #3680, #8628, #4414, #2343, #5148, #256, #3117, #3077, #5196, #1701, #7330, #5930, #8763, #5245, #4552, #3504, #6311, #9138, #8452, #4376, #7193 ),
 .UNSPECIFIED., .F., .F.,
 ( 4, 2, 1, 2, 2, 2, 2, 2, 2, 2, 2, 2, 2, 4 ),
 ( 0.03431293933945566560, 0.03531995289264369675, 0.03632696644583172790, 0.03733397999901975906, 0.03834099355220779021, 0.04035502065858376924, 0.04136203421177174488, 0.04236904776495971359, 0.04337606131814768923, 0.04438307487133565793, 0.04639710197771174105, 0.04740411553089986241, 0.04841112908408798376, 0.05042515619046425424 ),
 .UNSPECIFIED. ) ;
#9072 = CARTESIAN_POINT ( 'NONE',  ( 163.5158907497921632, -185.9627850975594470, -194.5446768421552122 ) ) ;
#9073 = AXIS2_PLACEMENT_3D ( 'NONE', #2306, #2346, #5155 ) ;
#9074 = ORIENTED_EDGE ( 'NONE', *, *, #4926, .F. ) ;
#9075 = EDGE_LOOP ( 'NONE', ( #1921, #7546, #8567, #7608 ) ) ;
#9076 = ORIENTED_EDGE ( 'NONE', *, *, #1510, .T. ) ;
#9077 = DIRECTION ( 'NONE',  ( -1.000000000000000000, -1.596294787383402785E-16, 0.000000000000000000 ) ) ;
#9078 = CARTESIAN_POINT ( 'NONE',  ( 324.9999999999999432, 184.0000000000000000, -300.0000000000000000 ) ) ;
#9079 = CARTESIAN_POINT ( 'NONE',  ( 80.70474191741914183, -1678.471952578956234, 2.145731434085619060 ) ) ;
#9080 = DIRECTION ( 'NONE',  ( 0.000000000000000000, 0.000000000000000000, -1.000000000000000000 ) ) ;
#9081 = CARTESIAN_POINT ( 'NONE',  ( -200.2500000000000000, 2.452355215292574813E-14, 275.0000000000000000 ) ) ;
#9082 = VERTEX_POINT ( 'NONE', #6276 ) ;
#9083 = CARTESIAN_POINT ( 'NONE',  ( 313.9631204181876569, -1689.000000000000000, 425.0000000000000000 ) ) ;
#9084 = CIRCLE ( 'NONE', #4505, 200.2500000000000000 ) ;
#9085 = EDGE_CURVE ( 'NONE', #6764, #3832, #4618, .T. ) ;
#9086 = ORIENTED_EDGE ( 'NONE', *, *, #6165, .F. ) ;
#9087 = ORIENTED_EDGE ( 'NONE', *, *, #7381, .T. ) ;
#9088 = CARTESIAN_POINT ( 'NONE',  ( 310.4757059743466812, -851.0000000000001137, -252.0000000000001137 ) ) ;
#9089 = DIRECTION ( 'NONE',  ( 0.000000000000000000, 1.000000000000000000, 0.000000000000000000 ) ) ;
#9090 = CARTESIAN_POINT ( 'NONE',  ( 0.000000000000000000, 0.000000000000000000, -425.0000000000000000 ) ) ;
#9091 = PLANE ( 'NONE',  #8348 ) ;
#9092 = ORIENTED_EDGE ( 'NONE', *, *, #923, .T. ) ;
#9093 = DIRECTION ( 'NONE',  ( 0.000000000000000000, 0.000000000000000000, 1.000000000000000000 ) ) ;
#9094 = DIRECTION ( 'NONE',  ( -0.000000000000000000, -0.000000000000000000, 1.000000000000000000 ) ) ;
#9095 = EDGE_CURVE ( 'NONE', #4237, #1535, #8318, .T. ) ;
#9096 = CARTESIAN_POINT ( 'NONE',  ( -73.36011168406758998, -994.8529006912033310, 297.0000000000000568 ) ) ;
#9097 = EDGE_LOOP ( 'NONE', ( #1095, #6763 ) ) ;
#9098 = CARTESIAN_POINT ( 'NONE',  ( 245.4148737722549640, -231.1953507478638983, 289.2618126099386586 ) ) ;
#9099 = DIRECTION ( 'NONE',  ( -1.000000000000000000, 0.000000000000000000, 0.000000000000000000 ) ) ;
#9100 = EDGE_CURVE ( 'NONE', #8226, #5739, #3558, .T. ) ;
#9101 = CARTESIAN_POINT ( 'NONE',  ( 466.5082962013550514, -899.6595343488797880, -99.00000000000000000 ) ) ;
#9102 = ORIENTED_EDGE ( 'NONE', *, *, #724, .T. ) ;
#9103 = LINE ( 'NONE', #1477, #3306 ) ;
#9104 = VERTEX_POINT ( 'NONE', #2675 ) ;
#9105 = EDGE_CURVE ( 'NONE', #88, #6945, #1388, .T. ) ;
#9106 = FACE_OUTER_BOUND ( 'NONE', #3293, .T. ) ;
#9107 = LINE ( 'NONE', #2780, #6086 ) ;
#9108 = ORIENTED_EDGE ( 'NONE', *, *, #2843, .T. ) ;
#9109 = CARTESIAN_POINT ( 'NONE',  ( 63.12186535763325423, -1521.000000000000227, 98.99999999999994316 ) ) ;
#9110 = CARTESIAN_POINT ( 'NONE',  ( 71.32487103597532041, -1655.205228495850406, -18.01027895513761123 ) ) ;
#9111 = EDGE_CURVE ( 'NONE', #963, #3771, #6394, .T. ) ;
#9112 = LINE ( 'NONE', #1300, #2853 ) ;
#9113 = VERTEX_POINT ( 'NONE', #34 ) ;
#9114 = ADVANCED_FACE ( 'NONE', ( #5628 ), #8364, .F. ) ;
#9115 = CARTESIAN_POINT ( 'NONE',  ( 167.4774003338474984, -184.5000076520757091, -197.2281459210900323 ) ) ;
#9116 = ORIENTED_EDGE ( 'NONE', *, *, #4685, .T. ) ;
#9117 = ORIENTED_EDGE ( 'NONE', *, *, #3333, .F. ) ;
#9118 = VERTEX_POINT ( 'NONE', #5679 ) ;
#9119 = DIRECTION ( 'NONE',  ( -1.000000000000000000, 0.000000000000000000, 0.000000000000000000 ) ) ;
#9120 = CARTESIAN_POINT ( 'NONE',  ( 0.000000000000000000, 0.000000000000000000, 190.0000000000000000 ) ) ;
#9121 = CARTESIAN_POINT ( 'NONE',  ( 282.1454300350113726, -1748.319521313477935, -425.0000000000000000 ) ) ;
#9122 = DIRECTION ( 'NONE',  ( 0.9848077530122077983, 0.1736481776669324129, -0.000000000000000000 ) ) ;
#9123 = CARTESIAN_POINT ( 'NONE',  ( 310.4757059743467380, -1186.000000000000000, -297.0000000000000568 ) ) ;
#9124 = ORIENTED_EDGE ( 'NONE', *, *, #3844, .F. ) ;
#9125 = CARTESIAN_POINT ( 'NONE',  ( 63.12186535763342476, -851.0000000000000000, 252.0000000000000000 ) ) ;
#9126 = ORIENTED_EDGE ( 'NONE', *, *, #5607, .T. ) ;
#9127 = ORIENTED_EDGE ( 'NONE', *, *, #3565, .T. ) ;
#9128 = ORIENTED_EDGE ( 'NONE', *, *, #1770, .T. ) ;
#9129 = EDGE_CURVE ( 'NONE', #1478, #6544, #8507, .T. ) ;
#9130 = CARTESIAN_POINT ( 'NONE',  ( 0.000000000000000000, 0.000000000000000000, -435.0000000000000000 ) ) ;
#9131 = DIRECTION ( 'NONE',  ( 0.5446390350150261961, 0.8386705679454247164, -0.000000000000000000 ) ) ;
#9132 = ADVANCED_FACE ( 'NONE', ( #1989 ), #2730, .T. ) ;
#9133 = CARTESIAN_POINT ( 'NONE',  ( 0.000000000000000000, 0.000000000000000000, -275.0000000000000000 ) ) ;
#9134 = DIRECTION ( 'NONE',  ( -1.506336130350388541E-16, -1.000000000000000000, 0.000000000000000000 ) ) ;
#9135 = VERTEX_POINT ( 'NONE', #4799 ) ;
#9136 = EDGE_CURVE ( 'NONE', #7901, #2296, #5660, .T. ) ;
#9137 = DIRECTION ( 'NONE',  ( -1.000000000000000000, 0.000000000000000000, 0.000000000000000000 ) ) ;
#9138 = CARTESIAN_POINT ( 'NONE',  ( 251.6096503774071209, 90.00000000000001421, -424.7603068655885181 ) ) ;
#9139 = LINE ( 'NONE', #6175, #644 ) ;
#9140 = VERTEX_POINT ( 'NONE', #2032 ) ;
#9141 = FACE_OUTER_BOUND ( 'NONE', #3312, .T. ) ;
#9142 = CARTESIAN_POINT ( 'NONE',  ( -219.5807572464963755, -165.5944118602445201, -425.0000000000000000 ) ) ;
#9143 = DIRECTION ( 'NONE',  ( 1.000000000000000000, 1.596294787383402785E-16, -0.000000000000000000 ) ) ;
#9144 = ORIENTED_EDGE ( 'NONE', *, *, #3018, .F. ) ;
#9145 = DIRECTION ( 'NONE',  ( -0.000000000000000000, 1.000000000000000000, -0.000000000000000000 ) ) ;
#9146 = ORIENTED_EDGE ( 'NONE', *, *, #6111, .T. ) ;
#9147 = DIRECTION ( 'NONE',  ( -1.596294787383402785E-16, 1.000000000000000000, -0.000000000000000000 ) ) ;
#9148 = EDGE_CURVE ( 'NONE', #6143, #3317, #6920, .T. ) ;
#9149 = CARTESIAN_POINT ( 'NONE',  ( 245.6517048751560992, -232.6530099889276642, 87.02692938092278041 ) ) ;
#9150 = ORIENTED_EDGE ( 'NONE', *, *, #1079, .F. ) ;
#9151 = DIRECTION ( 'NONE',  ( -3.083952846180995211E-16, 1.000000000000000000, 0.000000000000000000 ) ) ;
#9152 = CARTESIAN_POINT ( 'NONE',  ( 369.9999999999999432, -115.9999999999999858, -91.25000000000002842 ) ) ;
#9153 = DIRECTION ( 'NONE',  ( 0.000000000000000000, 1.000000000000000000, 1.734723475976804383E-16 ) ) ;
#9154 = LINE ( 'NONE', #137, #6181 ) ;
#9155 = EDGE_CURVE ( 'NONE', #1937, #8880, #3410, .T. ) ;
ENDSEC;
END-ISO-10303-21;
